         882   1.06700003     10:32:15.141   8.26471075E-02   7.36656711E-02   7.59818852E-02   7.58595690E-02   7.10327253E-02   6.99389651E-02   7.11638927E-02   7.28622749E-02   7.19867125E-02   7.83772543E-02   7.98991621E-02   8.38960484E-02   8.16774294E-02   8.55573565E-02   8.60394537E-02   8.73668417E-02   8.90711546E-02   9.09001306E-02   9.26385894E-02   9.58672091E-02   9.86842364E-02  0.101522848      0.104759224      0.107183225      0.111880161      0.115108088      0.119320586      0.123738572      0.128000095      0.132228062      0.135696635      0.140024170      0.143675536      0.145582289      0.148048863      0.150995776      0.154007867      0.157183513      0.159918293      0.163154304      0.166134953      0.168506533      0.171001598      0.170556590      0.172768548      0.175557062      0.176569849      0.178153455      0.180358872      0.181954101      0.184543252      0.186627492      0.188741967      0.190468505      0.191936433      0.194255129      0.193699658      0.197183475      0.199290320      0.200394511      0.202360019      0.203564599      0.205939278      0.206174329      0.208620593      0.211572558      0.212851867      0.215032190      0.215866759      0.218605071      0.220298171      0.219348207      0.221981451      0.223904192      0.223700777      0.225916192      0.224413365      0.225275144      0.225959539      0.223460346      0.223160356      0.225026891      0.220542237      0.222754985      0.223492771      0.224351555      0.230996743      -6.16991855E-02  -5.96239641E-02  -5.98344728E-02  -5.97485825E-02  -6.10249527E-02  -6.07419796E-02  -5.96036538E-02  -5.83141074E-02  -5.50981835E-02  -5.34459874E-02  -4.94664013E-02  -4.60643545E-02  -4.43523005E-02  -4.11844142E-02  -3.97994518E-02  -3.71969901E-02  -3.41477059E-02  -3.13855931E-02  -2.92029157E-02  -2.58932747E-02  -2.29553282E-02  -1.98703669E-02  -1.67681538E-02  -1.43173449E-02  -1.11689903E-02  -8.60730186E-03  -6.51440769E-03  -3.62520665E-03  -1.57075375E-03   3.39746475E-04   2.59240717E-03   4.45824116E-03   6.45489991E-03   8.34791362E-03   9.50257480E-03   1.17403492E-02   1.31460056E-02   1.45578906E-02   1.60323903E-02   1.72808468E-02   1.86022744E-02   2.00711414E-02   2.13926136E-02   2.31584534E-02   2.39860564E-02   2.46738642E-02   2.43575871E-02   2.43805647E-02   2.41886899E-02   2.44073644E-02   2.39932537E-02   2.47642174E-02   2.57769972E-02   2.67408565E-02   2.76979953E-02   2.83515975E-02   2.97263935E-02   3.04934531E-02   3.19376662E-02   3.21532115E-02   3.31324711E-02   3.31845358E-02   3.38160917E-02   3.42396721E-02   3.45078558E-02   3.57356444E-02   3.63340527E-02   3.66417766E-02   3.70893180E-02   3.71689349E-02   3.68904918E-02   3.53435278E-02   3.39611694E-02   3.22757587E-02   2.96712294E-02   2.73894519E-02   2.24989206E-02   1.74954534E-02   1.03421062E-02   1.49841607E-03  -8.00545514E-03  -2.13305615E-02  -3.32197770E-02  -4.51037437E-02  -5.48849851E-02  -6.15416318E-02  -6.43572509E-02
         883   1.14699996     10:32:15.390   8.53871480E-02   5.69257140E-02   6.38918653E-02   6.88595399E-02   6.10527322E-02   5.96289709E-02   6.08038902E-02   6.54722899E-02   6.00667037E-02   6.40172437E-02   6.57591522E-02   6.97260350E-02   6.60274327E-02   7.04973489E-02   7.14894459E-02   7.19868168E-02   7.37611428E-02   7.51001313E-02   7.75285885E-02   7.90872052E-02   8.33742321E-02   8.48728418E-02   8.85092169E-02   9.19232219E-02   9.59701538E-02   9.90480930E-02  0.102150589      0.107348561      0.110860102      0.114448063      0.119486645      0.122664176      0.126685545      0.128922284      0.131648839      0.134675771      0.137497872      0.140953511      0.143698290      0.146244287      0.149364963      0.152636543      0.155081585      0.150676608      0.152188569      0.154657051      0.155739859      0.156843483      0.159148946      0.160704195      0.162673354      0.163907602      0.165892065      0.168598562      0.169266492      0.171335176      0.171969667      0.174493477      0.176850304      0.178104505      0.179940000      0.181244597      0.182599291      0.184274346      0.186170608      0.189462543      0.190311864      0.191842183      0.193546742      0.193495065      0.195788115      0.197588205      0.197071463      0.200114220      0.201320842      0.200466305      0.202333555      0.199795410      0.199809924      0.202160850      0.199751034      0.199457720      0.199343279      0.199786112      0.200904071      0.200742930      0.204658136      -6.16976544E-02  -6.43424317E-02  -6.32129684E-02  -6.40470833E-02  -6.39434308E-02  -6.45504445E-02  -6.29721433E-02  -6.15525991E-02  -5.90166599E-02  -5.52844778E-02  -5.22248894E-02  -4.91028354E-02  -4.72207889E-02  -4.45628911E-02  -4.20479476E-02  -3.93154882E-02  -3.69362012E-02  -3.39440778E-02  -3.10714021E-02  -2.73317583E-02  -2.46338099E-02  -2.12888531E-02  -1.79466382E-02  -1.51758268E-02  -1.21074803E-02  -9.26578417E-03  -7.47288764E-03  -4.64367867E-03  -2.71923095E-03  -8.68730247E-04   1.81393325E-03   3.72976065E-03   5.72641194E-03   7.57943839E-03   9.14409012E-03   1.10618770E-02   1.21175349E-02   1.40294135E-02   1.48339123E-02   1.63623542E-02   1.72637925E-02   1.91526636E-02   2.06041187E-02   1.92499682E-02   2.01175734E-02   2.01053992E-02   2.06591263E-02   2.07021236E-02   2.03102827E-02   2.02589706E-02   2.03148723E-02   2.08558440E-02   2.13486031E-02   2.30024531E-02   2.37395689E-02   2.52531469E-02   2.60579288E-02   2.73449868E-02   2.83791870E-02   2.88547203E-02   2.98639908E-02   3.04360464E-02   3.09776068E-02   3.08812037E-02   3.21293771E-02   3.30471620E-02   3.31055745E-02   3.42532992E-02   3.50008160E-02   3.45504433E-02   3.49519998E-02   3.39850262E-02   3.22826877E-02   3.17772925E-02   2.84628049E-02   2.62410641E-02   2.21105888E-02   1.71872079E-02   9.83395427E-03   1.17039680E-03  -8.36332887E-03  -1.98282413E-02  -3.19073200E-02  -4.29311357E-02  -5.31522296E-02  -6.02487661E-02  -6.48543239E-02
         884   1.27199996     10:32:15.638   7.77471811E-02   6.40257448E-02   7.39819556E-02   6.91295788E-02   6.71927482E-02   6.67990148E-02   6.96539208E-02   6.90622926E-02   6.96367174E-02   7.26272613E-02   7.53691643E-02   7.56160393E-02   7.54174367E-02   7.93873668E-02   7.87494630E-02   8.01068246E-02   8.18411559E-02   8.36701468E-02   8.55885968E-02   8.85472223E-02   9.05442536E-02   9.28528607E-02   9.66392308E-02   9.94032398E-02  0.102580175      0.106128111      0.109710619      0.113878608      0.116550148      0.122488096      0.124346681      0.127994210      0.132155567      0.133372307      0.136118874      0.138835788      0.141467884      0.143733531      0.146438301      0.149324313      0.151364967      0.153616562      0.155421600      0.135836646      0.138758644      0.141477197      0.142440036      0.144683734      0.147009254      0.149424568      0.152463749      0.154587999      0.156882405      0.160298839      0.162046701      0.164745316      0.166239768      0.168933511      0.171540305      0.173644498      0.176989987      0.177874610      0.180949330      0.182874411      0.184540689      0.188272610      0.190181896      0.192012176      0.196316704      0.196285039      0.199678153      0.200438276      0.201101586      0.204924464      0.205601245      0.205106929      0.207204476      0.207046673      0.206181571      0.209583089      0.207063809      0.208361223      0.206347540      0.207080781      0.210009202      0.208938271      0.213543460      -6.46317229E-02  -6.35865331E-02  -6.48970529E-02  -6.53811693E-02  -6.50675446E-02  -6.56745657E-02  -6.49862438E-02  -6.30767047E-02  -6.08507842E-02  -5.78086004E-02  -5.34590036E-02  -5.04169650E-02  -4.78249118E-02  -4.55770195E-02  -4.35620695E-02  -4.11296040E-02  -3.86703163E-02  -3.54281850E-02  -3.30455191E-02  -2.95658708E-02  -2.64279135E-02  -2.36329660E-02  -2.03007571E-02  -1.78199336E-02  -1.48515925E-02  -1.15298964E-02  -9.39699635E-03  -7.02778623E-03  -5.54332137E-03  -3.32280993E-03  -1.13015622E-03   1.40566379E-03   2.90231407E-03   4.82533872E-03   6.86998665E-03   8.59776884E-03   9.92343575E-03   1.13753080E-02   1.27997994E-02   1.45482570E-02   1.53896883E-02   1.69885531E-02   1.85700282E-02   2.02658772E-02   2.09635198E-02   2.17813924E-02   2.19451636E-02   2.23382115E-02   2.21664533E-02   2.15952098E-02   2.17011720E-02   2.23121196E-02   2.29248479E-02   2.39886194E-02   2.56956741E-02   2.64291912E-02   2.78439000E-02   2.85709202E-02   2.96450853E-02   3.01906019E-02   3.14398408E-02   3.18419337E-02   3.22735161E-02   3.26171443E-02   3.36053371E-02   3.42231020E-02   3.52314785E-02   3.53591889E-02   3.58266905E-02   3.56163159E-02   3.53278965E-02   3.47409472E-02   3.30786780E-02   3.18233892E-02   2.97290310E-02   2.65474916E-02   2.24572867E-02   1.74142122E-02   9.72133875E-03   1.10831857E-03  -8.50483030E-03  -1.97390132E-02  -3.05175260E-02  -4.42808345E-02  -5.41714057E-02  -6.25976026E-02  -6.39530718E-02
         885   1.39699996     10:32:15.887   8.02571252E-02   8.25756490E-02   7.66918808E-02   7.78595284E-02   7.56427199E-02   7.51689747E-02   7.46938735E-02   7.58522823E-02   7.47867301E-02   7.48772398E-02   7.64191598E-02   7.52160624E-02   7.59374499E-02   7.62773752E-02   7.79094622E-02   7.91468471E-02   7.99211636E-02   8.10201392E-02   8.28685984E-02   8.39972124E-02   8.64842385E-02   8.77428576E-02   9.15492177E-02   9.33932215E-02   9.62601528E-02   9.83580872E-02  0.101470582      0.104798563      0.108300097      0.109728053      0.113896631      0.116864167      0.119575545      0.121272281      0.123328850      0.125145778      0.127287850      0.129243493      0.131378293      0.133044302      0.135294959      0.137886554      0.139411584      0.132096589      0.134468541      0.137056991      0.138599768      0.140443340      0.142468736      0.145353913      0.147433043      0.150007293      0.152761802      0.155108362      0.156956315      0.159725055      0.161479607      0.164983451      0.167270303      0.169024527      0.172300011      0.174154595      0.176269278      0.177944303      0.181390569      0.183072537      0.186451867      0.188662201      0.190516770      0.193495095      0.196288183      0.195458218      0.198951408      0.200914130      0.202440634      0.204255924      0.204772964      0.206094563      0.205948770      0.204339311      0.206989050      0.205985188      0.204940140      0.209422678      0.207450211      0.211628854      0.213724002      -6.69682026E-02  -6.80229664E-02  -6.65834993E-02  -6.87376037E-02  -6.90439641E-02  -6.82009757E-02  -6.86126724E-02  -6.61531091E-02  -6.35771677E-02  -6.15449809E-02  -5.59753776E-02  -5.38333282E-02  -5.23012802E-02  -4.83034030E-02  -4.63784337E-02  -4.42959741E-02  -4.06366810E-02  -3.87845710E-02  -3.45518962E-02  -3.20222564E-02  -2.94343121E-02  -2.56293528E-02  -2.32671313E-02  -1.95163302E-02  -1.69179812E-02  -1.49762891E-02  -1.16734058E-02  -9.41419229E-03  -7.54974037E-03  -5.41923195E-03  -2.84658372E-03  -1.04075670E-03   7.75903463E-04   2.55892426E-03   4.62358445E-03   6.04137033E-03   7.27703422E-03   9.75890458E-03   1.06534064E-02   1.19418576E-02   1.38232931E-02   1.50121674E-02   1.62436292E-02   1.72194615E-02   1.80670545E-02   1.80448443E-02   1.86185464E-02   1.87814832E-02   1.82895884E-02   1.82082057E-02   1.82340816E-02   1.88750327E-02   1.98078305E-02   2.09317058E-02   2.18388960E-02   2.29325294E-02   2.43873522E-02   2.51844451E-02   2.60686800E-02   2.72142366E-02   2.76934877E-02   2.86955461E-02   2.93270871E-02   2.96706632E-02   3.00088376E-02   3.13466266E-02   3.22950557E-02   3.20528075E-02   3.27503532E-02   3.30099836E-02   3.26215327E-02   3.24045420E-02   3.18921655E-02   2.99267247E-02   2.71821395E-02   2.38902643E-02   2.05495879E-02   1.64359659E-02   1.02924332E-02   8.28474760E-04  -9.03568417E-03  -1.85211636E-02  -3.16106677E-02  -4.22348902E-02  -5.17164320E-02  -5.98832853E-02  -6.23189695E-02
         886   1.52600002     10:32:16.138   8.79070312E-02   8.29656571E-02   9.06217992E-02   8.39495212E-02   8.53126943E-02   8.40989649E-02   8.61438736E-02   8.10922682E-02   7.97467306E-02   7.88772479E-02   7.70391598E-02   7.45260715E-02   7.37974495E-02   7.61073604E-02   7.32494667E-02   7.54668564E-02   7.49511644E-02   7.60601312E-02   7.61786029E-02   7.76972100E-02   7.87442401E-02   7.91028589E-02   8.21692124E-02   8.34732130E-02   8.47301558E-02   8.73580799E-02   8.96805599E-02   9.14085358E-02   9.35300812E-02   9.72580165E-02   9.88566056E-02  0.100894138      0.104005516      0.104492255      0.107348822      0.108705759      0.110497855      0.112203494      0.114908278      0.116574287      0.118324958      0.119996548      0.121781580      0.120886557      0.121758468      0.123466887      0.125099584      0.126953080      0.128258362      0.129993469      0.132302538      0.133416802      0.135871366      0.137378007      0.138306037      0.141344860      0.141709492      0.144083381      0.146410301      0.147484541      0.149460018      0.150344580      0.152409241      0.153244242      0.155170500      0.157632485      0.158071831      0.160022199      0.162656799      0.162265137      0.164418176      0.164698184      0.165891305      0.168073863      0.167740196      0.169725239      0.168701902      0.167073071      0.167476773      0.168326631      0.165875673      0.168150902      0.164984867      0.165896922      0.167653799      0.165042087      0.170817241      -999.000000      -6.54664561E-02  -6.64269477E-02  -6.74110726E-02  -999.000000      -999.000000      -6.66061267E-02  -6.49965554E-02  -6.20406047E-02  -5.89184016E-02  -5.44288084E-02  -5.19367456E-02  -5.00547066E-02  -4.68868278E-02  -4.47518677E-02  -4.22093906E-02  -3.94701175E-02  -3.62180062E-02  -3.41053344E-02  -3.04156840E-02  -2.72977352E-02  -2.39827856E-02  -2.14005820E-02  -1.81697607E-02  -1.52514018E-02  -1.26197301E-02  -1.04268491E-02  -8.05763528E-03  -5.72320819E-03  -3.19270045E-03  -1.32004917E-03   1.30577385E-03   2.86244601E-03   4.47548181E-03   6.69013709E-03   7.79792666E-03   9.93359089E-03   1.13754719E-02   1.25699639E-02   1.40084252E-02   1.54198632E-02   1.70887336E-02   1.87501907E-02   1.60259902E-02   1.67335570E-02   1.73512921E-02   1.71849355E-02   1.77078098E-02   1.79557949E-02   1.76743343E-02   1.75601393E-02   1.84910968E-02   1.88439414E-02   2.02379078E-02   2.14051604E-02   2.27488801E-02   2.38537937E-02   2.46209428E-02   2.56952271E-02   2.69308090E-02   2.74600908E-02   2.78821141E-02   2.85936296E-02   2.91971639E-02   2.99553275E-02   3.06731239E-02   3.15315947E-02   3.23093757E-02   3.23569477E-02   3.25065926E-02   3.24681178E-02   3.15110907E-02   3.02786455E-02   3.00230831E-02   2.72983313E-02   2.35862285E-02   2.08952352E-02   1.54712200E-02   9.75719094E-03   1.49258226E-03  -8.53230432E-03  -1.81887075E-02  -3.09688970E-02  -4.16738093E-02  -4.98060212E-02  -5.72033636E-02  -5.95791973E-02
         887   1.67299998     10:32:16.387   7.83769712E-02   6.09655976E-02   8.07917640E-02   6.61195144E-02   6.65026754E-02   6.58189505E-02   6.74138367E-02   6.18022531E-02   6.15967289E-02   6.21472374E-02   6.16791695E-02   5.90560734E-02   5.50274588E-02   5.87373711E-02   5.47494814E-02   5.50968722E-02   5.50311729E-02   5.49901500E-02   5.41886054E-02   5.53872101E-02   5.62942475E-02   5.57728708E-02   5.79692014E-02   5.84332123E-02   6.07001446E-02   6.16480596E-02   6.34105504E-02   6.54185191E-02   6.59200549E-02   6.87079877E-02   7.05265775E-02   7.13441074E-02   7.41954893E-02   7.53622428E-02   7.69888088E-02   7.77457505E-02   7.98478425E-02   8.19834769E-02   8.30682740E-02   8.50142837E-02   8.70449543E-02   8.83965492E-02   8.96315649E-02   9.84165296E-02   9.98184085E-02  0.101456769      0.102479398      0.103852808      0.105228014      0.107533008      0.109812021      0.110556304      0.112930916      0.114687651      0.115765788      0.117844664      0.118369378      0.121023320      0.122190289      0.124424554      0.125420064      0.126944572      0.128889188      0.128664166      0.131880417      0.133662418      0.134211808      0.137082234      0.138206854      0.138365179      0.141248211      0.142188177      0.141011193      0.144723639      0.142169788      0.146214575      0.146160841      0.142981604      0.146834821      0.141623989      0.143572301      0.142326638      0.140689626      0.141881168      0.144517392      0.141595334      0.147350445      -6.67111576E-02  -6.65859580E-02  -6.68064579E-02  -6.71305358E-02  -6.79168552E-02  -6.74338713E-02  -6.73655868E-02  -6.56260177E-02  -6.12100512E-02  -6.02778569E-02  -5.49882613E-02  -5.24561778E-02  -5.02841398E-02  -4.77462709E-02  -4.56613004E-02  -4.29188274E-02  -3.97395417E-02  -3.71774472E-02  -3.41347642E-02  -3.11151296E-02  -2.78071836E-02  -2.47222111E-02  -2.18900181E-02  -1.86092257E-02  -1.59308575E-02  -1.35991834E-02  -1.16163120E-02  -9.11710039E-03  -6.29267097E-03  -3.93217802E-03  -2.45951861E-03   5.63040376E-05   1.72296911E-03   3.67601216E-03   5.97067177E-03   7.60846585E-03   8.93413275E-03   1.02260038E-02   1.21104941E-02   1.36589631E-02   1.50404125E-02   1.66292787E-02   1.79207399E-02   1.91365331E-02   1.98540613E-02   2.01017410E-02   2.07053274E-02   2.05681175E-02   2.06060037E-02   1.98544562E-02   2.01801881E-02   2.06811428E-02   2.12840512E-02   2.24480778E-02   2.36654282E-02   2.45692283E-02   2.58742124E-02   2.69914344E-02   2.74157599E-02   2.84513757E-02   2.97006592E-02   2.99326777E-02   3.00041512E-02   3.04476619E-02   3.12758163E-02   3.23036313E-02   3.32621187E-02   3.29099372E-02   3.35775465E-02   3.39471847E-02   3.35987061E-02   3.23316380E-02   3.15591246E-02   3.02834511E-02   2.84985378E-02   2.59862021E-02   2.05348805E-02   1.68704689E-02   1.00959763E-02  -3.79309058E-04  -7.98491016E-03  -1.86022222E-02  -3.26031372E-02  -4.13587019E-02  -5.31116351E-02  -5.80694564E-02  -6.22154586E-02
         888   1.83200002     10:32:16.636   9.62670520E-02   6.80056065E-02   8.12418163E-02   8.27395171E-02   7.31627122E-02   7.21289814E-02   7.41738528E-02   7.33122528E-02   6.64367229E-02   6.81572407E-02   6.57391772E-02   6.79760724E-02   6.06474616E-02   6.26973733E-02   6.19094744E-02   5.99468723E-02   6.03011772E-02   6.02201521E-02   6.08686097E-02   5.99872246E-02   6.18142448E-02   6.20928705E-02   6.29092231E-02   6.40932322E-02   6.65801615E-02   6.71980828E-02   6.79205805E-02   7.11285546E-02   7.17200786E-02   7.21680224E-02   7.64066055E-02   7.61941373E-02   7.86755234E-02   8.02022740E-02   8.13988373E-02   8.24557617E-02   8.42078552E-02   8.60135034E-02   8.67682919E-02   8.83742943E-02   9.08249691E-02   9.14165527E-02   9.30615887E-02   8.31365660E-02   8.41684788E-02   8.60668793E-02   8.67095664E-02   8.87630433E-02   8.93383250E-02   9.02233869E-02   9.30424407E-02   9.44167003E-02   9.59512740E-02   9.84879211E-02   9.92059931E-02  0.100834817      0.102339469      0.104713365      0.105980292      0.108134538      0.109420046      0.109974593      0.111799233      0.113574229      0.113820486      0.117942467      0.118731841      0.119922221      0.123506829      0.122805156      0.124698207      0.126558229      0.125271335      0.129043862      0.131060183      0.129155159      0.132701755      0.131722853      0.128726482      0.134256184      0.128915057      0.129470125      0.133913890      0.124845825      0.133792534      0.134370729      0.132685810      -6.81932569E-02  -6.63180351E-02  -6.77585304E-02  -6.76826388E-02  -6.73389584E-02  -999.000000      -6.73876703E-02  -6.49681315E-02  -6.41821548E-02  -5.83699681E-02  -5.49403653E-02  -5.35183102E-02  -4.93362620E-02  -4.83483784E-02  -4.55034226E-02  -4.22109514E-02  -4.06316742E-02  -3.73895578E-02  -3.40868793E-02  -3.21072415E-02  -2.77692936E-02  -2.44243294E-02  -2.19121315E-02  -1.83713287E-02  -1.60129666E-02  -1.36612915E-02  -1.08584128E-02  -8.96919891E-03  -6.06475770E-03  -3.90426069E-03  -2.33159959E-03   4.54217196E-04   1.89086795E-03   3.84393334E-03   6.09858334E-03   7.29636848E-03   8.97203386E-03   1.12738982E-02   1.22383907E-02   1.38568729E-02   1.52783096E-02   1.65271759E-02   1.87086463E-02   2.01544315E-02   2.09819973E-02   2.14697197E-02   2.14133561E-02   2.14461982E-02   2.16941684E-02   2.16226950E-02   2.12884769E-02   2.17294320E-02   2.31622905E-02   2.34262571E-02   2.45435461E-02   2.58972719E-02   2.69121900E-02   2.77893692E-02   2.92436630E-02   2.98992470E-02   3.09085250E-02   3.08805555E-02   3.13620642E-02   3.22656035E-02   3.29637602E-02   3.36415619E-02   3.42100263E-02   3.48378122E-02   3.49954069E-02   3.46550494E-02   3.52765843E-02   3.32795605E-02   3.24971080E-02   3.13115343E-02   2.84667611E-02   2.68346071E-02   2.15235576E-02   1.64994597E-02   1.10253543E-02  -2.09398568E-04  -7.95442984E-03  -1.93610080E-02  -3.26613486E-02  -4.08663899E-02  -5.25887907E-02  -6.02362603E-02  -6.45621568E-02
         889   1.98899996     10:32:16.885   6.13571405E-02   7.76757225E-02   5.94319105E-02   5.89395575E-02   6.14127330E-02   6.01890050E-02   5.65639287E-02   5.53322993E-02   5.68767339E-02   5.33472449E-02   5.25691621E-02   4.97160517E-02   5.12074344E-02   4.85073626E-02   4.77794558E-02   4.82668318E-02   4.73411530E-02   4.77501340E-02   4.72986028E-02   4.82272133E-02   4.86142449E-02   5.00828587E-02   5.14092296E-02   5.18132374E-02   5.32701686E-02   5.45381047E-02   5.68106100E-02   5.76585904E-02   5.96801303E-02   6.25780895E-02   6.30866736E-02   6.59342036E-02   6.74155727E-02   6.81923032E-02   7.02788681E-02   7.14057833E-02   7.33078793E-02   7.48335272E-02   7.63783008E-02   7.74543062E-02   7.97949731E-02   8.10165554E-02   8.19916055E-02   7.21466318E-02   7.32886195E-02   7.46371374E-02   7.63299763E-02   7.69036263E-02   7.78891146E-02   8.04443881E-02   8.13435540E-02   8.26077834E-02   8.54022354E-02   8.63487050E-02   8.80165845E-02   8.92952308E-02   9.00297239E-02   9.24234986E-02   9.48803127E-02   9.59345102E-02   9.74700004E-02   9.91745964E-02  0.101049319      0.101214387      0.104810648      0.104782596      0.106521875      0.109672181      0.110196739      0.111405067      0.113698155      0.112048253      0.115621559      0.116714373      0.115711078      0.117756635      0.118294053      0.115136102      0.120660797      0.114972010      0.116402462      0.115569510      0.110015422      0.114628471      0.117506623      0.112785578      0.121990748      -6.31187409E-02  -6.46435246E-02  -6.55140355E-02  -6.60881549E-02  -6.75545558E-02  -6.60215542E-02  -6.52532503E-02  -6.40937015E-02  -6.05677664E-02  -5.73255792E-02  -5.50759844E-02  -5.03139496E-02  -4.95118871E-02  -4.56939936E-02  -4.37790453E-02  -4.21265922E-02  -3.89473066E-02  -3.61651778E-02  -3.38325053E-02  -2.96028517E-02  -2.67249085E-02  -2.34299488E-02  -2.05677412E-02  -1.81569271E-02  -1.49285719E-02  -1.23868808E-02  -1.03939772E-02  -7.66476989E-03  -5.40030748E-03  -3.72979790E-03  -3.87147069E-04   1.16868317E-03   2.57533044E-03   5.10834903E-03   6.92299753E-03   8.68077576E-03   1.04564428E-02   1.18883178E-02   1.39328167E-02   1.49812698E-02   1.61227062E-02   1.74215659E-02   1.93530396E-02   2.20588967E-02   2.30965242E-02   2.40543559E-02   2.38381103E-02   2.38511339E-02   2.34893337E-02   2.35980451E-02   2.35639885E-02   2.41749361E-02   2.48976871E-02   2.61114836E-02   2.68285647E-02   2.81521231E-02   2.91668624E-02   2.98539102E-02   3.11480984E-02   3.20336148E-02   3.26928720E-02   3.31949443E-02   3.38165238E-02   3.37601304E-02   3.45583260E-02   3.54260951E-02   3.54544818E-02   3.66422087E-02   3.67297307E-02   3.62093449E-02   3.57209072E-02   3.47639695E-02   3.44416723E-02   3.22163329E-02   3.06419060E-02   2.60802731E-02   2.35499367E-02   1.78267062E-02   9.73365456E-03   1.35036558E-03  -8.32308084E-03  -2.05876306E-02  -2.98164375E-02  -4.34400067E-02  -5.56008518E-02  -5.96272498E-02  -6.56327829E-02
         890   2.15300012     10:32:17.142   7.42472485E-02   5.21058068E-02   7.01519772E-02   6.49296120E-02   5.98527417E-02   5.96890152E-02   6.26639575E-02   6.20023049E-02   5.52767329E-02   5.77772371E-02   5.67791425E-02   5.45960069E-02   4.97774258E-02   5.34373522E-02   5.09294383E-02   5.03368154E-02   4.95211296E-02   4.96601202E-02   4.88385782E-02   4.84972149E-02   5.00342436E-02   4.99028526E-02   5.08192331E-02   5.23132384E-02   5.24901673E-02   5.31681105E-02   5.47906198E-02   5.69186136E-02   5.67001589E-02   5.91181256E-02   6.12667017E-02   6.06142394E-02   6.41055852E-02   6.53223172E-02   6.66188821E-02   6.70057908E-02   6.97778836E-02   7.04335272E-02   7.16983005E-02   7.40243047E-02   7.46749640E-02   7.65765458E-02   7.80116171E-02   6.69466630E-02   6.80186972E-02   6.89372942E-02   6.96102232E-02   7.07339793E-02   7.19996095E-02   7.25450069E-02   7.42442757E-02   7.51684830E-02   7.63328522E-02   7.78092071E-02   7.80869722E-02   7.95255080E-02   8.06298852E-02   8.22035819E-02   8.37503374E-02   8.51844847E-02   8.64299759E-02   8.65646079E-02   8.82193744E-02   8.92044827E-02   9.05707553E-02   9.22126696E-02   9.35718864E-02   9.46421474E-02   9.70366672E-02   9.59949866E-02   9.84581187E-02   9.80482474E-02   9.92716700E-02  0.101704657      0.100231610      0.101457551      0.102955475       9.94581208E-02   9.97735113E-02   9.99056771E-02   9.91771296E-02   9.75854471E-02   9.73227322E-02   9.60564837E-02   9.85055715E-02   9.74650532E-02  0.102250323      -6.52802214E-02  -6.45849928E-02  -6.51655197E-02  -6.49596602E-02  -6.53460473E-02  -6.47530779E-02  -6.45547584E-02  -6.27752095E-02  -5.92292994E-02  -5.58371246E-02  -5.38375303E-02  -4.99055162E-02  -4.80334386E-02  -4.58455458E-02  -4.30306047E-02  -4.04481515E-02  -3.77888456E-02  -3.52367274E-02  -3.19240503E-02  -2.86444053E-02  -2.57464461E-02  -2.27314979E-02  -1.91092826E-02  -1.68684497E-02  -1.40201151E-02  -1.11284181E-02  -9.00550559E-03  -6.76628947E-03  -4.24182415E-03  -2.12130696E-03   1.61349773E-04   2.16718018E-03   3.58382612E-03   5.52683324E-03   7.54148513E-03   9.69924778E-03   1.13849118E-02   1.30367875E-02   1.44512802E-02   1.56097263E-02   1.72111541E-02   1.85200274E-02   2.02714950E-02   1.99473798E-02   2.05250531E-02   2.11129636E-02   2.15668008E-02   2.16799229E-02   2.13582739E-02   2.11171135E-02   2.14531496E-02   2.19541043E-02   2.28167847E-02   2.36404762E-02   2.48674527E-02   2.61208937E-02   2.71655321E-02   2.84124687E-02   2.87265778E-02   3.03620771E-02   3.08213085E-02   3.12233865E-02   3.18950191E-02   3.22986767E-02   3.23168859E-02   3.38046476E-02   3.44229862E-02   3.47206593E-02   3.48781347E-02   3.53877321E-02   3.50693315E-02   3.39324102E-02   3.27501968E-02   3.10550183E-02   2.95208171E-02   2.65594944E-02   2.25896165E-02   1.78569555E-02   9.83453542E-03   1.40219927E-03  -8.07022303E-03  -2.10234970E-02  -3.08413059E-02  -4.18839306E-02  -5.30337915E-02  -5.99994808E-02  -6.40147552E-02
         891   2.21799994     10:32:17.391   7.91771859E-02   7.28557706E-02   7.16619194E-02   7.11095929E-02   6.90827519E-02   6.67990148E-02   6.81239367E-02   6.57622814E-02   6.24367036E-02   6.25772551E-02   6.06391616E-02   5.83260022E-02   5.55874147E-02   5.60373440E-02   5.33994362E-02   5.29368110E-02   5.20211235E-02   5.07901125E-02   5.03585786E-02   4.95272055E-02   4.91842292E-02   4.86528315E-02   4.86892238E-02   4.82132249E-02   4.94801626E-02   4.88980971E-02   4.93406057E-02   5.02985939E-02   4.99401465E-02   5.14581017E-02   5.18666878E-02   5.18142246E-02   5.34955673E-02   5.46323061E-02   5.51688708E-02   5.57057783E-02   5.65978736E-02   5.74135184E-02   5.83682917E-02   5.86542971E-02   5.96849509E-02   6.12365417E-02   6.16816022E-02   5.79966456E-02   5.82986586E-02   5.92772365E-02   5.99101372E-02   6.03238679E-02   6.11994527E-02   6.23948239E-02   6.27540648E-02   6.42682761E-02   6.56026825E-02   6.66490719E-02   6.77968636E-02   6.89254254E-02   6.97598383E-02   7.12535679E-02   7.23503381E-02   7.32544959E-02   7.42699802E-02   7.52946064E-02   7.63393492E-02   7.71544501E-02   7.85307288E-02   7.96526447E-02   8.12618807E-02   8.20421502E-02   8.28266814E-02   8.39350000E-02   8.43481123E-02   8.49582180E-02   8.65816101E-02   8.63145366E-02   8.78114030E-02   8.55772346E-02   8.74950141E-02   8.62974897E-02   8.34926888E-02   8.47045854E-02   8.35057497E-02   8.14837068E-02   7.95506090E-02   7.93441758E-02   7.94530362E-02   8.23723897E-02   8.30276608E-02  -6.42391518E-02  -6.55239373E-02  -6.48944825E-02  -6.58485889E-02  -6.53549954E-02  -6.57519996E-02  -6.52236789E-02  -6.30041435E-02  -6.06882423E-02  -5.77960610E-02  -5.41064665E-02  -5.18944263E-02  -4.79323752E-02  -4.59244773E-02  -4.38795239E-02  -4.14570756E-02  -3.90177742E-02  -3.53256613E-02  -3.29429805E-02  -2.92233340E-02  -2.65853852E-02  -2.34704353E-02  -2.04782113E-02  -1.76873952E-02  -1.45190544E-02  -1.16773508E-02  -9.65444744E-03  -7.04523921E-03  -5.58076799E-03  -2.75025517E-03  -8.07598233E-04   1.80822611E-03   3.26488167E-03   5.29787689E-03   7.45254010E-03   9.08032060E-03   1.08159781E-02   1.23478621E-02   1.37723535E-02   1.46408007E-02   1.66022256E-02   1.78410932E-02   1.88825577E-02   2.07584351E-02   2.14960873E-02   2.20139921E-02   2.29677856E-02   2.24808902E-02   2.26891786E-02   2.21979991E-02   2.22940072E-02   2.26749703E-02   2.39176825E-02   2.50014067E-02   2.60084122E-02   2.73318738E-02   2.85065398E-02   2.95135155E-02   3.02576572E-02   3.08931395E-02   3.17923799E-02   3.23244631E-02   3.25960815E-02   3.31297144E-02   3.35779190E-02   3.45756784E-02   3.55140492E-02   3.54217216E-02   3.57592031E-02   3.57588083E-02   3.53803784E-02   3.42234671E-02   3.35112140E-02   3.14759836E-02   2.96417102E-02   2.61802971E-02   2.22102925E-02   1.73974484E-02   1.01948604E-02   1.08224899E-03  -8.47046450E-03  -2.02040970E-02  -3.16421837E-02  -4.46350686E-02  -5.45151830E-02  -6.28710315E-02  -6.49863631E-02
         892   2.23799992     10:32:17.639   6.34271950E-02   6.38757348E-02   5.86919487E-02   5.98095618E-02   5.85727543E-02   5.72090074E-02   5.59639372E-02   5.59122786E-02   5.26667275E-02   5.23272492E-02   4.97091599E-02   4.77660261E-02   4.55174036E-02   4.50273529E-02   4.37694415E-02   4.27968092E-02   4.16611210E-02   4.10901122E-02   3.94085795E-02   3.89671996E-02   3.84342335E-02   3.82028408E-02   3.77692208E-02   3.72432210E-02   3.71901616E-02   3.75381000E-02   3.70306075E-02   3.81085947E-02   3.78901437E-02   3.82180996E-02   3.85466889E-02   3.94842215E-02   3.98655646E-02   3.98523062E-02   4.02688719E-02   4.11857776E-02   4.19678725E-02   4.30135205E-02   4.34082933E-02   4.38042954E-02   4.54549529E-02   4.61065397E-02   4.62116003E-02   4.54066433E-02   4.59886603E-02   4.69772331E-02   4.69801351E-02   4.75638658E-02   4.83794510E-02   4.91448231E-02   4.97840643E-02   5.13382815E-02   5.24226837E-02   5.30590713E-02   5.41168675E-02   5.50654344E-02   5.53898402E-02   5.70735633E-02   5.76403327E-02   5.94444945E-02   6.02299795E-02   6.09746017E-02   6.18693531E-02   6.22144490E-02   6.33807257E-02   6.51126504E-02   6.62218779E-02   6.71821460E-02   6.82366788E-02   6.86849952E-02   7.05981106E-02   6.88382238E-02   7.05816075E-02   7.13345334E-02   7.09414110E-02   7.20772371E-02   7.24550113E-02   7.02674836E-02   7.11926818E-02   6.92645833E-02   6.82057366E-02   6.53437078E-02   6.30906075E-02   6.56141713E-02   6.45030290E-02   6.55223876E-02   6.74676597E-02  -999.000000      -999.000000      -999.000000      -999.000000      -999.000000      -999.000000      -999.000000      -6.71901405E-02  -6.36642352E-02  -6.15420565E-02  -5.68224639E-02  -5.45104221E-02  -5.23383580E-02  -4.87904698E-02  -4.70655188E-02  -4.50930707E-02  -4.18237746E-02  -3.95016447E-02  -3.57889757E-02  -3.20893265E-02  -2.95013711E-02  -2.61964314E-02  -2.34042108E-02  -2.04633847E-02  -1.75050460E-02  -1.50633492E-02  -1.19104460E-02  -9.84122232E-03  -7.90677220E-03  -5.69625199E-03  -3.28358263E-03  -1.34777278E-03   7.78883696E-04   2.37189233E-03   4.44653630E-03   6.01432472E-03   7.73998350E-03   9.31186229E-03   1.07163563E-02   1.17848068E-02   1.39662325E-02   1.54550970E-02   1.68765560E-02   1.70824304E-02   1.80100873E-02   1.82079896E-02   1.86517909E-02   1.88648924E-02   1.86531916E-02   1.87320113E-02   1.91780180E-02   1.91989839E-02   2.03416795E-02   2.13654116E-02   2.22124085E-02   2.34458819E-02   2.49305516E-02   2.60175169E-02   2.71416530E-02   2.78371423E-02   2.86263973E-02   2.91784629E-02   2.98600867E-02   2.98337191E-02   3.11019197E-02   3.16896886E-02   3.31380516E-02   3.31257135E-02   3.35232019E-02   3.30028161E-02   3.25943902E-02   3.20474729E-02   3.03652138E-02   2.98199952E-02   2.79057175E-02   2.42042914E-02   2.13643014E-02   1.53814629E-02   9.83886421E-03   1.91625953E-03  -8.20646808E-03  -1.89300999E-02  -3.07581760E-02  -4.15110625E-02  -5.04811779E-02  -6.04070276E-02  -6.18423596E-02
         893   2.25799990     10:32:17.888   7.07571954E-02   7.14757442E-02   7.39919245E-02   7.07296133E-02   7.00027496E-02   6.94090128E-02   6.88039362E-02   6.67622983E-02   6.55667260E-02   6.40472546E-02   6.17891438E-02   5.80660067E-02   5.71574159E-02   5.64073399E-02   5.49894348E-02   5.37067987E-02   5.26911244E-02   5.21001182E-02   5.12485802E-02   4.95871976E-02   5.00342362E-02   4.86428328E-02   4.81892228E-02   4.76232283E-02   4.72101644E-02   4.76281010E-02   4.65606079E-02   4.70285937E-02   4.77801412E-02   4.69781049E-02   4.68366891E-02   4.73842211E-02   4.72855680E-02   4.80223000E-02   4.78988700E-02   4.85957824E-02   4.85978723E-02   4.85835187E-02   4.93482910E-02   4.96742949E-02   5.03749512E-02   5.07465415E-02   5.11815995E-02   5.73566444E-02   5.71086593E-02   5.81072345E-02   5.86801358E-02   5.95538653E-02   5.97694479E-02   6.03248216E-02   6.10540658E-02   6.13382831E-02   6.26726821E-02   6.36690706E-02   6.40668646E-02   6.51654303E-02   6.53598383E-02   6.67735711E-02   6.78503364E-02   6.90744966E-02   6.89799860E-02   6.99246079E-02   7.12693483E-02   7.00444505E-02   7.29407296E-02   7.27026463E-02   7.42918774E-02   7.61321485E-02   7.56166801E-02   7.54849985E-02   7.76981115E-02   7.61882216E-02   7.91616067E-02   7.81745315E-02   7.73414075E-02   7.83272386E-02   7.86650181E-02   7.60374889E-02   7.70226866E-02   7.17145875E-02   7.57057369E-02   7.33937025E-02   6.84206039E-02   7.34041706E-02   6.95930272E-02   6.81223944E-02   7.32976645E-02  -6.49091452E-02  -6.55239448E-02  -6.56544790E-02  -6.71486035E-02  -6.78150058E-02  -6.63920119E-02  -6.63537011E-02  -6.48441613E-02  -6.09382316E-02  -5.90160564E-02  -5.61264753E-02  -5.17444387E-02  -5.07623665E-02  -4.76644784E-02  -4.40795347E-02  -4.28670757E-02  -3.96977812E-02  -3.71556506E-02  -3.50429788E-02  -3.08533348E-02  -2.80253813E-02  -2.44304352E-02  -2.18582153E-02  -1.88073888E-02  -1.59790479E-02  -1.28773637E-02  -1.04344562E-02  -7.94524699E-03  -6.35077804E-03  -3.67026031E-03  -1.53759867E-03   8.78222287E-04   2.38487124E-03   4.15788591E-03   6.64253533E-03   8.00030679E-03   9.99597460E-03   1.13978609E-02   1.28823444E-02   1.41107887E-02   1.55922174E-02   1.75410807E-02   1.84125528E-02   1.90884247E-02   2.03260854E-02   2.03239843E-02   2.05077752E-02   2.09008828E-02   2.09691748E-02   2.06680000E-02   2.07840055E-02   2.16049701E-02   2.22076774E-02   2.33714059E-02   2.42284015E-02   2.56118700E-02   2.63665468E-02   2.73435116E-02   2.87176445E-02   2.94031352E-02   3.02023888E-02   3.08044627E-02   3.15460786E-02   3.16797197E-02   3.22179124E-02   3.29656750E-02   3.36640477E-02   3.42017114E-02   3.48291993E-02   3.52087989E-02   3.43203768E-02   3.34134623E-02   3.21412086E-02   3.15459818E-02   2.82517076E-02   2.54302844E-02   2.24502832E-02   1.64174512E-02   1.05348676E-02   9.32246447E-04  -8.64046440E-03  -1.92440972E-02  -3.31121869E-02  -4.17850651E-02  -5.19251898E-02  -5.98210394E-02  -6.32063672E-02
         894   2.27800012     10:32:18.140   9.05571803E-02  0.106505737       8.76419097E-02   8.69695768E-02   8.74227434E-02   8.51089880E-02   7.72639215E-02   7.77622983E-02   7.89267197E-02   7.32472315E-02   7.12491497E-02   6.69560134E-02   6.94174245E-02   6.42773435E-02   6.30994439E-02   6.29268140E-02   6.11611307E-02   5.97101189E-02   5.92185780E-02   5.83272092E-02   5.62742352E-02   5.69128506E-02   5.61292246E-02   5.53132258E-02   5.46301603E-02   5.37480973E-02   5.41206039E-02   5.31785935E-02   5.31801358E-02   5.36980927E-02   5.20266779E-02   5.27642146E-02   5.25855646E-02   5.22223003E-02   5.18188700E-02   5.22157811E-02   5.24778739E-02   5.24235182E-02   5.30882925E-02   5.28442971E-02   5.32649569E-02   5.34165427E-02   5.41715994E-02   5.39266318E-02   5.41686378E-02   5.50271943E-02   5.55400662E-02   5.45737669E-02   5.54393157E-02   5.58146425E-02   5.60138598E-02   5.74280843E-02   5.78325018E-02   5.87889217E-02   5.91567606E-02   5.99153563E-02   5.98097965E-02   6.07235394E-02   6.17903247E-02   6.23444915E-02   6.35399893E-02   6.39646053E-02   6.36793375E-02   6.57144189E-02   6.52906969E-02   6.52726218E-02   6.83618784E-02   6.69121593E-02   6.86667040E-02   7.10350201E-02   6.82381317E-02   7.07382336E-02   7.03415796E-02   6.90244585E-02   7.18612671E-02   6.97669908E-02   6.80846199E-02   7.06169158E-02   6.76819235E-02   6.81135431E-02   6.68144226E-02   6.01620190E-02   6.51085302E-02   6.19518906E-02   6.13604635E-02   6.77996799E-02   6.36949241E-02  -6.60621747E-02  -6.62969574E-02  -6.59074932E-02  -6.69516027E-02  -6.75980002E-02  -6.61950037E-02  -6.76567107E-02  -6.36671484E-02  -6.23112395E-02  -5.92490584E-02  -5.46994582E-02  -5.27374260E-02  -4.96953614E-02  -4.61274609E-02  -4.51525114E-02  -4.25900668E-02  -3.94007787E-02  -3.70786488E-02  -3.32959741E-02  -3.07763331E-02  -2.79283673E-02  -2.36634202E-02  -2.16312073E-02  -1.83703937E-02  -1.54920407E-02  -1.29803568E-02  -9.96745378E-03  -7.87823275E-03  -5.87377697E-03  -3.10326368E-03  -1.62060559E-03   7.25224614E-04   2.50187516E-03   4.70488518E-03   6.66954368E-03   8.74731690E-03   1.00229755E-02   1.15148649E-02   1.33493468E-02   1.43978074E-02   1.60492286E-02   1.75881013E-02   1.88195556E-02   1.81854293E-02   1.89730749E-02   1.98809505E-02   2.02047452E-02   2.02978030E-02   1.99660584E-02   1.98748335E-02   1.95108205E-02   2.05517784E-02   2.15245038E-02   2.23882571E-02   2.36152932E-02   2.47488022E-02   2.61034966E-02   2.64704898E-02   2.75346488E-02   2.83001438E-02   2.95993984E-02   2.98014730E-02   3.01330686E-02   3.09267044E-02   3.10948938E-02   3.21426690E-02   3.25610414E-02   3.31387296E-02   3.38062346E-02   3.37658450E-02   3.37674096E-02   3.29704806E-02   3.18582132E-02   3.11329290E-02   2.78486088E-02   2.57470906E-02   2.07669511E-02   1.65739655E-02   1.09611750E-02   7.18303025E-04  -8.76471028E-03  -1.94887109E-02  -3.18770744E-02  -4.25502285E-02  -5.06906398E-02  -6.13767020E-02  -6.41221032E-02
         895   2.32100010     10:32:18.390   8.64571258E-02   5.89957386E-02   7.23019168E-02   7.30095878E-02   6.50927424E-02   6.35189861E-02   6.64339215E-02   6.61222786E-02   5.90967312E-02   6.00072518E-02   5.71991503E-02   6.03560358E-02   5.12474328E-02   5.56073524E-02   5.27994521E-02   5.09268269E-02   4.95811440E-02   4.95401248E-02   4.84785847E-02   4.65672128E-02   4.69242334E-02   4.61828560E-02   4.51892205E-02   4.52932268E-02   4.48801555E-02   4.38480973E-02   4.37905975E-02   4.43285815E-02   4.30101231E-02   4.16380763E-02   4.37166579E-02   4.13741991E-02   4.28455509E-02   4.19422947E-02   4.16788608E-02   4.11057770E-02   4.16578725E-02   4.18035127E-02   4.11882848E-02   4.21042927E-02   4.17849571E-02   4.16265428E-02   4.18015979E-02   4.45266180E-02   4.42385972E-02   4.50871177E-02   4.37899567E-02   4.49536070E-02   4.53391001E-02   4.45343666E-02   4.59835529E-02   4.55277823E-02   4.64622378E-02   4.79787067E-02   4.76965941E-02   4.79952395E-02   4.89197262E-02   4.95434999E-02   4.97803241E-02   5.12645058E-02   5.15399985E-02   5.09845950E-02   5.28293140E-02   5.28643839E-02   5.24006523E-02   5.53925857E-02   5.44818677E-02   5.55021688E-02   5.82167208E-02   5.61150424E-02   5.79081401E-02   5.91782220E-02   5.55015169E-02   6.05743229E-02   5.92310168E-02   5.68065867E-02   6.13539927E-02   5.47860265E-02   5.72807305E-02   5.81819452E-02   5.00523895E-02   5.55594414E-02   5.05553670E-02   4.55984175E-02   5.50966077E-02   5.05456030E-02   5.14308214E-02  -6.52566627E-02  -6.56614378E-02  -6.64019883E-02  -6.70861080E-02  -6.72424808E-02  -6.74394816E-02  -6.58511594E-02  -6.47616386E-02  -6.30257055E-02  -5.79635203E-02  -5.54139204E-02  -5.27918823E-02  -4.93798256E-02  -4.82519343E-02  -4.49669883E-02  -4.26245257E-02  -4.05852348E-02  -3.68731134E-02  -3.43104415E-02  -3.11207995E-02  -2.74528414E-02  -2.47078836E-02  -2.13856809E-02  -1.79248527E-02  -1.61865093E-02  -1.21448226E-02  -1.00119263E-02  -8.44271109E-03  -5.82825765E-03  -3.93774360E-03  -1.72507763E-03   7.60734081E-04   2.06738710E-03   4.14041430E-03   6.13505393E-03   7.73283839E-03   9.90849733E-03   1.18303895E-02   1.22048706E-02   1.41133219E-02   1.57047585E-02   1.70736238E-02   1.89550966E-02   1.86209455E-02   1.91785693E-02   1.97664127E-02   2.08501741E-02   2.06931904E-02   1.99913904E-02   1.91701055E-02   1.97560415E-02   2.04170048E-02   2.17697546E-02   2.22735554E-02   2.31806412E-02   2.42642090E-02   2.55489424E-02   2.60959864E-02   2.76501700E-02   2.81156898E-02   2.88449451E-02   2.96070054E-02   3.03285867E-02   3.05022076E-02   3.09303850E-02   3.19181606E-02   3.26465592E-02   3.30342650E-02   3.34117785E-02   3.39614078E-02   3.35029587E-02   3.30260098E-02   3.17436978E-02   2.98783481E-02   2.76139304E-02   2.53122747E-02   2.12919414E-02   1.63887143E-02   1.04656443E-02  -6.76289201E-05  -8.57108459E-03  -1.82156339E-02  -3.16144228E-02  -3.98879871E-02  -5.09088114E-02  -5.81851713E-02  -5.98606765E-02
         896   2.37800002     10:32:18.638   7.35771433E-02   6.90757036E-02   6.63218871E-02   6.91995248E-02   6.37027323E-02   6.35589808E-02   6.21939003E-02   6.31622821E-02   5.84867075E-02   5.93872443E-02   5.56891561E-02   5.65460548E-02   5.27574345E-02   5.33373542E-02   5.10994606E-02   4.94668335E-02   4.82911430E-02   4.75401357E-02   4.65085916E-02   4.57672141E-02   4.46842462E-02   4.46628481E-02   4.31692190E-02   4.29632217E-02   4.31401618E-02   4.22080904E-02   4.10305895E-02   4.13585715E-02   4.04901132E-02   4.04480621E-02   4.02666442E-02   3.94841805E-02   3.96355428E-02   3.88022847E-02   3.87188569E-02   3.83757651E-02   3.80878597E-02   3.85735072E-02   3.76182869E-02   3.78642939E-02   3.79649550E-02   3.77865434E-02   3.74715887E-02   3.52366045E-02   3.52085717E-02   3.53370719E-02   3.53898816E-02   3.48334983E-02   3.51289548E-02   3.50241885E-02   3.48933525E-02   3.53975892E-02   3.62020656E-02   3.62685658E-02   3.69964875E-02   3.71951647E-02   3.76596786E-02   3.78234796E-02   3.85403149E-02   3.86945121E-02   3.91200036E-02   3.97245958E-02   4.00492996E-02   4.10743542E-02   4.03306223E-02   4.22925614E-02   4.24118601E-02   4.34221774E-02   4.38367389E-02   4.44550589E-02   4.43781465E-02   4.45782170E-02   4.40714769E-02   4.57742289E-02   4.60408516E-02   4.34463173E-02   4.54835705E-02   4.25054431E-02   4.19599488E-02   4.22908887E-02   4.06010523E-02   3.73377465E-02   3.62232849E-02   3.41261365E-02   3.78640592E-02   3.70629206E-02   3.83381248E-02  -6.59376755E-02  -6.63924664E-02  -999.000000      -999.000000      -999.000000      -999.000000      -999.000000      -6.53726161E-02  -6.29066899E-02  -5.96044920E-02  -5.67449033E-02  -5.34628630E-02  -5.11708036E-02  -4.85129096E-02  -4.67579514E-02  -4.38555032E-02  -4.15162146E-02  -3.82640883E-02  -3.54514234E-02  -3.18017825E-02  -2.91738212E-02  -2.58588642E-02  -2.30866633E-02  -1.98258385E-02  -1.73974968E-02  -1.47858001E-02  -1.23229101E-02  -1.00237019E-02  -7.76924565E-03  -5.31873852E-03  -3.03608179E-03  -1.39026344E-03   1.96397305E-04   2.54941732E-03   4.17407602E-03   5.74186444E-03   8.05751979E-03   9.43940878E-03   1.09038949E-02   1.24623477E-02   1.32737830E-02   1.50626525E-02   1.63741112E-02   1.97899565E-02   2.06875578E-02   2.07853839E-02   2.12391168E-02   2.09621042E-02   2.09202692E-02   2.10689530E-02   2.07248628E-02   2.10058168E-02   2.21085846E-02   2.31524259E-02   2.40595490E-02   2.53231376E-02   2.65879184E-02   2.72349715E-02   2.82991752E-02   2.92147100E-02   3.02639678E-02   3.07260230E-02   3.09175849E-02   3.17811891E-02   3.19493711E-02   3.28771546E-02   3.34255621E-02   3.34432721E-02   3.44708189E-02   3.44104394E-02   3.37519869E-02   3.30150127E-02   3.17926779E-02   3.02972943E-02   2.87428126E-02   2.55910680E-02   2.17306018E-02   1.67472139E-02   9.09395516E-03   1.36040896E-03  -8.12332332E-03  -1.90782435E-02  -2.95173153E-02  -4.07611392E-02  -4.97622415E-02  -5.69487922E-02  -6.06843606E-02
         897   2.43400002     10:32:18.887   6.06470816E-02   6.76056519E-02   6.00018650E-02   6.17395155E-02   6.07727058E-02   5.95589615E-02   5.93038984E-02   5.66722788E-02   5.63567318E-02   5.46772517E-02   5.26591539E-02   5.20960316E-02   5.00374362E-02   4.89473529E-02   4.79494594E-02   4.69568372E-02   4.53511439E-02   4.48201224E-02   4.37085889E-02   4.27172109E-02   4.23542373E-02   4.19028550E-02   4.10492085E-02   4.11232188E-02   4.04001512E-02   3.93780842E-02   3.90305743E-02   3.87485623E-02   3.88801023E-02   3.84780467E-02   3.81366275E-02   3.76741663E-02   3.74955311E-02   3.68522741E-02   3.69388461E-02   3.71957570E-02   3.68278548E-02   3.66134979E-02   3.66382822E-02   3.63242812E-02   3.62549536E-02   3.59765366E-02   3.62115838E-02   3.72965895E-02   3.70285399E-02   3.71470191E-02   3.67898047E-02   3.72033902E-02   3.72488014E-02   3.70440036E-02   3.68631445E-02   3.70573923E-02   3.79118882E-02   3.84084284E-02   3.80663797E-02   3.84250917E-02   3.88896316E-02   3.94334532E-02   3.94203141E-02   4.05145213E-02   4.06800136E-02   4.02545929E-02   4.12992798E-02   4.14243266E-02   4.23905887E-02   4.27825376E-02   4.30918522E-02   4.39121835E-02   4.42067496E-02   4.46150713E-02   4.39181440E-02   4.36081998E-02   4.43914197E-02   4.52641211E-02   4.44906652E-02   4.55060229E-02   4.28831279E-02   4.33048271E-02   4.05391380E-02   4.13997993E-02   3.75396833E-02   3.56260128E-02   3.62211615E-02   3.54638211E-02   3.49814855E-02   3.32702212E-02   3.99854220E-02  -999.000000      -999.000000      -999.000000      -999.000000      -999.000000      -999.000000      -999.000000      -999.000000      -999.000000      -999.000000      -5.90358637E-02  -5.65838106E-02  -5.44917583E-02  -5.08438796E-02  -4.97089289E-02  -4.71364632E-02  -4.42271754E-02  -4.11850587E-02  -3.79723832E-02  -3.48427296E-02  -3.25047970E-02  -2.87398323E-02  -2.59676203E-02  -2.24868171E-02  -2.02384628E-02  -1.75367817E-02  -1.54938810E-02  -1.19046643E-02  -1.06402338E-02  -8.08972493E-03  -6.33705407E-03  -4.31124493E-03  -2.46458501E-03  -1.11550093E-04   1.57310069E-03   3.62088531E-03   4.67654318E-03   6.67842478E-03   8.16292316E-03   9.46137309E-03   1.07428059E-02   1.22916773E-02   1.39331371E-02   1.62689835E-02   1.77765861E-02   1.75043717E-02   1.80280879E-02   1.82210431E-02   1.82491466E-02   1.80378109E-02   1.76336989E-02   1.84546635E-02   1.91474482E-02   2.07313150E-02   2.13284716E-02   2.24020854E-02   2.39268914E-02   2.48039812E-02   2.55581960E-02   2.68937498E-02   2.73530185E-02   2.79150531E-02   2.88166180E-02   2.82901973E-02   2.90983617E-02   3.02961618E-02   3.04845870E-02   3.11323106E-02   3.16098481E-02   3.18794772E-02   3.17710266E-02   3.15740481E-02   3.00316736E-02   2.89762318E-02   2.65516788E-02   2.36598477E-02   2.00892538E-02   1.51757002E-02   9.82226431E-03   4.78439033E-04  -7.95557350E-03  -1.75208673E-02  -2.91302130E-02  -4.01543006E-02  -4.78956923E-02  -5.55324256E-02  -5.65380529E-02
         898   2.49099994     10:32:19.137   6.90071136E-02   6.45956770E-02   7.32118711E-02   6.64895326E-02   6.52227327E-02   6.42689839E-02   6.56939074E-02   6.25722781E-02   6.10167161E-02   5.93572333E-02   5.81891574E-02   5.50160371E-02   5.31474464E-02   5.39173558E-02   5.16194552E-02   5.03268279E-02   4.93311435E-02   4.77901362E-02   4.75685894E-02   4.63072024E-02   4.54342365E-02   4.45528515E-02   4.48192209E-02   4.39332239E-02   4.38201576E-02   4.29680832E-02   4.26505879E-02   4.20985632E-02   4.12001051E-02   4.17380519E-02   4.10866365E-02   3.98741663E-02   4.01655398E-02   3.91622782E-02   3.92288528E-02   3.94057669E-02   3.86078618E-02   3.84135023E-02   3.84482853E-02   3.83942872E-02   3.85049582E-02   3.82465422E-02   3.87315862E-02   3.80965918E-02   3.86885442E-02   3.78570221E-02   3.79598066E-02   3.79033946E-02   3.68888080E-02   3.76440063E-02   3.73831466E-02   3.73573937E-02   3.80718857E-02   3.82284261E-02   3.81463803E-02   3.85650881E-02   3.89596298E-02   3.96434516E-02   3.98903117E-02   4.02545147E-02   4.02300134E-02   4.08245921E-02   4.07692827E-02   4.13943268E-02   4.21005934E-02   4.24825363E-02   4.32918593E-02   4.38121855E-02   4.44667563E-02   4.45450768E-02   4.49581556E-02   4.47682105E-02   4.57314327E-02   4.51741405E-02   4.54106890E-02   4.59160432E-02   4.43631522E-02   4.47248518E-02   4.20391597E-02   4.13998216E-02   4.00497019E-02   3.84960398E-02   3.62211801E-02   3.91538329E-02   3.44214924E-02   3.83302160E-02   3.92653979E-02  -6.29366860E-02  -6.45114481E-02  -6.57119825E-02  -6.62560835E-02  -6.59824610E-02  -6.55294657E-02  -6.56311586E-02  -6.44116104E-02  -6.17056638E-02  -5.89734763E-02  -5.51938787E-02  -5.30118346E-02  -5.08597791E-02  -4.76818904E-02  -4.61269394E-02  -4.34644669E-02  -4.09151912E-02  -3.78930718E-02  -3.51004004E-02  -3.18807475E-02  -2.92728022E-02  -2.57378556E-02  -2.22456343E-02  -2.02348270E-02  -1.67164765E-02  -1.48347914E-02  -1.19518973E-02  -9.25268233E-03  -7.69824535E-03  -5.69773838E-03  -3.20507586E-03  -1.30924582E-03   9.97409225E-04   2.37043947E-03   4.21508402E-03   6.86286390E-03   7.96853006E-03   9.61041451E-03   1.11149102E-02   1.27833560E-02   1.42647922E-02   1.58636570E-02   1.69351324E-02   1.26709566E-02   1.41285658E-02   1.45463645E-02   1.47300735E-02   1.53130293E-02   1.50511488E-02   1.44098029E-02   1.48956776E-02   1.62066296E-02   1.76294222E-02   1.83232874E-02   1.87604502E-02   2.02840716E-02   2.17588842E-02   2.29559615E-02   2.41701826E-02   2.51557231E-02   2.58050039E-02   2.65970528E-02   2.70186067E-02   2.81021819E-02   2.78203562E-02   2.92781517E-02   2.99465731E-02   3.09242979E-02   3.04318517E-02   3.10414657E-02   3.07530090E-02   3.04060355E-02   2.94036716E-02   2.80782357E-02   2.57236883E-02   2.33718529E-02   2.01512575E-02   1.56277120E-02   8.92426074E-03   1.50045007E-03  -7.68356770E-03  -1.83688626E-02  -2.85082161E-02  -3.88523042E-02  -4.67336997E-02  -5.51804453E-02  -5.59860803E-02
         899   2.61400008     10:32:19.386   6.41170219E-02   6.12756424E-02   7.01118410E-02   5.75495213E-02   5.92327155E-02   5.65989614E-02   5.87238558E-02   5.24422564E-02   5.36367148E-02   5.24172634E-02   5.30991741E-02   4.79060672E-02   4.73974645E-02   4.78373691E-02   4.43094708E-02   4.36568595E-02   4.29511704E-02   4.16901521E-02   4.05786037E-02   4.03572209E-02   3.98542508E-02   3.87728699E-02   3.81492078E-02   3.76332253E-02   3.68001610E-02   3.65780815E-02   3.68505716E-02   3.60685401E-02   3.53700742E-02   3.63480188E-02   3.47766019E-02   3.49941365E-02   3.47555168E-02   3.34822685E-02   3.39088328E-02   3.36457640E-02   3.28778550E-02   3.26234996E-02   3.34382840E-02   3.27042863E-02   3.23649682E-02   3.21365483E-02   3.18915807E-02   3.37265618E-02   3.40184681E-02   3.38468663E-02   3.33795585E-02   3.27730328E-02   3.32483128E-02   3.35333757E-02   3.36324349E-02   3.43767032E-02   3.45712714E-02   3.46679240E-02   3.49059962E-02   3.49748209E-02   3.58594656E-02   3.56933661E-02   3.62002999E-02   3.71245369E-02   3.75200436E-02   3.79845910E-02   3.84192280E-02   3.85742262E-02   3.96104902E-02   3.97624560E-02   3.98818366E-02   4.14422229E-02   4.14168239E-02   4.24651466E-02   4.31582034E-02   4.27182168E-02   4.36813124E-02   4.33938466E-02   4.31201532E-02   4.38051410E-02   4.15017270E-02   4.21428345E-02   3.95864435E-02   3.96061577E-02   3.90350372E-02   3.62101011E-02   3.42538692E-02   3.48058157E-02   3.27925272E-02   3.32607329E-02   3.29458490E-02  -5.11032045E-02  -5.34879938E-02  -5.50585128E-02  -5.65225966E-02  -5.82089312E-02  -5.94159514E-02  -6.11476637E-02  -6.22481033E-02  -6.04821444E-02  -6.04999438E-02  -5.81203550E-02  -5.63382879E-02  -5.50162457E-02  -5.21783531E-02  -5.19333966E-02  -4.96109203E-02  -4.72316444E-02  -4.48995419E-02  -4.16568555E-02  -3.84472124E-02  -3.53492834E-02  -3.20543088E-02  -2.97521017E-02  -2.66913101E-02  -2.39629522E-02  -2.22112723E-02  -2.04583891E-02  -1.79891773E-02  -1.68247446E-02  -1.50242485E-02  -1.40515789E-02  -1.25857666E-02  -1.04490966E-02  -9.64605063E-03  -7.74139911E-03  -5.84361702E-03  -4.55795974E-03  -2.96607614E-03  -1.65158510E-03  -2.03110278E-04   1.59832090E-03   2.61720270E-03   4.74866480E-03   3.05244550E-02   3.22820172E-02   3.27297449E-02   3.36933807E-02   3.27362195E-02   3.04641947E-02   2.79827118E-02   2.59785056E-02   2.62894556E-02   2.84023136E-02   3.18462923E-02   3.52635607E-02   4.06773016E-02   4.62622121E-02   5.18193766E-02   5.62236756E-02   5.73092550E-02   5.61385453E-02   5.25705740E-02   4.81220782E-02   4.34256122E-02   3.99137884E-02   3.79615799E-02   3.70200500E-02   3.65178362E-02   3.59354243E-02   3.48450691E-02   3.33566070E-02   3.26795802E-02   3.12471241E-02   2.95515358E-02   2.71567628E-02   2.41946131E-02   2.03435570E-02   1.58194602E-02   9.67535377E-03   1.11059844E-03  -8.89442489E-03  -1.77109987E-02  -2.93813460E-02  -4.02063951E-02  -5.00687808E-02  -5.69862276E-02  -5.82421161E-02
         900   2.77699995     10:32:19.634   7.31969923E-02   5.99456057E-02   6.13917783E-02   6.63194954E-02   5.99426851E-02   5.95889613E-02   5.72838560E-02   5.99922501E-02   5.49867265E-02   5.55272512E-02   5.24991602E-02   5.37560880E-02   4.89874631E-02   4.89273705E-02   4.81394716E-02   4.66068611E-02   4.56311740E-02   4.48501483E-02   4.34486084E-02   4.26472127E-02   4.27442379E-02   4.08528596E-02   4.06592153E-02   4.10432182E-02   3.99201550E-02   3.93880755E-02   3.92305590E-02   3.85685340E-02   3.83400619E-02   3.73580046E-02   3.73065881E-02   3.72041203E-02   3.64255011E-02   3.61822508E-02   3.59088257E-02   3.55657563E-02   3.52678448E-02   3.48134898E-02   3.45882773E-02   3.32342871E-02   3.36849615E-02   3.32365483E-02   3.33115719E-02   3.13565433E-02   3.10184378E-02   3.00068147E-02   3.00394781E-02   2.95529235E-02   2.86481660E-02   2.83431895E-02   2.86522321E-02   2.86465026E-02   2.88910940E-02   2.80477870E-02   2.85758879E-02   2.87447460E-02   2.85394210E-02   2.88133416E-02   2.87002940E-02   2.87345462E-02   2.86000483E-02   2.93445867E-02   2.87792105E-02   2.87742019E-02   2.94804554E-02   3.02424300E-02   2.93718316E-02   3.04622259E-02   3.03268339E-02   2.90451571E-02   3.15282010E-02   2.92781964E-02   2.93212570E-02   3.19737419E-02   2.72299685E-02   2.96948496E-02   2.85812840E-02   2.61722188E-02   2.69456338E-02   2.44450681E-02   2.08236687E-02   2.49583721E-02   1.40517466E-02   1.85534954E-02   2.12599561E-02   1.50580313E-02   1.75631419E-02  -999.000000      -999.000000      -999.000000      -999.000000      -999.000000      -999.000000      -999.000000      -999.000000      -999.000000      -999.000000      -999.000000      -999.000000      -999.000000      -999.000000      -999.000000      -999.000000      -999.000000      -999.000000      -999.000000      -4.98661734E-02  -4.62682359E-02  -4.41432707E-02  -3.99310626E-02  -3.77002619E-02  -3.54118943E-02  -3.22602168E-02  -3.03573478E-02  -2.72681415E-02  -2.46637110E-02  -2.31732205E-02  -2.03305446E-02  -1.79947279E-02  -1.70980729E-02  -1.48350224E-02  -1.31503716E-02  -1.15125775E-02  -9.37691331E-03  -8.11502710E-03  -6.67053834E-03  -4.52207401E-03  -3.83062288E-03  -2.25176290E-03  -7.02925026E-05   6.32549077E-03   7.41304830E-03   7.91073963E-03   8.70434940E-03   9.13716108E-03   9.07510519E-03   9.20358300E-03   9.51933861E-03   9.86029953E-03   1.10931769E-02   1.18471757E-02   1.29845068E-02   1.44682676E-02   1.55032128E-02   1.64104030E-02   1.77047253E-02   1.84903145E-02   1.96495950E-02   2.02416256E-02   2.06931159E-02   2.05166340E-02   2.18947902E-02   2.24926025E-02   2.31510773E-02   2.37088874E-02   2.41164863E-02   2.46361345E-02   2.49376595E-02   2.40806043E-02   2.37781182E-02   2.17424929E-02   2.07876563E-02   1.93354040E-02   1.54042244E-02   1.30899698E-02   7.02567026E-03   2.60639936E-04  -5.46466559E-03  -1.49116181E-02  -2.27122512E-02  -3.07675414E-02  -3.88201997E-02  -4.36278433E-02  -4.37537841E-02
         901   2.94300008     10:32:19.885   7.10770339E-02   5.11356182E-02   6.43417910E-02   5.87594770E-02   5.47826774E-02   5.49189635E-02   5.51838614E-02   5.37122376E-02   5.08467294E-02   4.99072410E-02   4.78691533E-02   4.73260805E-02   4.31774482E-02   4.37573604E-02   4.15394716E-02   4.09768671E-02   3.92411612E-02   3.86301428E-02   3.77385952E-02   3.65072116E-02   3.61042432E-02   3.54528502E-02   3.42991985E-02   3.36332023E-02   3.34001370E-02   3.23180594E-02   3.25605534E-02   3.25485244E-02   3.08800563E-02   3.17979977E-02   3.06765754E-02   2.94641145E-02   3.02454978E-02   2.95322519E-02   2.88188159E-02   2.78757419E-02   2.85078343E-02   2.73734797E-02   2.74282694E-02   2.70842798E-02   2.59749573E-02   2.68165395E-02   2.53815670E-02   2.38265377E-02   2.35884264E-02   2.33468041E-02   2.29894668E-02   2.13929135E-02   2.15681568E-02   2.08231844E-02   2.09222268E-02   2.12665014E-02   2.04810966E-02   2.11277883E-02   2.08558962E-02   2.07447503E-02   2.05794256E-02   2.00733487E-02   2.06802972E-02   2.03645453E-02   2.01100484E-02   2.05045864E-02   2.00992078E-02   2.02741995E-02   1.98904518E-02   2.07024273E-02   2.15418246E-02   2.07522195E-02   2.18768213E-02   2.14151423E-02   2.06381828E-02   2.19281707E-02   1.95112303E-02   1.98437069E-02   2.00299323E-02   1.81248076E-02   1.88612398E-02   1.82921719E-02   1.58455875E-02   1.75850224E-02   1.06036216E-02   1.11583220E-02   8.22170079E-03   7.82346539E-03   7.96994194E-03   8.22804682E-03   8.13318789E-03  -999.000000      -999.000000      -999.000000      -999.000000      -999.000000      -999.000000      -999.000000      -999.000000      -999.000000      -999.000000      -999.000000      -999.000000      -999.000000      -999.000000      -999.000000      -999.000000      -999.000000      -999.000000      -5.28217666E-02  -4.94321212E-02  -4.60241884E-02  -4.36192155E-02  -4.02170196E-02  -3.73962224E-02  -3.51078548E-02  -3.24261785E-02  -3.00333127E-02  -2.74140891E-02  -2.55296677E-02  -2.31391750E-02  -2.14065015E-02  -1.90706886E-02  -1.76140293E-02  -1.57209784E-02  -1.42063163E-02  -1.23385265E-02  -1.09228678E-02  -9.34098288E-03  -8.34649429E-03  -6.47803769E-03  -5.61657920E-03  -3.86772677E-03  -1.97624788E-03  -1.39047205E-03  -4.12914902E-04   8.24782997E-04   1.31838769E-03   2.12120637E-03   2.16913223E-03   2.19762698E-03   3.12338397E-03   3.44434753E-03   5.11723012E-03   6.67123497E-03   7.49855489E-03   8.63231719E-03   9.34726000E-03   1.05544552E-02   1.19887814E-02   1.26143694E-02   1.35836452E-02   1.42056718E-02   1.51571557E-02   1.55406743E-02   1.65588409E-02   1.75566375E-02   1.80951208E-02   1.87029243E-02   1.99305117E-02   1.98001713E-02   1.95116773E-02   2.04546377E-02   1.93621442E-02   1.93364993E-02   1.72416642E-02   1.58194155E-02   1.43982321E-02   1.04539692E-02   5.99966198E-03   6.84648752E-04  -5.23066521E-03  -1.19076073E-02  -1.90782472E-02  -2.59735323E-02  -3.14861760E-02  -3.36637869E-02  -3.62397134E-02
         902   3.11100006     10:32:20.141   6.34569973E-02   5.73756322E-02   5.89917973E-02   5.77295125E-02   5.67527041E-02   5.54989502E-02   5.60638383E-02   5.51922582E-02   5.17667346E-02   5.09872548E-02   5.00991791E-02   4.70560789E-02   4.65774536E-02   4.50373776E-02   4.35094722E-02   4.23568711E-02   4.13111635E-02   4.09201458E-02   3.97686027E-02   3.89872193E-02   3.80642451E-02   3.73528600E-02   3.68992053E-02   3.61732207E-02   3.56301479E-02   3.50180715E-02   3.51305567E-02   3.45785320E-02   3.42000648E-02   3.41980048E-02   3.27965878E-02   3.31841148E-02   3.19855064E-02   3.22122574E-02   3.17688212E-02   3.10657546E-02   3.10278460E-02   3.01534925E-02   3.03282812E-02   2.92342883E-02   2.93249618E-02   2.90065482E-02   2.82715745E-02   3.22265476E-02   3.05384342E-02   3.03968154E-02   3.08894813E-02   3.01629212E-02   2.89581660E-02   2.86331922E-02   2.87422314E-02   2.89465003E-02   2.88310945E-02   2.84577850E-02   2.84358878E-02   2.75047459E-02   2.75694188E-02   2.85633449E-02   2.75002923E-02   2.81145461E-02   2.75700502E-02   2.70945858E-02   2.70592105E-02   2.71742009E-02   2.68604551E-02   2.76224297E-02   2.73118317E-02   2.68722270E-02   2.84668338E-02   2.73551550E-02   2.59782001E-02   2.68181972E-02   2.63812579E-02   2.53537390E-02   2.55799685E-02   2.35648509E-02   2.33712848E-02   2.17422172E-02   2.12756339E-02   1.87750682E-02   1.61336698E-02   1.40383691E-02   1.21117420E-02   8.71349871E-03   1.11899534E-02   1.32380333E-02   1.14531452E-02  -999.000000      -999.000000      -999.000000      -999.000000      -999.000000      -999.000000      -999.000000      -999.000000      -999.000000      -999.000000      -999.000000      -999.000000      -999.000000      -999.000000      -999.000000      -999.000000      -999.000000      -5.73964790E-02  -5.50538078E-02  -5.16341664E-02  -4.87262271E-02  -4.55112569E-02  -4.31090631E-02  -3.97982560E-02  -3.69499028E-02  -3.42382118E-02  -3.22753489E-02  -3.00561339E-02  -2.82117054E-02  -2.57412083E-02  -2.38885395E-02  -2.20027231E-02  -1.99160613E-02  -1.85730085E-02  -1.68283656E-02  -1.48505718E-02  -1.34149045E-02  -1.23930164E-02  -1.08785369E-02  -8.87006894E-03  -7.87861273E-03  -6.35975972E-03  -5.29829040E-03  -5.81250340E-03  -5.00495359E-03  -4.58725169E-03  -4.29365039E-03  -3.10083479E-03  -2.87289172E-03  -2.19440833E-03  -1.74865127E-03  -7.47688115E-04   3.45189124E-04   1.56917796E-03   2.69650295E-03   3.93027067E-03   4.78522480E-03   5.94241172E-03   7.15672970E-03   7.76232779E-03   9.17160511E-03   9.83364135E-03   1.05051175E-02   1.10386312E-02   1.20568052E-02   1.32846087E-02   1.41130909E-02   1.50109008E-02   1.57684833E-02   1.57781392E-02   1.61496699E-02   1.59226060E-02   1.58801302E-02   1.50344968E-02   1.48196667E-02   1.29074156E-02   1.13662332E-02   8.99197161E-03   5.33766299E-03   5.72655350E-04  -4.22266871E-03  -1.06796138E-02  -1.69202425E-02  -2.27255337E-02  -2.64381953E-02  -3.13258469E-02  -2.97817849E-02
         903   3.27399993     10:32:20.390   6.58970177E-02   6.44856244E-02   6.81117773E-02   6.35295212E-02   6.41526878E-02   6.20489642E-02   6.20738566E-02   5.96422516E-02   5.60767204E-02   5.49872667E-02   5.13691828E-02   5.00160828E-02   4.63474765E-02   4.59873788E-02   4.43994813E-02   4.28768694E-02   4.12911735E-02   4.14401591E-02   3.92186083E-02   3.92572172E-02   3.79742458E-02   3.73428687E-02   3.71892117E-02   3.60632204E-02   3.60201560E-02   3.50280702E-02   3.48405577E-02   3.43985334E-02   3.33900563E-02   3.33380029E-02   3.32165807E-02   3.20741162E-02   3.17655057E-02   3.11622526E-02   3.05788219E-02   3.02357543E-02   2.93778498E-02   2.93934904E-02   2.91682798E-02   2.87742913E-02   2.82249693E-02   2.79765557E-02   2.75715794E-02   2.65965443E-02   2.60384250E-02   2.54567936E-02   2.53194515E-02   2.48228703E-02   2.39781011E-02   2.40131039E-02   2.31221318E-02   2.31663994E-02   2.30810028E-02   2.33277120E-02   2.29858328E-02   2.30847038E-02   2.31693946E-02   2.26033293E-02   2.27002911E-02   2.23445464E-02   2.23800559E-02   2.23345850E-02   2.18792073E-02   2.13341881E-02   2.15304419E-02   2.18524225E-02   2.18918305E-02   2.18722355E-02   2.22768448E-02   2.21451707E-02   2.10482124E-02   2.18882039E-02   2.13512518E-02   1.96837094E-02   2.09299047E-02   1.81247350E-02   1.77910924E-02   1.81119423E-02   1.45052597E-02   1.47845577E-02   1.26930131E-02   7.25753047E-03   8.21070187E-03   6.43234793E-03   5.30866440E-03   6.81665633E-03   5.91175165E-03  -999.000000      -999.000000      -999.000000      -999.000000      -999.000000      -999.000000      -999.000000      -999.000000      -999.000000      -999.000000      -999.000000      -999.000000      -999.000000      -999.000000      -999.000000      -999.000000      -6.20661080E-02  -5.91939911E-02  -5.61213270E-02  -5.33616729E-02  -5.06637357E-02  -4.71987687E-02  -4.44865711E-02  -4.14557755E-02  -3.83474082E-02  -3.64557356E-02  -3.39328572E-02  -3.22536454E-02  -3.00492235E-02  -2.78587341E-02  -2.61060633E-02  -2.42102519E-02  -2.25135796E-02  -2.12405324E-02  -1.91958807E-02  -1.74280927E-02  -1.66224279E-02  -1.42605379E-02  -1.35460421E-02  -1.16475932E-02  -1.05861239E-02  -9.12727788E-03  -8.01580027E-03  -6.65001199E-03  -5.76248020E-03  -4.92478162E-03  -4.07119095E-03  -3.51838768E-03  -3.19047272E-03  -2.85200775E-03  -2.21626461E-03  -1.20530650E-03  -8.24183226E-05   7.61590898E-04   1.92892551E-03   3.62270325E-03   4.43767756E-03   5.53487241E-03   6.77920133E-03   7.12481141E-03   8.64409655E-03   9.32612270E-03   9.94759798E-03   1.12411082E-02   1.19592771E-02   1.32670701E-02   1.39955655E-02   1.46733746E-02   1.52209774E-02   1.55206248E-02   1.57921612E-02   1.57150999E-02   1.55326054E-02   1.51669532E-02   1.43220872E-02   1.36698112E-02   1.18685439E-02   8.62421095E-03   6.35981560E-03  -4.53367829E-05  -4.65079024E-03  -1.02879219E-02  -1.62786990E-02  -2.23241262E-02  -2.55069509E-02  -3.06647047E-02  -2.85606906E-02
         904   3.43600011     10:32:20.639   6.20670058E-02   6.12356178E-02   5.62617779E-02   5.45894727E-02   5.58626838E-02   5.46889491E-02   5.26338518E-02   5.17822430E-02   5.02067320E-02   4.88872342E-02   4.61291857E-02   4.38960828E-02   4.40974571E-02   4.07273695E-02   4.02894840E-02   3.94168757E-02   3.76711711E-02   3.71201448E-02   3.67186069E-02   3.57772112E-02   3.43142487E-02   3.44028659E-02   3.35291997E-02   3.31732109E-02   3.18401568E-02   3.20180692E-02   3.19905579E-02   3.08585279E-02   3.10700554E-02   2.90479977E-02   2.96765771E-02   2.90041100E-02   2.78655030E-02   2.81022508E-02   2.76388191E-02   2.75157522E-02   2.64178421E-02   2.68434882E-02   2.62182783E-02   2.54642852E-02   2.55949628E-02   2.50865445E-02   2.45115701E-02   2.61165369E-02   2.61184238E-02   2.56067906E-02   2.52394415E-02   2.45128684E-02   2.40580924E-02   2.43130978E-02   2.36121286E-02   2.35664025E-02   2.37110071E-02   2.30777171E-02   2.33258344E-02   2.29647066E-02   2.31793988E-02   2.28033308E-02   2.29102932E-02   2.33345479E-02   2.25000530E-02   2.25645863E-02   2.18392033E-02   2.15141848E-02   2.19904426E-02   2.13724207E-02   2.19918266E-02   2.26122309E-02   2.13968400E-02   2.24651638E-02   2.15282030E-02   2.05681920E-02   2.11212374E-02   1.85136944E-02   1.90298855E-02   2.03747135E-02   1.64610706E-02   1.72319189E-02   1.50552364E-02   1.23745333E-02   1.15929898E-02   6.68750796E-03   6.29068213E-03   7.12233828E-03   4.27866075E-03   4.73666750E-03   8.86177178E-03  -999.000000      -999.000000      -999.000000      -999.000000      -999.000000      -999.000000      -999.000000      -999.000000      -999.000000      -999.000000      -999.000000      -999.000000      -999.000000      -999.000000      -999.000000      -999.000000      -6.15300909E-02  -5.93379736E-02  -5.62853068E-02  -5.30556515E-02  -5.13177253E-02  -4.71327454E-02  -4.51605581E-02  -4.23997566E-02  -3.95013914E-02  -3.70297171E-02  -3.41668427E-02  -3.19276266E-02  -3.05232033E-02  -2.78727002E-02  -2.64500491E-02  -2.45942287E-02  -2.29875632E-02  -2.09545083E-02  -1.96198560E-02  -1.77720599E-02  -1.69264041E-02  -1.60045177E-02  -1.37000233E-02  -1.29115582E-02  -1.11601092E-02  -1.01712458E-02  -8.81978497E-03  -7.98400491E-03  -6.61645830E-03  -6.51877001E-03  -5.75516745E-03  -5.23237139E-03  -4.54446301E-03  -3.92599031E-03  -3.69025022E-03  -2.32928991E-03  -1.20639801E-03  -3.22386622E-04   4.34949994E-04   2.46872753E-03   3.15370411E-03   3.99090350E-03   5.26522100E-03   6.13084435E-03   7.12011755E-03   8.20213556E-03   9.07362252E-03   1.00871250E-02   1.09252930E-02   1.16530880E-02   1.27015933E-02   1.32293999E-02   1.42270029E-02   1.44566596E-02   1.50381774E-02   1.44011155E-02   1.46886110E-02   1.41629726E-02   1.31881014E-02   1.25958174E-02   1.11845434E-02   8.82022083E-03   6.49581850E-03  -7.59340823E-04  -5.19479811E-03  -9.36193392E-03  -1.61127113E-02  -2.00481303E-02  -2.42609456E-02  -2.95286737E-02  -2.87446491E-02
         905   3.59599996     10:32:20.888   4.94870096E-02   6.03055917E-02   5.58518022E-02   5.19994646E-02   5.38926870E-02   5.26289493E-02   4.97638211E-02   4.91022654E-02   4.85767238E-02   4.61772494E-02   4.39191647E-02   4.14160863E-02   4.22574654E-02   3.97873744E-02   3.87594812E-02   3.75968814E-02   3.57811712E-02   3.50401513E-02   3.48386019E-02   3.46972197E-02   3.33142467E-02   3.26928683E-02   3.23692039E-02   3.23032215E-02   3.12501416E-02   3.12580690E-02   3.01805548E-02   3.00285183E-02   2.99800485E-02   2.92279851E-02   2.84465719E-02   2.93241013E-02   2.79554911E-02   2.72022448E-02   2.74888109E-02   2.68457476E-02   2.67178435E-02   2.67734863E-02   2.61482783E-02   2.55542863E-02   2.58349609E-02   2.51765475E-02   2.46015694E-02   2.65965294E-02   2.69883946E-02   2.59267446E-02   2.53193732E-02   2.55827624E-02   2.43479516E-02   2.37329192E-02   2.37119272E-02   2.35662051E-02   2.34508328E-02   2.35375743E-02   2.27157287E-02   2.33046301E-02   2.32393518E-02   2.28033066E-02   2.26402879E-02   2.24245545E-02   2.24400610E-02   2.23445836E-02   2.20691860E-02   2.15541590E-02   2.13104095E-02   2.26923935E-02   2.20118221E-02   2.20422391E-02   2.28068568E-02   2.15251818E-02   2.13882104E-02   2.22881865E-02   2.08811946E-02   2.09536012E-02   2.06697248E-02   1.83544457E-02   2.03306545E-02   1.60013363E-02   1.55244544E-02   1.46534815E-02   9.85165313E-03   1.23158116E-02   9.52860340E-03   4.94005438E-03   6.34611957E-03   7.66398199E-03   7.38907605E-03  -999.000000      -999.000000      -999.000000      -999.000000      -999.000000      -999.000000      -999.000000      -999.000000      -999.000000      -999.000000      -999.000000      -999.000000      -999.000000      -999.000000      -999.000000      -999.000000      -6.24570549E-02  -5.98049574E-02  -5.67522757E-02  -5.42526320E-02  -5.10447063E-02  -4.81197238E-02  -4.56275307E-02  -4.25767377E-02  -4.09383699E-02  -3.81167009E-02  -3.58638354E-02  -3.37846130E-02  -3.20001990E-02  -3.03996950E-02  -2.82370374E-02  -2.60712132E-02  -2.48445533E-02  -2.33315006E-02  -2.08168402E-02  -2.01290548E-02  -1.84733868E-02  -1.69715025E-02  -1.59170218E-02  -1.40485466E-02  -1.32870860E-02  -1.17182396E-02  -1.02967583E-02  -8.70099664E-03  -7.86345080E-03  -7.11579993E-03  -6.40222430E-03  -5.99944592E-03  -5.47158346E-03  -5.43314591E-03  -4.03742120E-03  -3.14647332E-03  -1.81356817E-03  -6.99520111E-04  -1.42134726E-04   1.70166790E-03   2.72666663E-03   3.68390232E-03   4.97823209E-03   5.32385707E-03   6.73314184E-03   7.56515563E-03   8.40662420E-03   8.81013274E-03   1.03582889E-02   1.10560954E-02   1.23146027E-02   1.26124173E-02   1.34400427E-02   1.36996806E-02   1.40912011E-02   1.39341429E-02   1.36115998E-02   1.35959089E-02   1.31409839E-02   1.15386024E-02   1.00572109E-02   7.25271553E-03   5.40813059E-03   6.42709434E-04  -4.93303314E-03  -8.37052613E-03  -1.62215866E-02  -2.14372799E-02  -2.42203698E-02  -2.82982998E-02  -2.51043439E-02
         906   3.75999999     10:32:21.141   6.16769977E-02   5.41855693E-02   6.53017685E-02   5.72694764E-02   5.50226793E-02   5.36689684E-02   5.46238422E-02   5.20522557E-02   4.92967255E-02   4.92272563E-02   4.76291776E-02   4.56761010E-02   4.23474796E-02   4.34873886E-02   4.14794907E-02   3.93068902E-02   3.89711931E-02   3.80901620E-02   3.71686183E-02   3.60172205E-02   3.63842547E-02   3.51628810E-02   3.47692147E-02   3.39332260E-02   3.33001688E-02   3.34880799E-02   3.25605646E-02   3.34785357E-02   3.08800619E-02   3.10979970E-02   3.12465783E-02   2.95541119E-02   3.04655060E-02   2.96722576E-02   2.91088261E-02   2.86157560E-02   2.79678535E-02   2.82734931E-02   2.73482874E-02   2.69942936E-02   2.69949771E-02   2.59465631E-02   2.60815807E-02   2.62765400E-02   2.58784071E-02   2.56967526E-02   2.46293824E-02   2.47527752E-02   2.38979626E-02   2.32129283E-02   2.34719329E-02   2.27862056E-02   2.33708285E-02   2.30575670E-02   2.19357200E-02   2.23146249E-02   2.24493463E-02   2.26733051E-02   2.19302848E-02   2.21545547E-02   2.18900610E-02   2.11145859E-02   2.21291911E-02   2.06641629E-02   2.08704174E-02   2.25024018E-02   2.05218270E-02   2.26822477E-02   2.19868720E-02   2.01252010E-02   2.21682396E-02   2.14882232E-02   1.96812395E-02   2.12136526E-02   1.92997791E-02   1.82545073E-02   1.98607184E-02   1.45914033E-02   1.83545239E-02   1.42835509E-02   1.07917245E-02   1.40458811E-02   6.93866424E-03   5.83010307E-03   9.57613532E-03   3.76395858E-03   6.83901273E-03  -999.000000      -999.000000      -999.000000      -999.000000      -999.000000      -999.000000      -999.000000      -999.000000      -999.000000      -999.000000      -999.000000      -999.000000      -999.000000      -999.000000      -999.000000      -6.39684051E-02  -6.18691295E-02  -5.80870323E-02  -5.64643554E-02  -5.29847033E-02  -5.02767712E-02  -4.78417985E-02  -4.46396098E-02  -4.21188064E-02  -3.93004417E-02  -3.71787697E-02  -3.49358916E-02  -3.27366851E-02  -3.05922590E-02  -2.90117674E-02  -2.69791037E-02  -2.40832902E-02  -2.36466154E-02  -2.13335641E-02  -1.99488997E-02  -1.83511190E-02  -1.66454539E-02  -1.56535804E-02  -1.45490766E-02  -1.29106157E-02  -1.20891593E-02  -9.93030146E-03  -8.94881785E-03  -8.29305127E-03  -7.54552335E-03  -7.44786114E-03  -6.02427498E-03  -5.86150959E-03  -4.93364036E-03  -4.76520509E-03  -3.95949557E-03  -3.01855057E-03  -1.86564028E-03  -2.71596014E-04   6.15768135E-04   1.72958523E-03   2.64459848E-03   3.96181643E-03   5.44615090E-03   6.09178096E-03   7.43106753E-03   7.79308379E-03   8.54455680E-03   9.56805795E-03   1.01062059E-02   1.14040300E-02   1.27325207E-02   1.36803612E-02   1.36079714E-02   1.46676302E-02   1.43391490E-02   1.39720961E-02   1.38195679E-02   1.37038827E-02   1.32189542E-02   1.22365877E-02   9.83520597E-03   7.79071450E-03   4.94613498E-03  -1.99288130E-04  -3.88503820E-03  -8.65253434E-03  -1.61235780E-02  -1.84393078E-02  -2.45124213E-02  -2.56903842E-02  -2.53364593E-02
         907   3.89800000     10:32:21.390   7.11369812E-02   5.21255843E-02   4.78317738E-02   6.05694875E-02   5.30126877E-02   5.22689708E-02   4.79738414E-02   5.38522527E-02   4.63467352E-02   4.65972535E-02   4.34791632E-02   4.58960868E-02   3.88074555E-02   3.89373824E-02   3.93394753E-02   3.68268751E-02   3.61511782E-02   3.46801542E-02   3.47786099E-02   3.24872136E-02   3.31142433E-02   3.16628665E-02   3.12192086E-02   3.06432173E-02   3.00901476E-02   3.00980695E-02   2.81705577E-02   2.93785296E-02   2.82000545E-02   2.69879941E-02   2.83765774E-02   2.66441163E-02   2.61855014E-02   2.65322495E-02   2.53488235E-02   2.54557487E-02   2.51578446E-02   2.46034861E-02   2.37082746E-02   2.40042843E-02   2.35749613E-02   2.31365487E-02   2.30315719E-02   2.25565378E-02   2.22484209E-02   2.18567867E-02   2.15994455E-02   2.07828693E-02   2.00780965E-02   2.00831015E-02   1.96221266E-02   1.97864026E-02   1.92210078E-02   1.93477143E-02   1.93758346E-02   1.86847057E-02   1.94293987E-02   1.95133332E-02   1.92002915E-02   1.84845477E-02   1.89300552E-02   1.86745860E-02   1.81592051E-02   1.84141882E-02   1.86204407E-02   1.83824208E-02   1.94218270E-02   1.88122299E-02   1.81068387E-02   1.94551628E-02   1.71582028E-02   1.78481936E-02   1.87012367E-02   1.70036927E-02   1.77598856E-02   1.52647141E-02   1.58610716E-02   1.39719201E-02   1.08852368E-02   1.30245332E-02   8.66298936E-03   5.58750797E-03   6.93068700E-03   1.32233696E-03   3.21865873E-03   5.57666458E-03   5.71772456E-04  -999.000000      -999.000000      -999.000000      -999.000000      -999.000000      -999.000000      -999.000000      -999.000000      -999.000000      -999.000000      -999.000000      -999.000000      -999.000000      -999.000000      -6.74878284E-02  -6.54353574E-02  -6.33360818E-02  -6.11639768E-02  -5.75812906E-02  -5.55316433E-02  -5.25737107E-02  -4.93387431E-02  -4.68565486E-02  -4.40357402E-02  -4.17673811E-02  -3.98657061E-02  -3.72428447E-02  -3.49736176E-02  -3.28492001E-02  -3.12186964E-02  -2.95060389E-02  -2.75102220E-02  -2.56635584E-02  -2.45305039E-02  -2.33158506E-02  -2.14280598E-02  -2.03624032E-02  -1.83105171E-02  -1.75360292E-02  -1.56375617E-02  -1.44061036E-02  -1.34772472E-02  -1.20757781E-02  -1.03499964E-02  -9.19245183E-03  -8.59476998E-03  -7.95116648E-03  -7.52837211E-03  -7.00045750E-03  -6.38198480E-03  -5.10624796E-03  -4.55528498E-03  -3.49238515E-03  -2.22837925E-03  -8.31037760E-04   5.52736223E-04   1.15770847E-03   2.71490216E-03   3.27922404E-03   4.09483910E-03   5.39411604E-03   6.55615330E-03   7.57762045E-03   7.76112825E-03   8.89930129E-03   9.81710106E-03   1.06055960E-02   1.12634003E-02   1.20710135E-02   1.31806582E-02   1.33421868E-02   1.28751174E-02   1.23926252E-02   1.24869794E-02   1.25920996E-02   1.11498088E-02   9.46855545E-03   7.27422535E-03   4.97981906E-03   3.84666026E-04  -3.54079902E-03  -9.09793004E-03  -1.39886849E-02  -1.81641318E-02  -2.23769173E-02  -2.54946761E-02  -2.38906555E-02
         908   4.02299976     10:32:21.639   6.37670010E-02   5.56956157E-02   6.37918189E-02   5.81494868E-02   5.75126931E-02   5.74889705E-02   5.69638386E-02   5.51322661E-02   5.24567179E-02   5.01672439E-02   4.93091792E-02   4.59060669E-02   4.28374708E-02   4.46473695E-02   4.10094745E-02   3.99968699E-02   3.91411670E-02   3.83601412E-02   3.72586064E-02   3.60272080E-02   3.63842435E-02   3.46728712E-02   3.38992141E-02   3.39332186E-02   3.36001478E-02   3.23080719E-02   3.27405594E-02   3.24485302E-02   3.01500633E-02   3.16179991E-02   3.00965868E-02   2.97041200E-02   2.97755077E-02   2.91522574E-02   2.83688232E-02   2.82557532E-02   2.81278491E-02   2.76034940E-02   2.66682804E-02   2.70842891E-02   2.63649654E-02   2.60265470E-02   2.62415744E-02   2.45365426E-02   2.43784357E-02   2.39668153E-02   2.37694792E-02   2.23129224E-02   2.20981631E-02   2.16531903E-02   2.15222314E-02   2.17765011E-02   2.10510939E-02   2.14777868E-02   2.06158888E-02   2.04947442E-02   2.03294214E-02   2.08533425E-02   2.01002937E-02   1.99745446E-02   2.03100480E-02   1.93245877E-02   1.95892099E-02   1.91942006E-02   1.92704555E-02   1.89824309E-02   1.98518299E-02   1.89822260E-02   2.13568341E-02   1.90251563E-02   1.87381990E-02   1.95281934E-02   1.85312591E-02   1.81637388E-02   1.82199702E-02   1.69248506E-02   1.57712828E-02   1.47622181E-02   1.20656341E-02   1.25850700E-02   8.06367025E-03   6.63837045E-03   6.29174383E-03   1.92349451E-03   2.17995816E-03   4.46803216E-03  -999.000000      -999.000000      -999.000000      -999.000000      -999.000000      -999.000000      -999.000000      -999.000000      -999.000000      -999.000000      -999.000000      -999.000000      -999.000000      -999.000000      -999.000000      -999.000000      -6.56318665E-02  -6.37125894E-02  -6.10604882E-02  -5.87178022E-02  -5.57081662E-02  -5.21902330E-02  -5.00252582E-02  -4.70530652E-02  -4.36822511E-02  -4.19038907E-02  -3.95122170E-02  -3.70493457E-02  -3.47801372E-02  -3.27357054E-02  -3.06751989E-02  -2.88025476E-02  -2.66267247E-02  -2.52300613E-02  -2.36670077E-02  -2.23523527E-02  -2.05145702E-02  -1.89489052E-02  -1.78970210E-02  -1.65525340E-02  -1.54240690E-02  -1.37826242E-02  -1.25637613E-02  -1.04522817E-02  -9.19650495E-03  -8.31894949E-03  -7.20125064E-03  -6.93764538E-03  -6.39483333E-03  -5.65689802E-03  -5.23841009E-03  -4.16264683E-03  -3.05169821E-03  -2.76881456E-03  -9.64820385E-04  -1.67489052E-04   1.22626871E-03   2.12121755E-03   3.06841731E-03   4.25272435E-03   5.20832092E-03   6.38759881E-03   7.09964335E-03   7.84111023E-03   8.73463601E-03   9.15279984E-03   1.02906004E-02   1.15990937E-02   1.17968917E-02   1.30544826E-02   1.31941363E-02   1.38756707E-02   1.35986134E-02   1.32061243E-02   1.31605044E-02   1.28256604E-02   1.09334216E-02   9.03222710E-03   8.46796483E-03   3.98366153E-03   4.98645008E-04  -3.46666574E-03  -9.48360935E-03  -1.26042478E-02  -1.73895247E-02  -2.23522037E-02  -2.28098407E-02  -2.57257856E-02
         909   4.14599991     10:32:21.888   5.85570261E-02   5.26356399E-02   5.38718291E-02   5.22594824E-02   5.15927076E-02   5.06289564E-02   5.07838540E-02   4.91022766E-02   4.63667363E-02   4.53072637E-02   4.34391685E-02   4.14560735E-02   3.93574573E-02   3.86373773E-02   3.74694839E-02   3.64868715E-02   3.53811756E-02   3.46201472E-02   3.40786129E-02   3.25772204E-02   3.19142416E-02   3.17528732E-02   3.09392232E-02   3.07432245E-02   3.01001538E-02   2.99180802E-02   2.93305628E-02   2.92085409E-02   2.89200712E-02   2.75080148E-02   2.80565973E-02   2.67141294E-02   2.67255157E-02   2.66122632E-02   2.61688288E-02   2.53757592E-02   2.57578548E-02   2.52834931E-02   2.52382867E-02   2.40842868E-02   2.41249669E-02   2.33665537E-02   2.31915805E-02   2.37565506E-02   2.25684550E-02   2.23268457E-02   2.20695231E-02   2.14629807E-02   2.09682398E-02   2.03032885E-02   1.98323354E-02   2.03565992E-02   2.01211814E-02   2.00978518E-02   1.99859422E-02   1.89447794E-02   1.93694439E-02   1.91333555E-02   1.95302963E-02   1.92045420E-02   1.93200465E-02   1.86745897E-02   1.82192232E-02   1.82642154E-02   1.87504739E-02   1.86024439E-02   1.90818347E-02   1.81422289E-02   1.92468297E-02   1.86751541E-02   1.83482021E-02   1.84882078E-02   1.66512914E-02   1.76838003E-02   1.73000693E-02   1.52650047E-02   1.49915125E-02   1.37825329E-02   1.09660486E-02   1.02956193E-02   8.66436027E-03   6.17924239E-03   4.34280932E-03   1.92465051E-03   3.61123285E-03   2.78936350E-03   2.78447289E-03  -999.000000      -999.000000      -999.000000      -999.000000      -999.000000      -999.000000      -999.000000      -999.000000      -999.000000      -999.000000      -999.000000      -999.000000      -999.000000      -999.000000      -999.000000      -6.76523969E-02  -6.55131415E-02  -6.31110147E-02  -5.90983443E-02  -5.72787002E-02  -5.41007631E-02  -5.13958037E-02  -4.86535914E-02  -4.58627939E-02  -4.35344279E-02  -4.08827476E-02  -3.86898816E-02  -3.61106694E-02  -3.40262428E-02  -3.17957439E-02  -3.02830711E-02  -2.77872607E-02  -2.70205885E-02  -2.54375413E-02  -2.31028832E-02  -2.27651037E-02  -2.04494447E-02  -1.90175511E-02  -1.74830593E-02  -1.64046064E-02  -1.52331553E-02  -1.36542954E-02  -1.24828257E-02  -1.14670247E-02  -1.09994709E-02  -1.01417527E-02  -9.23814625E-03  -8.67531076E-03  -7.68735260E-03  -7.47885182E-03  -6.33308664E-03  -5.54212928E-03  -4.04927135E-03  -2.82528251E-03  -2.27797031E-03  -6.44229352E-04   7.50705600E-04   1.84787810E-03   2.96218693E-03   3.88778001E-03   4.76707518E-03   4.95909154E-03   6.21059537E-03   6.77411258E-03   8.14228505E-03   9.12007689E-03   1.00185499E-02   1.10863596E-02   1.14539489E-02   1.22635812E-02   1.18451267E-02   1.13180876E-02   1.14556178E-02   1.15700066E-02   1.01852044E-02   1.04530156E-02   8.41189176E-03   6.74772263E-03   5.01350313E-03  -7.13765621E-05  -3.12654674E-03  -8.56330991E-03  -1.49438120E-02  -1.80389881E-02  -2.29415148E-02  -2.36890577E-02  -2.16849782E-02
         910   4.27299976     10:32:22.141   6.24070019E-02   6.49156123E-02   5.61018065E-02   6.22694790E-02   5.82726821E-02   5.78789636E-02   5.54838516E-02   5.54422662E-02   5.22967353E-02   5.00572398E-02   4.62091677E-02   4.72960733E-02   4.29974459E-02   4.22373712E-02   4.15594727E-02   3.96668650E-02   3.88111621E-02   3.80201377E-02   3.74586061E-02   3.51272039E-02   3.51842344E-02   3.45928632E-02   3.38192061E-02   3.33632119E-02   3.30101475E-02   3.27080674E-02   3.14105526E-02   3.14185284E-02   3.12400572E-02   2.98979990E-02   3.08365822E-02   2.93141156E-02   2.89355032E-02   2.89222542E-02   2.86788233E-02   2.80357487E-02   2.76878439E-02   2.76134890E-02   2.67582797E-02   2.63142828E-02   2.62149591E-02   2.57965438E-02   2.57015675E-02   2.65965406E-02   2.62784325E-02   2.63968091E-02   2.56294739E-02   2.50529200E-02   2.46581640E-02   2.43931860E-02   2.39222292E-02   2.43465006E-02   2.36510970E-02   2.44277865E-02   2.37158909E-02   2.33747475E-02   2.35194229E-02   2.36633457E-02   2.38202959E-02   2.32745446E-02   2.31300481E-02   2.23045852E-02   2.27092113E-02   2.28541996E-02   2.19304524E-02   2.27224268E-02   2.26418264E-02   2.30722222E-02   2.35468261E-02   2.19551492E-02   2.30281893E-02   2.29481868E-02   2.18212456E-02   2.19037235E-02   2.09399518E-02   1.96048301E-02   1.85312610E-02   1.76821947E-02   1.56856123E-02   1.52350478E-02   1.11036431E-02   1.12983463E-02   8.86172708E-03   7.03348173E-03   6.64995052E-03   4.74804034E-03   9.05316696E-03  -999.000000      -999.000000      -999.000000      -999.000000      -999.000000      -999.000000      -999.000000      -999.000000      -999.000000      -999.000000      -999.000000      -999.000000      -999.000000      -999.000000      -6.83863238E-02  -6.63438514E-02  -6.37745783E-02  -6.11124635E-02  -5.86997867E-02  -5.54601476E-02  -5.26722074E-02  -4.99772467E-02  -4.78050336E-02  -4.45242412E-02  -4.16358784E-02  -3.93342078E-02  -3.71113382E-02  -3.55321243E-02  -3.34276855E-02  -3.12571935E-02  -2.92645246E-02  -2.73087062E-02  -2.59120427E-02  -2.48389989E-02  -2.28843354E-02  -2.08865479E-02  -1.98008940E-02  -1.86790042E-02  -1.64745115E-02  -1.58760510E-02  -1.41146071E-02  -1.24857388E-02  -1.14442669E-02  -1.08384788E-02  -9.37094167E-03  -8.84323940E-03  -8.14963132E-03  -7.73681700E-03  -7.16888905E-03  -6.34039193E-03  -5.55463880E-03  -4.50368226E-03  -3.36079299E-03  -2.40679830E-03  -1.19948387E-03   7.34299421E-04   1.05924904E-03   2.28642672E-03   3.58074903E-03   4.07633930E-03   5.41561842E-03   5.76765090E-03   6.67914003E-03   7.07265735E-03   7.83081353E-03   8.92862678E-03   1.01471096E-02   1.13149136E-02   1.12225041E-02   1.11921504E-02   1.23536736E-02   1.15366131E-02   1.12841353E-02   1.11585036E-02   1.06536672E-02   1.11214146E-02   8.11023265E-03   8.05596262E-03   3.86166573E-03   6.16647303E-04  -3.22867185E-03  -9.30561870E-03  -1.45362467E-02  -1.68315358E-02  -2.29741968E-02  -2.59418190E-02  -2.31477506E-02
         911   4.41099977     10:32:22.390   5.78469969E-02   4.78956215E-02   5.44518232E-02   5.34494743E-02   5.07226773E-02   4.92189713E-02   4.94838357E-02   4.92922589E-02   4.49467115E-02   4.41972427E-02   4.22391780E-02   4.19360735E-02   3.73274721E-02   3.74673828E-02   3.72894779E-02   3.53468768E-02   3.46811786E-02   3.34701501E-02   3.31586003E-02   3.17372084E-02   3.19142379E-02   3.08028627E-02   2.99592111E-02   2.99632177E-02   2.96101514E-02   2.89380737E-02   2.90405545E-02   2.88285278E-02   2.73000542E-02   2.73380000E-02   2.75565814E-02   2.58541163E-02   2.64254995E-02   2.63922531E-02   2.52788179E-02   2.50857528E-02   2.46378463E-02   2.49034911E-02   2.39382815E-02   2.39242874E-02   2.38149595E-02   2.28965506E-02   2.32615713E-02   2.31965352E-02   2.26484202E-02   2.20867861E-02   2.18394436E-02   2.13128664E-02   2.08180957E-02   2.05931012E-02   1.96221266E-02   2.00064033E-02   2.01310068E-02   1.94877181E-02   1.99258365E-02   1.91447046E-02   1.91193987E-02   1.93233322E-02   1.98602900E-02   1.93445496E-02   1.88500546E-02   1.90945864E-02   1.80192050E-02   1.83841884E-02   1.90604422E-02   1.78324189E-02   1.89418271E-02   1.85722318E-02   1.81068387E-02   1.93051640E-02   1.74482018E-02   1.86481923E-02   1.85312368E-02   1.63136944E-02   1.73898861E-02   1.38047123E-02   1.44310705E-02   1.33519201E-02   1.13652367E-02   1.00945327E-02   9.71298851E-03   3.91750922E-03   3.70068150E-03   1.97233306E-03   1.04866235E-03   3.76666524E-03   3.52177210E-03  -999.000000      -999.000000      -999.000000      -999.000000      -999.000000      -999.000000      -999.000000      -999.000000      -999.000000      -999.000000      -999.000000      -999.000000      -999.000000      -6.88207895E-02  -6.81058168E-02  -6.51633441E-02  -6.30940795E-02  -6.06919751E-02  -5.69093004E-02  -5.48296422E-02  -5.21017089E-02  -4.86067459E-02  -4.64045443E-02  -4.36037481E-02  -4.04853821E-02  -3.89437042E-02  -3.60808298E-02  -3.38616259E-02  -3.16271931E-02  -2.98767053E-02  -2.78940387E-02  -2.56082155E-02  -2.40315609E-02  -2.30485015E-02  -2.09838562E-02  -1.96560510E-02  -1.84503980E-02  -1.69985071E-02  -1.59240291E-02  -1.45555511E-02  -1.29741095E-02  -1.15252472E-02  -1.05537660E-02  -1.02479905E-02  -9.09044594E-03  -8.28276202E-03  -7.02916458E-03  -6.65636361E-03  -5.72845340E-03  -5.73997200E-03  -4.71423566E-03  -3.54328007E-03  -2.77038664E-03  -1.69638544E-03  -9.99040902E-04   7.44745135E-04   1.90970302E-03   2.50690430E-03   3.64124030E-03   4.86684591E-03   5.43612987E-03   6.57815486E-03   7.07961619E-03   8.13314319E-03   8.58130306E-03   9.95910168E-03   1.04275942E-02   1.10054091E-02   1.17830113E-02   1.14826635E-02   1.25141814E-02   1.18471235E-02   1.17746219E-02   1.22189745E-02   1.19841099E-02   1.15318224E-02   7.98056275E-03   7.66622275E-03   5.80181926E-03  -9.23335552E-04  -3.29878181E-03  -9.24592093E-03  -1.59966983E-02  -1.77221261E-02  -2.32349187E-02  -2.42826678E-02  -2.18286552E-02
         912   4.55700016     10:32:22.638   6.44769818E-02   4.42056023E-02   5.65617532E-02   5.44994622E-02   5.02826720E-02   4.98289615E-02   4.95338365E-02   4.95022424E-02   4.47967164E-02   4.36372571E-02   4.19391878E-02   4.12160829E-02   3.80574539E-02   3.84073779E-02   3.64794843E-02   3.49068791E-02   3.40711735E-02   3.32001410E-02   3.28086019E-02   3.18572074E-02   3.05142440E-02   3.00428607E-02   2.99692079E-02   2.93832179E-02   2.87401453E-02   2.87580639E-02   2.79905535E-02   2.76185237E-02   2.59500444E-02   2.68979874E-02   2.58365665E-02   2.50641052E-02   2.60454901E-02   2.47422494E-02   2.46188175E-02   2.42757443E-02   2.39778403E-02   2.37134881E-02   2.31882744E-02   2.28642840E-02   2.24049594E-02   2.21965462E-02   2.20115688E-02   2.16865297E-02   2.15383992E-02   2.07567420E-02   2.05993708E-02   1.97927598E-02   1.93879474E-02   1.92729160E-02   1.92519240E-02   1.91562064E-02   1.89608298E-02   1.92175750E-02   1.89157240E-02   1.90646313E-02   1.91693529E-02   1.92533061E-02   1.88202895E-02   1.91645566E-02   1.92100592E-02   1.90945845E-02   1.85991861E-02   1.91041585E-02   1.92404110E-02   1.98623948E-02   1.93518233E-02   2.02522371E-02   1.94768570E-02   1.97351798E-02   1.87782142E-02   1.90381873E-02   1.94711946E-02   1.93636026E-02   1.90297235E-02   1.80344470E-02   1.58606544E-02   1.58213340E-02   1.52944550E-02   1.19334804E-02   1.15016550E-02   9.56581347E-03   6.92860410E-03   5.64005133E-03   5.97611628E-03   5.01398183E-03   7.75907561E-03  -999.000000      -999.000000      -999.000000      -999.000000      -999.000000      -999.000000      -999.000000      -999.000000      -999.000000      -999.000000      -999.000000      -999.000000      -7.17676580E-02  -6.88197687E-02  -6.76848069E-02  -6.60523325E-02  -6.35630637E-02  -6.09309487E-02  -5.85282706E-02  -5.54686412E-02  -5.24906963E-02  -4.94857281E-02  -4.65435348E-02  -4.32127342E-02  -4.13743630E-02  -3.90326902E-02  -3.61298211E-02  -3.45306098E-02  -3.29061896E-02  -3.04156989E-02  -2.82430425E-02  -2.68072113E-02  -2.50405483E-02  -2.28274986E-02  -2.15228423E-02  -1.98350400E-02  -1.83993876E-02  -1.70975067E-02  -1.59030147E-02  -1.53145492E-02  -1.36030950E-02  -1.25642382E-02  -1.10127591E-02  -1.02869868E-02  -8.91945511E-03  -8.56178999E-03  -7.62821734E-03  -6.78545237E-03  -6.68757409E-03  -6.29913807E-03  -5.31342626E-03  -4.40246612E-03  -3.26956064E-03  -2.33551860E-03  -1.62813812E-03   2.85670161E-04   6.70678914E-04   2.01789290E-03   3.17224115E-03   4.35785949E-03   5.50714880E-03   5.96916676E-03   7.02062249E-03   7.43412971E-03   8.67228210E-03   9.32009518E-03   1.00385994E-02   1.10464245E-02   1.10340416E-02   1.15136802E-02   1.20152012E-02   1.18381456E-02   1.16856098E-02   1.13099068E-02   1.08149871E-02   9.86259431E-03   8.76121223E-03   7.55671412E-03   4.65213507E-03   6.76713884E-04  -3.49903852E-03  -9.38653201E-03  -1.20275803E-02  -1.69132724E-02  -2.27163509E-02  -2.28242986E-02  -2.41503417E-02
         913   4.70599985     10:32:22.890   7.07869530E-02   5.93455918E-02   5.93817681E-02   6.17094785E-02   5.74426837E-02   5.63089736E-02   5.51038273E-02   5.60222454E-02   5.31767160E-02   5.01872450E-02   4.60591875E-02   4.74060960E-02   4.36474867E-02   4.31873798E-02   4.22594920E-02   4.04468887E-02   3.85211930E-02   3.83501537E-02   3.75286117E-02   3.61172184E-02   3.62942480E-02   3.46828811E-02   3.41092199E-02   3.36532295E-02   3.18301618E-02   3.26080769E-02   3.13105583E-02   3.19785252E-02   3.05300541E-02   2.93779895E-02   3.06765679E-02   2.86841039E-02   2.88654938E-02   2.78722495E-02   2.72588152E-02   2.66257524E-02   2.67078504E-02   2.67834906E-02   2.49182824E-02   2.56942883E-02   2.48149708E-02   2.46165562E-02   2.38815751E-02   2.06665322E-02   2.02783905E-02   1.96567234E-02   1.96693372E-02   1.97727196E-02   1.77378878E-02   1.77828353E-02   1.73518285E-02   1.79261062E-02   1.78207383E-02   1.74774993E-02   1.70856677E-02   1.72545873E-02   1.69093236E-02   1.73732955E-02   1.68602839E-02   1.71045586E-02   1.65700670E-02   1.60345826E-02   1.70191824E-02   1.59641486E-02   1.65403988E-02   1.61923878E-02   1.62818227E-02   1.73022505E-02   1.65468734E-02   1.62152033E-02   1.64582320E-02   1.50782075E-02   1.56012019E-02   1.54835870E-02   1.36596765E-02   1.39843514E-02   1.25904856E-02   1.24610830E-02   9.70410369E-03   7.77299050E-03   5.47102094E-03   5.61499735E-03   4.47581988E-04   5.68926334E-04   1.62483298E-03  -999.000000       1.66765973E-03  -999.000000      -999.000000      -999.000000      -999.000000      -999.000000      -999.000000      -999.000000      -999.000000      -999.000000      -999.000000      -999.000000      -7.12432265E-02  -6.93011805E-02  -6.67233095E-02  -6.55583441E-02  -6.36058599E-02  -6.04665987E-02  -5.87444827E-02  -5.56018129E-02  -5.25121689E-02  -5.07242382E-02  -4.70492616E-02  -4.42670658E-02  -4.21662703E-02  -3.91878933E-02  -3.68362218E-02  -3.39433551E-02  -3.20641547E-02  -3.06097306E-02  -2.83392407E-02  -2.62965783E-02  -2.50007622E-02  -2.36540847E-02  -2.18810365E-02  -2.05463804E-02  -1.90185755E-02  -1.72229223E-02  -1.64610296E-02  -1.46265477E-02  -1.39880739E-02  -1.26366131E-02  -1.12377591E-02  -9.92629305E-03  -7.96052814E-03  -7.39299506E-03  -6.34534657E-03  -5.57177514E-03  -5.55901974E-03  -4.49118018E-03  -4.09276038E-03  -2.99705565E-03  -2.50610709E-03  -9.73194838E-04   2.50868499E-04   1.14825368E-03   2.28208303E-03   3.69709730E-03   4.88433987E-03   5.60869277E-03   6.15432858E-03   7.64361024E-03   7.82563537E-03   8.71708989E-03   9.20058042E-03   9.84873623E-03   1.09965429E-02   1.19050518E-02   1.24128982E-02   1.31405145E-02   1.30101666E-02   1.37716979E-02   1.30246282E-02   1.26320869E-02   1.24563649E-02   1.21214092E-02   1.08889863E-02   8.60752910E-03   7.93296099E-03   5.13829291E-03  -3.17268074E-04  -3.04315984E-03  -9.71082970E-03  -1.59920491E-02  -1.67678781E-02  -2.18111202E-02  -2.34091766E-02  -2.10452750E-02
         914   4.85400009     10:32:23.139   6.27069622E-02   4.10755835E-02   6.07117899E-02   4.86394949E-02   4.74726744E-02   4.45689745E-02   5.10438308E-02   4.40122411E-02   3.94767374E-02   4.04572636E-02   3.97991762E-02   3.73260789E-02   3.17374580E-02   3.59773748E-02   3.14494818E-02   3.04068830E-02   2.95911878E-02   2.93601453E-02   2.89086159E-02   2.63172146E-02   2.77342424E-02   2.55928710E-02   2.54192185E-02   2.50232164E-02   2.50601601E-02   2.40980666E-02   2.33205557E-02   2.47585252E-02   2.16500517E-02   2.28679869E-02   2.36365702E-02   2.11241078E-02   2.28454992E-02   2.14722529E-02   2.13688184E-02   2.10357513E-02   2.07078438E-02   2.06434876E-02   1.96982771E-02   1.97842848E-02   1.87649671E-02   1.91465523E-02   1.85615737E-02   1.90865342E-02   1.84684005E-02   1.75467469E-02   1.71193723E-02   1.73427686E-02   1.67479590E-02   1.66529231E-02   1.55219315E-02   1.57262068E-02   1.61208306E-02   1.58275738E-02   1.53157283E-02   1.54346284E-02   1.51093481E-02   1.53133040E-02   1.57702863E-02   1.56045519E-02   1.49900634E-02   1.52345849E-02   1.47291897E-02   1.39641613E-02   1.47104114E-02   1.53623987E-02   1.50518231E-02   1.49822412E-02   1.45568587E-02   1.49251875E-02   1.46282194E-02   1.36181992E-02   1.42112095E-02   1.37336180E-02   1.21197440E-02   1.34844668E-02   1.07506756E-02   1.04313586E-02   8.07447825E-03   6.01350330E-03   5.12167579E-03   3.94583819E-03   4.38617077E-04  -999.000000      -999.000000      -999.000000      -999.000000      -999.000000      -999.000000      -999.000000      -999.000000      -999.000000      -999.000000      -999.000000      -999.000000      -999.000000      -999.000000      -999.000000      -7.26257339E-02  -7.14736879E-02  -6.85858130E-02  -6.74108341E-02  -6.53883591E-02  -6.26890957E-02  -6.05269819E-02  -5.78443110E-02  -5.42946681E-02  -5.17567284E-02  -4.92617637E-02  -4.59995680E-02  -4.39287648E-02  -4.09403965E-02  -3.80787328E-02  -3.65058519E-02  -3.41166444E-02  -3.25222202E-02  -2.97317244E-02  -2.76090726E-02  -2.62732431E-02  -2.46365778E-02  -2.30135247E-02  -2.18988732E-02  -2.04210766E-02  -1.83654130E-02  -1.74735375E-02  -1.60490461E-02  -1.54105760E-02  -1.36391260E-02  -1.17802583E-02  -1.11187957E-02  -8.02302361E-03  -7.45548308E-03  -7.13782012E-03  -5.46425581E-03  -4.85147536E-03  -4.93360311E-03  -4.38517332E-03  -3.50946188E-03  -2.49850005E-03  -8.85605812E-04  -2.71543860E-04   7.85827637E-04   2.16963142E-03   3.03463638E-03   4.04186547E-03   5.27621061E-03   6.20182604E-03   7.30111450E-03   7.53313303E-03   8.18459690E-03   9.04810429E-03   9.63625312E-03   1.06340647E-02   1.11825690E-02   1.16803944E-02   1.23680085E-02   1.28876567E-02   1.19891763E-02   1.28421187E-02   1.26195848E-02   1.11838952E-02   1.16989687E-02   1.01365820E-02   8.68520141E-03   8.24071467E-03   3.10611725E-03   2.50712037E-04  -2.06504762E-03  -9.53252614E-03  -1.21135861E-02  -1.60693005E-02  -2.15223879E-02  -2.10103244E-02  -2.21363790E-02
         915   4.98000002     10:32:23.388   5.64569756E-02   5.15455380E-02   5.66517375E-02   5.27694859E-02   5.16626909E-02   5.09789400E-02   5.12338392E-02   4.93422598E-02   4.67167310E-02   4.64772396E-02   4.45491895E-02   4.33361083E-02   3.96374576E-02   4.03473787E-02   3.78994942E-02   3.68868783E-02   3.65811735E-02   3.56601477E-02   3.44086178E-02   3.39372158E-02   3.39742489E-02   3.22128721E-02   3.17792073E-02   3.15032192E-02   3.13601419E-02   3.08680646E-02   3.00705489E-02   3.02085150E-02   2.94400342E-02   2.93879732E-02   2.95265578E-02   2.80540921E-02   2.87054870E-02   2.76522394E-02   2.72588059E-02   2.70757433E-02   2.67878380E-02   2.62434781E-02   2.63782758E-02   2.58542821E-02   2.55149584E-02   2.52465457E-02   2.50615645E-02   2.65165120E-02   2.62783729E-02   2.59266980E-02   2.47792955E-02   2.47526541E-02   2.43478082E-02   2.37327367E-02   2.30617207E-02   2.35060044E-02   2.28806548E-02   2.36874316E-02   2.31856182E-02   2.31045559E-02   2.31793076E-02   2.27432828E-02   2.25802846E-02   2.22245604E-02   2.26400699E-02   2.15345807E-02   2.18591727E-02   2.20041312E-02   2.14403812E-02   2.17223708E-02   2.19718181E-02   2.27122493E-02   2.29868703E-02   2.16451958E-02   2.16282215E-02   2.20081806E-02   2.01811548E-02   2.06235088E-02   2.06695609E-02   1.77541766E-02   2.00002324E-02   1.60007440E-02   1.43436659E-02   1.41424164E-02   1.11003043E-02   9.51410271E-03   7.58649642E-03   5.63774817E-03   4.45354823E-03   8.22127517E-03   5.17635513E-03  -7.21457005E-02  -999.000000      -999.000000      -999.000000      -999.000000      -999.000000      -999.000000      -999.000000      -999.000000      -999.000000      -7.46927485E-02  -7.27506652E-02  -6.96186274E-02  -6.92007542E-02  -6.67357817E-02  -6.48533031E-02  -6.31340370E-02  -6.00519367E-02  -5.73692620E-02  -5.45196086E-02  -5.12416735E-02  -4.87567112E-02  -4.65145148E-02  -4.35437150E-02  -4.15153503E-02  -3.86236794E-02  -3.68508138E-02  -3.48315984E-02  -3.25671770E-02  -3.06266882E-02  -2.91840248E-02  -2.69882046E-02  -2.55915374E-02  -2.37184837E-02  -2.22638324E-02  -2.10660361E-02  -1.91803686E-02  -1.82984918E-02  -1.64639950E-02  -1.57655291E-02  -1.41140781E-02  -1.27852149E-02  -1.14837438E-02  -1.05179846E-02  -1.00004598E-02  -9.44281369E-03  -8.83925706E-03  -7.63653219E-03  -7.34869391E-03  -6.31029159E-03  -5.70461154E-03  -4.24364954E-03  -3.59071791E-03  -2.37666070E-03  -1.38923526E-03   4.46140766E-05   9.59642231E-04   2.34688818E-03   2.88125128E-03   4.12689149E-03   5.13616949E-03   5.57818264E-03   6.05962425E-03   7.25311786E-03   7.81127065E-03   8.67908448E-03   9.77759808E-03   1.00354329E-02   1.05730668E-02   1.12227201E-02   1.12942457E-02   1.14871562E-02   1.10045895E-02   1.00788549E-02   9.62386280E-03   9.57138091E-03   7.58986175E-03   7.21521676E-03   3.59044224E-03   5.84751368E-04  -2.25128233E-03  -9.13914293E-03  -1.30504742E-02  -1.63464509E-02  -1.92698017E-02  -2.11679339E-02  -2.01140456E-02
         916   5.08900023     10:32:23.636   5.96169755E-02   5.14655486E-02   4.94117402E-02   5.20594753E-02   4.91226688E-02   4.89889495E-02   4.78338115E-02   4.82522398E-02   4.66167144E-02   4.47772555E-02   4.29091677E-02   4.21860963E-02   3.78574543E-02   3.91973816E-02   3.78094912E-02   3.58568802E-02   3.61411870E-02   3.54901552E-02   3.51386108E-02   3.32072079E-02   3.29342373E-02   3.24028619E-02   3.16992030E-02   3.14132161E-02   3.06701418E-02   3.04880626E-02   2.94105466E-02   3.04085109E-02   2.95500346E-02   2.83579752E-02   2.91165523E-02   2.73440890E-02   2.75554825E-02   2.72022393E-02   2.64488086E-02   2.66257431E-02   2.66478416E-02   2.62534842E-02   2.52282713E-02   2.53842771E-02   2.57549640E-02   2.47765481E-02   2.39615683E-02   2.22365111E-02   2.19283663E-02   2.23966949E-02   2.10592952E-02   2.08526552E-02   2.08778083E-02   1.99227370E-02   1.96117219E-02   1.93560049E-02   1.95006579E-02   1.90674309E-02   1.88456178E-02   1.85445547E-02   1.90393068E-02   1.88632850E-02   1.93202831E-02   1.84845589E-02   1.82400700E-02   1.86745822E-02   1.82191730E-02   1.73341297E-02   1.86503809E-02   1.84423719E-02   1.86718181E-02   1.87722482E-02   1.91368721E-02   1.87451951E-02   1.84782203E-02   1.77981798E-02   1.79111529E-02   1.77535117E-02   1.74795594E-02   1.60341766E-02   1.57202333E-02   1.44907441E-02   1.22236665E-02   1.25724170E-02   9.15030483E-03   6.17410429E-03   6.27649808E-03   4.14775126E-03   2.84355250E-03   6.40127715E-03   2.22635549E-03  -7.13056773E-02  -999.000000      -999.000000      -999.000000      -999.000000      -999.000000      -999.000000      -999.000000      -999.000000      -999.000000      -999.000000      -7.26106688E-02  -7.06986189E-02  -6.81107491E-02  -6.66957721E-02  -6.47333041E-02  -6.27640411E-02  -6.01419248E-02  -5.71992546E-02  -5.50996065E-02  -5.22816703E-02  -4.90567014E-02  -4.65745069E-02  -4.40437049E-02  -4.17053401E-02  -3.88436802E-02  -3.63508053E-02  -3.47115993E-02  -3.26271839E-02  -3.01366784E-02  -2.87140273E-02  -2.69281976E-02  -2.49915421E-02  -2.44384781E-02  -2.23338231E-02  -2.11560242E-02  -1.95403658E-02  -1.80984885E-02  -1.64139867E-02  -1.56055205E-02  -1.37740634E-02  -1.30752064E-02  -1.13537349E-02  -1.00979656E-02  -9.40046459E-03  -8.30281526E-03  -7.64925033E-03  -7.40651786E-03  -6.49868697E-03  -6.48029894E-03  -5.15460968E-03  -4.40364331E-03  -2.87072361E-03  -1.79664791E-03  -4.59238887E-04   3.44619155E-04   1.22965127E-03   2.18689442E-03   3.72125953E-03   4.14688885E-03   5.58616966E-03   6.49818033E-03   6.73963875E-03   7.42312521E-03   8.19128007E-03   8.77908617E-03   9.83760506E-03   1.04754493E-02   1.09030828E-02   1.09427273E-02   1.18142366E-02   1.09771639E-02   1.16345957E-02   1.10088661E-02   1.05138645E-02   9.99138504E-03   8.65986943E-03   6.65521622E-03   3.76044959E-03   8.54760408E-04  -3.21127474E-03  -8.05915147E-03  -1.37304589E-02  -1.52664296E-02  -1.90297887E-02  -2.27779299E-02  -2.11240463E-02
         917   5.20400000     10:32:23.896   5.57869859E-02   5.63955903E-02   5.26117608E-02   5.44694886E-02   5.22926971E-02   5.13789579E-02   5.00838421E-02   4.74722609E-02   4.69767302E-02   4.58472520E-02   4.30191718E-02   4.11960930E-02   3.95474583E-02   3.78473848E-02   3.68094929E-02   3.59668806E-02   3.47711779E-02   3.39201577E-02   3.29786167E-02   3.12772170E-02   3.10742520E-02   3.09028737E-02   3.02692223E-02   2.87932307E-02   2.86401529E-02   2.80680750E-02   2.72305571E-02   2.62185298E-02   2.59400550E-02   2.58779973E-02   2.54265759E-02   2.47441102E-02   2.47454979E-02   2.42122523E-02   2.34288182E-02   2.36057583E-02   2.29378510E-02   2.29534917E-02   2.24982835E-02   2.23142896E-02   2.16249749E-02   2.14965586E-02   2.09915787E-02   1.94765329E-02   1.91784073E-02   1.86467469E-02   1.85093805E-02   1.79527737E-02   1.75079610E-02   1.72629282E-02   1.67719331E-02   1.70062073E-02   1.66408271E-02   1.67275723E-02   1.64657217E-02   1.65146254E-02   1.60993487E-02   1.64533053E-02   1.63402874E-02   1.63145550E-02   1.56400632E-02   1.62945837E-02   1.53891901E-02   1.60241630E-02   1.64504144E-02   1.62623972E-02   1.71318259E-02   1.56822447E-02   1.58068668E-02   1.69551950E-02   1.50082307E-02   1.54282097E-02   1.56212244E-02   1.46336341E-02   1.52997598E-02   1.31044853E-02   1.28206974E-02   1.22813806E-02   8.30450188E-03   8.52352660E-03   5.46169886E-03   5.09585813E-03   3.66864284E-03   1.87008874E-03  -999.000000      -999.000000       3.51903308E-03  -7.02387393E-02  -999.000000      -999.000000      -999.000000      -999.000000      -999.000000      -999.000000      -999.000000      -999.000000      -999.000000      -999.000000      -7.35037327E-02  -7.10016862E-02  -6.86738268E-02  -6.78388476E-02  -6.53463751E-02  -6.31471127E-02  -6.09849915E-02  -5.75723276E-02  -5.52226789E-02  -5.27247488E-02  -4.92697768E-02  -4.70275804E-02  -4.38867696E-02  -4.11984026E-02  -3.97967398E-02  -3.72738652E-02  -3.49546634E-02  -3.32802348E-02  -3.04197483E-02  -2.93470770E-02  -2.76212581E-02  -2.54545845E-02  -2.43815370E-02  -2.26068795E-02  -2.11590938E-02  -2.01834217E-02  -1.84315406E-02  -1.69570558E-02  -1.60885863E-02  -1.44371353E-02  -1.32182725E-02  -1.20867975E-02  -1.15910247E-02  -9.65348631E-03  -9.60583240E-03  -8.88226181E-03  -8.11948627E-03  -7.32161105E-03  -6.43318146E-03  -5.59746474E-03  -4.74651903E-03  -3.76361609E-03  -2.14956701E-03  -1.18219852E-03  -4.83915210E-05   6.86615705E-04   2.07384676E-03   2.98819691E-03   3.42381001E-03   4.80309874E-03   5.62512130E-03   6.09659404E-03   6.81009144E-03   8.09823722E-03   8.86604935E-03   9.81456041E-03   1.01023838E-02   1.05100051E-02   1.03296489E-02   1.06511787E-02   1.06941164E-02   1.04015917E-02   1.16858929E-02   9.81096923E-03   9.66859609E-03   9.45720077E-03   6.56272471E-03   4.69812751E-03   5.62705100E-04  -4.13303822E-03  -7.69051909E-03  -1.25815906E-02  -1.65472925E-02  -1.88303739E-02  -1.91083401E-02  -1.94244087E-02
         918   5.30700016     10:32:24.128   4.84669842E-02   5.81455678E-02   4.72217612E-02   4.91994731E-02   4.94526774E-02   4.76089567E-02   4.47738320E-02   4.45622392E-02   4.35467213E-02   4.17072624E-02   3.93291935E-02   3.78360897E-02   3.65374833E-02   3.36673819E-02   3.38694938E-02   3.32068875E-02   3.20111848E-02   3.01501472E-02   3.10986117E-02   2.97372248E-02   2.95842513E-02   2.85128746E-02   2.81392150E-02   2.73332223E-02   2.79701464E-02   2.65980773E-02   2.73405500E-02   2.58585177E-02   2.64000446E-02   2.54579801E-02   2.47565638E-02   2.54641008E-02   2.41354965E-02   2.36822478E-02   2.35788133E-02   2.33857520E-02   2.26278417E-02   2.38634851E-02   2.24982779E-02   2.13042833E-02   2.17749644E-02   2.13265549E-02   2.16215700E-02   2.07465235E-02   2.02783868E-02   1.99767221E-02   1.91293377E-02   1.82627141E-02   1.88478846E-02   1.72628332E-02   1.70718245E-02   1.74961034E-02   1.72407422E-02   1.68674998E-02   1.67356730E-02   1.64545905E-02   1.61793251E-02   1.63932964E-02   1.65902879E-02   1.58245564E-02   1.68600660E-02   1.63845848E-02   1.48491804E-02   1.64141469E-02   1.53703988E-02   1.52123841E-02   1.67618208E-02   1.46622462E-02   1.56568680E-02   1.77351926E-02   1.35282231E-02   1.61081944E-02   1.57311894E-02   1.21535715E-02   1.70296598E-02   1.07443305E-02   1.25504639E-02   1.43110603E-02   5.72407991E-03   8.69296677E-03   6.92099612E-03  -999.000000       5.63756190E-03  -999.000000      -999.000000       4.87261079E-03  -999.000000      -6.70982003E-02  -7.08429888E-02  -7.36434683E-02  -999.000000      -999.000000      -999.000000      -999.000000      -999.000000      -999.000000      -999.000000      -7.25652799E-02  -7.29231983E-02  -7.02411532E-02  -6.76432773E-02  -6.81383088E-02  -6.42858297E-02  -6.32765591E-02  -6.09044582E-02  -5.72817884E-02  -5.51721379E-02  -5.24242111E-02  -4.89092320E-02  -4.69470434E-02  -4.39062342E-02  -4.06078771E-02  -3.92562076E-02  -3.64933386E-02  -3.47141251E-02  -3.27397101E-02  -3.06892209E-02  -2.88465470E-02  -2.73207277E-02  -2.54040696E-02  -2.45810002E-02  -2.24163495E-02  -2.10685655E-02  -2.03528889E-02  -1.86810121E-02  -1.78165212E-02  -1.64280571E-02  -1.50665976E-02  -1.45077370E-02  -1.29662715E-02  -1.20605007E-02  -1.04229748E-02  -1.02053210E-02  -9.42175090E-03  -9.01900232E-03  -8.22115690E-03  -7.70273805E-03  -7.14703649E-03  -6.30606711E-03  -4.58316505E-03  -3.64910811E-03  -2.63170898E-03  -1.30787492E-03  -2.82868743E-04   6.94364309E-04   1.68871880E-03   2.20435113E-03   3.63364816E-03   4.70565259E-03   4.83711809E-03   5.84061444E-03   6.57875836E-03   7.42657483E-03   8.07508826E-03   9.07291472E-03   9.34054703E-03   9.62018222E-03   1.05817094E-02   1.00146383E-02   9.47210193E-03   1.03163719E-02   8.94141942E-03   8.89899582E-03   8.01753998E-03   5.46297431E-03   4.45829332E-03   4.72739339E-04  -4.51315194E-03  -5.88084012E-03  -1.30820274E-02  -1.62678771E-02  -1.74411014E-02  -2.11891420E-02  -2.00452320E-02
         919   5.42799997     10:32:24.377   4.04669568E-02   4.66155782E-02   5.70417903E-02   4.36994471E-02   4.56926897E-02   4.52189557E-02   4.87238280E-02   3.96322459E-02   4.20367233E-02   4.01772372E-02   4.00691852E-02   3.59760970E-02   3.49774770E-02   3.72373722E-02   3.24694961E-02   3.30268815E-02   3.18411738E-02   3.10401451E-02   2.91286148E-02   2.90672202E-02   2.95142420E-02   2.79628690E-02   2.75491979E-02   2.70532109E-02   2.63901409E-02   2.70080604E-02   2.67505478E-02   2.67985109E-02   2.46000327E-02   2.59579718E-02   2.56865583E-02   2.37140916E-02   2.52854843E-02   2.43722405E-02   2.40988061E-02   2.33857464E-02   2.35978346E-02   2.33334824E-02   2.30282713E-02   2.25542784E-02   2.19449606E-02   2.16465443E-02   2.17015687E-02   2.64365152E-02   2.68283673E-02   2.64766924E-02   2.65592989E-02   2.62026563E-02   2.59478055E-02   2.61027366E-02   2.52517220E-02   2.61760056E-02   2.63106562E-02   2.57874336E-02   2.58056186E-02   2.58945562E-02   2.58893073E-02   2.64932830E-02   2.64602825E-02   2.60745622E-02   2.54400689E-02   2.52845809E-02   2.47391723E-02   2.55941302E-02   2.47803796E-02   2.51423698E-02   2.58318149E-02   2.57422477E-02   2.41668709E-02   2.55251974E-02   2.34582219E-02   2.49781832E-02   2.45011542E-02   2.15435084E-02   2.28495579E-02   2.31341757E-02   2.01502331E-02   1.96207426E-02   1.72536653E-02   1.45224165E-02   1.54303061E-02   8.97410326E-03   9.52650048E-03   9.35774855E-03   6.06355164E-03   8.77127703E-03   8.30635522E-03  -6.92156777E-02  -7.09304810E-02  -7.30609745E-02  -999.000000      -999.000000      -999.000000      -999.000000      -999.000000      -999.000000      -999.000000      -7.39227384E-02  -7.28806704E-02  -7.03386143E-02  -6.80907443E-02  -6.66357726E-02  -6.51832968E-02  -6.27740324E-02  -6.03819303E-02  -5.76792434E-02  -5.53196147E-02  -5.23416698E-02  -4.88767028E-02  -4.73145060E-02  -4.37837057E-02  -4.16653380E-02  -3.94136719E-02  -3.66108082E-02  -3.50415930E-02  -3.29471789E-02  -3.10066901E-02  -2.95440294E-02  -2.78482027E-02  -2.58815363E-02  -2.47284770E-02  -2.26838291E-02  -2.13360228E-02  -1.99903585E-02  -1.89484879E-02  -1.77939907E-02  -1.68155171E-02  -1.55240633E-02  -1.43652074E-02  -1.32937394E-02  -1.12179741E-02  -1.03504509E-02  -9.56280529E-03  -9.18924809E-03  -8.20652395E-03  -7.37868249E-03  -7.41028786E-03  -5.89460880E-03  -5.16363978E-03  -3.64071876E-03  -3.06665152E-03  -1.64923817E-03  -3.55385244E-04   4.09647822E-04   1.78689510E-03   2.21125782E-03   3.50689143E-03   4.20618057E-03   5.02818823E-03   6.44963980E-03   6.69312477E-03   7.45128095E-03   8.47908854E-03   9.30760801E-03   1.00854486E-02   1.03130788E-02   1.09527335E-02   1.08842477E-02   1.10271648E-02   1.09546036E-02   1.07888579E-02   1.01438612E-02   9.78139043E-03   7.44987279E-03   7.29522854E-03   3.44043970E-03   1.74753368E-04  -2.63126940E-03  -8.27912986E-03  -1.11304820E-02  -1.46564431E-02  -1.96798146E-02  -2.21479312E-02  -2.22140439E-02
         920   5.56500006     10:32:24.626   6.03270009E-02   6.38355538E-02   4.93217558E-02   5.54694682E-02   5.33126779E-02   5.15489466E-02   4.79038246E-02   5.06222434E-02   4.75767404E-02   4.60472554E-02   4.40691970E-02   4.23661061E-02   4.04074676E-02   3.86273861E-02   3.83495018E-02   3.70068811E-02   3.60611901E-02   3.44301499E-02   3.44886109E-02   3.28372195E-02   3.25442515E-02   3.19228768E-02   3.10292095E-02   3.02532129E-02   2.99001485E-02   2.95080766E-02   2.84605548E-02   2.79785246E-02   2.88300477E-02   2.69079879E-02   2.76365671E-02   2.67241020E-02   2.56555006E-02   2.58622542E-02   2.50488166E-02   2.45557502E-02   2.38078460E-02   2.39134897E-02   2.37082783E-02   2.33842880E-02   2.33349726E-02   2.22665537E-02   2.20815744E-02   2.30365321E-02   2.20883898E-02   2.21667271E-02   2.18293425E-02   2.03227215E-02   2.03678906E-02   2.00028326E-02   1.89218298E-02   2.04261038E-02   1.94407403E-02   1.94375012E-02   1.94556676E-02   1.86945908E-02   1.91893242E-02   1.90732945E-02   1.91602856E-02   1.82845555E-02   1.94800664E-02   1.86145846E-02   1.73291825E-02   1.93941463E-02   1.83804017E-02   1.73323862E-02   1.96118224E-02   1.76122505E-02   1.77668724E-02   2.00752001E-02   1.65782347E-02   1.86082069E-02   1.82112046E-02   1.46735897E-02   1.84796769E-02   1.53543502E-02   1.32404855E-02   1.62610821E-02   1.01841036E-02   1.09729907E-02   1.06510185E-02   2.11499771E-03   6.95757894E-03   4.14892286E-03  -999.000000       5.98260108E-03   2.77766027E-03  -6.70482516E-02  -6.98930323E-02  -7.20935017E-02  -7.60875866E-02  -999.000000      -999.000000      -999.000000      -999.000000      -999.000000      -999.000000      -7.30053037E-02  -7.26232231E-02  -7.11711869E-02  -6.83233067E-02  -6.77783340E-02  -6.56358600E-02  -6.27965927E-02  -6.11044839E-02  -5.81518188E-02  -5.53121716E-02  -5.35242409E-02  -4.97092530E-02  -4.79670689E-02  -4.49362583E-02  -4.21379060E-02  -4.00962234E-02  -3.80233675E-02  -3.56341451E-02  -3.43097337E-02  -3.22392322E-02  -3.05065736E-02  -2.87807547E-02  -2.68840902E-02  -2.54610255E-02  -2.37863697E-02  -2.27985829E-02  -2.15929113E-02  -2.06510425E-02  -1.87165439E-02  -1.77880786E-02  -1.64266191E-02  -1.52677633E-02  -1.41962953E-02  -1.25905275E-02  -1.18330047E-02  -1.12553388E-02  -9.90178436E-03  -9.16901976E-03  -9.04117525E-03  -8.26276094E-03  -7.65705109E-03  -6.88610971E-03  -5.21320105E-03  -4.38912958E-03  -3.18174064E-03  -1.80791318E-03  -9.22903419E-04   2.24344432E-04   1.13868713E-03   1.84431672E-03   3.08361650E-03   4.02563065E-03   4.90708649E-03   5.31058758E-03   6.33873791E-03   7.20655173E-03   8.07505101E-03   8.98288935E-03   9.42051411E-03   9.64016467E-03   9.98169184E-03   1.06046200E-02   9.88207757E-03   9.52636451E-03   9.41140950E-03   8.73898715E-03   8.42753798E-03   5.84296882E-03   3.83828580E-03   1.07272714E-03  -3.12316418E-03  -7.63083249E-03  -1.27920583E-02  -1.58178993E-02  -1.77511200E-02  -1.92291774E-02  -1.89452842E-02
         921   5.69999981     10:32:24.875   7.62969926E-02   3.89955528E-02   4.61118072E-02   5.38494736E-02   4.52826805E-02   4.45189662E-02   4.39138338E-02   4.78922650E-02   3.91467400E-02   4.07372601E-02   3.73091996E-02   4.11361083E-02   3.29674706E-02   3.36973853E-02   3.52694951E-02   3.21468860E-02   3.12111918E-02   3.16301696E-02   3.06486189E-02   2.87972223E-02   2.92942524E-02   2.89028753E-02   2.75492109E-02   2.76332218E-02   2.68801637E-02   2.74880715E-02   2.52205636E-02   2.69785281E-02   2.61400566E-02   2.44179927E-02   2.63265725E-02   2.40441021E-02   2.38155015E-02   2.48922519E-02   2.34988257E-02   2.36057602E-02   2.38978527E-02   2.36234944E-02   2.28782874E-02   2.24642940E-02   2.29549743E-02   2.17965599E-02   2.16115806E-02   2.62065344E-02   2.52483953E-02   2.58467309E-02   2.46993490E-02   2.43727211E-02   2.44978927E-02   2.28428375E-02   2.39118319E-02   2.33461075E-02   2.30907388E-02   2.38074940E-02   2.27356646E-02   2.24445853E-02   2.26593222E-02   2.25532912E-02   2.28302851E-02   2.28845552E-02   2.31100675E-02   2.21445858E-02   2.27091853E-02   2.19141506E-02   2.15604007E-02   2.21723896E-02   2.19018236E-02   2.26822514E-02   2.36568786E-02   2.16452088E-02   2.17482429E-02   2.13182196E-02   2.00712178E-02   2.21536066E-02   1.93996988E-02   1.90343708E-02   2.01005079E-02   1.69711038E-02   1.78141259E-02   1.40430136E-02   1.05510456E-02   1.12350211E-02   4.97760065E-03   4.23894171E-03   6.92483922E-03   5.43259084E-03   8.12763628E-03  -6.68582693E-02  -7.10330456E-02  -7.21135437E-02  -7.44076073E-02  -999.000000      -999.000000      -999.000000      -999.000000      -999.000000      -999.000000      -7.36653209E-02  -7.10132495E-02  -7.01912045E-02  -6.80833310E-02  -6.73383623E-02  -6.50458857E-02  -6.31166175E-02  -6.05145097E-02  -5.85118383E-02  -5.56621961E-02  -5.31142578E-02  -4.99192774E-02  -4.71570939E-02  -4.48962860E-02  -4.28479239E-02  -3.97462472E-02  -3.84033881E-02  -3.57041731E-02  -3.42297517E-02  -3.22792642E-02  -3.05866003E-02  -2.87507810E-02  -2.71941051E-02  -2.54810452E-02  -2.44663917E-02  -2.31586024E-02  -2.17329450E-02  -2.07210593E-02  -1.91365741E-02  -1.80880912E-02  -1.68566443E-02  -1.59877799E-02  -1.44463107E-02  -1.25405416E-02  -1.12530142E-02  -1.05153471E-02  -9.80180502E-03  -9.28903371E-03  -8.05119425E-03  -8.53277743E-03  -7.12706894E-03  -6.31613284E-03  -4.96321172E-03  -3.82915884E-03  -3.36177647E-03  -1.55793875E-03  -9.12927091E-04   3.34315002E-04   1.46865845E-03   2.17428803E-03   3.47358733E-03   3.54560465E-03   4.89706546E-03   5.25055826E-03   6.23870641E-03   7.37652183E-03   7.82503188E-03   8.05287063E-03   9.00048763E-03   9.36014950E-03   1.03216767E-02   9.66461003E-03   1.00920647E-02   9.48636234E-03   9.10139829E-03   9.19897854E-03   7.23753124E-03   5.58296591E-03   3.57829034E-03   3.62731516E-04  -2.92316079E-03  -6.60085678E-03  -1.33620426E-02  -1.63478963E-02  -1.76011287E-02  -1.98392160E-02  -1.82853229E-02
         922   5.84499979     10:32:25.137   6.69469535E-02   6.13955483E-02   6.32117540E-02   6.33194447E-02   6.02826886E-02   6.00789636E-02   5.99138178E-02   5.87122589E-02   5.55067211E-02   5.40672392E-02   5.24191856E-02   4.94160913E-02   4.77174744E-02   4.75273915E-02   4.49195020E-02   4.44368906E-02   4.31111865E-02   4.24701646E-02   4.18386124E-02   4.02472243E-02   4.01242487E-02   3.87528837E-02   3.87392156E-02   3.77232246E-02   3.68001573E-02   3.71680632E-02   3.62705439E-02   3.54085155E-02   3.39300334E-02   3.38379703E-02   3.36165465E-02   3.25440802E-02   3.29854898E-02   3.22822407E-02   3.13188061E-02   3.14957425E-02   3.14678401E-02   3.06734852E-02   3.00082788E-02   2.94642877E-02   2.90849730E-02   2.85265539E-02   2.87515745E-02   2.27165129E-02   2.26483513E-02   2.23966558E-02   2.16792300E-02   2.12325603E-02   2.05076709E-02   2.01525614E-02   1.96915232E-02   1.97058059E-02   1.95004772E-02   1.97472852E-02   1.93055067E-02   1.91244762E-02   1.89692583E-02   1.88632589E-02   1.89302769E-02   1.87345650E-02   1.86900795E-02   1.81145817E-02   1.83391590E-02   1.79041084E-02   1.78503562E-02   1.83723494E-02   1.87818110E-02   1.72922611E-02   1.87668987E-02   1.79352239E-02   1.77782457E-02   1.78781990E-02   1.76111385E-02   1.74134523E-02   1.62094329E-02   1.63339451E-02   1.44298561E-02   1.35201989E-02   1.19129233E-02   9.85139981E-03   8.10900331E-03   6.79244054E-03   3.68443457E-03   2.60548154E-03   2.75099371E-03   2.77855084E-03   7.43590295E-04  -6.67507276E-02  -7.13355169E-02  -7.18559995E-02  -7.42500722E-02  -7.53564015E-02  -999.000000      -999.000000      -999.000000      -999.000000      -7.43973553E-02  -7.17177615E-02  -7.08456710E-02  -6.92836419E-02  -6.71157613E-02  -6.55907989E-02  -6.42583221E-02  -6.19090460E-02  -5.95269464E-02  -5.70642762E-02  -5.37246242E-02  -5.13766930E-02  -4.89517152E-02  -4.61395234E-02  -4.35587317E-02  -4.10603657E-02  -3.82686965E-02  -3.67558300E-02  -3.45066190E-02  -3.29822116E-02  -3.13317180E-02  -2.91890539E-02  -2.78832391E-02  -2.56765671E-02  -2.45435014E-02  -2.33288445E-02  -2.13610493E-02  -2.01553926E-02  -1.89935081E-02  -1.78490095E-02  -1.62205473E-02  -1.52190812E-02  -1.42402314E-02  -1.23487487E-02  -1.32830068E-02  -1.24654919E-02  -1.17578655E-02  -1.07343420E-02  -1.04216337E-02  -9.45384800E-03  -8.55547935E-03  -8.13981891E-03  -7.10886717E-03  -6.06592745E-03  -4.49182093E-03  -3.96437943E-03  -2.24050879E-03  -1.17544085E-03  -8.16583633E-06   5.26219606E-04   1.66186690E-03   2.98115611E-03   3.71318310E-03   4.81461734E-03   5.36807626E-03   5.83623350E-03   7.24404305E-03   7.51258433E-03   8.46043974E-03   8.97806883E-03   9.52774286E-03   9.93924588E-03   9.04215872E-03   1.01295784E-02   9.61378962E-03   9.09873843E-03   8.38617980E-03   7.72453845E-03   5.84972650E-03   2.94475257E-03   9.28796828E-04  -1.77752972E-03  -7.94575363E-03  -1.07773617E-02  -1.49336159E-02  -1.75572746E-02  -1.89556330E-02  -1.65518150E-02
         923   5.98000002     10:32:25.385   4.87968996E-02   4.70654927E-02   4.87517081E-02   4.75394577E-02   4.64526713E-02   4.58289459E-02   4.39937934E-02   4.44522314E-02   4.28667255E-02   3.97072621E-02   3.80292013E-02   3.59661095E-02   3.38974930E-02   3.33873890E-02   3.18595096E-02   3.06869037E-02   2.98512056E-02   2.95801610E-02   2.77186241E-02   2.78172325E-02   2.72742510E-02   2.62728855E-02   2.51492094E-02   2.48332135E-02   2.44801473E-02   2.45080646E-02   2.34305449E-02   2.27985047E-02   2.25500241E-02   2.25579571E-02   2.12565362E-02   2.11340711E-02   2.10154746E-02   2.06422377E-02   2.03388073E-02   2.00757440E-02   1.95278358E-02   1.97334811E-02   1.90882832E-02   1.84842851E-02   1.88449733E-02   1.79065596E-02   1.74715705E-02   1.75864976E-02   1.67383179E-02   1.60665903E-02   1.64291263E-02   1.55924093E-02   1.50974598E-02   1.48122916E-02   1.43512208E-02   1.43655147E-02   1.48702133E-02   1.49070667E-02   1.44153452E-02   1.40243582E-02   1.41591895E-02   1.39232222E-02   1.41602699E-02   1.39945727E-02   1.36700915E-02   1.39745781E-02   1.36591364E-02   1.31940674E-02   1.32303108E-02   1.35623179E-02   1.37218069E-02   1.37522779E-02   1.48569271E-02   1.42652551E-02   1.38882669E-02   1.34381987E-02   1.28910914E-02   1.26333293E-02   1.17692053E-02   1.08335624E-02   1.13992514E-02   1.00793391E-02   7.60176685E-03   6.82983361E-03   3.03701591E-03   3.34990723E-03  -999.000000      -999.000000      -999.000000       5.54496422E-04   1.10949855E-03  -6.90552592E-02  -7.03500286E-02  -7.29005113E-02  -7.41045773E-02  -7.49808848E-02  -999.000000      -999.000000      -999.000000      -999.000000      -7.50318393E-02  -7.20122457E-02  -7.19201714E-02  -6.96481317E-02  -6.76002651E-02  -6.64352849E-02  -6.41528070E-02  -6.22435361E-02  -6.00914359E-02  -5.71487546E-02  -5.47691137E-02  -5.17611951E-02  -4.92862053E-02  -4.66940179E-02  -4.39532213E-02  -4.18648571E-02  -3.93331870E-02  -3.70303318E-02  -3.52111198E-02  -3.35567184E-02  -3.15362290E-02  -2.96335630E-02  -2.77577490E-02  -2.64510810E-02  -2.47980021E-02  -2.34733447E-02  -2.16755532E-02  -2.05098763E-02  -1.88080072E-02  -1.78335160E-02  -1.63850375E-02  -1.54835694E-02  -1.40347071E-02  -1.25532448E-02  -1.14175081E-02  -1.02100223E-02  -1.00024268E-02  -8.71893764E-03  -8.67627561E-03  -7.93854147E-03  -7.23022968E-03  -6.05462492E-03  -5.52366674E-03  -4.32068855E-03  -3.31654400E-03  -1.78904086E-03  -8.65116715E-04   3.19994986E-04   1.52730197E-03   2.52170861E-03   2.86737829E-03   4.05668467E-03   4.26868349E-03   5.54009527E-03   6.22355193E-03   7.32168555E-03   8.07952136E-03   9.15805995E-03   9.46594775E-03   9.77361202E-03   9.89327580E-03   1.06947869E-02   1.02876723E-02   1.09950528E-02   1.00892186E-02   9.06405598E-03   9.35136527E-03   7.34951347E-03   6.22447580E-03   3.99923325E-03   6.22868538E-04  -3.73388827E-03  -7.11267442E-03  -1.28346980E-02  -1.39513761E-02  -1.94554403E-02  -1.96541138E-02  -1.90904178E-02
         924   6.11399984     10:32:25.633   4.91768979E-02   5.55454679E-02   5.28217182E-02   4.73594330E-02   4.97626550E-02   4.93289530E-02   5.00737727E-02   4.46422435E-02   4.59667332E-02   4.30672653E-02   3.97392027E-02   3.66661176E-02   3.61974947E-02   3.51374000E-02   3.28195244E-02   3.32069248E-02   3.21112126E-02   3.16001661E-02   3.03186271E-02   2.98472326E-02   2.83842534E-02   2.71928869E-02   2.74792109E-02   2.73732170E-02   2.63101552E-02   2.61280518E-02   2.55305301E-02   2.48384867E-02   2.47000027E-02   2.46179290E-02   2.30465140E-02   2.40540486E-02   2.26254612E-02   2.28022225E-02   2.24087909E-02   2.19857376E-02   2.15278324E-02   2.15334743E-02   2.03782730E-02   1.99242849E-02   2.02349760E-02   1.99265610E-02   2.01315619E-02   1.88464709E-02   1.87882688E-02   1.84064917E-02   1.70389786E-02   1.69621948E-02   1.62971765E-02   1.57719273E-02   1.61608122E-02   1.55651160E-02   1.57798603E-02   1.50767835E-02   1.53651219E-02   1.50942067E-02   1.48990974E-02   1.49831763E-02   1.48502635E-02   1.52045852E-02   1.45101082E-02   1.42645733E-02   1.42491050E-02   1.35740098E-02   1.44002493E-02   1.45822698E-02   1.48817943E-02   1.55422930E-02   1.47769591E-02   1.39852874E-02   1.54582839E-02   1.36181889E-02   1.37410071E-02   1.44731440E-02   1.19288778E-02   1.30830221E-02   1.23084094E-02   8.74815788E-03   1.04201892E-02   5.62770711E-03   4.56431927E-03   5.11648739E-03  -999.000000      -999.000000      -999.000000      -999.000000       1.47405453E-03  -6.61132634E-02  -7.22180307E-02  -7.26885200E-02  -7.38925710E-02  -7.65288696E-02  -999.000000      -999.000000      -999.000000      -7.62120187E-02  -7.52298012E-02  -7.24102035E-02  -7.07081109E-02  -7.00360760E-02  -6.73582107E-02  -6.65632337E-02  -6.45407438E-02  -6.19314834E-02  -5.99893928E-02  -5.75167090E-02  -5.46070710E-02  -5.18191457E-02  -4.93241698E-02  -4.62619737E-02  -4.41911817E-02  -4.14428115E-02  -3.95111553E-02  -3.75083126E-02  -3.53490859E-02  -3.45946923E-02  -3.23442109E-02  -3.02115455E-02  -2.86357217E-02  -2.68890448E-02  -2.54759714E-02  -2.41113193E-02  -2.26235129E-02  -2.11678445E-02  -2.05759779E-02  -1.83614865E-02  -1.74229965E-02  -1.64115392E-02  -1.51926763E-02  -1.40611976E-02  -1.25054866E-02  -1.22880116E-02  -1.17204711E-02  -1.04070231E-02  -1.02344155E-02  -9.27677751E-03  -8.53854418E-03  -7.36297667E-03  -6.61203265E-03  -5.43901324E-03  -3.94481421E-03  -3.55724245E-03  -2.05325335E-03  -1.02806836E-03  -7.07134604E-05   1.26373768E-03   2.27943063E-03   3.30873579E-03   3.75071913E-03   4.97211516E-03   5.71554899E-03   6.61367178E-03   7.21150637E-03   8.22008401E-03   8.35798681E-03   9.65567678E-03   9.85535234E-03   1.01768449E-02   9.86970961E-03   9.91702825E-03   1.03311092E-02   8.90582800E-03   8.28293711E-03   7.56083429E-03   6.08547032E-03   3.46984714E-03   8.72954726E-04  -3.54438275E-03  -6.88389689E-03  -1.19364932E-02  -1.47536919E-02  -1.48983411E-02  -1.84873901E-02  -1.70338266E-02
         925   6.25099993     10:32:25.884   6.65468946E-02   4.23955061E-02   5.13317324E-02   5.28194644E-02   4.64026593E-02   4.65789512E-02   4.34937887E-02   4.83522527E-02   4.22267281E-02   4.09072600E-02   3.91892083E-02   4.04661261E-02   3.57175022E-02   3.50174084E-02   3.44495215E-02   3.28569338E-02   3.17612216E-02   3.10601834E-02   3.03186327E-02   2.85372343E-02   2.87342612E-02   2.82529034E-02   2.72792187E-02   2.60832328E-02   2.60201599E-02   2.59380732E-02   2.57205386E-02   2.43784990E-02   2.42600162E-02   2.25479472E-02   2.41165273E-02   2.38240622E-02   2.23054700E-02   2.22722366E-02   2.21888088E-02   2.15457454E-02   2.09278390E-02   2.07734816E-02   2.09982842E-02   1.97842903E-02   2.00049840E-02   1.93765685E-02   1.92615688E-02   2.20064856E-02   2.22482886E-02   2.09165290E-02   2.09890269E-02   2.10822579E-02   2.03572586E-02   2.00820304E-02   2.03209165E-02   1.97052117E-02   2.01199446E-02   2.00068541E-02   1.94551758E-02   1.97942406E-02   1.92491114E-02   1.95331797E-02   1.97402611E-02   1.98245812E-02   1.96601022E-02   1.89345796E-02   1.96091142E-02   1.88240260E-02   1.95402689E-02   1.98222864E-02   1.93118025E-02   2.03922968E-02   2.01769639E-02   1.99252963E-02   2.02182997E-02   2.04682164E-02   1.90610569E-02   1.96032245E-02   1.92089956E-02   1.72531959E-02   1.76486615E-02   1.67784952E-02   1.35506252E-02   1.37582822E-02   1.10850325E-02   9.52737965E-03   8.20818450E-03   5.76861762E-03   5.39330859E-03   8.62040557E-03   9.21535958E-03  -6.45258054E-02  -6.95205927E-02  -7.02210665E-02  -7.32751340E-02  -7.48614073E-02  -7.58383945E-02  -999.000000      -999.000000      -999.000000      -7.47623593E-02  -7.24027604E-02  -7.09306672E-02  -6.88986331E-02  -6.73007667E-02  -6.68957904E-02  -6.43133000E-02  -6.26140386E-02  -6.02219440E-02  -5.70392646E-02  -5.49296290E-02  -5.20716906E-02  -4.90667149E-02  -4.71345261E-02  -4.40237410E-02  -4.16953601E-02  -3.98537070E-02  -3.80808562E-02  -3.57516371E-02  -3.36672403E-02  -3.20567451E-02  -3.05840857E-02  -2.84982696E-02  -2.69116014E-02  -2.52485201E-02  -2.40538605E-02  -2.28760540E-02  -2.14903951E-02  -1.98185183E-02  -1.90740265E-02  -1.73255429E-02  -1.56740844E-02  -1.52752101E-02  -1.38537437E-02  -1.22380182E-02  -1.10705495E-02  -1.04530007E-02  -9.67952609E-03  -9.28692520E-03  -8.54924321E-03  -7.94098526E-03  -7.02542067E-03  -5.91448694E-03  -4.70148772E-03  -3.39728594E-03  -2.34973431E-03  -1.09576434E-03  -4.10608947E-04   7.86751509E-04   1.97118521E-03   3.05687636E-03   3.84617597E-03   4.95816767E-03   5.38957119E-03   5.72299957E-03   6.85113668E-03   7.53895938E-03   8.53754580E-03   9.04543698E-03   9.63312387E-03   1.03427991E-02   1.03842989E-02   9.47718322E-03   1.00645274E-02   9.72862542E-03   9.32336599E-03   9.11054760E-03   8.89850408E-03   5.78323007E-03   4.00768965E-03   1.70938671E-04  -3.47624719E-03  -6.48559630E-03  -1.14280581E-02  -1.43151432E-02  -1.59396492E-02  -1.75486356E-02  -1.68050602E-02
         926   6.38700008     10:32:26.135   6.44968972E-02   4.85454910E-02   5.47017008E-02   5.53094372E-02   5.01426607E-02   4.88589369E-02   4.69437838E-02   4.93222475E-02   4.43067439E-02   4.45972569E-02   4.32792120E-02   4.27261256E-02   3.98574919E-02   3.93673927E-02   3.83495279E-02   3.69169302E-02   3.62412073E-02   3.46001722E-02   3.43086347E-02   3.33872251E-02   3.21742594E-02   3.20228934E-02   3.13092098E-02   3.13132145E-02   3.17601487E-02   3.04780565E-02   2.96905283E-02   3.00184842E-02   2.94499956E-02   2.99079251E-02   2.93665081E-02   2.80440375E-02   2.85554565E-02   2.75022238E-02   2.71887891E-02   2.67657377E-02   2.70078294E-02   2.64834743E-02   2.52982769E-02   2.54642814E-02   2.50449739E-02   2.51665618E-02   2.49015559E-02   2.36664694E-02   2.36682519E-02   2.36564670E-02   2.24489421E-02   2.29121447E-02   2.20071021E-02   2.12018359E-02   2.10807063E-02   2.09250171E-02   2.05097720E-02   2.06067096E-02   2.02050731E-02   2.04241686E-02   2.06490699E-02   2.06631590E-02   2.04102620E-02   1.99945904E-02   1.99101102E-02   1.96245722E-02   1.95390992E-02   1.97339952E-02   1.94502342E-02   2.00822577E-02   1.96817890E-02   1.94422994E-02   1.99169647E-02   1.89852975E-02   1.91082861E-02   1.92481838E-02   1.76209863E-02   1.94430985E-02   1.80287939E-02   1.65528860E-02   1.70081966E-02   1.32478587E-02   1.25997905E-02   1.03871711E-02   8.99363868E-03   7.80562265E-03   3.03604687E-03   3.48627893E-03   4.35073301E-03   8.17712164E-04   3.13268136E-03  -6.74007535E-02  -6.97655156E-02  -7.25860000E-02  -7.49500468E-02  -7.66463503E-02  -7.70933256E-02  -999.000000      -999.000000      -7.65494928E-02  -7.57872909E-02  -7.39876777E-02  -7.24755898E-02  -7.07235634E-02  -6.87656850E-02  -6.73807114E-02  -6.55782223E-02  -6.29889667E-02  -6.10768683E-02  -5.88641949E-02  -5.57545573E-02  -5.29766306E-02  -5.00316396E-02  -4.75094616E-02  -4.49086651E-02  -4.26802859E-02  -4.03186269E-02  -3.82257849E-02  -3.56765799E-02  -3.49021740E-02  -3.22717018E-02  -3.02390382E-02  -2.90132128E-02  -2.76865363E-02  -2.61334516E-02  -2.46887952E-02  -2.29109973E-02  -2.15753280E-02  -2.06434615E-02  -1.89389624E-02  -1.77204758E-02  -1.64090134E-02  -1.54401474E-02  -1.40186772E-02  -1.41229779E-02  -1.31355077E-02  -1.25479773E-02  -1.19345412E-02  -1.10119581E-02  -1.01643205E-02  -9.80611891E-03  -8.66056234E-03  -7.75962323E-03  -6.51658326E-03  -5.15236706E-03  -4.40478325E-03  -3.77076119E-03  -2.07557529E-03  -1.14820898E-03   8.62479210E-05   9.01944935E-04   1.69125944E-03   2.95325369E-03   3.66462767E-03   4.30805236E-03   4.75617498E-03   5.55401295E-03   6.33259863E-03   7.07051158E-03   7.69820064E-03   7.90788233E-03   8.41937214E-03   8.35222006E-03   8.40952992E-03   8.38358700E-03   7.70828128E-03   8.18534940E-03   6.70316815E-03   6.45772368E-03   3.17201018E-03  -8.05035233E-04  -2.64250487E-03  -6.18220866E-03  -1.04049593E-02  -1.29122958E-02  -1.73170529E-02  -1.76662132E-02  -1.61226951E-02
         927   6.53000021     10:32:26.384   7.38969222E-02   4.42955196E-02   5.01616895E-02   5.75594604E-02   4.85426709E-02   4.69889380E-02   4.75537851E-02   5.01822308E-02   4.38067205E-02   4.36872430E-02   4.05492000E-02   4.26461287E-02   3.73774841E-02   3.74674052E-02   3.69195156E-02   3.46469097E-02   3.43512110E-02   3.32301743E-02   3.17986235E-02   3.08272224E-02   2.98442543E-02   3.01328842E-02   2.88992040E-02   2.89932135E-02   2.83401571E-02   2.79580578E-02   2.71305311E-02   2.66884919E-02   2.67600119E-02   2.51979399E-02   2.55865194E-02   2.49140523E-02   2.41254605E-02   2.45222300E-02   2.41688006E-02   2.36057416E-02   2.27678344E-02   2.27134768E-02   2.19682809E-02   2.12242864E-02   2.17849724E-02   2.05465611E-02   2.08315607E-02   1.79664809E-02   1.84682794E-02   1.77065171E-02   1.68890134E-02   1.67422462E-02   1.64472423E-02   1.51220206E-02   1.56009123E-02   1.54252173E-02   1.55799435E-02   1.56068588E-02   1.49651766E-02   1.41942436E-02   1.51691139E-02   1.48531822E-02   1.49002662E-02   1.38845816E-02   1.48901027E-02   1.46645773E-02   1.42291114E-02   1.45040238E-02   1.41802672E-02   1.41322808E-02   1.41717978E-02   1.38122905E-02   1.45569500E-02   1.41852824E-02   1.43082794E-02   1.39781926E-02   1.35710277E-02   1.37131922E-02   1.22989584E-02   1.20131560E-02   1.05686178E-02   1.02484496E-02   7.99057912E-03   6.30823337E-03   5.66498656E-03   1.59733370E-03  -999.000000       1.20858522E-03  -999.000000      -999.000000       7.35403039E-04  -6.63977489E-02  -6.75425231E-02  -7.00330138E-02  -7.29970783E-02  -7.39533603E-02  -7.50903562E-02  -999.000000      -7.68725276E-02  -7.65165165E-02  -7.60043114E-02  -7.42747039E-02  -7.25026205E-02  -7.20505863E-02  -6.90427199E-02  -6.83977380E-02  -6.64952472E-02  -6.38759881E-02  -6.17138967E-02  -5.90212271E-02  -5.56715764E-02  -5.36136553E-02  -4.98986766E-02  -4.81164902E-02  -4.53457013E-02  -4.33873162E-02  -4.09856625E-02  -3.88028100E-02  -3.70135941E-02  -3.51591967E-02  -3.32487114E-02  -3.11060473E-02  -2.94402204E-02  -2.82935575E-02  -2.66304724E-02  -2.53058150E-02  -2.36780122E-02  -2.29723491E-02  -2.12304704E-02  -2.03159861E-02  -1.93975121E-02  -1.78660341E-02  -1.62471794E-02  -1.50557086E-02  -1.23699829E-02  -1.14625171E-02  -1.13249496E-02  -9.69149172E-03  -9.70888883E-03  -8.60121846E-03  -8.49295408E-03  -7.27737695E-03  -6.22642785E-03  -5.24342805E-03  -4.08923626E-03  -3.44169140E-03  -1.80770457E-03  -6.52551651E-04  -1.25199556E-04   1.16923451E-03   2.34491378E-03   2.82422453E-03   3.82621586E-03   4.51761484E-03   5.09104133E-03   6.12918288E-03   6.85700774E-03   7.77558237E-03   8.73347372E-03   8.75116885E-03   9.13082808E-03   9.67233628E-03   9.25520808E-03   9.35253501E-03   1.01666301E-02   8.42139125E-03   8.15854967E-03   7.69651681E-03   5.57122380E-03   4.52569872E-03   7.68929720E-04  -4.73826379E-03  -6.12760335E-03  -1.18600577E-02  -1.46571323E-02  -1.53116174E-02  -2.03905813E-02  -1.66169964E-02
         928   6.67700005     10:32:26.633   6.02869280E-02   4.82554808E-02   5.53416982E-02   5.55794612E-02   5.25326692E-02   5.23489453E-02   5.30337803E-02   5.41722514E-02   4.82767373E-02   4.81872410E-02   4.72591855E-02   4.37861197E-02   4.12775017E-02   4.16573957E-02   4.05495092E-02   3.96569110E-02   3.89712080E-02   3.84401642E-02   3.73486280E-02   3.72372195E-02   3.59142534E-02   3.58328857E-02   3.43792066E-02   3.44132110E-02   3.42701450E-02   3.37680541E-02   3.28405350E-02   3.26284952E-02   3.18600088E-02   3.18779387E-02   3.08265239E-02   3.06440517E-02   3.08454670E-02   3.00422292E-02   2.99987942E-02   2.98857372E-02   2.95478310E-02   2.91034728E-02   2.90282760E-02   2.80042812E-02   2.76849717E-02   2.75165532E-02   2.74215601E-02   2.76264828E-02   2.71482877E-02   2.68665329E-02   2.59390492E-02   2.51322947E-02   2.54873130E-02   2.47721076E-02   2.44410113E-02   2.41553150E-02   2.41500344E-02   2.39769295E-02   2.34152339E-02   2.29442846E-02   2.34591421E-02   2.33531985E-02   2.33102683E-02   2.32945811E-02   2.28700992E-02   2.25245748E-02   2.28591189E-02   2.25140359E-02   2.18702797E-02   2.33722925E-02   2.39217989E-02   2.31422838E-02   2.35469360E-02   2.27752645E-02   2.20382661E-02   2.24481821E-02   2.15010345E-02   2.19732225E-02   2.14890223E-02   1.97132714E-02   2.00588070E-02   1.82087235E-02   1.67809539E-02   1.47187468E-02   1.20956423E-02   1.18181715E-02   8.20918474E-03   5.62972948E-03   8.52459110E-03   8.35179538E-03   4.97679971E-03  -6.67042211E-02  -6.93090111E-02  -7.19294995E-02  -7.35935569E-02  -7.49098584E-02  -7.60268569E-02  -7.78485984E-02  -7.75290206E-02  -7.71030188E-02  -7.50908107E-02  -7.41112083E-02  -7.26791099E-02  -7.05770850E-02  -6.93892092E-02  -6.72142431E-02  -6.54717535E-02  -6.38224930E-02  -6.07503876E-02  -5.87377176E-02  -5.60980737E-02  -5.32901511E-02  -5.05651608E-02  -4.85329777E-02  -4.47121896E-02  -4.29838225E-02  -4.09221500E-02  -3.90293002E-02  -3.61000896E-02  -3.45356800E-02  -3.26952040E-02  -3.15825380E-02  -2.97667161E-02  -2.81600468E-02  -2.70169750E-02  -2.53523178E-02  -2.42345110E-02  -2.25688554E-02  -2.16369703E-02  -2.04324797E-02  -1.92239992E-02  -1.81525387E-02  -1.67036764E-02  -1.51622072E-02  -1.45464838E-02  -1.42089948E-02  -1.29914358E-02  -1.23879537E-02  -1.17453411E-02  -1.12876520E-02  -1.01193786E-02  -9.25378501E-03  -8.30283761E-03  -7.77983665E-03  -6.25564903E-03  -5.24812192E-03  -3.34416330E-03  -2.24902481E-03  -1.54168159E-03  -6.67251647E-04   4.48428094E-04   1.17772073E-03   2.16972083E-03   3.11113149E-03   3.67456675E-03   4.76270914E-03   5.90053201E-03   6.46910071E-03   7.76698440E-03   7.74466246E-03   8.23432207E-03   8.76582414E-03   8.38869810E-03   8.49605352E-03   8.83016735E-03   8.47493857E-03   7.63215870E-03   6.55016303E-03   6.26497716E-03   2.87953019E-03   1.13289803E-03  -3.41413915E-03  -6.86330348E-03  -1.18355975E-02  -1.37625411E-02  -1.67468749E-02  -1.78657323E-02  -1.69620961E-02
         929   6.82499981     10:32:26.880   4.77669127E-02   5.42254820E-02   5.51017299E-02   4.85194698E-02   5.18926643E-02   5.01889326E-02   5.10437936E-02   4.86922339E-02   4.74767275E-02   4.64872606E-02   4.40692082E-02   4.02461141E-02   4.03575078E-02   3.86273973E-02   3.83295082E-02   3.70669141E-02   3.63912098E-02   3.54901701E-02   3.43086310E-02   3.37572210E-02   3.23642492E-02   3.26828882E-02   3.15892063E-02   3.11232153E-02   3.08701508E-02   3.01780570E-02   3.00805382E-02   2.93784980E-02   2.94500124E-02   2.81879473E-02   2.82865278E-02   2.74940617E-02   2.73354650E-02   2.70522330E-02   2.70488001E-02   2.61757392E-02   2.60478351E-02   2.49634795E-02   2.56082769E-02   2.48442851E-02   2.51249783E-02   2.40665581E-02   2.35715657E-02   2.07364876E-02   2.04282943E-02   1.98965427E-02   1.99790522E-02   1.91722978E-02   1.88573170E-02   1.79321133E-02   1.77910160E-02   1.76553149E-02   1.79000329E-02   1.78269260E-02   1.78852323E-02   1.77842826E-02   1.82891376E-02   1.77231953E-02   1.68202668E-02   1.72645804E-02   1.68201011E-02   1.71445757E-02   1.71191227E-02   1.68340392E-02   1.65702812E-02   1.73122939E-02   1.65517982E-02   1.66222863E-02   1.69569403E-02   1.71852726E-02   1.66582745E-02   1.61681939E-02   1.60710495E-02   1.69232357E-02   1.46590425E-02   1.48732914E-02   1.35588301E-02   1.13987466E-02   1.07209776E-02   8.51877034E-03   8.05566832E-03   3.25819757E-03   1.73921138E-03   2.69974489E-03  -999.000000      -999.000000       7.36776739E-04  -6.62822723E-02  -6.99270442E-02  -7.01075196E-02  -7.27915987E-02  -7.42878690E-02  -7.52048716E-02  -7.73766115E-02  -7.67570436E-02  -7.61110410E-02  -7.47888237E-02  -7.36392364E-02  -7.23371357E-02  -7.17651099E-02  -6.93972483E-02  -6.83022663E-02  -6.62897825E-02  -6.37105107E-02  -6.13184199E-02  -5.90757355E-02  -5.64460941E-02  -5.36881760E-02  -5.03831878E-02  -4.83810008E-02  -4.63202037E-02  -4.30518314E-02  -4.11301702E-02  -3.89873274E-02  -3.69481146E-02  -3.53737064E-02  -3.36332321E-02  -3.17605622E-02  -3.02047357E-02  -2.87680626E-02  -2.74849907E-02  -2.56303288E-02  -2.39225402E-02  -2.29768641E-02  -2.14550011E-02  -2.07805000E-02  -1.92120187E-02  -1.76105537E-02  -1.64516978E-02  -1.56102255E-02  -1.38745010E-02  -1.33670196E-02  -1.30894482E-02  -1.18559822E-02  -1.11233443E-02  -1.03456602E-02  -9.52740014E-03  -9.14180279E-03  -8.50085914E-03  -6.97785616E-03  -4.94368374E-03  -5.25614619E-03  -3.46218050E-03  -2.21704692E-03  -1.28971040E-03  -2.45288014E-04   8.20398331E-04   2.04970688E-03   2.61169672E-03   3.44311446E-03   4.19653952E-03   4.79467958E-03   5.99250197E-03   6.99107349E-03   7.42896646E-03   8.61663371E-03   8.32630694E-03   9.26780701E-03   9.00068134E-03   9.29804146E-03   8.78215581E-03   8.39693099E-03   7.33415037E-03   7.06217438E-03   5.37697226E-03   4.41152602E-03  -2.75090337E-04  -3.36214155E-03  -6.15128875E-03  -1.01436228E-02  -1.38605312E-02  -1.51848868E-02  -1.61337629E-02  -1.58501305E-02
         930   6.98099995     10:32:27.140   5.81868477E-02   4.39854972E-02   5.96116967E-02   5.10394238E-02   5.00426479E-02   4.91589308E-02   5.14137745E-02   4.70922329E-02   4.52067479E-02   4.38972637E-02   4.35491949E-02   4.03361320E-02   3.72975059E-02   3.94174047E-02   3.53195295E-02   3.49869207E-02   3.39812115E-02   3.43601778E-02   3.22586447E-02   3.11772246E-02   3.20142545E-02   3.05129029E-02   3.05392109E-02   2.95632128E-02   2.94201486E-02   2.88380608E-02   2.84605306E-02   2.78084893E-02   2.64800042E-02   2.85479296E-02   2.61765085E-02   2.57640444E-02   2.60354578E-02   2.49622278E-02   2.54187956E-02   2.47157365E-02   2.45678350E-02   2.44634785E-02   2.37082765E-02   2.36242823E-02   2.31049806E-02   2.25865636E-02   2.27915626E-02   2.11364739E-02   2.05182564E-02   2.05264762E-02   2.03689467E-02   1.97121482E-02   1.90071091E-02   1.85818411E-02   1.83007121E-02   1.83450151E-02   1.82297658E-02   1.81567110E-02   1.77450720E-02   1.74541660E-02   1.79590695E-02   1.75331570E-02   1.75302606E-02   1.75945889E-02   1.70601103E-02   1.70045756E-02   1.69990994E-02   1.65039971E-02   1.71002354E-02   1.62522588E-02   1.76717937E-02   1.64923016E-02   1.74069703E-02   1.66053027E-02   1.70782954E-02   1.60381980E-02   1.57709997E-02   1.61531158E-02   1.51188131E-02   1.48729049E-02   1.36982193E-02   1.27278809E-02   1.13598136E-02   8.31719395E-03   8.10366031E-03   4.41564666E-03   3.03606689E-03   1.11629488E-03   9.07352660E-05   2.63770577E-03   1.29266083E-03  -6.66547865E-02  -6.80395588E-02  -7.01200217E-02  -7.28440881E-02  -7.45403841E-02  -7.60273784E-02  -7.76291266E-02  -7.64495432E-02  -7.62935355E-02  -7.52413124E-02  -7.33017251E-02  -7.28496239E-02  -7.07575977E-02  -6.85897246E-02  -6.77647516E-02  -6.48022667E-02  -6.35930002E-02  -6.05108961E-02  -5.82182333E-02  -5.58085740E-02  -5.32806590E-02  -5.01756743E-02  -4.79734838E-02  -4.51726988E-02  -4.28043269E-02  -4.07026634E-02  -3.87198180E-02  -3.69106047E-02  -3.48962136E-02  -3.28857340E-02  -3.14230733E-02  -2.97772549E-02  -2.80205607E-02  -2.71974839E-02  -2.54328288E-02  -2.38650292E-02  -2.33193599E-02  -2.10674889E-02  -2.01429911E-02  -1.92045122E-02  -1.80930384E-02  -1.60341822E-02  -1.52627155E-02  -1.37669966E-02  -1.28395408E-02  -1.27520040E-02  -1.20385662E-02  -1.14059895E-02  -1.01983547E-02  -9.65014100E-03  -8.95459205E-03  -7.87365437E-03  -6.75062835E-03  -5.61640412E-03  -4.52882797E-03  -3.14480066E-03  -2.43961811E-03  -1.01224333E-03  -4.77775931E-04   9.67912376E-04   1.67723000E-03   2.95921415E-03   2.97059864E-03   4.30400670E-03   5.30213863E-03   6.11997396E-03   7.12855905E-03   7.50647485E-03   8.27416033E-03   8.38386267E-03   9.30534303E-03   8.95819813E-03   8.72552395E-03   9.70956683E-03   8.57426226E-03   7.88133591E-03   7.04915822E-03   5.95371425E-03   3.75799835E-03   5.00969589E-04  -2.65650451E-03  -7.55620748E-03  -9.76897776E-03  -1.39962956E-02  -1.76610984E-02  -1.78602450E-02  -1.52067393E-02
         931   7.13700008     10:32:27.389   4.95168678E-02   5.17854728E-02   5.47716767E-02   4.82794270E-02   4.99926694E-02   4.85289432E-02   4.81637679E-02   4.38822284E-02   4.51067388E-02   4.33272719E-02   4.14092205E-02   3.81861404E-02   3.82875130E-02   3.65574025E-02   3.49695385E-02   3.43969390E-02   3.35812271E-02   3.22601832E-02   3.14486399E-02   3.05472407E-02   3.03442609E-02   2.88028978E-02   2.90992167E-02   2.83132214E-02   2.83601638E-02   2.70980671E-02   2.79105343E-02   2.69884989E-02   2.56800111E-02   2.59679295E-02   2.51765158E-02   2.44340412E-02   2.51354612E-02   2.41422299E-02   2.37188023E-02   2.35357415E-02   2.31578406E-02   2.31034849E-02   2.24982873E-02   2.18542926E-02   2.15449855E-02   2.20465772E-02   2.12215688E-02   2.01064795E-02   1.97282527E-02   2.01264638E-02   1.97489206E-02   1.90921053E-02   1.86170451E-02   1.79217551E-02   1.79906115E-02   1.74249187E-02   1.72596797E-02   1.75966360E-02   1.69350076E-02   1.71041265E-02   1.70790404E-02   1.68031435E-02   1.71902571E-02   1.61745921E-02   1.67001132E-02   1.60145741E-02   1.57590937E-02   1.59639884E-02   1.62402261E-02   1.61922500E-02   1.63917970E-02   1.59623101E-02   1.54369920E-02   1.59453265E-02   1.54683180E-02   1.63082164E-02   1.61210094E-02   1.42031023E-02   1.44787682E-02   1.35828108E-02   1.19980536E-02   1.23676322E-02   8.35946854E-03   1.05967131E-02   5.06304344E-03   4.36484534E-03   4.33506491E-03   1.95518648E-03  -999.000000       2.76634633E-03   2.39126943E-03  -6.72503039E-02  -6.84851035E-02  -7.03255683E-02  -7.32296407E-02  -7.42459074E-02  -7.52628818E-02  -7.78646544E-02  -7.58150741E-02  -7.61990547E-02  -7.66368434E-02  -7.30772391E-02  -7.26051405E-02  -7.09131062E-02  -6.94852397E-02  -6.88902661E-02  -6.56177774E-02  -6.37185127E-02  -6.17964193E-02  -5.93237504E-02  -5.62541075E-02  -5.37061803E-02  -5.04211858E-02  -4.84090000E-02  -4.56082225E-02  -4.30498384E-02  -4.14481871E-02  -3.97553481E-02  -3.72161269E-02  -3.57517265E-02  -3.36512551E-02  -3.19985896E-02  -2.97227688E-02  -2.86860876E-02  -2.70830058E-02  -2.57583484E-02  -2.43805498E-02  -2.26848871E-02  -2.12930031E-02  -2.00385191E-02  -1.89300366E-02  -1.79885700E-02  -1.67696998E-02  -1.52882263E-02  -1.42625123E-02  -1.36350617E-02  -1.29375458E-02  -1.23841017E-02  -1.12915486E-02  -1.03839412E-02  -1.06457397E-02  -9.43021476E-03  -8.30926746E-03  -6.98623806E-03  -6.00200146E-03  -4.76440042E-03  -3.29038501E-03  -2.18518078E-03  -1.49779022E-03   5.66914678E-05   6.92404807E-04   1.96170062E-03   2.85369158E-03   3.28506529E-03   4.45847213E-03   5.17661124E-03   5.52444160E-03   7.14303553E-03   7.28096068E-03   8.80866498E-03   8.27836245E-03   9.02985036E-03   8.86269659E-03   7.90999830E-03   9.17404890E-03   8.23870301E-03   8.31574202E-03   7.50350207E-03   5.58798760E-03   2.94215977E-03   6.65009022E-04  -2.92261690E-03  -6.27251714E-03  -1.03453845E-02  -1.40928775E-02  -1.54378191E-02  -1.74370892E-02  -1.54136382E-02
         932   7.29799986     10:32:27.639   5.40468507E-02   5.23254648E-02   5.14416546E-02   5.03793992E-02   4.83526364E-02   4.64789197E-02   4.77637760E-02   4.43922244E-02   4.21467386E-02   4.14472781E-02   3.99892256E-02   3.71761471E-02   3.62175107E-02   3.65874134E-02   3.38395424E-02   3.28669511E-02   3.17512341E-02   3.07701845E-02   3.03986445E-02   2.93672290E-02   2.93142591E-02   2.79529057E-02   2.78292131E-02   2.76332144E-02   2.77801584E-02   2.66080629E-02   2.68505197E-02   2.66084783E-02   2.54099909E-02   2.60479115E-02   2.56764870E-02   2.50740256E-02   2.53554452E-02   2.45222189E-02   2.41687894E-02   2.38257311E-02   2.36678310E-02   2.37734765E-02   2.37182826E-02   2.33142860E-02   2.30349787E-02   2.25065723E-02   2.20015608E-02   2.69164499E-02   2.67482121E-02   2.61563864E-02   2.59288009E-02   2.49719396E-02   2.42068265E-02   2.41614822E-02   2.34803054E-02   2.36446206E-02   2.32894160E-02   2.32664254E-02   2.30448507E-02   2.25040130E-02   2.23889761E-02   2.18831096E-02   2.22302489E-02   2.17445996E-02   2.16301270E-02   2.12445725E-02   2.14590691E-02   2.07439419E-02   2.11901776E-02   2.09522136E-02   2.07517836E-02   2.13023238E-02   2.09870078E-02   2.02753413E-02   2.10083239E-02   1.98581964E-02   1.99109297E-02   1.82529464E-02   1.84785053E-02   1.92123875E-02   1.80074032E-02   1.48367267E-02   1.48082655E-02   1.16151012E-02   1.07710026E-02   1.06822643E-02   4.33190074E-03   7.99172651E-03   5.95562998E-03  -999.000000       1.06872218E-02  -6.57308027E-02  -6.84855878E-02  -7.09260553E-02  -7.25900978E-02  -7.47163743E-02  -7.56233782E-02  -7.64151141E-02  -7.80055448E-02  -7.58595243E-02  -7.48573020E-02  -7.41076991E-02  -7.18355998E-02  -7.07735717E-02  -6.94557130E-02  -6.77307323E-02  -6.57482296E-02  -6.45389706E-02  -6.21468835E-02  -5.97042106E-02  -5.63545600E-02  -5.40766418E-02  -5.18016666E-02  -4.83094677E-02  -4.70186993E-02  -4.46703173E-02  -4.12086584E-02  -4.00358178E-02  -3.76065969E-02  -3.60122211E-02  -3.45717408E-02  -3.26690786E-02  -3.06832641E-02  -2.90465802E-02  -2.75634937E-02  -2.62388363E-02  -2.49410272E-02  -2.32353657E-02  -2.23934837E-02  -2.09689923E-02  -1.92404948E-02  -1.89790279E-02  -1.73601657E-02  -1.54587030E-02  -1.45530030E-02  -1.36855766E-02  -1.33580714E-02  -1.24546736E-02  -1.12021640E-02  -1.06346086E-02  -1.02964565E-02  -9.05098021E-03  -8.00003856E-03  -7.13697076E-03  -5.73270023E-03  -4.60503250E-03  -3.32096964E-03  -2.26570666E-03  -9.38288867E-04   1.56208873E-04   8.91923904E-04   2.07125396E-03   3.07322294E-03   3.80458683E-03   4.52797115E-03   5.43609262E-03   6.34393096E-03   7.22255558E-03   8.01049918E-03   8.49821419E-03   7.92790949E-03   9.08938050E-03   8.55221599E-03   8.80947709E-03   9.15344059E-03   8.56801867E-03   7.71489739E-03   6.96247071E-03   5.90672344E-03   3.34061682E-03   1.13305449E-03  -2.88499147E-03  -7.49542564E-03  -1.13087445E-02  -1.44366324E-02  -1.75119750E-02  -1.83615498E-02  -1.67481750E-02
         933   7.46099997     10:32:27.888   5.12468331E-02   4.70253937E-02   5.18216118E-02   4.67094071E-02   4.73926365E-02   4.55689318E-02   4.67337631E-02   4.47422192E-02   4.30367254E-02   4.10172604E-02   3.99592184E-02   3.80761549E-02   3.40475179E-02   3.68474126E-02   3.39195356E-02   3.32869478E-02   3.13112400E-02   3.08501907E-02   3.02986447E-02   2.93672290E-02   2.89242659E-02   2.81529110E-02   2.73592137E-02   2.69432142E-02   2.72801481E-02   2.63080504E-02   2.65605114E-02   2.64184624E-02   2.42399741E-02   2.54478902E-02   2.48564724E-02   2.37140078E-02   2.48154383E-02   2.36922074E-02   2.38687750E-02   2.36057304E-02   2.28478201E-02   2.25734636E-02   2.20382791E-02   2.24742834E-02   2.20949836E-02   2.21165717E-02   2.17815526E-02   2.20764372E-02   2.22481713E-02   2.27163136E-02   2.16086935E-02   2.14617811E-02   2.02966109E-02   2.00212114E-02   1.97700001E-02   1.93043221E-02   1.96691528E-02   1.92262121E-02   1.93346906E-02   1.95438992E-02   1.92489047E-02   1.98030733E-02   1.89702436E-02   1.92546099E-02   1.90801397E-02   1.84545703E-02   1.89690422E-02   1.83538981E-02   1.87701322E-02   1.98221784E-02   1.84717737E-02   1.93323344E-02   1.92070324E-02   1.90253668E-02   1.93183348E-02   1.93381887E-02   1.86508652E-02   1.89328119E-02   1.82082579E-02   1.73519813E-02   1.70967709E-02   1.46658374E-02   1.31570781E-02   1.21235009E-02   9.48897563E-03   8.33969098E-03   6.23873714E-03   4.86826291E-03   4.52176947E-03   4.98823123E-03   6.25312515E-03  -6.47792965E-02  -6.95240721E-02  -7.09545314E-02  -7.30185807E-02  -7.51148611E-02  -7.59818405E-02  -7.77335986E-02  -7.74040148E-02  -7.63779730E-02  -7.57157505E-02  -7.46361613E-02  -7.34240487E-02  -7.19520152E-02  -7.00241625E-02  -6.88091740E-02  -6.65466785E-02  -6.46374226E-02  -6.27153367E-02  -6.02626652E-02  -5.69230132E-02  -5.43951020E-02  -5.13701178E-02  -4.88579273E-02  -4.68071587E-02  -4.45087664E-02  -4.19771075E-02  -3.98342796E-02  -3.74450684E-02  -3.57806943E-02  -3.36902142E-02  -3.23375538E-02  -3.06917392E-02  -2.89150402E-02  -2.73619555E-02  -2.65372917E-02  -2.47394852E-02  -2.36338191E-02  -2.19719410E-02  -2.01974511E-02  -1.89789608E-02  -1.81374922E-02  -1.66386291E-02  -1.55671462E-02  -1.47214681E-02  -1.40840560E-02  -1.37466043E-02  -1.22032389E-02  -1.18507743E-02  -1.06832683E-02  -1.02851763E-02  -9.72973555E-03  -8.20879638E-03  -7.43570924E-03  -5.82138449E-03  -5.12366742E-03  -3.88955325E-03  -2.69424915E-03  -1.68678164E-03  -4.52250242E-04   8.83474946E-04   1.31281465E-03   2.73477286E-03   3.22611630E-03   3.91948223E-03   4.95758653E-03   6.10543787E-03   7.04409182E-03   7.51204044E-03   7.95979053E-03   7.95947760E-03   8.49094242E-03   9.03376192E-03   8.17097723E-03   8.62488151E-03   8.00935179E-03   8.14609975E-03   6.64345920E-03   5.86748868E-03   2.85109133E-03   1.08312815E-03  -2.76535749E-03  -7.03635812E-03  -1.07801035E-02  -1.38783827E-02  -1.60641596E-02  -1.68840177E-02  -1.42307281E-02
         934   7.61999989     10:32:28.133   5.57867996E-02   4.47754338E-02   4.91716489E-02   4.90894206E-02   4.68626320E-02   4.59089167E-02   4.50337455E-02   4.53322157E-02   4.26367447E-02   4.09072563E-02   3.85191962E-02   3.83361466E-02   3.46175134E-02   3.46074067E-02   3.38195451E-02   3.21369469E-02   3.12212314E-02   3.12101841E-02   3.02086379E-02   2.90872324E-02   2.85542645E-02   2.84328982E-02   2.73592081E-02   2.70532109E-02   2.69901510E-02   2.62180418E-02   2.51205117E-02   2.64184587E-02   2.48799659E-02   2.47678868E-02   2.44464707E-02   2.32539978E-02   2.39054356E-02   2.35522073E-02   2.23087762E-02   2.25757211E-02   2.22578198E-02   2.20434628E-02   2.18982697E-02   2.13142764E-02   2.10049823E-02   2.11765636E-02   2.03615483E-02   2.26364341E-02   2.24081688E-02   2.26363037E-02   2.17586830E-02   2.07817759E-02   2.08966006E-02   2.05912068E-02   2.00599972E-02   2.00743247E-02   1.94491539E-02   1.99762117E-02   1.95246898E-02   2.00038999E-02   1.98489092E-02   1.94730740E-02   1.94302443E-02   1.94946080E-02   1.90801397E-02   1.89145673E-02   1.84090398E-02   1.83138978E-02   1.81701314E-02   1.93721764E-02   1.99217740E-02   1.88023299E-02   1.95370279E-02   1.92153603E-02   1.98883247E-02   1.98281761E-02   1.92108527E-02   1.90127939E-02   1.87482387E-02   1.77319609E-02   1.71467476E-02   1.73058175E-02   1.40170557E-02   1.47734769E-02   1.06389495E-02   8.95966776E-03   7.56871328E-03   4.91824839E-03   7.08176102E-03   4.69824020E-03   6.99314661E-03  -6.55072704E-02  -6.87020570E-02  -7.01025054E-02  -7.24965483E-02  -7.39128366E-02  -7.58498088E-02  -7.64315575E-02  -7.60419741E-02  -7.61359483E-02  -7.61637241E-02  -7.36441389E-02  -7.24820122E-02  -7.07599893E-02  -6.94321319E-02  -6.80771470E-02  -6.62446544E-02  -6.38953969E-02  -6.22033104E-02  -5.90506420E-02  -5.66909909E-02  -5.39230704E-02  -5.06080911E-02  -4.83759120E-02  -4.55851182E-02  -4.37267460E-02  -4.06550840E-02  -3.92422639E-02  -3.73430476E-02  -3.51286568E-02  -3.30081806E-02  -3.16555351E-02  -2.99397111E-02  -2.79030204E-02  -2.67499238E-02  -2.49052644E-02  -2.37774588E-02  -2.23017931E-02  -2.10799202E-02  -1.99754313E-02  -1.87069327E-02  -1.75754689E-02  -1.61266066E-02  -1.55251324E-02  -1.37894526E-02  -1.22220293E-02  -1.17845759E-02  -1.12512186E-02  -1.05087385E-02  -9.69125330E-03  -9.19315219E-03  -7.80771673E-03  -7.03676790E-03  -5.49367815E-03  -4.14934009E-03  -3.48164141E-03  -2.30752677E-03  -1.59221888E-03  -7.47665763E-05   5.89773059E-04   1.98552012E-03   3.13483179E-03   3.81680578E-03   4.20814008E-03   5.29149920E-03   5.38960844E-03   7.85747170E-03   7.82611221E-03   8.30407441E-03   8.97180289E-03   9.32149589E-03   9.01296735E-03   9.67577845E-03   9.54298675E-03   8.71688873E-03   9.32136178E-03   8.09811056E-03   7.26547092E-03   6.14947826E-03   3.28309089E-03   3.95126641E-04  -2.63336301E-03  -7.19435513E-03  -1.19680986E-02  -1.40363723E-02  -1.69521198E-02  -1.62819959E-02  -1.34886876E-02
         935   7.76200008     10:32:28.381   5.71767725E-02   5.83154000E-02   6.53216392E-02   5.54293878E-02   5.91926277E-02   5.66589423E-02   5.89537583E-02   5.28822206E-02   5.22267520E-02   5.04772663E-02   4.89692129E-02   4.36461568E-02   4.31575291E-02   4.24374230E-02   3.98195572E-02   3.96669656E-02   3.88012417E-02   3.74101959E-02   3.61786522E-02   3.54872495E-02   3.46142650E-02   3.40129174E-02   3.40092219E-02   3.29532176E-02   3.25101651E-02   3.18180583E-02   3.16005237E-02   3.05684712E-02   3.10499780E-02   3.05878930E-02   2.96664722E-02   2.93840040E-02   2.87754405E-02   2.77822167E-02   2.85087861E-02   2.80957315E-02   2.75178272E-02   2.73634698E-02   2.75782831E-02   2.63842866E-02   2.68349908E-02   2.56265774E-02   2.56115589E-02   2.25564372E-02   2.24881656E-02   2.13862974E-02   2.13686675E-02   2.10017394E-02   2.05165427E-02   2.00111214E-02   1.91199053E-02   1.96542218E-02   1.93090588E-02   1.86261367E-02   1.93946306E-02   1.90038569E-02   1.89288780E-02   1.87430568E-02   1.89702399E-02   1.85746104E-02   1.87901445E-02   1.86545700E-02   1.85090397E-02   1.77138913E-02   1.86501220E-02   1.78521685E-02   1.92117784E-02   1.88823435E-02   1.77670494E-02   1.85953882E-02   1.78983547E-02   1.71582066E-02   1.86808743E-02   1.80127975E-02   1.56582128E-02   1.66418888E-02   1.43366056E-02   1.51055921E-02   1.08767338E-02   1.05930194E-02   8.93835351E-03   6.74889190E-03   3.02773528E-03   4.17715544E-03   4.50510299E-04   4.14687768E-03   3.85173503E-03  -6.76748455E-02  -7.02696219E-02  -7.15100914E-02  -7.42241293E-02  -7.52103925E-02  -7.52473772E-02  -7.79091492E-02  -7.78095573E-02  -7.61135295E-02  -7.71313012E-02  -7.49117061E-02  -7.32895806E-02  -7.27775618E-02  -6.99997023E-02  -6.91647232E-02  -6.68422133E-02  -6.46729693E-02  -6.27408773E-02  -5.97981997E-02  -5.71585596E-02  -5.48506528E-02  -5.15756495E-02  -4.90834750E-02  -4.70726974E-02  -4.37043123E-02  -4.15726453E-02  -3.96398231E-02  -3.76406088E-02  -3.57462354E-02  -3.37057635E-02  -3.21131013E-02  -3.05872709E-02  -2.88705975E-02  -2.74474919E-02  -2.54128389E-02  -2.42950357E-02  -2.33093649E-02  -2.16274895E-02  -2.02529915E-02  -1.96645036E-02  -1.81830302E-02  -1.62541643E-02  -1.56526938E-02  -1.48170218E-02  -1.35296136E-02  -1.30321532E-02  -1.21388063E-02  -1.17463470E-02  -1.08988807E-02  -1.01908073E-02  -9.58538800E-03  -8.27444345E-03  -7.12134689E-03  -5.46699762E-03  -4.91928309E-03  -3.70514393E-03  -2.40981579E-03  -1.46235526E-03   1.52185559E-04   1.16793066E-03   1.82726234E-03   2.49923021E-03   3.36055458E-03   4.30393219E-03   5.09203970E-03   6.02988899E-03   7.10854679E-03   7.51651078E-03   8.25425982E-03   8.45395774E-03   8.02542269E-03   8.63824040E-03   8.44543427E-03   8.98932666E-03   7.83377886E-03   8.25047493E-03   6.58778846E-03   5.27172536E-03   4.12523001E-03   7.14510679E-06  -2.50147283E-03  -6.90266490E-03  -1.04365572E-02  -1.34649724E-02  -1.54008940E-02  -1.73808709E-02  -1.41576603E-02
         936   7.86999989     10:32:28.630   5.92567809E-02   5.06954119E-02   4.43216041E-02   4.93593626E-02   4.62426171E-02   4.59389240E-02   4.04037423E-02   4.60822172E-02   4.28167544E-02   4.06272672E-02   3.85292172E-02   3.95361781E-02   3.83275226E-02   3.42874117E-02   3.60095464E-02   3.52869593E-02   3.32012288E-02   3.21401879E-02   3.18686478E-02   3.11072376E-02   3.04942671E-02   3.02129090E-02   2.95792017E-02   2.94732209E-02   2.92201433E-02   2.82480437E-02   2.79905107E-02   2.72284597E-02   2.82799657E-02   2.62278803E-02   2.63164621E-02   2.69539934E-02   2.56654304E-02   2.54021995E-02   2.56387740E-02   2.53057256E-02   2.44078189E-02   2.48134620E-02   2.48582773E-02   2.33842805E-02   2.31749825E-02   2.28865668E-02   2.34215483E-02   2.46964227E-02   2.46981513E-02   2.42062639E-02   2.33886149E-02   2.31416784E-02   2.25464609E-02   2.19410267E-02   2.19597947E-02   2.17241254E-02   2.14789771E-02   2.15760712E-02   2.15745829E-02   2.07738206E-02   2.10488588E-02   2.11430471E-02   2.10402384E-02   2.02046130E-02   2.06001475E-02   1.97845679E-02   1.93390250E-02   1.98738705E-02   1.96701027E-02   1.94621533E-02   2.11017709E-02   1.95523389E-02   1.94370486E-02   2.04353835E-02   1.84883401E-02   1.86981820E-02   1.90608259E-02   1.70427207E-02   2.00280957E-02   1.68317128E-02   1.44363539E-02   1.56352520E-02   1.12762973E-02   1.00824470E-02   9.98763740E-03   4.97799739E-03   5.61665464E-03   2.68597901E-03   6.29225979E-04   5.96554996E-03   3.49042937E-03  -6.53822869E-02  -7.08770975E-02  -7.14175329E-02  -7.37915784E-02  -7.48878419E-02  -7.54948258E-02  -7.79265910E-02  -7.68269971E-02  -7.70909563E-02  -7.55487382E-02  -7.30691478E-02  -7.28670284E-02  -7.13350102E-02  -6.92771450E-02  -6.82921559E-02  -6.57396615E-02  -6.36104122E-02  -6.14483282E-02  -5.84956482E-02  -5.53459972E-02  -5.34980893E-02  -4.97230962E-02  -4.77309152E-02  -4.54001427E-02  -4.23617549E-02  -4.02900986E-02  -3.82472761E-02  -3.60780656E-02  -3.43636833E-02  -3.22332121E-02  -3.11305486E-02  -2.95647234E-02  -2.74080411E-02  -2.65849493E-02  -2.43802890E-02  -2.34324709E-02  -2.21868083E-02  -2.09149234E-02  -2.01104395E-02  -1.85819454E-02  -1.69804692E-02  -1.62316114E-02  -1.49301440E-02  -1.53644681E-02  -1.42370611E-02  -1.38296187E-02  -1.32562891E-02  -1.21138543E-02  -1.15364045E-02  -1.06483400E-02  -9.68293101E-03  -8.75198841E-03  -7.02887028E-03  -6.31451607E-03  -5.29675931E-03  -3.78262252E-03  -2.33729184E-03  -1.28980726E-03  -3.95253301E-04   8.30501318E-04   1.78983063E-03   2.07178295E-03   3.47311050E-03   4.34646755E-03   5.28457016E-03   5.88243455E-03   6.88108057E-03   7.62906671E-03   7.96681643E-03   8.40651244E-03   8.59797001E-03   8.44077766E-03   8.35796446E-03   8.99181515E-03   7.08622485E-03   7.91288167E-03   7.53011554E-03   4.88398224E-03   3.62740457E-03   9.69171524E-04  -3.12960148E-03  -6.35095686E-03  -1.14749745E-02  -1.46835148E-02  -1.45795643E-02  -1.72396414E-02  -1.68864280E-02
         937   7.97900009     10:32:28.880   5.78767955E-02   4.60453965E-02   5.08016236E-02   5.21793664E-02   4.68626171E-02   4.56789248E-02   4.52637449E-02   4.62822169E-02   4.27967273E-02   4.28872667E-02   4.01792228E-02   4.12461832E-02   3.62175219E-02   3.77574153E-02   3.63095552E-02   3.43069620E-02   3.35512459E-02   3.24201956E-02   3.21686566E-02   3.04472353E-02   3.05042658E-02   3.02329082E-02   2.93892100E-02   2.87932195E-02   2.77501419E-02   2.80680414E-02   2.69305035E-02   2.71484461E-02   2.58599557E-02   2.57878676E-02   2.61564497E-02   2.51339842E-02   2.50454210E-02   2.47421991E-02   2.45387647E-02   2.45757215E-02   2.36778148E-02   2.30934620E-02   2.28782762E-02   2.26142760E-02   2.22549848E-02   2.21165717E-02   2.14615427E-02   2.11364124E-02   2.11481247E-02   1.98962186E-02   2.02885419E-02   1.93315689E-02   1.88563205E-02   1.88908484E-02   1.84995905E-02   1.80039275E-02   1.79587957E-02   1.78859271E-02   1.76244788E-02   1.72537435E-02   1.71088148E-02   1.75130256E-02   1.67402364E-02   1.67346187E-02   1.64001565E-02   1.60745680E-02   1.66290104E-02   1.55738443E-02   1.55400746E-02   1.70321297E-02   1.54817626E-02   1.63123496E-02   1.67770647E-02   1.47353988E-02   1.55083509E-02   1.53281745E-02   1.42707843E-02   1.53926257E-02   1.24779297E-02   1.35214413E-02   1.36459339E-02   7.86466245E-03   1.01555074E-02   8.27138405E-03   4.45629004E-03   5.53628756E-03   2.34455150E-03  -999.000000       2.56655156E-04  -999.000000       3.29770800E-03  -6.59612715E-02  -6.95260540E-02  -7.17565268E-02  -7.36605525E-02  -7.59768263E-02  -7.68637955E-02  -7.79955611E-02  -7.86559805E-02  -7.78399333E-02  -7.65877068E-02  -7.54180998E-02  -7.36659914E-02  -7.12939650E-02  -7.08661154E-02  -6.93211183E-02  -6.70386255E-02  -6.49093688E-02  -6.22972921E-02  -5.98346218E-02  -5.64749688E-02  -5.39270490E-02  -5.20020649E-02  -4.84198853E-02  -4.62991148E-02  -4.38007154E-02  -4.09690700E-02  -3.89962457E-02  -3.79070416E-02  -3.52326557E-02  -3.36921960E-02  -3.17095295E-02  -3.00637148E-02  -2.86470242E-02  -2.72739269E-02  -2.58292705E-02  -2.43514441E-02  -2.26857774E-02  -2.17839032E-02  -2.05294192E-02  -1.96009167E-02  -1.79394484E-02  -1.71405822E-02  -1.56491101E-02  -1.46834552E-02  -1.34060606E-02  -1.29086375E-02  -1.17453113E-02  -1.09029189E-02  -1.05855018E-02  -9.71748680E-03  -8.98209959E-03  -8.10116529E-03  -7.19801337E-03  -5.75364381E-03  -4.81585413E-03  -3.41166556E-03  -1.98630244E-03  -9.28789377E-04  -2.64219940E-04   9.91538167E-04   2.12086737E-03   2.69281864E-03   3.36412340E-03   3.95746529E-03   5.34557551E-03   5.92343509E-03   6.87209517E-03   7.36010075E-03   7.88785517E-03   8.71755928E-03   8.67901742E-03   8.58180225E-03   8.34896415E-03   9.36277956E-03   8.23711604E-03   7.94368982E-03   6.56079501E-03   6.26448542E-03   3.62771749E-03   4.29213047E-04  -1.74984336E-03  -8.57158750E-03  -1.01358742E-02  -1.37046725E-02  -1.66010186E-02  -1.69212706E-02  -1.65981278E-02
         938   8.09000015     10:32:29.137   6.65467754E-02   3.89653929E-02   5.31316400E-02   5.49393669E-02   4.57826182E-02   4.49289232E-02   4.76437360E-02   4.73922119E-02   4.07167375E-02   4.18072641E-02   3.98892239E-02   4.16161790E-02   3.43875438E-02   3.73374149E-02   3.58495489E-02   3.39569673E-02   3.28412428E-02   3.25901955E-02   3.15486565E-02   3.01972460E-02   3.05142719E-02   2.94729117E-02   2.83192098E-02   2.86032222E-02   2.75501609E-02   2.76680514E-02   2.67405175E-02   2.78084613E-02   2.65799705E-02   2.54478827E-02   2.65664607E-02   2.54539903E-02   2.50354335E-02   2.50322074E-02   2.46887766E-02   2.38157269E-02   2.39578243E-02   2.38434691E-02   2.31782813E-02   2.29142886E-02   2.27149911E-02   2.24265754E-02   2.18515527E-02   2.21664254E-02   2.19381489E-02   2.13862490E-02   2.04485878E-02   2.06316300E-02   2.04364005E-02   1.87109411E-02   1.97697002E-02   1.90040283E-02   1.91088859E-02   1.98259987E-02   1.91845205E-02   1.91437770E-02   1.91788338E-02   1.92030352E-02   1.85602345E-02   1.86346173E-02   1.87301505E-02   1.80345681E-02   1.96090229E-02   1.90538615E-02   1.77300908E-02   2.01521423E-02   1.80417690E-02   1.89823508E-02   1.98770668E-02   1.75454058E-02   1.95683669E-02   1.88982021E-02   1.78608317E-02   2.02027038E-02   1.73880495E-02   1.55016165E-02   1.73261855E-02   1.29850004E-02   1.43359452E-02   1.35919563E-02   8.49700812E-03   8.95718019E-03   6.24563172E-03   2.77485093E-03   8.50794371E-03   8.04167474E-04   7.35901296E-03  -6.83238357E-02  -7.10486397E-02  -7.41790757E-02  -7.53731281E-02  -7.71393776E-02  -7.78663680E-02  -999.000000      -999.000000      -7.83724934E-02  -7.70902708E-02  -7.68606737E-02  -7.42685571E-02  -7.30965361E-02  -7.11186752E-02  -6.95636868E-02  -6.75211921E-02  -6.56119362E-02  -6.20798543E-02  -6.03171811E-02  -5.72475381E-02  -5.44096157E-02  -5.17446175E-02  -4.84724455E-02  -4.66816723E-02  -4.41032834E-02  -4.12716232E-02  -3.96688059E-02  -3.77895907E-02  -3.55452225E-02  -3.40247452E-02  -3.23220827E-02  -3.02262679E-02  -2.89895721E-02  -2.72564739E-02  -2.54918151E-02  -2.41940022E-02  -2.30883472E-02  -2.21464634E-02  -2.07719654E-02  -1.92634799E-02  -1.86720043E-02  -1.66431367E-02  -1.55116618E-02  -1.41359940E-02  -1.33386105E-02  -1.28911659E-02  -1.21278390E-02  -1.09454319E-02  -1.02879927E-02  -1.01699606E-02  -9.04455036E-03  -7.75361806E-03  -6.71049953E-03  -5.41613251E-03  -4.57835943E-03  -2.85420567E-03  -2.16884911E-03  -8.41356814E-04   5.33208251E-04   1.35896355E-03   2.45829672E-03   3.00025940E-03   3.73157114E-03   4.50492650E-03   5.06303459E-03   6.15087897E-03   7.48954713E-03   7.85753131E-03   8.90529901E-03   8.91499966E-03   9.10646468E-03   8.85926187E-03   8.75644386E-03   9.03028250E-03   8.34465027E-03   8.48127902E-03   6.95844740E-03   4.83223051E-03   4.45555151E-03   7.77184963E-04  -4.00172174E-03  -6.06326759E-03  -1.28174424E-02  -1.48561150E-02  -1.61223337E-02  -1.75725296E-02  -1.70593709E-02
         939   8.17700005     10:32:29.385   5.74967526E-02   4.49153483E-02   5.48215955E-02   4.98793982E-02   4.81526069E-02   4.78389040E-02   4.89637256E-02   4.63722162E-02   4.35867198E-02   4.42272611E-02   4.26792130E-02   3.87861729E-02   3.63575257E-02   3.80674116E-02   3.42295393E-02   3.42769548E-02   3.36212292E-02   3.32001746E-02   3.11686452E-02   3.09872311E-02   3.07942480E-02   2.97529027E-02   2.87891906E-02   2.87932120E-02   2.85501312E-02   2.77680345E-02   2.72204950E-02   2.72584390E-02   2.57599447E-02   2.61378586E-02   2.46864427E-02   2.44939718E-02   2.50554122E-02   2.43721884E-02   2.42387578E-02   2.36857124E-02   2.29378082E-02   2.24234518E-02   2.21882686E-02   2.20142733E-02   2.16349773E-02   2.09365617E-02   2.06815321E-02   2.04264000E-02   1.98781118E-02   1.98962074E-02   1.94385312E-02   1.83415618E-02   1.88563094E-02   1.80008374E-02   1.78095866E-02   1.74339283E-02   1.72088016E-02   1.81659311E-02   1.70844793E-02   1.70037523E-02   1.74388159E-02   1.73930302E-02   1.68802403E-02   1.72646213E-02   1.69401560E-02   1.67245660E-02   1.63590107E-02   1.60538424E-02   1.57600734E-02   1.63221266E-02   1.62317585E-02   1.61423422E-02   1.63670573E-02   1.46153858E-02   1.46383317E-02   1.44481519E-02   1.37407556E-02   1.46325938E-02   1.33978939E-02   1.24214012E-02   1.29158888E-02   9.37461667E-03   1.04054613E-02   6.31133653E-03   4.51624673E-03   4.43624100E-03   1.07450783E-03  -999.000000       2.53664795E-03  -999.000000       2.92775128E-03  -6.89092502E-02  -7.17940256E-02  -7.44444728E-02  -7.54385144E-02  -7.71447644E-02  -999.000000      -999.000000      -999.000000      -999.000000      -7.74256587E-02  -7.61260614E-02  -7.50439465E-02  -7.30919316E-02  -7.14840665E-02  -6.95990771E-02  -6.74765855E-02  -6.50373325E-02  -6.30652383E-02  -6.03425726E-02  -5.76829240E-02  -5.46250120E-02  -5.13700210E-02  -4.93178517E-02  -4.62870635E-02  -4.41986844E-02  -4.24170345E-02  -4.00142111E-02  -3.75649929E-02  -3.63006294E-02  -3.39201465E-02  -3.21874879E-02  -3.09016705E-02  -2.91549824E-02  -2.78518870E-02  -2.61172242E-02  -2.44094022E-02  -2.31937468E-02  -2.17918679E-02  -2.06373706E-02  -1.88188814E-02  -1.78674050E-02  -1.61785446E-02  -1.51670650E-02  -1.41414255E-02  -1.25040114E-02  -1.21865943E-02  -1.13732889E-02  -1.12008750E-02  -9.87346470E-03  -9.60545987E-03  -8.91005993E-03  -7.80911744E-03  -6.60597533E-03  -5.17158955E-03  -4.60381061E-03  -3.14962119E-03  -1.76425278E-03  -4.36753035E-04   2.57827342E-04   1.42358243E-03   2.61291862E-03   3.14486027E-03   3.76617163E-03   4.84952331E-03   5.52761555E-03   6.46547973E-03   7.54414499E-03   8.25213641E-03   8.81989300E-03   9.47958976E-03   9.42105055E-03   9.70382243E-03   9.33098048E-03   9.33479518E-03   9.01912153E-03   7.83569366E-03   7.99279660E-03   5.87648153E-03   2.80971825E-03   9.71205533E-04  -2.95784324E-03  -6.69958442E-03  -9.06385481E-03  -1.38426796E-02  -1.67889893E-02  -1.60392225E-02  -1.72660612E-02
         940   8.23299980     10:32:29.634   4.60167676E-02   4.63853702E-02   4.67616096E-02   4.44193706E-02   4.42126207E-02   4.34989072E-02   4.21137176E-02   4.34021987E-02   4.03167158E-02   3.87672633E-02   3.69892009E-02   3.57461534E-02   3.36975195E-02   3.22274044E-02   3.12195346E-02   3.06769535E-02   3.02012339E-02   2.92001795E-02   2.88686343E-02   2.71572266E-02   2.73442529E-02   2.62429025E-02   2.60191932E-02   2.59932019E-02   2.52401307E-02   2.46680211E-02   2.37004813E-02   2.48384289E-02   2.34399363E-02   2.31378488E-02   2.28864308E-02   2.18339618E-02   2.28354074E-02   2.22021844E-02   2.20987499E-02   2.21357029E-02   2.18178015E-02   2.13734433E-02   2.07482595E-02   2.05442682E-02   2.06249729E-02   2.00865585E-02   1.98915266E-02   2.19263919E-02   2.17780955E-02   2.12261733E-02   2.11384874E-02   2.04014983E-02   2.02162322E-02   1.97907444E-02   1.93294808E-02   1.92438252E-02   1.96587183E-02   1.94258690E-02   1.89444255E-02   1.94137152E-02   1.91987976E-02   1.95330158E-02   1.91002395E-02   1.92346256E-02   1.88701581E-02   1.91945601E-02   1.85889993E-02   1.82238277E-02   1.90500543E-02   1.94121096E-02   1.90417543E-02   1.91223416E-02   1.90970562E-02   1.92653872E-02   1.84383281E-02   1.82081386E-02   1.88307203E-02   1.77425295E-02   1.75677929E-02   1.74412448E-02   1.53056551E-02   1.44842975E-02   1.25250407E-02   1.11707766E-02   1.00855399E-02   7.23535242E-03   5.62342815E-03   4.17247089E-03   5.27534168E-03   3.17150005E-03   4.21639904E-03  -6.98426962E-02  -7.25974813E-02  -7.41279498E-02  -7.63419792E-02  -7.74182379E-02  -999.000000      -999.000000      -999.000000      -999.000000      -7.74591193E-02  -7.61495158E-02  -7.39973933E-02  -7.31253847E-02  -7.04675317E-02  -6.93125427E-02  -6.69700354E-02  -6.55107871E-02  -6.24387115E-02  -5.99560291E-02  -5.71063831E-02  -5.42884767E-02  -5.18334806E-02  -4.92813066E-02  -4.56905328E-02  -4.36521471E-02  -4.13104966E-02  -3.96876708E-02  -3.79184559E-02  -3.58640961E-02  -3.41336206E-02  -3.20909582E-02  -3.01651359E-02  -2.84084417E-02  -2.74153501E-02  -2.52706818E-02  -2.44928747E-02  -2.34172009E-02  -2.19053328E-02  -2.03408301E-02  -1.92823447E-02  -1.77408718E-02  -1.65620036E-02  -1.50105357E-02  -1.39848813E-02  -1.33974925E-02  -1.25300884E-02  -1.15267858E-02  -1.14644095E-02  -9.96700674E-03  -9.95901227E-03  -8.88362527E-03  -8.08267295E-03  -6.56954199E-03  -5.16512245E-03  -4.26732749E-03  -3.30312550E-03  -1.91773474E-03  -6.30214810E-04   2.04354525E-04   1.30012631E-03   2.19945610E-03   3.21140885E-03   3.91271710E-03   4.67603654E-03   5.67413867E-03   6.46200031E-03   7.50067085E-03   7.81866908E-03   8.25643539E-03   8.57613236E-03   9.15758312E-03   8.99035484E-03   9.21749324E-03   8.80127400E-03   8.95557553E-03   7.96209276E-03   6.57912344E-03   5.15274704E-03   3.66587937E-03   1.20723993E-03  -1.69197470E-03  -8.33387673E-03  -1.04183257E-02  -1.29672587E-02  -1.89537182E-02  -1.67840198E-02  -1.58508793E-02
         941   8.28699970     10:32:29.881   4.74067479E-02   5.08653745E-02   5.59215918E-02   4.50893864E-02   4.91326265E-02   4.81789149E-02   4.81737256E-02   4.40422073E-02   4.41367216E-02   4.19272669E-02   3.99492010E-02   3.71261835E-02   3.62675264E-02   3.55974101E-02   3.21495496E-02   3.30869630E-02   3.13812308E-02   3.04201860E-02   2.99186483E-02   2.92672198E-02   2.83642560E-02   2.74629090E-02   2.76491903E-02   2.71532033E-02   2.60001384E-02   2.57280339E-02   2.47404911E-02   2.49284375E-02   2.39699371E-02   2.39078552E-02   2.29564328E-02   2.30139662E-02   2.26054043E-02   2.17421819E-02   2.18787529E-02   2.12357137E-02   2.12178025E-02   2.16034465E-02   2.06782650E-02   2.03942694E-02   1.93749778E-02   1.93765592E-02   1.89515352E-02   1.65563971E-02   1.59480963E-02   1.58361830E-02   1.49584971E-02   1.46815078E-02   1.44262416E-02   1.37807457E-02   1.35594849E-02   1.30938264E-02   1.38987098E-02   1.34858610E-02   1.32044218E-02   1.29637104E-02   1.28387939E-02   1.29230162E-02   1.25802355E-02   1.31146247E-02   1.28501598E-02   1.18945604E-02   1.22890025E-02   1.15738269E-02   1.23000555E-02   1.17521146E-02   1.20317554E-02   1.26323458E-02   1.22670624E-02   1.18853925E-02   1.28183346E-02   1.00781480E-02   1.23407356E-02   1.10225473E-02   1.00378115E-02   1.03312647E-02   9.13567655E-03   6.99431868E-03   5.77506376E-03   2.56079994E-03   5.00556501E-03  -999.000000      -999.000000      -999.000000      -999.000000      -999.000000      -999.000000      -7.17287362E-02  -7.41235092E-02  -7.46339634E-02  -7.58179948E-02  -999.000000      -999.000000      -999.000000      -999.000000      -999.000000      -999.000000      -7.49355480E-02  -7.43734241E-02  -7.26514012E-02  -7.02935532E-02  -6.91185668E-02  -6.68160617E-02  -6.39668107E-02  -6.27247319E-02  -5.98120615E-02  -5.57624139E-02  -5.39445058E-02  -5.16495034E-02  -4.84073311E-02  -4.60465588E-02  -4.32181582E-02  -4.10665125E-02  -4.00536992E-02  -3.73044759E-02  -3.61401029E-02  -3.37496400E-02  -3.17269750E-02  -3.03611532E-02  -2.89644748E-02  -2.77913585E-02  -2.56367065E-02  -2.39988938E-02  -2.25932337E-02  -2.19713561E-02  -2.01368593E-02  -1.89583711E-02  -1.78168900E-02  -1.65780298E-02  -1.54365525E-02  -1.31708980E-02  -1.21935159E-02  -1.20460987E-02  -1.08727962E-02  -1.02704093E-02  -9.77303088E-03  -9.17502493E-03  -7.74963945E-03  -7.12869316E-03  -5.48554957E-03  -4.25114483E-03  -3.61334532E-03  -2.38914043E-03  -9.23760235E-04  -6.62505627E-05   1.13832951E-03   1.91409886E-03   3.18343192E-03   3.63537669E-03   4.22669202E-03   5.23002446E-03   6.60811365E-03   6.90598786E-03   7.76465237E-03   8.42265040E-03   9.31041688E-03   9.60011780E-03   9.99157131E-03   1.00443438E-02   9.44147259E-03   8.98526609E-03   9.03956592E-03   7.83609599E-03   7.87312537E-03   5.72674721E-03   3.44987214E-03   5.21235168E-04  -2.96797603E-03  -6.72988594E-03  -9.77432728E-03  -1.61432661E-02  -1.70197152E-02  -1.73400417E-02  -1.55669190E-02
         942   8.34399986     10:32:30.136   4.91567552E-02   4.73553874E-02   6.67115971E-02   4.88393605E-02   5.11226207E-02   5.05889170E-02   5.28637245E-02   4.64822203E-02   4.44067381E-02   4.48572598E-02   4.45792079E-02   3.87661830E-02   3.93775217E-02   4.03774120E-02   3.53995562E-02   3.53169627E-02   3.48212421E-02   3.42701897E-02   3.14386487E-02   3.26372311E-02   3.12542692E-02   2.90529151E-02   2.98592076E-02   2.91632153E-02   2.86101475E-02   2.74580400E-02   2.80705020E-02   2.70584505E-02   2.54799537E-02   2.75878683E-02   2.63264496E-02   2.48839799E-02   2.60354169E-02   2.45121997E-02   2.42287684E-02   2.41957195E-02   2.40478106E-02   2.32434571E-02   2.26382781E-02   2.26142760E-02   2.17749812E-02   2.19465718E-02   2.22515427E-02   1.81264151E-02   1.83881242E-02   1.80162136E-02   1.75085440E-02   1.72715727E-02   1.57063194E-02   1.62308421E-02   1.62395891E-02   1.48139317E-02   1.59488004E-02   1.58859305E-02   1.51244728E-02   1.54537428E-02   1.46488128E-02   1.48530239E-02   1.46102356E-02   1.47746205E-02   1.43001536E-02   1.42245647E-02   1.48090115E-02   1.26238428E-02   1.43000744E-02   1.51321273E-02   1.32017657E-02   1.51223466E-02   1.37070650E-02   1.28253978E-02   1.51383514E-02   1.29681770E-02   1.25207836E-02   1.47426259E-02   1.05779311E-02   1.14614414E-02   1.14859333E-02   6.45466195E-03   1.05655072E-02   4.81138472E-03   2.86629144E-03   5.59628708E-03  -999.000000      -999.000000       2.56655156E-04  -999.000000       2.18770746E-03  -7.07833022E-02  -7.46380836E-02  -7.69085139E-02  -7.74425641E-02  -999.000000      -999.000000      -999.000000      -999.000000      -999.000000      -7.82697126E-02  -7.64001161E-02  -7.52879903E-02  -7.36859664E-02  -7.19881207E-02  -6.98831230E-02  -6.87706247E-02  -6.59213737E-02  -6.32992983E-02  -6.08366132E-02  -5.79969659E-02  -5.51890656E-02  -5.19540608E-02  -4.99418825E-02  -4.72111180E-02  -4.50927280E-02  -4.23310734E-02  -4.06982489E-02  -3.89190465E-02  -3.61846685E-02  -3.48341987E-02  -3.34315300E-02  -3.08957137E-02  -2.93790214E-02  -2.78759263E-02  -2.61712745E-02  -2.51334496E-02  -2.38477923E-02  -2.23259106E-02  -2.13114098E-02  -1.98029242E-02  -1.89114437E-02  -1.74625739E-02  -1.61511078E-02  -1.44754574E-02  -1.37880594E-02  -1.30106434E-02  -1.23673230E-02  -1.12349242E-02  -1.13174990E-02  -1.06094927E-02  -9.12410021E-03  -7.90316612E-03  -7.56002963E-03  -6.08564913E-03  -4.81785834E-03  -3.40367109E-03  -1.80831552E-03  -1.28079206E-03  -9.62316990E-05   1.10953301E-03   2.24886090E-03   2.77081877E-03   3.43212485E-03   3.77546996E-03   5.12357056E-03   6.31143898E-03   6.93009794E-03   7.71809369E-03   8.50585848E-03   8.37555528E-03   9.05702263E-03   8.51980597E-03   8.53694975E-03   9.09076631E-03   8.58511031E-03   8.10167938E-03   5.98879158E-03   5.60249388E-03   3.15571576E-03   9.37215984E-04  -2.00184435E-03  -7.69358873E-03  -1.02278814E-02  -1.29266903E-02  -1.71630085E-02  -1.87432729E-02  -1.50701255E-02
         943   8.39900017     10:32:30.385   4.53367345E-02   5.45153767E-02   5.01916185E-02   4.73993644E-02   4.88226265E-02   4.80689220E-02   4.53337096E-02   4.32822257E-02   4.35067415E-02   4.21172678E-02   3.92192379E-02   3.56961899E-02   3.70475203E-02   3.44574228E-02   3.28995511E-02   3.20569687E-02   3.12212501E-02   3.01702004E-02   2.93886550E-02   2.86272410E-02   2.83642691E-02   2.73829177E-02   2.73592118E-02   2.64732148E-02   2.59101484E-02   2.52480488E-02   2.50305012E-02   2.51984484E-02   2.45099496E-02   2.40778606E-02   2.32864395E-02   2.38839760E-02   2.32154131E-02   2.24121921E-02   2.23887637E-02   2.22757198E-02   2.16678120E-02   2.14434564E-02   2.07482763E-02   2.06242800E-02   2.03849897E-02   1.99265741E-02   1.94215439E-02   1.84464026E-02   1.88581012E-02   1.79361738E-02   1.77384745E-02   1.68914702E-02   1.64561849E-02   1.61506664E-02   1.56793874E-02   1.60037316E-02   1.60586257E-02   1.53657887E-02   1.58443619E-02   1.57036688E-02   1.53787658E-02   1.49229961E-02   1.48002310E-02   1.52846258E-02   1.47901643E-02   1.44245634E-02   1.46289952E-02   1.41338184E-02   1.46500440E-02   1.40621038E-02   1.49117587E-02   1.50123620E-02   1.45570850E-02   1.39854206E-02   1.45883672E-02   1.38381822E-02   1.29507547E-02   1.34625519E-02   1.29377861E-02   1.05511928E-02   1.15255350E-02   1.00740939E-02   7.34474137E-03   6.30034367E-03   3.01496685E-03   9.64600593E-04   4.22468875E-04  -999.000000      -999.000000      -999.000000      -999.000000      -7.04343170E-02  -7.43990988E-02  -7.67895430E-02  -7.83735812E-02  -999.000000      -999.000000      -999.000000      -999.000000      -999.000000      -999.000000      -7.61111155E-02  -7.55389854E-02  -7.33169764E-02  -7.16891214E-02  -7.01241270E-02  -6.77316263E-02  -6.62223846E-02  -6.28703013E-02  -6.03676215E-02  -5.77179790E-02  -5.49100675E-02  -5.21350726E-02  -4.95528951E-02  -4.61621173E-02  -4.48637344E-02  -4.20320779E-02  -3.95492613E-02  -3.83700393E-02  -3.59656699E-02  -3.44252102E-02  -3.28125395E-02  -3.10067311E-02  -2.90200450E-02  -2.77869329E-02  -2.59522684E-02  -2.45344490E-02  -2.35787928E-02  -2.19369121E-02  -2.07624175E-02  -1.95839331E-02  -1.83824450E-02  -1.69735849E-02  -1.57021135E-02  -1.41564682E-02  -1.27590895E-02  -1.18516833E-02  -1.15683824E-02  -1.05560273E-02  -9.63864475E-03  -9.32066143E-03  -8.31530988E-03  -7.29436427E-03  -6.16122037E-03  -4.66680527E-03  -4.03898954E-03  -2.64476985E-03  -1.57936662E-03  -6.81839883E-04   4.42758203E-04   1.50854141E-03   2.44785845E-03   3.09981406E-03   4.52111661E-03   4.98443842E-03   6.29254431E-03   6.79039955E-03   7.75909424E-03   8.06708634E-03   9.47487354E-03   9.54458117E-03   9.40603018E-03   9.79880244E-03   9.44593549E-03   9.82970744E-03   8.77398252E-03   8.49047303E-03   6.44744188E-03   5.16097993E-03   4.01403010E-03   7.35253096E-04  -2.96408683E-03  -6.94619119E-03  -9.70076770E-03  -1.54298469E-02  -1.54164732E-02  -1.90669410E-02  -1.63038783E-02
         944   8.45300007     10:32:30.634   6.16867542E-02   3.95853594E-02   5.04615568E-02   5.18193394E-02   4.46926132E-02   4.50989045E-02   4.66137156E-02   4.62922230E-02   4.00667451E-02   4.18172739E-02   4.08292152E-02   4.05561775E-02   3.49075384E-02   3.64774242E-02   3.55995521E-02   3.34369801E-02   3.27812508E-02   3.23401950E-02   3.16486545E-02   2.96372380E-02   2.98542622E-02   2.89929118E-02   2.86992081E-02   2.87032127E-02   2.86501385E-02   2.73780301E-02   2.65504923E-02   2.63984371E-02   2.53199376E-02   2.52678506E-02   2.62464341E-02   2.47439649E-02   2.48954073E-02   2.48121880E-02   2.39387602E-02   2.36757156E-02   2.35178079E-02   2.36334521E-02   2.26582717E-02   2.24742759E-02   2.21749805E-02   2.18765736E-02   2.15315428E-02   2.05063950E-02   2.01180801E-02   1.94261409E-02   1.89684331E-02   1.78114083E-02   1.83261074E-02   1.68905705E-02   1.68792885E-02   1.71436314E-02   1.62285361E-02   1.68157145E-02   1.67343132E-02   1.57336295E-02   1.58687457E-02   1.63929891E-02   1.64002310E-02   1.55746285E-02   1.62501689E-02   1.53745627E-02   1.48089873E-02   1.66038014E-02   1.49700306E-02   1.59920920E-02   1.65317561E-02   1.42123597E-02   1.63270887E-02   1.62854232E-02   1.30283628E-02   1.57881677E-02   1.49707217E-02   1.21524874E-02   1.53876850E-02   1.17110349E-02   1.23653002E-02   1.01637729E-02   7.17431959E-03   8.81978404E-03   6.85426127E-03   9.93713737E-04   2.36138469E-03   3.10210511E-04  -999.000000       1.90877076E-03  -999.000000      -7.34218061E-02  -7.29865730E-02  -7.53470063E-02  -7.82310441E-02  -999.000000      -999.000000      -999.000000      -999.000000      -999.000000      -7.83681795E-02  -7.52185807E-02  -7.50564486E-02  -7.25744367E-02  -6.95165917E-02  -6.92415908E-02  -6.54990971E-02  -6.40598461E-02  -6.16677627E-02  -5.79850897E-02  -5.62754460E-02  -5.32275364E-02  -4.97125350E-02  -4.83803600E-02  -4.50995825E-02  -4.31311987E-02  -4.04695496E-02  -3.84167396E-02  -3.69675234E-02  -3.51031572E-02  -3.29226814E-02  -3.14900167E-02  -2.93842033E-02  -2.80575119E-02  -2.66244002E-02  -2.50497460E-02  -2.36919336E-02  -2.25262605E-02  -2.12243795E-02  -2.03698874E-02  -1.92013979E-02  -1.75399259E-02  -1.70210525E-02  -1.51295885E-02  -1.43439397E-02  -1.32365748E-02  -1.25091821E-02  -1.16458982E-02  -1.13635361E-02  -1.02161840E-02  -9.78822261E-03  -8.47287476E-03  -8.01192969E-03  -6.71877712E-03  -5.18434495E-03  -4.40650433E-03  -2.82226503E-03  -1.61685050E-03  -3.49320471E-04   6.15283847E-04   1.34105980E-03   2.36041099E-03   3.13235819E-03   3.75363231E-03   5.06695360E-03   5.86505234E-03   6.68291003E-03   7.33160973E-03   8.20963085E-03   8.81740451E-03   9.21711326E-03   9.07855481E-03   9.85132158E-03   9.33843851E-03   9.31219012E-03   8.56643915E-03   8.15286487E-03   7.58977234E-03   4.83322889E-03   4.10617143E-03   5.97260892E-04  -3.26221436E-03  -6.27449155E-03  -1.02392212E-02  -1.57884583E-02  -1.49051920E-02  -1.76057480E-02  -1.70027092E-02
         945   8.50699997     10:32:30.883   5.29967360E-02   4.04253453E-02   4.59715836E-02   4.31093611E-02   4.14726138E-02   4.05489206E-02   4.22236994E-02   3.90321948E-02   3.62967476E-02   3.55972573E-02   3.41892280E-02   3.22561711E-02   2.93975342E-02   2.99474187E-02   2.77695581E-02   2.67869793E-02   2.59912536E-02   2.52801869E-02   2.41186470E-02   2.37972308E-02   2.30542608E-02   2.20729150E-02   2.21691988E-02   2.12332103E-02   2.15601437E-02   2.09080260E-02   2.08604820E-02   2.00184193E-02   1.97699256E-02   1.95478294E-02   1.97864138E-02   1.89339481E-02   1.88053958E-02   1.83221791E-02   1.84887480E-02   1.81557070E-02   1.80478003E-02   1.77034438E-02   1.67282671E-02   1.69342719E-02   1.67449787E-02   1.64865647E-02   1.61315314E-02   1.90763734E-02   1.86980516E-02   1.77060924E-02   1.77383516E-02   1.72713026E-02   1.72759555E-02   1.59303844E-02   1.63390804E-02   1.64334308E-02   1.59483626E-02   1.59855802E-02   1.57942064E-02   1.58535540E-02   1.59087051E-02   1.58629660E-02   1.53402276E-02   1.55746341E-02   1.54801747E-02   1.55945607E-02   1.49089685E-02   1.53637715E-02   1.59899984E-02   1.56420656E-02   1.57517456E-02   1.52623635E-02   1.61070991E-02   1.48454327E-02   1.57483611E-02   1.40281469E-02   1.43606644E-02   1.42923798E-02   1.42075038E-02   1.28007494E-02   1.21748624E-02   9.27316584E-03   8.52351636E-03   7.61870667E-03   4.50290460E-03   4.99199703E-03   1.70928566E-03  -999.000000       1.10024237E-03  -999.000000      -999.000000      -7.13247508E-02  -7.49595389E-02  -7.63799921E-02  -7.75040314E-02  -999.000000      -999.000000      -999.000000      -999.000000      -999.000000      -7.71211237E-02  -7.56015331E-02  -7.36593977E-02  -7.16273934E-02  -6.99395463E-02  -6.83745295E-02  -6.58620298E-02  -6.34927899E-02  -6.11007139E-02  -5.81580326E-02  -5.60183972E-02  -5.32104895E-02  -4.99554798E-02  -4.77233082E-02  -4.44025509E-02  -4.23741452E-02  -3.94725017E-02  -3.76896895E-02  -3.62704843E-02  -3.40861194E-02  -3.21256444E-02  -3.06329876E-02  -2.87171602E-02  -2.76804790E-02  -2.57673636E-02  -2.38727108E-02  -2.29748785E-02  -2.13592164E-02  -2.04673447E-02  -1.87028535E-02  -1.74743570E-02  -1.67428739E-02  -1.46940127E-02  -1.41625330E-02  -1.32469088E-02  -1.18995458E-02  -1.14621818E-02  -1.07589215E-02  -1.03065893E-02  -9.75927711E-03  -8.78134370E-03  -8.08603317E-03  -7.34509528E-03  -5.93191385E-03  -4.37743962E-03  -3.90956551E-03  -2.20530480E-03  -7.19860196E-04  -3.22982669E-05   1.21232867E-03   2.14812160E-03   3.05746496E-03   3.48941237E-03   4.61067259E-03   5.20397723E-03   6.54207170E-03   7.43994862E-03   8.10864568E-03   8.73667002E-03   8.80445540E-03   1.01841688E-02   9.99561697E-03   9.93836671E-03   9.48544592E-03   9.38914716E-03   9.37333703E-03   9.79967415E-03   7.52644241E-03   5.96974045E-03   3.56249511E-03   7.43329525E-04  -3.00644338E-03  -7.26911426E-03  -1.12041086E-02  -1.52135715E-02  -1.76706128E-02  -1.96113363E-02  -1.84983462E-02
         946   8.56400013     10:32:31.139   5.29767089E-02   4.98853214E-02   5.10415547E-02   4.91893329E-02   4.77326214E-02   4.66289222E-02   4.73837070E-02   4.57322039E-02   4.34167348E-02   4.11572717E-02   3.90192345E-02   3.75561938E-02   3.50075290E-02   3.55674289E-02   3.41495536E-02   3.21469754E-02   3.19112502E-02   3.05102002E-02   3.02986540E-02   2.88972314E-02   2.83742640E-02   2.76629105E-02   2.75592078E-02   2.70632040E-02   2.65101362E-02   2.60380395E-02   2.56204903E-02   2.49184314E-02   2.47799326E-02   2.37378385E-02   2.36164182E-02   2.37239525E-02   2.28354037E-02   2.28021797E-02   2.23987494E-02   2.21257079E-02   2.21978072E-02   2.13034507E-02   2.17482708E-02   2.08542719E-02   2.09349804E-02   2.03965679E-02   2.03615371E-02   1.93963796E-02   1.86980553E-02   1.84160937E-02   1.84383616E-02   1.75013077E-02   1.73559580E-02   1.68103930E-02   1.64890848E-02   1.64334308E-02   1.60183590E-02   1.63355768E-02   1.62642021E-02   1.56035554E-02   1.67587027E-02   1.56729668E-02   1.64602268E-02   1.57746337E-02   1.59001742E-02   1.57945622E-02   1.54689699E-02   1.54937748E-02   1.55299976E-02   1.58720706E-02   1.55617474E-02   1.55823696E-02   1.63671076E-02   1.50854373E-02   1.45983687E-02   1.48581611E-02   1.38106793E-02   1.53223984E-02   1.40275201E-02   1.29907699E-02   1.21748839E-02   1.13131888E-02   8.99353810E-03   7.11872987E-03   5.55292703E-03   4.51202039E-03   3.00930534E-03   1.09792920E-03   2.50248704E-04   2.47608777E-03   1.60916708E-04  -7.21327737E-02  -7.45075792E-02  -7.65480176E-02  -7.78220445E-02  -7.87482932E-02  -999.000000      -999.000000      -999.000000      -999.000000      -7.87991509E-02  -7.56895542E-02  -7.53374249E-02  -7.30754063E-02  -7.07575530E-02  -6.98625594E-02  -6.68400675E-02  -6.49508163E-02  -6.27987385E-02  -5.96260577E-02  -5.77264056E-02  -5.44685125E-02  -5.17135113E-02  -4.94413301E-02  -4.66305688E-02  -4.43721749E-02  -4.25905325E-02  -4.00077216E-02  -3.72684970E-02  -3.61441411E-02  -3.39536667E-02  -3.25910076E-02  -3.05551849E-02  -2.90485024E-02  -2.76553817E-02  -2.60807276E-02  -2.43829116E-02  -2.37472430E-02  -2.22353600E-02  -2.10808776E-02  -1.97623782E-02  -1.88608915E-02  -1.71220303E-02  -1.66405588E-02  -1.43749192E-02  -1.38175711E-02  -1.27302036E-02  -1.18069351E-02  -1.14746094E-02  -1.01172924E-02  -9.85936075E-03  -8.81405175E-03  -7.64311105E-03  -6.11992925E-03  -4.74546850E-03  -4.12759185E-03  -2.44333595E-03  -1.48788095E-03   1.09687448E-04   1.07429922E-03   1.53009593E-03   2.83943862E-03   3.82138044E-03   4.88265604E-03   5.28595597E-03   6.32404536E-03   7.58191198E-03   8.52062553E-03   9.19865817E-03   9.37643647E-03   1.01961568E-02   1.06175989E-02   9.69035178E-03   1.00874379E-02   9.50114429E-03   8.84532183E-03   7.96166807E-03   7.20842928E-03   6.51174039E-03   4.47449088E-03   2.45317817E-04  -3.57444584E-03  -7.65711814E-03  -1.23421177E-02  -1.55715942E-02  -1.77786313E-02  -1.95093527E-02  -1.67963877E-02
         947   8.62899971     10:32:31.386   5.16066961E-02   5.09153493E-02   5.33715598E-02   4.90393676E-02   4.97726202E-02   4.85289097E-02   4.86236922E-02   4.58322205E-02   4.60067354E-02   4.35972773E-02   4.22992185E-02   3.78062055E-02   3.91175374E-02   3.61474268E-02   3.60995643E-02   3.50869782E-02   3.37012522E-02   3.33801955E-02   3.18786539E-02   3.20072398E-02   3.08842603E-02   2.99329087E-02   3.03491969E-02   2.91832071E-02   2.96101440E-02   2.92280354E-02   2.76904851E-02   2.67684329E-02   2.78299320E-02   2.73378398E-02   2.62364149E-02   2.75139511E-02   2.58854032E-02   2.59321835E-02   2.58687530E-02   2.53057126E-02   2.45478023E-02   2.47434508E-02   2.40882672E-02   2.41642743E-02   2.36449800E-02   2.28865668E-02   2.33315323E-02   2.47763768E-02   2.42980532E-02   2.42760945E-02   2.36183554E-02   2.30613034E-02   2.19559614E-02   2.16003899E-02   2.19590813E-02   2.18034331E-02   2.20383611E-02   2.16855742E-02   2.15042066E-02   2.14235540E-02   2.11987011E-02   2.14829668E-02   2.11702269E-02   2.11946368E-02   2.08601747E-02   2.10245606E-02   2.11789720E-02   2.03137752E-02   2.11899988E-02   2.05320697E-02   2.08817497E-02   2.15523671E-02   2.03971043E-02   2.10154410E-02   2.09283698E-02   2.06581596E-02   2.09406763E-02   1.89323984E-02   1.92975216E-02   1.93007682E-02   1.65948831E-02   1.74031891E-02   1.58335380E-02   1.34487301E-02   1.25229303E-02   6.69201929E-03   8.20930395E-03   9.91793349E-03   2.62024859E-03   5.80608798E-03   9.19091608E-03  -7.50947744E-02  -7.70495757E-02  -7.76900202E-02  -999.000000      -999.000000      -999.000000      -999.000000      -999.000000      -999.000000      -999.000000      -7.47715607E-02  -7.47494176E-02  -7.28074163E-02  -6.94195703E-02  -6.84045628E-02  -6.58220574E-02  -6.41028136E-02  -6.19107410E-02  -5.88980690E-02  -5.57784140E-02  -5.41605130E-02  -5.03755137E-02  -4.77933437E-02  -4.51925695E-02  -4.23641764E-02  -4.04325388E-02  -3.84897180E-02  -3.65205109E-02  -3.52761410E-02  -3.26456651E-02  -3.07330191E-02  -2.94271894E-02  -2.78405026E-02  -2.64673941E-02  -2.50027254E-02  -2.38649100E-02  -2.26292461E-02  -2.12173648E-02  -1.97728761E-02  -1.91043802E-02  -1.70229003E-02  -1.63740292E-02  -1.53625533E-02  -1.33869201E-02  -1.24695748E-02  -1.20922029E-02  -1.10389367E-02  -1.06566176E-02  -9.71930474E-03  -9.18136537E-03  -7.87606090E-03  -7.30511546E-03  -5.92193007E-03  -4.78746742E-03  -3.93959135E-03  -2.78533995E-03  -1.58988684E-03  -4.52317297E-04   6.82301819E-04   2.07809359E-03   2.26743519E-03   3.33938003E-03   4.36064601E-03   5.30394912E-03   5.75204194E-03   7.61991739E-03   8.04862380E-03   8.55664909E-03   9.44443792E-03   9.87415016E-03   1.00555941E-02   1.02583468E-02   9.78542864E-03   9.24912840E-03   8.64332914E-03   8.13965499E-03   6.73642755E-03   5.77974319E-03   3.57248634E-03   6.93313777E-04  -3.44645232E-03  -6.59911335E-03  -1.29840970E-02  -1.64835826E-02  -1.80806257E-02  -2.03713626E-02  -1.84383839E-02
         948   8.71500015     10:32:31.635   4.56766970E-02   4.87953387E-02   5.40715642E-02   4.30993550E-02   4.60726060E-02   4.50889170E-02   4.31037135E-02   4.08022143E-02   4.12767492E-02   3.95672582E-02   3.81792225E-02   3.55061777E-02   3.63975391E-02   3.48674133E-02   3.18295620E-02   3.18069756E-02   3.07112429E-02   3.05301975E-02   2.92286612E-02   2.86372360E-02   2.83942614E-02   2.74829194E-02   2.71791983E-02   2.60832142E-02   2.57201362E-02   2.58380380E-02   2.59004924E-02   2.41784360E-02   2.52299365E-02   2.47778427E-02   2.30364278E-02   2.32339576E-02   2.32254006E-02   2.28721872E-02   2.27687545E-02   2.26557143E-02   2.17478089E-02   2.09234506E-02   2.08282657E-02   2.03942731E-02   2.06949823E-02   2.07965672E-02   1.98115371E-02   2.04963908E-02   2.04380695E-02   2.08361167E-02   1.99783966E-02   1.94013547E-02   1.93060320E-02   1.85204800E-02   1.85891837E-02   1.85635313E-02   1.83784477E-02   1.83056481E-02   1.78242568E-02   1.80635918E-02   1.79187208E-02   1.79429762E-02   1.74302272E-02   1.75546352E-02   1.77101698E-02   1.73045602E-02   1.74389780E-02   1.72437876E-02   1.77200139E-02   1.71520803E-02   1.82417501E-02   1.75423641E-02   1.78470984E-02   1.85554307E-02   1.71183683E-02   1.80181637E-02   1.72106978E-02   1.61324404E-02   1.73876025E-02   1.47809014E-02   1.53050926E-02   1.40434802E-02   1.10239293E-02   1.18492581E-02   9.58359521E-03   4.99286735E-03   6.89034071E-03   2.53907335E-03   3.38152400E-03   4.55742981E-03   3.66226491E-03  -7.35492706E-02  -7.48240724E-02  -7.62545168E-02  -999.000000      -999.000000      -999.000000      -999.000000      -999.000000      -999.000000      -7.78256580E-02  -7.48260617E-02  -7.37439245E-02  -7.12719187E-02  -6.98540658E-02  -6.82290643E-02  -6.54265732E-02  -6.35473207E-02  -6.16452396E-02  -5.80025613E-02  -5.60929105E-02  -5.28450161E-02  -5.00700176E-02  -4.81178388E-02  -4.45170738E-02  -4.26686741E-02  -4.08470333E-02  -3.85942236E-02  -3.65249999E-02  -3.43906395E-02  -3.23801748E-02  -3.14475186E-02  -2.91716978E-02  -2.75149867E-02  -2.67418921E-02  -2.44872384E-02  -2.33594105E-02  -2.21437439E-02  -2.02918760E-02  -1.94673799E-02  -1.85988769E-02  -1.70574039E-02  -1.67785287E-02  -1.52370632E-02  -1.29614174E-02  -1.16340593E-02  -1.15566850E-02  -1.07934102E-02  -1.04710683E-02  -9.37373191E-03  -8.77578557E-03  -8.04046541E-03  -7.00952113E-03  -6.10634685E-03  -4.63190675E-03  -3.36404145E-03  -1.85979158E-03  -1.06436759E-03  -1.96814537E-04   1.08779967E-03   1.88358873E-03   3.26292962E-03   3.83486599E-03   5.14614582E-03   5.31946868E-03   6.47755712E-03   7.91542977E-03   8.22412968E-03   9.31214541E-03   9.87992436E-03   9.63963568E-03   9.92108136E-03   1.03038475E-02   1.01209506E-02   1.02046654E-02   9.52889025E-03   8.44526291E-03   8.77211243E-03   5.23550063E-03   3.86833400E-03   1.53929740E-03  -4.13033366E-03  -6.51278347E-03  -1.04576573E-02  -1.61870010E-02  -1.62039064E-02  -1.97645575E-02  -1.74815506E-02
         949   8.80200005     10:32:31.885   4.67267446E-02   6.17753118E-02   5.13515584E-02   4.88393344E-02   5.18825948E-02   4.91589010E-02   4.86036912E-02   4.40922119E-02   4.66267392E-02   4.51972708E-02   4.36092354E-02   3.87261994E-02   4.07975502E-02   3.78774181E-02   3.63395587E-02   3.60369831E-02   3.51912454E-02   3.31201963E-02   3.22386473E-02   3.22772264E-02   3.09542604E-02   3.02029140E-02   3.04391943E-02   2.90832017E-02   2.84201317E-02   2.85280254E-02   2.83604823E-02   2.76084300E-02   2.71099247E-02   2.73378361E-02   2.59964131E-02   2.50539444E-02   2.47353949E-02   2.48821769E-02   2.48987507E-02   2.37457063E-02   2.33677980E-02   2.30134428E-02   2.25582644E-02   2.20742710E-02   2.25649774E-02   2.16465611E-02   2.12215297E-02   1.89263783E-02   1.83780566E-02   1.82460882E-02   1.76583547E-02   1.71912983E-02   1.72059573E-02   1.62303820E-02   1.56290848E-02   1.64334308E-02   1.57283619E-02   1.62555743E-02   1.64442100E-02   1.59735605E-02   1.60987023E-02   1.59929674E-02   1.56102292E-02   1.55946352E-02   1.57101732E-02   1.57345571E-02   1.47289699E-02   1.54137723E-02   1.57099981E-02   1.43020675E-02   1.65217463E-02   1.61023643E-02   1.54371019E-02   1.57454330E-02   1.47683593E-02   1.55281499E-02   1.61506664E-02   1.32623818E-02   1.48375025E-02   1.36007480E-02   1.15748616E-02   1.19231660E-02   1.01735163E-02   6.52870722E-03   6.04290608E-03   2.60199606E-03   4.31928365E-03   2.57791951E-03   1.60247320E-04  -999.000000       1.82093866E-03  -7.48727620E-02  -7.38775507E-02  -7.55679831E-02  -7.77920261E-02  -7.75682628E-02  -7.75052160E-02  -999.000000      -7.77974129E-02  -7.65513554E-02  -7.67091215E-02  -7.41395354E-02  -7.25174025E-02  -7.18353838E-02  -6.89575449E-02  -6.77025318E-02  -6.57100379E-02  -6.29007965E-02  -6.05087206E-02  -5.87460473E-02  -5.58463931E-02  -5.32884821E-02  -5.03034815E-02  -4.77413237E-02  -4.51805405E-02  -4.24221568E-02  -4.01005112E-02  -3.85177024E-02  -3.66184860E-02  -3.47641222E-02  -3.33936438E-02  -3.17409933E-02  -2.92751640E-02  -2.80984715E-02  -2.63753608E-02  -2.53807083E-02  -2.36428827E-02  -2.20272206E-02  -2.12053396E-02  -2.03908570E-02  -1.86523534E-02  -1.71108730E-02  -1.58920065E-02  -1.41705349E-02  -1.33149028E-02  -1.29375458E-02  -1.23801827E-02  -1.10469311E-02  -1.03346035E-02  -9.91728902E-03  -9.59934294E-03  -8.32403451E-03  -6.95309043E-03  -6.02991879E-03  -4.59544361E-03  -4.29757684E-03  -2.52331048E-03  -1.47785246E-03  -6.70306385E-04   8.04334879E-04   2.38011777E-03   2.95946002E-03   3.63140553E-03   4.66266274E-03   5.22597134E-03   6.32406771E-03   7.43194669E-03   8.23064148E-03   8.93867016E-03   8.95644724E-03   9.67617333E-03   1.00076124E-02   9.68035311E-03   9.23744589E-03   9.59114730E-03   8.83533061E-03   8.45167041E-03   7.01843202E-03   5.64173609E-03   3.89449298E-03  -5.24684787E-04  -2.56444514E-03  -6.44709170E-03  -1.23121142E-02  -1.41915753E-02  -1.78486072E-02  -1.74393244E-02  -1.77463591E-02
         950   8.88899994     10:32:32.134   5.82067557E-02   3.58753465E-02   4.73215990E-02   4.74393629E-02   4.14726287E-02   4.09489051E-02   4.10037376E-02   4.29422073E-02   3.61467265E-02   3.68872546E-02   3.50492299E-02   3.63561884E-02   3.10775172E-02   3.09674181E-02   2.97195502E-02   2.85169668E-02   2.76112445E-02   2.71001849E-02   2.64586508E-02   2.51572337E-02   2.51042638E-02   2.40629055E-02   2.36991998E-02   2.27832068E-02   2.27101501E-02   2.23480426E-02   2.15105005E-02   2.22384427E-02   2.12999489E-02   2.08278596E-02   2.17464436E-02   1.99539755E-02   2.01654136E-02   1.99621934E-02   1.93687659E-02   1.87357161E-02   1.90778095E-02   1.77634563E-02   1.85582712E-02   1.77042745E-02   1.76749788E-02   1.71165690E-02   1.68415401E-02   1.82864014E-02   1.75181068E-02   1.66061893E-02   1.67385023E-02   1.61315128E-02   1.52562466E-02   1.54807521E-02   1.41694918E-02   1.47538316E-02   1.52387107E-02   1.47358552E-02   1.44544160E-02   1.42537067E-02   1.45187918E-02   1.45230107E-02   1.40702343E-02   1.44146234E-02   1.39201600E-02   1.39445635E-02   1.36690019E-02   1.31738316E-02   1.43400580E-02   1.41021172E-02   1.37717612E-02   1.46623524E-02   1.27770724E-02   1.37154069E-02   1.44683551E-02   1.24081727E-02   1.36307608E-02   1.30425803E-02   1.03878472E-02   1.28913056E-02   9.59572103E-03   9.80436429E-03   1.08051095E-02   3.37084662E-03   5.34561137E-03   1.61542417E-03  -999.000000       1.24251749E-03  -999.000000      -999.000000       1.08633377E-03  -7.11787790E-02  -7.58135542E-02  -7.45340213E-02  -7.65880421E-02  -7.76743144E-02  -7.72712901E-02  -999.000000      -999.000000      -7.53174201E-02  -7.60451853E-02  -7.35555887E-02  -7.20134676E-02  -7.12914467E-02  -6.88935965E-02  -6.67686090E-02  -6.52961060E-02  -6.24868572E-02  -6.01247735E-02  -5.81021048E-02  -5.37724495E-02  -5.24945408E-02  -4.99295518E-02  -4.67073694E-02  -4.43366021E-02  -4.21482064E-02  -3.97665612E-02  -3.84137295E-02  -3.56045291E-02  -3.45801525E-02  -3.33096758E-02  -3.10470164E-02  -2.93512084E-02  -2.82445028E-02  -2.64114030E-02  -2.53167450E-02  -2.37989277E-02  -2.24132687E-02  -2.14813836E-02  -1.92568935E-02  -1.83084048E-02  -1.68869346E-02  -1.52580589E-02  -1.53165907E-02  -1.32909417E-02  -1.19535550E-02  -1.15161464E-02  -1.06528401E-02  -1.02604628E-02  -9.65306163E-03  -8.84505361E-03  -8.19969177E-03  -6.44873828E-03  -4.96560335E-03  -4.47120517E-03  -3.39340419E-03  -1.52920187E-03  -1.04381144E-03   2.23711133E-04   1.59828365E-03   2.53404677E-03   3.33339721E-03   4.74533439E-03   5.41663915E-03   6.20996952E-03   6.78808242E-03   8.19593668E-03   8.96462053E-03   9.49260592E-03   1.04003772E-02   1.03600770E-02   1.11515373E-02   1.07543170E-02   1.02814659E-02   1.00952536E-02   9.22956318E-03   8.41608644E-03   7.69313425E-03   6.27674162E-03   3.48988175E-03   1.15123391E-03  -2.98796594E-03  -7.92986900E-03  -1.08543336E-02  -1.46832615E-02  -1.61297508E-02  -1.62601136E-02  -1.83069855E-02
         951   8.98799992     10:32:32.383   5.64668886E-02   3.93254831E-02   5.02216928E-02   4.93993945E-02   4.42926399E-02   4.37889323E-02   4.50937673E-02   4.50122319E-02   4.03167158E-02   3.90072614E-02   3.71992029E-02   3.80961187E-02   3.20874788E-02   3.44773903E-02   3.24595086E-02   3.10969185E-02   3.02812103E-02   2.90101599E-02   2.83186324E-02   2.69572195E-02   2.74342522E-02   2.65328791E-02   2.60092020E-02   2.54032128E-02   2.41401345E-02   2.41780467E-02   2.34005228E-02   2.42784731E-02   2.19899900E-02   2.34779157E-02   2.29664966E-02   2.16740295E-02   2.22254507E-02   2.11522132E-02   2.09887791E-02   2.05757283E-02   2.07778178E-02   2.05534678E-02   1.99982692E-02   1.99442729E-02   1.94549654E-02   1.88265499E-02   1.86315477E-02   1.89164616E-02   1.76682454E-02   1.82564631E-02   1.75089296E-02   1.72721334E-02   1.70570910E-02   1.66018289E-02   1.62007064E-02   1.66450143E-02   1.55497734E-02   1.67267211E-02   1.60550792E-02   1.61841698E-02   1.64290760E-02   1.59431621E-02   1.56802628E-02   1.55945905E-02   1.55001106E-02   1.53945703E-02   1.55590922E-02   1.50939934E-02   1.53302308E-02   1.62922554E-02   1.61317885E-02   1.48022901E-02   1.60369575E-02   1.48452828E-02   1.49682704E-02   1.54281622E-02   1.49809569E-02   1.44530665E-02   1.47587564E-02   1.20328460E-02   1.26381516E-02   1.06078126E-02   1.01797441E-02   7.77712185E-03   4.57358919E-03   5.03557641E-03   1.08600268E-03   1.20625040E-03  -999.000000      -999.000000      -999.000000      -7.59886876E-02  -7.79934675E-02  -7.92039409E-02  -7.88880140E-02  -999.000000      -999.000000      -999.000000      -999.000000      -999.000000      -7.67652318E-02  -7.58056343E-02  -7.45335370E-02  -7.30215088E-02  -7.05836415E-02  -6.88586682E-02  -6.73061758E-02  -6.44669160E-02  -6.15848154E-02  -5.95321506E-02  -5.63925020E-02  -5.38245775E-02  -5.15095927E-02  -4.76874076E-02  -4.65966240E-02  -4.35482487E-02  -4.16965820E-02  -3.98237370E-02  -3.76645289E-02  -3.60501297E-02  -3.40996571E-02  -3.20469961E-02  -3.10811624E-02  -2.93144844E-02  -2.73114145E-02  -2.62567550E-02  -2.45789587E-02  -2.32732855E-02  -2.19114125E-02  -2.06969231E-02  -2.01584399E-02  -1.86569728E-02  -1.67881027E-02  -1.59466341E-02  -1.50409192E-02  -1.38234645E-02  -1.33259296E-02  -1.18224844E-02  -1.15599111E-02  -1.04222745E-02  -1.00040659E-02  -9.73852724E-03  -8.45755637E-03  -6.91454113E-03  -5.89031726E-03  -4.67272103E-03  -3.83871794E-03  -2.38353014E-03  -1.33616477E-03  -6.21691346E-04   1.05400383E-03   2.02332437E-03   2.93530524E-03   3.86667252E-03   4.75009531E-03   5.55822253E-03   6.60604984E-03   7.66464323E-03   8.12256336E-03   8.36024433E-03   8.37991387E-03   8.52140784E-03   8.91424716E-03   7.99156725E-03   8.19560885E-03   8.02029669E-03   7.50735402E-03   6.93517923E-03   5.04973531E-03   3.83400917E-03   1.43698603E-03  -3.22048366E-03  -7.10020959E-03  -1.02229491E-02  -1.44202784E-02  -1.64150223E-02  -1.72041580E-02  -1.73006132E-02
         952   9.11499977     10:32:32.631   5.19268624E-02   4.68454361E-02   4.54416983E-02   4.78294082E-02   4.54126447E-02   4.42989469E-02   4.38237712E-02   4.41522337E-02   3.97567376E-02   3.97172496E-02   3.76191922E-02   3.64361443E-02   3.31475027E-02   3.29874083E-02   3.17495242E-02   3.04069333E-02   2.96612158E-02   2.89301816E-02   2.79586315E-02   2.74372268E-02   2.65842564E-02   2.53628977E-02   2.57292055E-02   2.51132194E-02   2.43601464E-02   2.36980598E-02   2.35105343E-02   2.35384833E-02   2.20899992E-02   2.22879238E-02   2.20665019E-02   2.12840419E-02   2.12254561E-02   2.10022200E-02   2.09187921E-02   1.99857336E-02   1.99578311E-02   2.00234726E-02   2.00782791E-02   1.95542835E-02   1.88349783E-02   1.88365672E-02   1.82515569E-02   1.94764640E-02   1.86282471E-02   1.81764495E-02   1.79689061E-02   1.75820924E-02   1.65370367E-02   1.69617478E-02   1.58406086E-02   1.62349194E-02   1.59496833E-02   1.57166421E-02   1.59950182E-02   1.55241312E-02   1.55890472E-02   1.57331470E-02   1.52802579E-02   1.54445916E-02   1.52301136E-02   1.50545724E-02   1.51190907E-02   1.48639847E-02   1.48302233E-02   1.46722468E-02   1.56917926E-02   1.56423058E-02   1.55969793E-02   1.48553113E-02   1.46383010E-02   1.44681949E-02   1.43409781E-02   1.44530702E-02   1.40287308E-02   1.26027726E-02   1.14480108E-02   1.07875876E-02   8.44942220E-03   7.49666756E-03   6.16299594E-03   2.18479987E-03   3.03502521E-03   1.20515749E-03   2.69462354E-04   6.86365413E-04   1.29131228E-03  -7.63682798E-02  -7.72430673E-02  -999.000000      -999.000000      -999.000000      -999.000000      -999.000000      -999.000000      -999.000000      -7.78048113E-02  -7.56752193E-02  -7.49331117E-02  -7.19010904E-02  -6.99132234E-02  -6.88382387E-02  -6.62857369E-02  -6.39564916E-02  -6.20443970E-02  -5.93717247E-02  -5.62620685E-02  -5.37341535E-02  -5.04791737E-02  -4.84969839E-02  -4.57162000E-02  -4.31478210E-02  -4.05961610E-02  -3.88933234E-02  -3.70241031E-02  -3.54497023E-02  -3.34592313E-02  -3.17465588E-02  -3.01307365E-02  -2.86140591E-02  -2.70609856E-02  -2.57063359E-02  -2.41885260E-02  -2.28828527E-02  -2.09109746E-02  -2.02864818E-02  -1.89380012E-02  -1.74665414E-02  -1.60676725E-02  -1.50562078E-02  -1.43904909E-02  -1.33530349E-02  -1.30855218E-02  -1.20220929E-02  -1.09995231E-02  -1.03319213E-02  -1.02137029E-02  -8.50818306E-03  -7.77724385E-03  -6.78420812E-03  -5.22996485E-03  -4.92236763E-03  -2.69833952E-03  -1.78314000E-03  -8.35761428E-04   1.28723681E-04   1.32443756E-03   2.14373320E-03   3.04572284E-03   3.97709757E-03   4.36050445E-03   6.06863201E-03   6.55648112E-03   8.10506195E-03   8.07299465E-03   8.86068493E-03   9.23036784E-03   9.78186727E-03   9.21471417E-03   8.41201097E-03   8.69604200E-03   8.46069306E-03   7.56771863E-03   6.61548227E-03   6.32997602E-03   2.83414871E-03   8.46989453E-04  -2.49062479E-03  -7.52051920E-03  -1.13634020E-02  -1.39108673E-02  -1.53057948E-02  -1.71250664E-02  -1.60015821E-02
         953   9.24400043     10:32:32.879   4.70669493E-02   4.29655388E-02   5.02217524E-02   4.36894894E-02   4.51526754E-02   4.40589674E-02   4.46038283E-02   4.21822593E-02   4.00567353E-02   3.85072529E-02   3.79192121E-02   3.44461352E-02   3.35474983E-02   3.29874046E-02   3.12095154E-02   3.07669174E-02   2.91512180E-02   2.86801700E-02   2.86086351E-02   2.67072413E-02   2.65042614E-02   2.58628912E-02   2.48592328E-02   2.42432300E-02   2.47601699E-02   2.38980856E-02   2.36105658E-02   2.32485197E-02   2.29000412E-02   2.18579695E-02   2.15765554E-02   2.17540860E-02   2.18554903E-02   2.11622491E-02   2.07088180E-02   2.03657560E-02   2.02578492E-02   2.03334987E-02   1.92382932E-02   1.97942965E-02   1.85249895E-02   1.86765753E-02   1.78515799E-02   1.78165175E-02   1.78383477E-02   1.73166301E-02   1.65791810E-02   1.60624739E-02   1.59275476E-02   1.55623984E-02   1.48913246E-02   1.52156139E-02   1.50302984E-02   1.47371320E-02   1.45753855E-02   1.44543927E-02   1.50392018E-02   1.54332304E-02   1.47902705E-02   1.47045674E-02   1.47300884E-02   1.43445814E-02   1.46691492E-02   1.39640849E-02   1.46903312E-02   1.46523323E-02   1.46518163E-02   1.48122823E-02   1.42269358E-02   1.43052712E-02   1.47582907E-02   1.38482377E-02   1.40711553E-02   1.35334237E-02   1.36693446E-02   1.30837578E-02   1.08895227E-02   1.00796986E-02   9.00222640E-03   7.27043115E-03   4.52775508E-03   2.16082484E-03   2.38241302E-03   3.83236445E-04   8.58452986E-04  -999.000000       7.40782358E-04  -7.42958188E-02  -7.63706043E-02  -7.68110901E-02  -7.89151564E-02  -7.83914700E-02  -999.000000      -999.000000      -7.79906288E-02  -7.71746412E-02  -7.59924278E-02  -7.35828355E-02  -7.31307343E-02  -7.13987127E-02  -7.00008348E-02  -6.79758638E-02  -6.62333742E-02  -6.41241148E-02  -6.19820133E-02  -5.90493307E-02  -5.64096905E-02  -5.39017655E-02  -5.11367843E-02  -4.88445833E-02  -4.60337996E-02  -4.32754196E-02  -4.13837545E-02  -3.99109013E-02  -3.79916877E-02  -3.65072750E-02  -3.40467878E-02  -3.25041376E-02  -3.08283120E-02  -2.87816338E-02  -2.79185735E-02  -2.64639184E-02  -2.48961076E-02  -2.36904547E-02  -2.23485641E-02  -2.14440785E-02  -2.02156045E-02  -1.88041478E-02  -1.68752819E-02  -1.61538124E-02  -1.41280591E-02  -1.37405694E-02  -1.25429630E-02  -1.16094500E-02  -1.10067800E-02  -9.63903219E-03  -9.06071812E-03  -8.71507823E-03  -7.84414262E-03  -6.95119053E-03  -4.97705489E-03  -4.43957746E-03  -2.66566873E-03  -1.81056559E-03  -9.03278589E-04   6.11141324E-04   1.19680166E-03   2.62609124E-03   3.06810439E-03   4.06952947E-03   5.01298159E-03   5.86113334E-03   6.83895499E-03   7.89750367E-03   7.95537233E-03   8.94303620E-03   9.24270600E-03   9.58422571E-03   9.63712484E-03   9.21452790E-03   9.37871635E-03   8.83360207E-03   8.52095336E-03   7.29918480E-03   5.60422242E-03   3.47907096E-03   6.12847507E-04  -3.50376219E-03  -6.19237125E-03  -1.13942698E-02  -1.52008161E-02  -1.64947659E-02  -1.86933912E-02  -1.67296864E-02
         954   9.37800026     10:32:33.140   6.02968894E-02   4.00454849E-02   5.33417352E-02   4.94094305E-02   4.60626744E-02   4.40989509E-02   4.67738062E-02   4.59722355E-02   4.06367332E-02   4.01172489E-02   3.93191911E-02   3.83761339E-02   3.36875021E-02   3.52273956E-02   3.31295021E-02   3.10069062E-02   3.00712045E-02   3.00601684E-02   2.89586205E-02   2.83572171E-02   2.78042518E-02   2.66228803E-02   2.63992045E-02   2.58932188E-02   2.55301539E-02   2.45780647E-02   2.39805374E-02   2.45584939E-02   2.25400161E-02   2.33079456E-02   2.34665256E-02   2.22240593E-02   2.29154695E-02   2.22122315E-02   2.15087943E-02   2.14657411E-02   2.02478319E-02   2.10734773E-02   2.05282755E-02   1.97042841E-02   1.98449716E-02   1.93765555E-02   1.88715588E-02   1.79664902E-02   1.80683006E-02   1.73165593E-02   1.70390848E-02   1.62823480E-02   1.54773835E-02   1.50522003E-02   1.57311112E-02   1.49454121E-02   1.57201253E-02   1.53970001E-02   1.46552911E-02   1.47743206E-02   1.45091675E-02   1.39532071E-02   1.43402712E-02   1.44245792E-02   1.43000931E-02   1.42245768E-02   1.50791258E-02   1.30640501E-02   1.37102939E-02   1.46523016E-02   1.24818012E-02   1.55422762E-02   1.36669306E-02   1.30952578E-02   1.52082620E-02   1.27081871E-02   1.31010544E-02   1.50632644E-02   1.00291055E-02   1.22334063E-02   1.09290155E-02   7.06901588E-03   1.23013444E-02   4.67927381E-03   3.25630745E-03   7.34902034E-03  -999.000000       1.35087641E-03   5.85545786E-06  -999.000000       6.82814885E-03  -7.31127113E-02  -7.63975009E-02  -7.84579739E-02  -7.83120468E-02  -7.92483389E-02  -999.000000      -7.91471004E-02  -999.000000      -7.73815066E-02  -7.67993033E-02  -7.58397132E-02  -7.27076232E-02  -7.20655769E-02  -7.04177245E-02  -6.81627467E-02  -6.73602521E-02  -6.38209879E-02  -6.14088997E-02  -6.00462183E-02  -5.66465743E-02  -5.40786460E-02  -5.18536679E-02  -4.84714806E-02  -4.71406914E-02  -4.38223109E-02  -4.19706553E-02  -4.08077985E-02  -3.74285877E-02  -3.65841836E-02  -3.53136882E-02  -3.32410298E-02  -3.19652110E-02  -3.04485336E-02  -2.89954618E-02  -2.73408182E-02  -2.55730040E-02  -2.42773443E-02  -2.36754604E-02  -2.14809664E-02  -2.06524990E-02  -1.95810385E-02  -1.85921751E-02  -1.72807090E-02  -1.45949647E-02  -1.40274912E-02  -1.33599192E-02  -1.20764300E-02  -1.11237913E-02  -1.07660666E-02  -1.03277862E-02  -9.37217474E-03  -8.30122828E-03  -6.65824115E-03  -5.52407652E-03  -4.11655754E-03  -3.43262404E-03  -2.10749358E-03  -8.40164721E-04  -5.73694706E-06   1.27992779E-03   2.44921446E-03   2.83122808E-03   3.78263742E-03   4.62608039E-03   5.85421920E-03   6.68203831E-03   7.25059211E-03   8.49848241E-03   8.96614790E-03   9.45582241E-03   9.55731422E-03   8.87019932E-03   8.91756266E-03   9.21170413E-03   8.29651207E-03   7.88377225E-03   6.84185326E-03   6.47673756E-03   3.58138233E-03   4.24891710E-04  -2.91201472E-03  -7.57096708E-03  -1.05131716E-02  -1.41899437E-02  -1.63641721E-02  -1.80928931E-02  -1.68592334E-02
         955   9.52000046     10:32:33.389   4.49969321E-02   5.03755212E-02   5.04517555E-02   4.38194759E-02   4.61226702E-02   4.58989516E-02   4.64337990E-02   3.87022309E-02   4.26867157E-02   3.95772606E-02   3.77891958E-02   3.51361036E-02   3.49274799E-02   3.41773815E-02   3.11994981E-02   3.09268925E-02   3.00111901E-02   2.99201515E-02   2.75086127E-02   2.80872192E-02   2.78242454E-02   2.64328700E-02   2.60992125E-02   2.56932117E-02   2.50301436E-02   2.49580592E-02   2.49405392E-02   2.35284995E-02   2.33300235E-02   2.33879555E-02   2.25465354E-02   2.28540655E-02   2.22254749E-02   2.18222328E-02   2.15788018E-02   2.13157386E-02   2.09978297E-02   2.09234748E-02   2.07682718E-02   1.99342817E-02   2.00749654E-02   1.92265566E-02   1.93515606E-02   2.01864932E-02   1.97183210E-02   1.95066053E-02   1.94391496E-02   1.87224485E-02   1.82575211E-02   1.79323778E-02   1.73013136E-02   1.80056076E-02   1.72702987E-02   1.70971435E-02   1.72153991E-02   1.72543991E-02   1.73792113E-02   1.72732323E-02   1.74902733E-02   1.65545717E-02   1.71100870E-02   1.69645790E-02   1.64391436E-02   1.66740771E-02   1.72803253E-02   1.72823258E-02   1.78618059E-02   1.75722651E-02   1.69169083E-02   1.71552356E-02   1.64982453E-02   1.60581786E-02   1.75010823E-02   1.61533412E-02   1.48392487E-02   1.50736552E-02   1.36994151E-02   1.23695843E-02   1.12721110E-02   8.89031310E-03   7.55763426E-03   3.83070670E-03   4.34231386E-03   2.00315984E-03   4.68423474E-04   8.25851457E-04   1.85089093E-03  -999.000000      -999.000000      -999.000000      -999.000000      -999.000000      -999.000000      -999.000000      -999.000000      -999.000000      -999.000000      -999.000000      -7.74606168E-02  -7.55685866E-02  -7.25907311E-02  -7.16857463E-02  -6.94332570E-02  -6.74140081E-02  -6.45119026E-02  -6.22392222E-02  -5.90995736E-02  -5.64916469E-02  -5.32366745E-02  -5.11744879E-02  -4.85736877E-02  -4.57553193E-02  -4.39936519E-02  -4.17707935E-02  -4.00515869E-02  -3.78871746E-02  -3.59466933E-02  -3.50340307E-02  -3.25282067E-02  -3.11415307E-02  -3.01784724E-02  -2.79138051E-02  -2.67960131E-02  -2.51703523E-02  -2.39284635E-02  -2.27639675E-02  -2.11755000E-02  -2.00340338E-02  -1.93851851E-02  -1.75237171E-02  -1.66079663E-02  -1.52904615E-02  -1.42328739E-02  -1.37193650E-02  -1.27266869E-02  -1.24789402E-02  -1.16306171E-02  -1.07949749E-02  -9.19403136E-03  -8.40105861E-03  -7.01692700E-03  -6.22945279E-03  -4.55554575E-03  -3.61043960E-03  -2.32315063E-03  -1.33873522E-03  -2.93083489E-04   6.06223941E-04   1.42822415E-03   2.45963782E-03   3.43310088E-03   4.91124392E-03   5.27905673E-03   6.89761341E-03   7.25547224E-03   7.70314038E-03   7.69279152E-03   7.86430389E-03   8.50718468E-03   8.21457803E-03   8.54875147E-03   7.77363032E-03   6.86097145E-03   5.55919111E-03   5.69422543E-03   3.10906768E-03   1.03284419E-03  -2.49376893E-03  -7.34236091E-03  -1.06042698E-02  -1.50107741E-02  -1.64846890E-02  -1.64632425E-02  -1.44694895E-02
         956   9.69999981     10:32:33.639   6.37869611E-02   5.12255654E-02   5.66717573E-02   5.49094677E-02   5.10326736E-02   4.99489456E-02   4.89238277E-02   4.99422438E-02   4.54667397E-02   4.55472656E-02   4.45891954E-02   4.31161225E-02   3.94274853E-02   4.06373963E-02   3.81695032E-02   3.70668992E-02   3.59511971E-02   3.49401645E-02   3.31086218E-02   3.31772231E-02   3.32042575E-02   3.20128836E-02   3.11892200E-02   3.08232307E-02   3.05701513E-02   3.00880726E-02   2.92105488E-02   2.92785168E-02   2.76400372E-02   2.85279769E-02   2.82865576E-02   2.71040909E-02   2.70254891E-02   2.67522428E-02   2.56288163E-02   2.54357513E-02   2.50678416E-02   2.44334862E-02   2.43082829E-02   2.40042899E-02   2.34849714E-02   2.34365594E-02   2.27815770E-02   2.00265143E-02   1.97983608E-02   1.98966637E-02   1.90492328E-02   1.87225621E-02   1.80376805E-02   1.65525656E-02   1.76615212E-02   1.74358096E-02   1.68704744E-02   1.72772799E-02   1.70855038E-02   1.71244740E-02   1.71092562E-02   1.68132558E-02   1.70702785E-02   1.64245646E-02   1.65200792E-02   1.62345823E-02   1.63591616E-02   1.63241066E-02   1.60403568E-02   1.69323515E-02   1.59218162E-02   1.59922652E-02   1.75469015E-02   1.46152331E-02   1.67082548E-02   1.54282097E-02   1.48911551E-02   1.56334694E-02   1.54794520E-02   1.31239668E-02   1.41098797E-02   1.02502219E-02   1.04129463E-02   7.77142448E-03   4.61903121E-03   4.99246409E-03   2.37445720E-03   4.75495588E-04   1.13099744E-03   8.28542979E-04   2.03356706E-03  -7.85287470E-02  -999.000000      -999.000000      -999.000000      -999.000000      -999.000000      -999.000000      -999.000000      -999.000000      -999.000000      -999.000000      -7.71037117E-02  -7.55016729E-02  -7.31737986E-02  -7.10188299E-02  -6.93463460E-02  -6.71570823E-02  -6.40549734E-02  -6.11122921E-02  -5.89326471E-02  -5.58947176E-02  -5.33397421E-02  -5.05475476E-02  -4.79567572E-02  -4.56383824E-02  -4.27667089E-02  -4.09338586E-02  -3.91546413E-02  -3.74402292E-02  -3.55897471E-02  -3.39270793E-02  -3.19012552E-02  -3.04545909E-02  -2.90815234E-02  -2.76868604E-02  -2.55590715E-02  -2.48634070E-02  -2.30915323E-02  -2.17070356E-02  -2.09885687E-02  -1.96771137E-02  -1.86882503E-02  -1.71767771E-02  -1.59110278E-02  -1.56735107E-02  -1.40458792E-02  -1.34823620E-02  -1.31196529E-02  -1.17818639E-02  -1.12135112E-02  -1.04578510E-02  -9.34689492E-03  -8.36394727E-03  -6.98985159E-03  -6.03240728E-03  -4.49851900E-03  -3.73345613E-03  -2.33618915E-03  -1.39181316E-03  -1.36166811E-04   1.18312985E-03   1.68514997E-03   3.06658447E-03   3.96005809E-03   4.54820693E-03   5.58602810E-03   6.76455349E-03   7.61240721E-03   8.28004628E-03   8.38971883E-03   8.43123347E-03   8.37413967E-03   8.55156034E-03   7.51578808E-03   8.28073174E-03   7.62816519E-03   6.63653016E-03   4.93171811E-03   2.77675688E-03   1.34079903E-03  -2.60552764E-03  -6.44374639E-03  -1.16953626E-02  -1.54516175E-02  -1.61353052E-02  -1.69636458E-02  -1.77498646E-02
         957   9.87899971     10:32:33.888   4.88069430E-02   4.38755378E-02   4.68717404E-02   4.34194803E-02   4.31326739E-02   4.24189419E-02   4.24038209E-02   4.03022617E-02   3.91567200E-02   3.83872539E-02   3.75491977E-02   3.37361060E-02   3.32474932E-02   3.35873850E-02   3.05895023E-02   3.03268954E-02   2.94211917E-02   2.89301649E-02   2.74886172E-02   2.73372177E-02   2.63042562E-02   2.56628841E-02   2.60092150E-02   2.48032175E-02   2.51401495E-02   2.41780672E-02   2.48505455E-02   2.42885146E-02   2.31700353E-02   2.28779726E-02   2.29665488E-02   2.23840848E-02   2.26054806E-02   2.15222444E-02   2.11988091E-02   2.15357486E-02   2.15278435E-02   2.10034885E-02   2.04482824E-02   2.01642867E-02   2.03849748E-02   2.00765599E-02   1.94215700E-02   1.93965118E-02   1.89383496E-02   1.86466519E-02   1.82092339E-02   1.78125575E-02   1.72876716E-02   1.68225635E-02   1.69215202E-02   1.63758062E-02   1.66404750E-02   1.60572883E-02   1.58755016E-02   1.59944762E-02   1.55292591E-02   1.56132551E-02   1.55502800E-02   1.56545658E-02   1.55400774E-02   1.52545795E-02   1.51191605E-02   1.49241062E-02   1.45203546E-02   1.43223526E-02   1.44018130E-02   1.60022639E-02   1.47468969E-02   1.50452256E-02   1.50882471E-02   1.38381999E-02   1.32511407E-02   1.36234490E-02   1.29394336E-02   1.22339474E-02   1.25898570E-02   1.01701980E-02   1.03429230E-02   6.24139933E-03   5.67900389E-03   2.22244067E-03   4.44437843E-04  -999.000000      -999.000000       1.80855230E-03   2.58358940E-03  -999.000000      -999.000000      -999.000000      -999.000000      -999.000000      -999.000000      -999.000000      -999.000000      -999.000000      -999.000000      -999.000000      -7.66796693E-02  -7.53076449E-02  -7.25397691E-02  -7.09047914E-02  -6.91723228E-02  -6.69530481E-02  -6.40809536E-02  -6.20882772E-02  -5.87286279E-02  -5.64107075E-02  -5.36757261E-02  -5.06435335E-02  -4.83227372E-02  -4.62643579E-02  -4.38626967E-02  -4.18098271E-02  -4.00306284E-02  -3.79662178E-02  -3.61757278E-02  -3.43830623E-02  -3.30472365E-02  -3.12705673E-02  -2.93275043E-02  -2.83528455E-02  -2.65450589E-02  -2.50093862E-02  -2.32575051E-02  -2.19330154E-02  -2.08845511E-02  -2.00430788E-02  -1.81142204E-02  -1.69027559E-02  -1.47070065E-02  -1.34194940E-02  -1.24518722E-02  -1.16283372E-02  -1.10056400E-02  -1.04578435E-02  -9.66949016E-03  -8.71382654E-03  -7.61286914E-03  -6.55993074E-03  -5.05582988E-03  -3.83837521E-03  -2.70450115E-03  -1.07943267E-03  -2.22161412E-04   1.48221850E-03   2.44787335E-03   3.44716012E-03   4.33918089E-03   5.41060418E-03   6.06407970E-03   7.59223104E-03   8.64004344E-03   9.26858187E-03   9.79643315E-03   1.03740692E-02   9.75373387E-03   9.88524407E-03   1.01881474E-02   9.51557606E-03   9.56978649E-03   9.28473473E-03   8.27218592E-03   7.64052570E-03   5.89572638E-03   3.51075828E-03   1.13479048E-03  -3.25152278E-03  -7.28975981E-03  -1.06313750E-02  -1.30076259E-02  -1.65712796E-02  -1.75396204E-02  -1.67658255E-02
         958   10.0559998     10:32:34.136   5.50769344E-02   4.13955674E-02   4.88617606E-02   4.98394370E-02   4.61726896E-02   4.57789451E-02   4.57738079E-02   4.58122343E-02   4.17667180E-02   4.06272560E-02   3.85091901E-02   3.79561149E-02   3.39674875E-02   3.37173827E-02   3.33594941E-02   3.23268995E-02   3.10611986E-02   2.99701616E-02   2.96686273E-02   2.80672256E-02   2.86542587E-02   2.66028792E-02   2.65892129E-02   2.61732154E-02   2.57201474E-02   2.49580685E-02   2.42605414E-02   2.49285121E-02   2.37000324E-02   2.32179724E-02   2.32065544E-02   2.30940878E-02   2.30654869E-02   2.25822385E-02   2.17188075E-02   2.23557446E-02   2.14478392E-02   2.10734867E-02   2.06882805E-02   1.99342873E-02   2.02449709E-02   1.95365567E-02   1.91815719E-02   1.83665138E-02   1.83083508E-02   1.79466549E-02   1.73492283E-02   1.65925641E-02   1.62276700E-02   1.56425629E-02   1.49815232E-02   1.62858106E-02   1.53804785E-02   1.57072898E-02   1.51255047E-02   1.51844788E-02   1.58992540E-02   1.51932547E-02   1.60402786E-02   1.49745652E-02   1.56800784E-02   1.50945820E-02   1.50391599E-02   1.47041054E-02   1.47803538E-02   1.52823525E-02   1.60318147E-02   1.50122643E-02   1.55868977E-02   1.53952241E-02   1.51382480E-02   1.54681969E-02   1.49211399E-02   1.41134514E-02   1.43894320E-02   1.17339464E-02   1.26398560E-02   1.14901988E-02   8.84292368E-03   9.03140008E-03   7.16900453E-03   4.48244018E-03   2.37443624E-03   2.61548022E-03   2.47099344E-03  -999.000000       1.66358985E-03  -999.000000      -999.000000      -999.000000      -999.000000      -999.000000      -999.000000      -999.000000      -999.000000      -999.000000      -999.000000      -999.000000      -999.000000      -7.65816346E-02  -7.44737610E-02  -7.21987933E-02  -6.99463189E-02  -6.79470599E-02  -6.48349524E-02  -6.18622713E-02  -5.99826202E-02  -5.67046925E-02  -5.39397150E-02  -5.09175360E-02  -4.78567332E-02  -4.55283597E-02  -4.33966927E-02  -4.07838374E-02  -3.89946252E-02  -3.73802148E-02  -3.49697173E-02  -3.37970592E-02  -3.15912440E-02  -3.02945711E-02  -2.86915079E-02  -2.69368477E-02  -2.57390551E-02  -2.44333819E-02  -2.23514996E-02  -2.12370120E-02  -2.02985480E-02  -1.89270861E-02  -1.73982196E-02  -1.64367519E-02  -1.67110004E-02  -1.56934857E-02  -1.48658752E-02  -1.37723312E-02  -1.31096393E-02  -1.23618394E-02  -1.16734877E-02  -1.06678307E-02  -9.59686935E-03  -8.15392286E-03  -6.66981936E-03  -5.52238524E-03  -4.60849702E-03  -3.40343267E-03  -1.93616748E-03  -4.21777368E-04   5.13866544E-04   1.52315199E-03   2.64517218E-03   3.28660756E-03   4.11007553E-03   5.44823706E-03   6.21604174E-03   6.97457790E-03   7.69243389E-03   8.74006748E-03   9.21973586E-03   9.27124172E-03   9.69415903E-03   9.25157219E-03   8.44579190E-03   8.68074596E-03   7.73818791E-03   6.49653375E-03   6.30172342E-03   3.16676497E-03   5.30801713E-04  -3.25553119E-03  -6.74375147E-03  -1.16653666E-02  -1.28816217E-02  -1.79552697E-02  -1.83036327E-02  -1.64198205E-02
         959   10.2180004     10:32:34.383   4.46369573E-02   4.65555564E-02   4.69517373E-02   4.40194644E-02   4.45126668E-02   4.33389656E-02   4.46638279E-02   4.04622406E-02   4.06067185E-02   3.94872539E-02   3.67791876E-02   3.36260945E-02   3.27174775E-02   3.26373838E-02   3.03294957E-02   2.91968808E-02   2.86311805E-02   2.79801469E-02   2.68886127E-02   2.59772111E-02   2.58642472E-02   2.49128696E-02   2.47692075E-02   2.36732103E-02   2.35801395E-02   2.33280696E-02   2.26605441E-02   2.18785126E-02   2.17300393E-02   2.17879713E-02   2.05965526E-02   1.97840892E-02   2.00154874E-02   1.97322425E-02   1.98188126E-02   1.93257462E-02   1.91478413E-02   1.87534839E-02   1.87082756E-02   1.81642771E-02   1.79849621E-02   1.79765448E-02   1.71515644E-02   1.74965113E-02   1.72083713E-02   1.70066897E-02   1.64292958E-02   1.65826529E-02   1.57778040E-02   1.56327374E-02   1.49517180E-02   1.51560083E-02   1.49706518E-02   1.54774357E-02   1.51056200E-02   1.47845522E-02   1.45193078E-02   1.43332854E-02   1.47902854E-02   1.50145590E-02   1.47100706E-02   1.43445805E-02   1.42591717E-02   1.39641315E-02   1.40603799E-02   1.50723709E-02   1.41118150E-02   1.55822476E-02   1.47468708E-02   1.48451952E-02   1.52982185E-02   1.31481793E-02   1.52411517E-02   1.38035109E-02   1.31195597E-02   1.32141737E-02   1.16302343E-02   1.14007425E-02   9.48366523E-03   7.78241595E-03   6.07030559E-03   6.17410429E-03   1.09649682E-03  -999.000000       8.63553258E-04  -999.000000       4.61635459E-03  -999.000000      -999.000000      -999.000000      -999.000000      -999.000000      -999.000000      -999.000000      -999.000000      -999.000000      -999.000000      -999.000000      -999.000000      -999.000000      -999.000000      -7.48217702E-02  -7.25392997E-02  -6.94700330E-02  -6.70179203E-02  -6.38452545E-02  -6.09856024E-02  -5.81776798E-02  -5.54827005E-02  -5.23805134E-02  -5.11097088E-02  -4.77113500E-02  -4.50196639E-02  -4.36768048E-02  -4.09976020E-02  -3.95331793E-02  -3.71926837E-02  -3.53300311E-02  -3.39241959E-02  -3.18475291E-02  -3.04044783E-02  -2.90598273E-02  -2.68620290E-02  -2.56363638E-02  -2.39344761E-02  -2.26299986E-02  -2.14015283E-02  -1.98000707E-02  -1.85012035E-02  -1.72697417E-02  -1.49939768E-02  -1.42564587E-02  -1.40488036E-02  -1.23952478E-02  -1.16525218E-02  -1.09346956E-02  -1.11262947E-02  -9.39060003E-03  -8.56964290E-03  -6.62671775E-03  -5.75264543E-03  -4.58522886E-03  -3.51139158E-03  -2.55635381E-03  -1.38910860E-03   4.85256314E-04   1.49089843E-03   2.02018023E-03   3.44218314E-03   3.55364382E-03   4.77711856E-03   5.62527776E-03   6.89308345E-03   7.84161687E-03   7.93944299E-03   8.84707272E-03   9.27674025E-03   9.64824110E-03   8.83116573E-03   9.03859735E-03   9.08286870E-03   8.54787230E-03   8.16538930E-03   7.21386820E-03   5.04922122E-03   3.62443924E-03   1.23875588E-03  -3.47728282E-03  -6.43512607E-03  -1.05664581E-02  -1.27124563E-02  -1.34357959E-02  -1.63439289E-02  -1.45800449E-02
         960   10.3420000     10:32:34.632   5.88870123E-02   4.16055806E-02   5.29517978E-02   5.13594896E-02   4.61226888E-02   4.58289571E-02   4.65338454E-02   4.55022678E-02   4.23667319E-02   4.11572643E-02   4.13691998E-02   3.83261070E-02   3.47874686E-02   3.64173837E-02   3.34394984E-02   3.28168869E-02   3.19911949E-02   3.14601623E-02   3.02986205E-02   2.89872270E-02   2.88142562E-02   2.77528781E-02   2.72492208E-02   2.73432303E-02   2.68901624E-02   2.57280804E-02   2.58905571E-02   2.54885312E-02   2.37000510E-02   2.51879878E-02   2.35465746E-02   2.27641072E-02   2.37555020E-02   2.23422535E-02   2.27588266E-02   2.22657584E-02   2.21878476E-02   2.14534979E-02   2.14382838E-02   2.13242956E-02   2.03049742E-02   2.02365573E-02   2.02915836E-02   2.04265304E-02   1.93283949E-02   1.90367289E-02   1.85893439E-02   1.84227247E-02   1.73578896E-02   1.67628396E-02   1.63618270E-02   1.70761086E-02   1.60907358E-02   1.67274978E-02   1.59956682E-02   1.60645861E-02   1.61093231E-02   1.64632946E-02   1.60702839E-02   1.58445574E-02   1.59000661E-02   1.45945847E-02   1.49991866E-02   1.55841485E-02   1.44303991E-02   1.61323883E-02   1.54918255E-02   1.50522534E-02   1.59268789E-02   1.48952100E-02   1.44782430E-02   1.52182197E-02   1.46012176E-02   1.47136059E-02   1.43996989E-02   1.24243703E-02   1.31505085E-02   1.04411040E-02   8.45412631E-03   9.85301379E-03   4.63104527E-03   3.35502205E-03   3.03760357E-03  -999.000000       1.94841414E-04   1.81259238E-03   5.67637384E-04  -999.000000      -999.000000      -999.000000      -999.000000      -999.000000      -999.000000      -999.000000      -999.000000      -999.000000      -999.000000      -999.000000      -999.000000      -999.000000      -999.000000      -7.66943544E-02  -7.41118789E-02  -7.19426125E-02  -6.90205023E-02  -6.60978332E-02  -6.35181814E-02  -6.05202615E-02  -5.75252697E-02  -5.45630828E-02  -5.22222891E-02  -4.89539206E-02  -4.73022498E-02  -4.41693850E-02  -4.27001715E-02  -4.03557457E-02  -3.81952561E-02  -3.66025940E-02  -3.47767733E-02  -3.30801159E-02  -3.08370516E-02  -2.89623924E-02  -2.77945995E-02  -2.62089334E-02  -2.45070644E-02  -2.32625641E-02  -2.19740979E-02  -2.04926394E-02  -1.92637779E-02  -1.76223069E-02  -1.57665424E-02  -1.51490159E-02  -1.41313523E-02  -1.27777979E-02  -1.24850422E-02  -1.19372010E-02  -1.07787773E-02  -9.65307653E-03  -8.44211876E-03  -6.96921349E-03  -5.72516024E-03  -4.92776185E-03  -3.60393524E-03  -2.62892246E-03  -1.55167282E-03  -6.87338412E-04   4.78304923E-04   1.52759254E-03   1.99960172E-03   3.11107934E-03   4.04457003E-03   4.89270687E-03   5.83053380E-03   6.88903779E-03   7.32687861E-03   8.18449259E-03   8.42415541E-03   8.37568194E-03   8.41861218E-03   8.20607692E-03   8.61036032E-03   8.48540664E-03   7.67298788E-03   6.43153489E-03   5.75695932E-03   2.21229345E-03   1.34673715E-03  -1.99916214E-03  -7.31683522E-03  -7.89803267E-03  -1.36038885E-02  -1.60771348E-02  -1.61952078E-02  -1.65513121E-02
         961   10.4680004     10:32:34.882   4.53469791E-02   4.59855609E-02   5.17217889E-02   4.22194675E-02   4.39326875E-02   4.23089378E-02   4.34738211E-02   3.75922434E-02   3.85067239E-02   3.73372510E-02   3.74691635E-02   3.22660878E-02   3.33974734E-02   3.17273773E-02   2.94594858E-02   2.86868829E-02   2.76811812E-02   2.68401448E-02   2.49986053E-02   2.55172085E-02   2.47442424E-02   2.39728708E-02   2.32191999E-02   2.21932083E-02   2.23201383E-02   2.13680584E-02   2.18105484E-02   2.16085110E-02   1.94000360E-02   2.16179732E-02   1.96965542E-02   1.98640879E-02   1.97954886E-02   1.87622420E-02   1.90788042E-02   1.82957388E-02   1.87078379E-02   1.81534793E-02   1.77182686E-02   1.70942806E-02   1.76749546E-02   1.66465454E-02   1.63715631E-02   1.75765157E-02   1.76783763E-02   1.70767158E-02   1.58893242E-02   1.59727074E-02   1.51778748E-02   1.45928189E-02   1.43618211E-02   1.46461064E-02   1.42607447E-02   1.43875023E-02   1.43656777E-02   1.38445972E-02   1.37193343E-02   1.35332989E-02   1.39802881E-02   1.34645570E-02   1.38900671E-02   1.34245828E-02   1.25391772E-02   1.27941417E-02   1.34103931E-02   1.30023826E-02   1.25618158E-02   1.32922409E-02   1.29968580E-02   1.37951821E-02   1.26582077E-02   1.21881710E-02   1.26311611E-02   1.13535393E-02   1.08496230E-02   1.13342907E-02   9.92042106E-03   8.31101276E-03   6.87403418E-03   6.31291978E-03   3.03094834E-03   1.60492817E-03  -999.000000      -999.000000      -999.000000      -999.000000       2.40772497E-03  -999.000000      -999.000000      -999.000000      -999.000000      -999.000000      -999.000000      -999.000000      -999.000000      -999.000000      -999.000000      -999.000000      -999.000000      -999.000000      -999.000000      -999.000000      -7.72778019E-02  -7.48985335E-02  -7.22664148E-02  -6.91937357E-02  -6.64640963E-02  -6.32761642E-02  -5.96612021E-02  -5.76290041E-02  -5.55281937E-02  -5.22498339E-02  -4.97681648E-02  -4.74552959E-02  -4.46660779E-02  -4.36016619E-02  -4.12611663E-02  -3.90885063E-02  -3.72826979E-02  -3.52560245E-02  -3.37329693E-02  -3.25483084E-02  -3.03005241E-02  -2.92948596E-02  -2.72829831E-02  -2.65484899E-02  -2.48800144E-02  -2.36385576E-02  -2.22297050E-02  -2.09282227E-02  -1.89624578E-02  -1.78449377E-02  -1.70172788E-02  -1.60337202E-02  -1.53509639E-02  -1.42631084E-02  -1.28647014E-02  -1.23789907E-02  -1.12180337E-02  -1.02451146E-02  -8.69106501E-03  -7.80366361E-03  -6.69982284E-03  -4.97481972E-03  -3.94757837E-03  -2.48323381E-03  -1.72760338E-03  -3.08305025E-04   6.43700361E-04   1.73515826E-03   2.47865915E-03   3.23679298E-03   4.32461500E-03   5.68312407E-03   6.53094798E-03   7.34858215E-03   7.65822828E-03   7.90973008E-03   7.89266080E-03   8.13011825E-03   8.20440054E-03   7.91941583E-03   7.83699751E-03   6.50553405E-03   4.68096137E-03   3.45629454E-03   1.08072907E-03  -2.58515775E-03  -6.63284212E-03  -9.80404019E-03  -1.42498687E-02  -1.65730827E-02  -1.79511011E-02  -1.52271725E-02
         962   10.5990000     10:32:35.141   5.78669906E-02   4.86855917E-02   5.05217649E-02   5.09694852E-02   4.77826670E-02   4.62989584E-02   4.67238240E-02   4.40822318E-02   4.12267186E-02   4.02572490E-02   3.85391824E-02   3.75060774E-02   3.38774659E-02   3.48973721E-02   3.32894847E-02   3.04868780E-02   3.01811751E-02   2.90101375E-02   2.82386038E-02   2.75272056E-02   2.65742354E-02   2.63428669E-02   2.55191904E-02   2.51032077E-02   2.52401363E-02   2.46780496E-02   2.42805313E-02   2.40885075E-02   2.29900349E-02   2.28779744E-02   2.28065550E-02   2.18340848E-02   2.19954848E-02   2.13822350E-02   2.14388017E-02   2.09557395E-02   2.03978326E-02   2.00934727E-02   1.96882654E-02   1.93942692E-02   1.85149517E-02   1.89865381E-02   1.84815545E-02   1.70265101E-02   1.66483745E-02   1.67667065E-02   1.58093218E-02   1.56726968E-02   1.52478684E-02   1.43028162E-02   1.49318175E-02   1.31660998E-02   1.37907481E-02   1.40375057E-02   1.38856759E-02   1.33945998E-02   1.39093334E-02   1.39733022E-02   1.30602913E-02   1.27645601E-02   1.32800657E-02   1.25145800E-02   1.26191769E-02   1.26841394E-02   1.21403914E-02   1.38123818E-02   1.25018135E-02   1.26922345E-02   1.32668540E-02   1.19251721E-02   1.24881985E-02   1.33981593E-02   1.16911437E-02   1.28635205E-02   1.15796048E-02   9.96426679E-03   1.02503970E-02   7.34099140E-03   6.56400993E-03   4.98289615E-03   2.53092684E-03   2.25490378E-03  -999.000000      -999.000000      -999.000000      -999.000000      -999.000000      -999.000000      -999.000000      -999.000000      -999.000000      -999.000000      -999.000000      -999.000000      -999.000000      -999.000000      -999.000000      -999.000000      -999.000000      -999.000000      -999.000000      -999.000000      -999.000000      -999.000000      -7.35723898E-02  -7.09997192E-02  -6.75200671E-02  -6.45521432E-02  -6.09171651E-02  -5.83849773E-02  -5.56241795E-02  -5.30558117E-02  -5.00541404E-02  -4.82512787E-02  -4.60820533E-02  -4.36876342E-02  -4.19371501E-02  -3.94544862E-02  -3.76686603E-02  -3.57819945E-02  -3.41889374E-02  -3.26442793E-02  -3.04164924E-02  -2.87908316E-02  -2.80089453E-02  -2.63144597E-02  -2.52459794E-02  -2.35945322E-02  -2.24856697E-02  -2.09442042E-02  -2.02184394E-02  -1.88409090E-02  -1.83132552E-02  -1.74896903E-02  -1.56569406E-02  -1.50590912E-02  -1.51506700E-02  -1.34549662E-02  -1.26640014E-02  -1.07510835E-02  -9.87701863E-03  -8.48963857E-03  -7.13580847E-03  -6.05079532E-03  -4.95354831E-03  -3.42918932E-03  -2.69357115E-03  -1.17427856E-03  -1.82278454E-04   5.79178333E-04   1.52268261E-03   2.82081962E-03   4.12864238E-03   5.18714637E-03   6.02497160E-03   6.85259700E-03   7.57224858E-03   7.98375905E-03   8.04667920E-03   8.60413164E-03   8.73840600E-03   9.00343806E-03   8.26099515E-03   7.08954036E-03   5.37496805E-03   4.02028859E-03   1.10473484E-03  -2.55115330E-03  -7.94883072E-03  -9.89001989E-03  -1.39658749E-02  -1.50890611E-02  -1.55070722E-02  -1.56831220E-02
         963   10.7089996     10:32:35.391   5.71869761E-02   4.98955809E-02   3.97217758E-02   4.78394814E-02   4.37926836E-02   4.34889682E-02   3.85838374E-02   4.27822694E-02   3.82567197E-02   3.76372486E-02   3.43291685E-02   3.44261043E-02   3.28874700E-02   2.93773822E-02   3.01394910E-02   2.87068840E-02   2.73411870E-02   2.57801563E-02   2.67986115E-02   2.53372248E-02   2.50042453E-02   2.36628726E-02   2.39992123E-02   2.35732142E-02   2.27101576E-02   2.31280755E-02   2.22805589E-02   2.10285187E-02   2.18300503E-02   2.07579900E-02   2.03365739E-02   2.12141033E-02   2.00954974E-02   1.97322518E-02   1.97388176E-02   1.90257486E-02   1.91478487E-02   1.81334913E-02   1.85582787E-02   1.73142832E-02   1.83649678E-02   1.74965542E-02   1.69915725E-02   1.79765318E-02   1.75183993E-02   1.77067481E-02   1.67293716E-02   1.60527676E-02   1.62179545E-02   1.49029233E-02   1.44019304E-02   1.51462080E-02   1.48308296E-02   1.51475733E-02   1.48957241E-02   1.44546321E-02   1.48393549E-02   1.45233041E-02   1.45202866E-02   1.44745521E-02   1.44500639E-02   1.44445850E-02   1.35291880E-02   1.36641599E-02   1.34804137E-02   1.34423953E-02   1.48118250E-02   1.38222417E-02   1.36668608E-02   1.34851877E-02   1.23682199E-02   1.30581986E-02   1.36212092E-02   1.13336183E-02   1.27497427E-02   1.18044652E-02   9.65067558E-03   1.09613575E-02   6.81447843E-03   6.24350272E-03   4.62167850E-03   5.05837612E-04   3.02861771E-03  -999.000000      -999.000000       1.52397645E-03  -999.000000      -999.000000      -999.000000      -999.000000      -999.000000      -999.000000      -999.000000      -999.000000      -999.000000      -999.000000      -999.000000      -999.000000      -999.000000      -999.000000      -999.000000      -999.000000      -999.000000      -999.000000      -999.000000      -7.18342960E-02  -6.88746497E-02  -6.63967133E-02  -6.32817447E-02  -6.06395565E-02  -5.77587411E-02  -5.44503853E-02  -5.24787083E-02  -4.99458499E-02  -4.73566353E-02  -4.52322066E-02  -4.27817143E-02  -4.13690582E-02  -3.90032306E-02  -3.68665718E-02  -3.49835083E-02  -3.28388587E-02  -3.13610621E-02  -3.00654024E-02  -2.86135264E-02  -2.71790363E-02  -2.54005678E-02  -2.35891081E-02  -2.22402476E-02  -2.05787830E-02  -2.12130062E-02  -2.00954713E-02  -1.88478082E-02  -1.80942379E-02  -1.74914747E-02  -1.64435878E-02  -1.57351494E-02  -1.43994354E-02  -1.35884807E-02  -1.20855868E-02  -1.05715394E-02  -9.88416374E-03  -8.33035260E-03  -6.79534674E-03  -6.19812310E-03  -4.42377478E-03  -3.66816670E-03  -2.46887654E-03  -1.42686069E-03  -2.15396285E-04   5.08114696E-04   1.89626217E-03   3.11407447E-03   4.47257608E-03   5.38040698E-03   5.59802353E-03   6.80767000E-03   6.86919689E-03   7.48212636E-03   6.95960224E-03   8.26390833E-03   7.40898401E-03   6.85659796E-03   6.86520338E-03   4.40073013E-03   3.89613211E-03   1.31072104E-03  -4.44503129E-03  -5.16253710E-03  -1.07835829E-02  -1.51992962E-02  -1.50323808E-02  -1.83703154E-02  -1.59963742E-02
         964   10.7860003     10:32:35.639   5.75170107E-02   3.91255617E-02   5.17017767E-02   4.76795062E-02   4.58027050E-02   4.39189598E-02   4.61638533E-02   4.45522591E-02   4.20267433E-02   4.07972485E-02   3.90791856E-02   3.64560932E-02   3.34274620E-02   3.33573818E-02   3.17394920E-02   3.12768891E-02   3.05311866E-02   2.95501538E-02   2.85986159E-02   2.81872246E-02   2.74542533E-02   2.67228745E-02   2.60992218E-02   2.54032314E-02   2.47501601E-02   2.45780814E-02   2.44705565E-02   2.34385319E-02   2.33500544E-02   2.27879956E-02   2.23865751E-02   2.19041128E-02   2.15355046E-02   2.13822536E-02   2.05388200E-02   2.04357523E-02   2.04078499E-02   1.98734961E-02   1.96182840E-02   1.87742878E-02   1.90749690E-02   1.88265536E-02   1.84815750E-02   1.58365350E-02   1.58584062E-02   1.66867543E-02   1.50393769E-02   1.47627722E-02   1.36779593E-02   1.37829259E-02   1.34319346E-02   1.33562069E-02   1.32308314E-02   1.36375707E-02   1.30057260E-02   1.28946276E-02   1.29693467E-02   1.26033025E-02   1.29802842E-02   1.28645524E-02   1.32600646E-02   1.25545859E-02   1.29491920E-02   1.28041627E-02   1.23904133E-02   1.29124001E-02   1.26318242E-02   1.25222448E-02   1.30368676E-02   1.22751947E-02   1.16982320E-02   1.18582081E-02   1.14812236E-02   1.16136344E-02   1.12997629E-02   1.04244854E-02   8.64069816E-03   7.43138045E-03   7.59450113E-03   3.73352645E-03   2.69169966E-03   5.55862207E-04  -999.000000      -999.000000      -999.000000      -999.000000      -999.000000      -999.000000      -999.000000      -999.000000      -999.000000      -999.000000      -999.000000      -999.000000      -999.000000      -999.000000      -999.000000      -999.000000      -999.000000      -999.000000      -999.000000      -999.000000      -999.000000      -999.000000      -999.000000      -7.33343214E-02  -7.06446692E-02  -6.74967393E-02  -6.38717562E-02  -6.11595660E-02  -5.81487678E-02  -5.52703962E-02  -5.27887270E-02  -5.01658693E-02  -4.79366481E-02  -4.61222231E-02  -4.37017381E-02  -4.16990742E-02  -3.93732451E-02  -3.73965763E-02  -3.55235301E-02  -3.43988761E-02  -3.23810764E-02  -3.10454220E-02  -2.95535363E-02  -2.74090506E-02  -2.64105834E-02  -2.48991288E-02  -2.30102651E-02  -2.17087977E-02  -2.09830217E-02  -2.01654918E-02  -1.92578286E-02  -1.82142518E-02  -1.68614797E-02  -1.63136050E-02  -1.50751770E-02  -1.40394531E-02  -1.32985078E-02  -1.18256100E-02  -1.03615597E-02  -9.28419083E-03  -7.52037764E-03  -6.70536608E-03  -5.40813804E-03  -3.63379717E-03  -3.28817219E-03  -1.80889666E-03  -7.06866384E-04   1.34587288E-04   1.35809183E-03   3.03624570E-03   4.13405895E-03   5.01256436E-03   6.04039431E-03   7.23800063E-03   7.10765272E-03   8.36917758E-03   8.04211944E-03   7.72959739E-03   8.49390775E-03   8.30898434E-03   7.74660707E-03   7.01522082E-03   5.29072434E-03   3.60613316E-03   1.34071708E-03  -3.01502645E-03  -7.22252578E-03  -9.31358337E-03  -1.48592815E-02  -1.69723704E-02  -1.58903375E-02  -1.55364051E-02
         965   10.8610001     10:32:35.886   3.97569574E-02   4.42355722E-02   4.39317599E-02   4.05994728E-02   4.24326770E-02   4.23489623E-02   4.12438363E-02   3.89122516E-02   3.89467292E-02   3.79272513E-02   3.41691859E-02   3.20960991E-02   3.05074546E-02   2.94573847E-02   2.88094860E-02   2.79068854E-02   2.73511838E-02   2.63401549E-02   2.57386155E-02   2.46972162E-02   2.42542364E-02   2.35928651E-02   2.27292087E-02   2.25032158E-02   2.25201454E-02   2.14880612E-02   2.11405531E-02   2.07585171E-02   2.03000400E-02   1.98879745E-02   1.94465611E-02   1.94740910E-02   1.92554891E-02   1.89922452E-02   1.89288128E-02   1.80757418E-02   1.78778395E-02   1.74734835E-02   1.72682721E-02   1.73242837E-02   1.64249595E-02   1.66465491E-02   1.62115656E-02   1.66265201E-02   1.66483838E-02   1.63767152E-02   1.64293312E-02   1.56027088E-02   1.46578820E-02   1.40228244E-02   1.40818227E-02   1.35961035E-02   1.42607437E-02   1.37774991E-02   1.38256717E-02   1.37645910E-02   1.34493308E-02   1.30732991E-02   1.31202890E-02   1.26845585E-02   1.30200665E-02   1.30845839E-02   1.32191787E-02   1.23241460E-02   1.33203957E-02   1.26823848E-02   1.31018171E-02   1.38222417E-02   1.23068653E-02   1.22751882E-02   1.29382173E-02   1.26581844E-02   1.23111727E-02   1.26835555E-02   1.19396392E-02   1.04443086E-02   9.70044266E-03   8.58103484E-03   6.96405675E-03   5.06294426E-03   4.08097543E-03   1.60495145E-03  -999.000000      -999.000000      -999.000000      -999.000000       1.48770213E-03  -999.000000      -999.000000      -999.000000      -999.000000      -999.000000      -999.000000      -999.000000      -999.000000      -999.000000      -999.000000      -999.000000      -999.000000      -999.000000      -999.000000      -999.000000      -999.000000      -999.000000      -999.000000      -7.21017569E-02  -6.91821128E-02  -6.55541793E-02  -6.21892139E-02  -6.00670166E-02  -5.69262058E-02  -5.40978462E-02  -5.10861725E-02  -4.82933074E-02  -4.59941030E-02  -4.44696844E-02  -4.17391807E-02  -3.94665226E-02  -3.77806947E-02  -3.51640396E-02  -3.38109769E-02  -3.20563205E-02  -2.98285298E-02  -2.82028727E-02  -2.66909897E-02  -2.47064978E-02  -2.39280239E-02  -2.26365738E-02  -2.08677091E-02  -1.96762420E-02  -1.99704766E-02  -1.86829492E-02  -1.79652907E-02  -1.72017328E-02  -1.59089826E-02  -1.48611218E-02  -1.45327114E-02  -1.36970021E-02  -1.23660527E-02  -1.06631406E-02  -9.19908285E-03  -8.40167701E-03  -7.03784823E-03  -5.39283454E-03  -4.63560224E-03  -3.20125371E-03  -2.31561810E-03  -1.15632266E-03  -4.31388617E-06   8.47145915E-04   2.09064037E-03   2.89878994E-03   4.12660092E-03   4.99510765E-03   6.30294532E-03   6.92056119E-03   7.15021789E-03   7.87173957E-03   8.97465646E-03   8.23210925E-03   8.12639296E-03   8.28142464E-03   8.04899633E-03   6.97754323E-03   5.79297543E-03   3.49828601E-03   8.02740455E-04  -3.34315002E-03  -6.75082952E-03  -1.10120140E-02  -1.42378546E-02  -1.49110779E-02  -1.55791119E-02  -1.70352012E-02
         966   10.9379997     10:32:36.137   5.96169904E-02   4.88655455E-02   5.62517494E-02   5.32995015E-02   5.14427014E-02   5.09289689E-02   5.04338332E-02   5.05622514E-02   4.82367426E-02   4.79772538E-02   4.52191792E-02   4.51160856E-02   4.15374823E-02   4.06973809E-02   4.00094911E-02   3.85168903E-02   3.79111841E-02   3.69301625E-02   3.64386216E-02   3.53872254E-02   3.42942439E-02   3.38028781E-02   3.32092196E-02   3.25532220E-02   3.25001627E-02   3.21180746E-02   3.14105526E-02   3.12285274E-02   2.97100507E-02   2.98979878E-02   3.00065670E-02   2.88241003E-02   2.86154971E-02   2.82422528E-02   2.83588190E-02   2.82457545E-02   2.75878459E-02   2.69834939E-02   2.69582812E-02   2.65242904E-02   2.64349729E-02   2.59365533E-02   2.55215745E-02   2.40565315E-02   2.37483941E-02   2.30267253E-02   2.22993400E-02   2.26827227E-02   2.14978904E-02   2.10628342E-02   2.14418285E-02   2.01061014E-02   2.05907375E-02   2.06674989E-02   2.00256668E-02   2.03645900E-02   2.02593245E-02   2.04832945E-02   1.99802853E-02   2.00645588E-02   1.93000678E-02   1.92345846E-02   1.95391849E-02   1.83141474E-02   1.91303995E-02   1.95323862E-02   1.82618219E-02   1.94722507E-02   1.96168739E-02   1.80452000E-02   1.98082328E-02   1.75782051E-02   1.78612024E-02   1.86835900E-02   1.58396792E-02   1.71643496E-02   1.54004851E-02   1.31610818E-02   1.48141030E-02   8.89298972E-03   8.30101967E-03   9.59499646E-03   1.72757683E-03   1.31892413E-03   4.27483302E-03   3.05260089E-03   6.46766089E-03  -999.000000      -999.000000      -999.000000      -999.000000      -999.000000      -999.000000      -999.000000      -999.000000      -999.000000      -999.000000      -999.000000      -999.000000      -999.000000      -999.000000      -999.000000      -999.000000      -999.000000      -999.000000      -999.000000      -7.15061724E-02  -6.91582412E-02  -6.58332631E-02  -6.21010736E-02  -6.04502596E-02  -5.70019037E-02  -5.42902201E-02  -5.26473671E-02  -4.94281501E-02  -4.76337373E-02  -4.53932285E-02  -4.29605767E-02  -4.14747559E-02  -3.90280895E-02  -3.68050262E-02  -3.55703719E-02  -3.37825865E-02  -3.13769244E-02  -3.01250368E-02  -2.85105556E-02  -2.68920772E-02  -2.51406245E-02  -2.34417655E-02  -2.24302895E-02  -2.01145224E-02  -1.90769956E-02  -1.81893408E-02  -1.72257796E-02  -1.62230209E-02  -1.52951740E-02  -1.49267539E-02  -1.36210658E-02  -1.23801120E-02  -1.13271885E-02  -9.77314264E-03  -8.70575011E-03  -7.47191906E-03  -6.41690195E-03  -4.47965413E-03  -3.55531275E-03  -2.49966979E-03  -1.22039020E-03  -4.18372452E-04   6.43089414E-04   1.78658217E-03   2.49474496E-03   3.96253914E-03   4.96105105E-03   6.57888502E-03   6.63651526E-03   7.43616372E-03   7.39769638E-03   7.59062171E-03   8.46807659E-03   8.32236558E-03   7.94740021E-03   7.79498369E-03   6.85352832E-03   5.00896573E-03   3.67428362E-03   1.50873512E-03  -3.20716202E-03  -6.98483735E-03  -1.01760402E-02  -1.38319023E-02  -1.43451318E-02  -1.65031888E-02  -1.68492869E-02
         967   11.0120001     10:32:36.386   4.60369736E-02   4.51855622E-02   4.84917648E-02   4.33894582E-02   4.36126776E-02   4.11189683E-02   4.32938263E-02   3.84822413E-02   3.79067212E-02   3.70672494E-02   3.55091915E-02   3.17660980E-02   3.28474753E-02   3.18073742E-02   2.85394937E-02   2.79968884E-02   2.72611827E-02   2.61501521E-02   2.47186180E-02   2.47872230E-02   2.48342529E-02   2.37828717E-02   2.28292178E-02   2.29032133E-02   2.23301481E-02   2.18680780E-02   2.15205550E-02   2.02885270E-02   2.03000512E-02   2.08379868E-02   1.94465723E-02   1.91541072E-02   1.94854960E-02   1.89222544E-02   1.82688180E-02   1.78557541E-02   1.84778478E-02   1.75534859E-02   1.67982802E-02   1.71742868E-02   1.66649688E-02   1.62465554E-02   1.67715717E-02   1.53665328E-02   1.50784003E-02   1.44267492E-02   1.47993732E-02   1.36927664E-02   1.32279545E-02   1.28129236E-02   1.24819307E-02   1.28662037E-02   1.27808321E-02   1.25975683E-02   1.24557260E-02   1.25546297E-02   1.26893483E-02   1.20633086E-02   1.19902892E-02   1.27145536E-02   1.17000621E-02   1.17545826E-02   1.18591888E-02   1.12141594E-02   1.23904124E-02   1.15323979E-02   1.17618255E-02   1.17822429E-02   1.15968585E-02   1.15751866E-02   1.26082217E-02   1.08182002E-02   1.07212085E-02   1.16936192E-02   9.57974419E-03   9.46446508E-03   8.50067660E-03   7.43135810E-03   5.86447818E-03   4.47350368E-03   2.59167841E-03   4.75837849E-04  -999.000000      -999.000000      -999.000000      -999.000000      -999.000000      -999.000000      -999.000000      -999.000000      -999.000000      -999.000000      -999.000000      -999.000000      -999.000000      -999.000000      -999.000000      -999.000000      -999.000000      -999.000000      -999.000000      -999.000000      -999.000000      -999.000000      -999.000000      -999.000000      -7.16966614E-02  -6.88487366E-02  -6.57437593E-02  -6.26115650E-02  -5.97907528E-02  -5.72623983E-02  -5.45107201E-02  -5.17078526E-02  -4.94986326E-02  -4.80142087E-02  -4.50737178E-02  -4.27210554E-02  -4.06852439E-02  -3.82785760E-02  -3.68755236E-02  -3.52708623E-02  -3.32630761E-02  -3.16674113E-02  -2.95555331E-02  -2.82410420E-02  -2.65625753E-02  -2.49311216E-02  -2.37122588E-02  -2.20407806E-02  -2.09150128E-02  -1.96274854E-02  -1.81898177E-02  -1.72062330E-02  -1.71934813E-02  -1.55356005E-02  -1.53971612E-02  -1.38114505E-02  -1.24404952E-02  -1.12675875E-02  -9.90353525E-03  -9.00617242E-03  -7.19236583E-03  -6.12735748E-03  -4.66012955E-03  -3.22578102E-03  -2.55017728E-03  -1.14088506E-03  -1.28865242E-04   5.82605600E-04   1.64610147E-03   2.50425935E-03   4.54206765E-03   5.54057211E-03   5.73839247E-03   7.12601840E-03   7.34566152E-03   8.08718801E-03   7.99012184E-03   7.29759037E-03   8.60189646E-03   7.46697932E-03   7.20458478E-03   6.50319457E-03   4.72871959E-03   3.76412272E-03   1.28716230E-04  -3.13703716E-03  -5.48453629E-03  -1.23055726E-02  -1.30712762E-02  -1.56243891E-02  -1.78123266E-02  -1.47883818E-02
         968   11.0790005     10:32:36.636   4.70770039E-02   4.84055728E-02   4.49117795E-02   4.55494598E-02   4.47626822E-02   4.32689600E-02   4.25338298E-02   3.96122485E-02   3.91067378E-02   3.78972404E-02   3.58791836E-02   3.43460850E-02   3.21074799E-02   3.20573822E-02   3.05294823E-02   2.97368821E-02   2.80311834E-02   2.79801469E-02   2.62586065E-02   2.53972132E-02   2.57642455E-02   2.44428720E-02   2.36892011E-02   2.35532112E-02   2.30001416E-02   2.27480587E-02   2.17005536E-02   2.22385153E-02   2.16600392E-02   2.14279797E-02   2.16665585E-02   2.01840941E-02   2.03954875E-02   2.00322419E-02   1.95088107E-02   1.95457488E-02   1.90678388E-02   1.90534834E-02   1.83982719E-02   1.83942840E-02   1.80649590E-02   1.74965486E-02   1.73915662E-02   1.83665212E-02   1.79883856E-02   1.78567134E-02   1.80493332E-02   1.70427114E-02   1.70578770E-02   1.67328231E-02   1.55618209E-02   1.72161032E-02   1.53907426E-02   1.59275066E-02   1.64056737E-02   1.59945935E-02   1.58493258E-02   1.56132961E-02   1.58802848E-02   1.57645587E-02   1.57300644E-02   1.57945845E-02   1.48491794E-02   1.54141439E-02   1.49603952E-02   1.53123839E-02   1.62818190E-02   1.48722446E-02   1.58768632E-02   1.73451900E-02   1.43082151E-02   1.59581844E-02   1.56511739E-02   1.21835545E-02   1.53896417E-02   1.30843101E-02   1.10304412E-02   1.20210350E-02   8.69405642E-03   7.13294279E-03   7.11097382E-03   3.35495127E-03   3.03754257E-03   3.88889108E-04  -999.000000       6.92615751E-04   3.32770310E-03  -999.000000      -999.000000      -999.000000      -999.000000      -999.000000      -999.000000      -999.000000      -999.000000      -999.000000      -999.000000      -999.000000      -999.000000      -999.000000      -999.000000      -999.000000      -999.000000      -999.000000      -999.000000      -999.000000      -7.22641200E-02  -7.01461807E-02  -6.66112080E-02  -6.34290129E-02  -6.08782172E-02  -5.81198484E-02  -5.50581813E-02  -5.26653081E-02  -4.96961027E-02  -4.83416766E-02  -4.59311903E-02  -4.33285311E-02  -4.12427112E-02  -3.90960388E-02  -3.71729769E-02  -3.52083333E-02  -3.32905315E-02  -3.16548757E-02  -3.04029882E-02  -2.86584944E-02  -2.72700265E-02  -2.56385766E-02  -2.35297121E-02  -2.18582489E-02  -2.08624750E-02  -1.95749477E-02  -1.88972987E-02  -1.72237270E-02  -1.70509778E-02  -1.59831345E-02  -1.49947070E-02  -1.43990107E-02  -1.23580508E-02  -1.13551356E-02  -9.78107750E-03  -8.75368714E-03  -7.08985329E-03  -5.74482977E-03  -5.06760180E-03  -3.58324498E-03  -2.77761370E-03  -8.68327916E-04  -3.36326659E-04   6.05136156E-04   1.75862759E-03   2.62678415E-03   4.11459059E-03   5.02310693E-03   6.14093989E-03   6.87856972E-03   7.52821565E-03   7.57973641E-03   8.00265372E-03   7.54011422E-03   7.44439662E-03   7.89941847E-03   7.75699317E-03   5.98554313E-03   5.59097528E-03   3.74628603E-03   2.70739198E-04  -3.18515301E-03  -6.42282516E-03  -1.13440417E-02  -1.25298537E-02  -1.59730837E-02  -1.59511194E-02  -1.46871991E-02
         969   11.1470003     10:32:36.885   4.91769947E-02   4.25255746E-02   5.71817569E-02   4.37094681E-02   4.58126813E-02   4.47789580E-02   4.85638231E-02   4.16922458E-02   4.03367430E-02   4.14472669E-02   4.15291712E-02   3.58961076E-02   3.41174752E-02   3.76973860E-02   3.27194966E-02   3.29868868E-02   3.20611782E-02   3.20901610E-02   2.88286135E-02   2.91372146E-02   2.90142521E-02   2.81228665E-02   2.77292095E-02   2.81232223E-02   2.65901498E-02   2.62980722E-02   2.72205509E-02   2.54785232E-02   2.40400434E-02   2.57779825E-02   2.44365614E-02   2.45740991E-02   2.52054967E-02   2.35422440E-02   2.37188172E-02   2.27757506E-02   2.29178406E-02   2.15134900E-02   2.20282804E-02   2.19342820E-02   2.11549643E-02   2.13265549E-02   2.10615695E-02   1.95465256E-02   1.91683918E-02   1.91167239E-02   1.79693345E-02   1.80327147E-02   1.75778810E-02   1.61628276E-02   1.64918266E-02   1.62261073E-02   1.60307381E-02   1.58574991E-02   1.56056732E-02   1.57945883E-02   1.55193312E-02   1.59932971E-02   1.54702859E-02   1.51445568E-02   1.53000671E-02   1.49245840E-02   1.51191819E-02   1.44041451E-02   1.48303993E-02   1.57723855E-02   1.49118192E-02   1.51922470E-02   1.53668681E-02   1.46551942E-02   1.46382255E-02   1.35381948E-02   1.40111893E-02   1.52335707E-02   1.32096577E-02   1.26243280E-02   1.23604648E-02   8.75106081E-03   1.09640798E-02   6.07296638E-03   4.07099631E-03   5.07497462E-03  -999.000000      -999.000000      -999.000000      -999.000000      -999.000000      -999.000000      -999.000000      -999.000000      -999.000000      -999.000000      -999.000000      -999.000000      -999.000000      -999.000000      -999.000000      -999.000000      -999.000000      -999.000000      -999.000000      -999.000000      -999.000000      -999.000000      -999.000000      -999.000000      -999.000000      -7.13322163E-02  -6.82172254E-02  -6.43250421E-02  -6.18542321E-02  -5.89358658E-02  -5.57042062E-02  -5.40313274E-02  -5.14521301E-02  -4.86477017E-02  -4.61472124E-02  -4.41645458E-02  -4.18787226E-02  -4.00120579E-02  -3.77090052E-02  -3.64143439E-02  -3.47065628E-02  -3.26108895E-02  -3.05490047E-02  -2.88445204E-02  -2.76060514E-02  -2.62745880E-02  -2.42157318E-02  -2.32542641E-02  -2.13084929E-02  -2.03709677E-02  -1.92833096E-02  -1.82997510E-02  -1.74969994E-02  -1.65591501E-02  -1.55607238E-02  -1.47650279E-02  -1.26940757E-02  -1.21211633E-02  -1.03171021E-02  -9.42971557E-03  -7.50587136E-03  -6.51086122E-03  -5.28363138E-03  -4.68926877E-03  -2.88364291E-03  -2.21434981E-03  -9.82336700E-04  -1.00880861E-04   1.02261454E-03   2.32075900E-03   3.58857960E-03   4.20708209E-03   5.01491874E-03   5.71253896E-03   6.54219091E-03   7.26372004E-03   7.36664981E-03   7.34410435E-03   7.84837455E-03   7.83342123E-03   7.19098747E-03   6.21954352E-03   6.40497357E-03   2.17028707E-03   2.01473385E-03  -2.57115066E-03  -8.01885128E-03  -7.47003406E-03  -1.38958730E-02  -1.58090889E-02  -1.45071410E-02  -1.51432380E-02
         970   11.2159996     10:32:37.145   5.26369885E-02   4.46455963E-02   4.72117513E-02   4.57495004E-02   4.45426889E-02   4.33289595E-02   4.26738448E-02   4.26022597E-02   4.05067354E-02   3.81572396E-02   3.66491936E-02   3.56560834E-02   3.16974670E-02   3.17373872E-02   3.13294902E-02   2.93868911E-02   2.84611788E-02   2.81401630E-02   2.72686146E-02   2.62572262E-02   2.54742466E-02   2.45228838E-02   2.39792168E-02   2.34632157E-02   2.30901539E-02   2.36180723E-02   2.22805589E-02   2.21385285E-02   2.19300501E-02   2.09179893E-02   2.12465692E-02   1.97841022E-02   2.00155005E-02   2.00322494E-02   1.93788204E-02   1.96257532E-02   1.89178437E-02   1.89034883E-02   1.80182848E-02   1.82442889E-02   1.79049745E-02   1.71065573E-02   1.73915755E-02   1.78165287E-02   1.79883949E-02   1.78667288E-02   1.75093394E-02   1.62127204E-02   1.66078880E-02   1.57828387E-02   1.52618289E-02   1.59361083E-02   1.53907398E-02   1.58374999E-02   1.52556719E-02   1.50645860E-02   1.50693292E-02   1.52132967E-02   1.50102861E-02   1.50545575E-02   1.60200652E-02   1.52345849E-02   1.50591843E-02   1.55841466E-02   1.49603980E-02   1.54423853E-02   1.55918207E-02   1.48722511E-02   1.62568744E-02   1.50052030E-02   1.45582343E-02   1.55982058E-02   1.42112030E-02   1.38735874E-02   1.42096784E-02   1.20343519E-02   1.25004863E-02   1.18410829E-02   7.74410367E-03   9.48299002E-03   4.24101949E-03   3.32499808E-03  -999.000000       4.78923321E-04   1.89483457E-03  -999.000000      -999.000000      -999.000000      -999.000000      -999.000000      -999.000000      -999.000000      -999.000000      -999.000000      -999.000000      -999.000000      -999.000000      -999.000000      -999.000000      -999.000000      -999.000000      -999.000000      -999.000000      -999.000000      -999.000000      -999.000000      -999.000000      -6.99982420E-02  -6.73932582E-02  -6.42710626E-02  -6.06802665E-02  -5.81418946E-02  -5.51502183E-02  -5.27473614E-02  -4.98281494E-02  -4.74237278E-02  -4.59432378E-02  -4.32905704E-02  -4.03747596E-02  -3.86280902E-02  -3.71050239E-02  -3.47803794E-02  -3.27625796E-02  -3.14769186E-02  -2.99350396E-02  -2.81505510E-02  -2.61720754E-02  -2.48906203E-02  -2.34317593E-02  -2.13502906E-02  -2.13545151E-02  -1.99469924E-02  -1.88493356E-02  -1.75257772E-02  -1.67730302E-02  -1.60451718E-02  -1.47867501E-02  -1.40410624E-02  -1.30201094E-02  -1.14971884E-02  -1.01131350E-02  -8.78574699E-03  -7.07190484E-03  -6.43689185E-03  -4.96965647E-03  -3.77530605E-03  -2.72967666E-03  -1.77038461E-03  -5.08368015E-04   6.23084605E-04   1.50658190E-03   3.25474143E-03   4.12254035E-03   5.06106019E-03   6.16888702E-03   6.54651970E-03   7.92616606E-03   7.76768476E-03   8.27062875E-03   8.17807764E-03   7.82236457E-03   8.57741386E-03   8.60498846E-03   6.08353317E-03   6.15897030E-03   2.66429037E-03   3.68729234E-04  -2.46716291E-03  -6.72483444E-03  -9.39604640E-03  -1.31018870E-02  -1.60251111E-02  -1.58531778E-02  -1.45892799E-02
         971   11.2880001     10:32:37.392   4.81269993E-02   5.35255522E-02   4.64717522E-02   4.71994951E-02   4.73826937E-02   4.70889620E-02   4.35438305E-02   4.42022532E-02   4.34867255E-02   4.07172553E-02   3.75391729E-02   3.67760770E-02   3.46274786E-02   3.29973772E-02   3.28194946E-02   3.11968829E-02   3.01911812E-02   2.89301556E-02   2.83986069E-02   2.84772087E-02   2.66942419E-02   2.61428710E-02   2.60292049E-02   2.50332095E-02   2.47501489E-02   2.37880703E-02   2.37105414E-02   2.35385150E-02   2.32700426E-02   2.20279749E-02   2.21465621E-02   2.14440916E-02   2.13854909E-02   2.10022405E-02   2.06188131E-02   2.05057487E-02   1.99578404E-02   1.90434847E-02   1.92382727E-02   1.86242834E-02   1.89149585E-02   1.79765448E-02   1.79415680E-02   1.70265194E-02   1.63383801E-02   1.61367171E-02   1.62693299E-02   1.50627056E-02   1.50278779E-02   1.48228230E-02   1.38718206E-02   1.45061025E-02   1.39107453E-02   1.37075009E-02   1.40156765E-02   1.36345932E-02   1.34493308E-02   1.34033002E-02   1.39802871E-02   1.35445567E-02   1.29000675E-02   1.32845836E-02   1.30991796E-02   1.32141439E-02   1.33903977E-02   1.29423840E-02   1.39118182E-02   1.34022413E-02   1.31468624E-02   1.35951890E-02   1.24882171E-02   1.37581844E-02   1.32111721E-02   1.26135536E-02   1.19296405E-02   1.16043082E-02   1.00104418E-02   9.02103633E-03   7.59405643E-03   5.87294344E-03   4.18097340E-03   1.09495176E-03  -999.000000      -999.000000      -999.000000      -999.000000       1.11770257E-03  -999.000000      -999.000000      -999.000000      -999.000000      -999.000000      -999.000000      -999.000000      -999.000000      -999.000000      -999.000000      -999.000000      -999.000000      -999.000000      -999.000000      -999.000000      -999.000000      -999.000000      -999.000000      -999.000000      -999.000000      -7.05681741E-02  -6.70132041E-02  -6.46210089E-02  -6.10402152E-02  -5.80018535E-02  -5.60201779E-02  -5.21673039E-02  -5.01681045E-02  -4.79336753E-02  -4.53331843E-02  -4.31405306E-02  -4.11347002E-02  -3.94580401E-02  -3.77649777E-02  -3.58403288E-02  -3.32025327E-02  -3.22468616E-02  -3.01049873E-02  -2.89004967E-02  -2.73820162E-02  -2.54105665E-02  -2.41917036E-02  -2.25802325E-02  -2.23544762E-02  -2.02869475E-02  -1.95892863E-02  -1.85357220E-02  -1.73929818E-02  -1.69851258E-02  -1.57067068E-02  -1.45810060E-02  -1.31900497E-02  -1.21771358E-02  -1.04930773E-02  -9.39568132E-03  -7.69183785E-03  -6.34682924E-03  -5.79959899E-03  -4.47525084E-03  -3.23961675E-03  -1.86032057E-03  -5.78314066E-04   1.93141401E-04   1.36663020E-03   2.32478976E-03   3.64260375E-03   4.45111841E-03   5.57895005E-03   5.86656481E-03   6.55622035E-03   7.30773807E-03   7.69066066E-03   7.61811435E-03   7.88239390E-03   7.42743164E-03   7.28500634E-03   6.59354776E-03   5.07897884E-03   4.10429388E-03  -4.91254032E-04  -2.38715112E-03  -6.30483031E-03  -1.09160133E-02  -1.13818608E-02  -1.54350847E-02  -1.87631100E-02  -1.64091997E-02
         972   11.3789997     10:32:37.641   5.12569472E-02   4.10255566E-02   4.78917621E-02   4.37894501E-02   4.30726781E-02   4.19689529E-02   4.27938215E-02   4.09122556E-02   3.74067239E-02   3.70772593E-02   3.58891711E-02   3.35760862E-02   3.07274573E-02   3.25573795E-02   2.86394954E-02   2.89568827E-02   2.73411870E-02   2.70201545E-02   2.58286186E-02   2.52372194E-02   2.46442445E-02   2.35828664E-02   2.38992032E-02   2.29932107E-02   2.23201420E-02   2.21580602E-02   2.23805513E-02   2.10285056E-02   1.99300386E-02   2.10079700E-02   1.96865536E-02   1.99440904E-02   2.03254838E-02   1.91322397E-02   1.92288086E-02   1.90357473E-02   1.83278378E-02   1.74634829E-02   1.84082780E-02   1.74742788E-02   1.67349633E-02   1.72665492E-02   1.66015625E-02   1.68665126E-02   1.60183720E-02   1.59866903E-02   1.57292988E-02   1.52926603E-02   1.45078087E-02   1.37927346E-02   1.37917222E-02   1.37360096E-02   1.36506548E-02   1.41074304E-02   1.42856175E-02   1.37045532E-02   1.33893080E-02   1.41232833E-02   1.36502832E-02   1.32045597E-02   1.37100685E-02   1.35045797E-02   1.32591734E-02   1.30041316E-02   1.33203808E-02   1.33223711E-02   1.27218161E-02   1.42122461E-02   1.39668696E-02   1.33251948E-02   1.43882195E-02   1.24881808E-02   1.31611545E-02   1.32835088E-02   1.10295601E-02   1.16241751E-02   1.04302345E-02   8.40074383E-03   7.66366534E-03   6.31241640E-03   4.08030767E-03   3.35410424E-03  -999.000000      -999.000000       1.80354831E-03  -999.000000       3.76355834E-04  -999.000000      -999.000000      -999.000000      -999.000000      -999.000000      -999.000000      -999.000000      -999.000000      -999.000000      -999.000000      -999.000000      -999.000000      -999.000000      -999.000000      -999.000000      -999.000000      -999.000000      -999.000000      -999.000000      -7.40436092E-02  -7.16656744E-02  -6.83806986E-02  -6.52484968E-02  -6.19977079E-02  -5.93693480E-02  -5.68376705E-02  -5.42047992E-02  -5.15055880E-02  -4.90011871E-02  -4.65506911E-02  -4.46680225E-02  -4.27022018E-02  -4.07255366E-02  -3.86124700E-02  -3.66378278E-02  -3.49000283E-02  -3.35143693E-02  -3.16824839E-02  -2.95679942E-02  -2.82895155E-02  -2.68980600E-02  -2.49092095E-02  -2.39477418E-02  -2.10519694E-02  -2.00044475E-02  -1.87668093E-02  -1.79532543E-02  -1.72305182E-02  -1.63026899E-02  -1.52742863E-02  -1.39786080E-02  -1.27776414E-02  -1.18447207E-02  -1.00506470E-02  -9.25322622E-03  -7.61938840E-03  -6.60435855E-03  -5.30710071E-03  -3.93274426E-03  -3.17709893E-03  -1.56782568E-03  -1.30581856E-03   3.05637717E-04   1.68912113E-03   2.49728560E-03   3.69508564E-03   4.66361642E-03   5.54144382E-03   5.95907867E-03   7.05873221E-03   7.05023855E-03   7.46316463E-03   7.65059888E-03   7.75486231E-03   7.45986402E-03   7.05739856E-03   7.11587816E-03   5.03122061E-03   4.20644879E-03   9.60759819E-04  -4.34527546E-03  -5.85314631E-03  -1.01344734E-02  -1.42904557E-02  -1.39537901E-02  -1.52119324E-02  -1.32380463E-02
         973   11.4680004     10:32:37.890   4.81369570E-02   4.31855805E-02   6.04517907E-02   4.47094589E-02   4.80627008E-02   4.54089530E-02   4.99838181E-02   4.12722416E-02   4.25467342E-02   4.00772542E-02   4.20391820E-02   3.52860875E-02   3.31574865E-02   3.74173820E-02   3.13694999E-02   3.18568908E-02   3.12911943E-02   3.12101599E-02   2.94086151E-02   2.88072173E-02   2.85642557E-02   2.70028841E-02   2.71492153E-02   2.71532200E-02   2.56001502E-02   2.54380703E-02   2.55005583E-02   2.54985243E-02   2.34200470E-02   2.48479843E-02   2.37065721E-02   2.27641035E-02   2.44454965E-02   2.22622529E-02   2.17888150E-02   2.19657496E-02   2.20278502E-02   2.12934930E-02   2.14282814E-02   2.10842863E-02   2.06149742E-02   2.07065586E-02   2.03615781E-02   2.01065317E-02   2.00383924E-02   1.91067290E-02   1.94393378E-02   1.88727193E-02   1.78878903E-02   1.81628373E-02   1.69918314E-02   1.68961082E-02   1.72107369E-02   1.66775007E-02   1.69056691E-02   1.70645900E-02   1.68493241E-02   1.70632955E-02   1.63502842E-02   1.65845565E-02   1.58500653E-02   1.64745841E-02   1.63191818E-02   1.44741479E-02   1.62204001E-02   1.54123856E-02   1.58418212E-02   1.65622476E-02   1.44068738E-02   1.57452021E-02   1.62482336E-02   1.31682064E-02   1.64512023E-02   1.49935884E-02   1.24796759E-02   1.61243491E-02   9.78048611E-03   1.06110815E-02   1.16041033E-02   4.33299039E-03   7.40101933E-03   3.35499784E-03   4.67579346E-04   3.35892290E-03  -999.000000       2.72599282E-04   4.24765982E-03  -999.000000      -999.000000      -999.000000      -999.000000      -999.000000      -999.000000      -999.000000      -999.000000      -999.000000      -999.000000      -999.000000      -999.000000      -999.000000      -999.000000      -999.000000      -999.000000      -999.000000      -999.000000      -999.000000      -999.000000      -7.29642361E-02  -6.91292509E-02  -6.62770644E-02  -6.37062639E-02  -5.98078966E-02  -5.73662221E-02  -5.59133589E-02  -5.25941402E-02  -5.06397188E-02  -4.76392359E-02  -4.53465655E-02  -4.38007526E-02  -4.12040912E-02  -3.95810232E-02  -3.78663726E-02  -3.57185751E-02  -3.40429209E-02  -3.22810411E-02  -3.04465443E-02  -2.89980732E-02  -2.76766233E-02  -2.59177573E-02  -2.41862871E-02  -2.15305202E-02  -2.07730010E-02  -1.93453431E-02  -1.87117681E-02  -1.76290199E-02  -1.67611651E-02  -1.56127587E-02  -1.44270547E-02  -1.32861026E-02  -1.22231953E-02  -1.03891268E-02  -9.13174450E-03  -7.65791535E-03  -6.61289692E-03  -5.55565208E-03  -4.28129733E-03  -3.31567228E-03  -1.94638968E-03  -9.84363258E-04  -2.29030848E-05   1.21059269E-03   2.49873847E-03   3.32654268E-03   4.98505682E-03   5.75289875E-03   6.41052425E-03   6.75017387E-03   7.95169175E-03   7.79463351E-03   8.12208652E-03   8.04636627E-03   7.74140656E-03   7.00899214E-03   6.09753281E-03   5.99296391E-03   2.63829529E-03   2.62729824E-04  -2.58316100E-03  -6.31082803E-03  -9.82204825E-03  -1.52478702E-02  -1.65111050E-02  -1.70291848E-02  -1.55152753E-02
         974   11.5590000     10:32:38.140   5.78469671E-02   4.83055525E-02   5.42017594E-02   5.09194806E-02   4.86426763E-02   4.75389473E-02   4.57838289E-02   4.48522381E-02   4.27667275E-02   4.11972478E-02   3.80191654E-02   3.77160981E-02   3.58774737E-02   3.34673710E-02   3.36194895E-02   3.17868739E-02   3.07711754E-02   2.98001412E-02   2.89286077E-02   2.80672144E-02   2.75042355E-02   2.70828623E-02   2.60992069E-02   2.60732025E-02   2.54201461E-02   2.55480576E-02   2.46605445E-02   2.36185137E-02   2.35200357E-02   2.33079735E-02   2.30465587E-02   2.30140891E-02   2.23054849E-02   2.19722427E-02   2.11388078E-02   2.07157396E-02   2.03978382E-02   2.02434789E-02   2.00682711E-02   1.94642805E-02   1.94549579E-02   1.92965455E-02   1.87115669E-02   1.85265169E-02   1.84683762E-02   1.88067090E-02   1.84393283E-02   1.71227045E-02   1.73578709E-02   1.66728199E-02   1.61418244E-02   1.65161062E-02   1.60107426E-02   1.60075054E-02   1.64656751E-02   1.54645992E-02   1.57993343E-02   1.56332981E-02   1.54802874E-02   1.49145592E-02   1.53800678E-02   1.55145824E-02   1.46291768E-02   1.49641419E-02   1.51503943E-02   1.40523817E-02   1.54818138E-02   1.41022382E-02   1.45168584E-02   1.63351819E-02   1.26182055E-02   1.45781720E-02   1.45411622E-02   1.20935384E-02   1.39396209E-02   1.24042910E-02   1.03004212E-02   1.17610134E-02   6.96403440E-03   7.74292089E-03   6.12094998E-03   1.09492848E-03   4.57520597E-04   3.38872429E-04  -999.000000      -999.000000       1.11772399E-03  -999.000000      -999.000000      -999.000000      -999.000000      -999.000000      -999.000000      -999.000000      -999.000000      -999.000000      -999.000000      -999.000000      -999.000000      -999.000000      -999.000000      -999.000000      -999.000000      -999.000000      -999.000000      -999.000000      -7.36581013E-02  -7.10001737E-02  -6.73851967E-02  -6.53130040E-02  -6.19421974E-02  -5.91038391E-02  -5.64121678E-02  -5.37393019E-02  -5.15800901E-02  -4.91556749E-02  -4.68551740E-02  -4.43125069E-02  -4.24266905E-02  -4.00800295E-02  -3.87369655E-02  -3.66723016E-02  -3.49645205E-02  -3.30988504E-02  -3.13969776E-02  -2.99024805E-02  -2.79940069E-02  -2.67225541E-02  -2.52536945E-02  -2.35922299E-02  -2.13964656E-02  -1.95189416E-02  -1.87412761E-02  -1.74177177E-02  -1.69349648E-02  -1.57271102E-02  -1.50287040E-02  -1.38829909E-02  -1.24320425E-02  -1.11491159E-02  -9.55505669E-03  -8.92766565E-03  -7.46382773E-03  -6.07880950E-03  -4.75157797E-03  -4.15722281E-03  -2.55160034E-03  -1.35230273E-03  -4.40292060E-04   4.31165099E-04   1.39465183E-03   3.07279825E-03   3.84061784E-03   5.20912558E-03   6.08694553E-03   6.51457161E-03   7.34422356E-03   8.06573778E-03   8.35865736E-03   7.80611485E-03   8.22039694E-03   8.21541995E-03   8.34298879E-03   6.29154593E-03   5.58697432E-03   4.02229279E-03  -3.03268433E-04  -2.85915285E-03  -6.44686073E-03  -1.03980377E-02  -1.34338550E-02  -1.53070875E-02  -1.69251040E-02  -1.60211734E-02
         975   11.6610003     10:32:38.389   5.61070070E-02   4.22756113E-02   5.74318133E-02   4.99595031E-02   4.87226769E-02   4.71989699E-02   4.89238463E-02   4.65322658E-02   4.23767418E-02   4.43872660E-02   4.26091775E-02   4.30160835E-02   3.69774811E-02   4.03173827E-02   3.76294851E-02   3.64468694E-02   3.56011838E-02   3.46801579E-02   3.44086178E-02   3.29172201E-02   3.32042500E-02   3.10628787E-02   3.15792076E-02   3.02232150E-02   3.05601489E-02   2.98680738E-02   2.93905530E-02   3.03885303E-02   2.80900542E-02   2.82579958E-02   2.91865803E-02   2.68541090E-02   2.73954980E-02   2.65922491E-02   2.63588168E-02   2.62457505E-02   2.54278481E-02   2.56434921E-02   2.47682780E-02   2.55342852E-02   2.48149652E-02   2.39065494E-02   2.39615776E-02   2.16065347E-02   2.14584135E-02   2.09167730E-02   1.98294092E-02   2.03228239E-02   1.96880307E-02   1.84730105E-02   1.87520310E-02   1.79463010E-02   1.79409161E-02   1.87976398E-02   1.78357773E-02   1.81446671E-02   1.79893747E-02   1.83933191E-02   1.76202897E-02   1.75045524E-02   1.76900607E-02   1.64245851E-02   1.74391977E-02   1.60241742E-02   1.63804293E-02   1.77124105E-02   1.65618267E-02   1.67322401E-02   1.74068511E-02   1.50051806E-02   1.65482182E-02   1.68181993E-02   1.36012305E-02   1.70936622E-02   1.33098243E-02   1.42146014E-02   1.43808844E-02   9.99164954E-03   1.02548692E-02   9.10403021E-03   3.87234427E-03   7.17668328E-03   1.08966231E-03  -999.000000       4.17739293E-03  -999.000000      -999.000000      -999.000000      -999.000000      -999.000000      -999.000000      -999.000000      -999.000000      -999.000000      -999.000000      -999.000000      -999.000000      -999.000000      -999.000000      -999.000000      -999.000000      -999.000000      -999.000000      -999.000000      -999.000000      -999.000000      -7.40871653E-02  -7.04292282E-02  -6.84142560E-02  -6.50020689E-02  -6.26812652E-02  -5.94128892E-02  -5.69212213E-02  -5.42883575E-02  -5.10391444E-02  -4.90147173E-02  -4.72042225E-02  -4.46415544E-02  -4.27157357E-02  -4.12290767E-02  -3.85760143E-02  -3.65613587E-02  -3.46035697E-02  -3.27679068E-02  -3.15460302E-02  -2.97715403E-02  -2.85030790E-02  -2.65316255E-02  -2.48927586E-02  -2.29912959E-02  -2.13855132E-02  -2.06279680E-02  -1.95502862E-02  -1.79967061E-02  -1.68839358E-02  -1.61260366E-02  -1.56575777E-02  -1.41918510E-02  -1.28508918E-02  -1.17279962E-02  -1.01639628E-02  -9.14661586E-03  -7.91282207E-03  -7.05783814E-03  -5.03061712E-03  -3.83628160E-03  -3.24066728E-03  -2.49137729E-03  -8.59364867E-04   7.21141696E-05   1.01561844E-03   2.23377347E-03   3.53157520E-03   5.03008068E-03   5.30789793E-03   6.65550679E-03   6.82515651E-03   7.16667622E-03   7.38961995E-03   7.33710825E-03   7.36142695E-03   7.45654106E-03   7.29419291E-03   6.32287562E-03   4.91847098E-03   3.27397138E-03  -2.81311572E-04  -1.96690112E-03  -5.94423711E-03  -1.08951554E-02  -1.32307112E-02  -1.56936496E-02  -1.89915076E-02  -1.47275254E-02
         976   11.8059998     10:32:38.637   5.61369956E-02   4.19156030E-02   4.65217791E-02   4.90895100E-02   4.34026867E-02   4.33889478E-02   4.14938293E-02   4.26722616E-02   3.90167274E-02   3.79072465E-02   3.53291743E-02   3.61160897E-02   3.15974616E-02   3.13573591E-02   3.07094753E-02   2.85968650E-02   2.77611613E-02   2.75401343E-02   2.67985966E-02   2.53372118E-02   2.50042342E-02   2.52328608E-02   2.40892041E-02   2.31732130E-02   2.36901361E-02   2.26480700E-02   2.13105455E-02   2.27085222E-02   2.07600463E-02   2.09079925E-02   2.16665678E-02   1.94741022E-02   2.00954936E-02   1.95922423E-02   1.89188160E-02   1.82857402E-02   1.88378356E-02   1.83734819E-02   1.70182716E-02   1.80942733E-02   1.75149571E-02   1.71065405E-02   1.62815601E-02   1.59965307E-02   1.53884161E-02   1.54367816E-02   1.46494284E-02   1.44528598E-02   1.38280857E-02   1.32630924E-02   1.29221203E-02   1.34363985E-02   1.32910106E-02   1.33577194E-02   1.25958370E-02   1.30347088E-02   1.32994009E-02   1.31933372E-02   1.26002980E-02   1.29945502E-02   1.23400548E-02   1.20545840E-02   1.19792037E-02   1.25541836E-02   1.24804359E-02   1.24824150E-02   1.27618220E-02   1.31822247E-02   1.30368304E-02   1.34051498E-02   1.33481845E-02   1.23981703E-02   1.21612083E-02   1.13336593E-02   1.18398499E-02   1.03546716E-02   1.02410261E-02   8.49187374E-03   6.48519024E-03   6.38448540E-03   4.07293998E-03   1.60746137E-03  -999.000000      -999.000000      -999.000000      -999.000000      -999.000000      -999.000000      -999.000000      -999.000000      -999.000000      -999.000000      -999.000000      -999.000000      -999.000000      -999.000000      -999.000000      -999.000000      -999.000000      -999.000000      -999.000000      -999.000000      -999.000000      -999.000000      -999.000000      -999.000000      -999.000000      -7.08536729E-02  -6.84786960E-02  -6.55564964E-02  -6.24756925E-02  -5.94973378E-02  -5.72656617E-02  -5.43327965E-02  -5.19735813E-02  -4.95091528E-02  -4.70886491E-02  -4.49959934E-02  -4.30001765E-02  -4.08035144E-02  -3.84204648E-02  -3.66858020E-02  -3.54180075E-02  -3.29623520E-02  -3.12504694E-02  -2.99859717E-02  -2.80075148E-02  -2.66660564E-02  -2.53271945E-02  -2.35457309E-02  -2.16499567E-02  -2.08324119E-02  -1.95747130E-02  -1.80811174E-02  -1.72983296E-02  -1.60904117E-02  -1.55019350E-02  -1.43461935E-02  -1.31052323E-02  -1.15223378E-02  -1.06383190E-02  -9.25098360E-03  -7.62721151E-03  -6.48223609E-03  -5.29503822E-03  -3.78071517E-03  -2.91509926E-03  -1.32583082E-03  -8.33794475E-04   2.37666070E-04   1.06119365E-03   2.91933864E-03   3.75715643E-03   4.79564071E-03   5.75345010E-03   6.67104125E-03   7.04069436E-03   8.04220885E-03   8.18514824E-03   7.63264298E-03   7.65698403E-03   7.34211504E-03   6.90981746E-03   6.27855957E-03   5.22422791E-03   2.08982825E-03   5.24669886E-04  -1.87078863E-03  -5.96792996E-03  -1.06986761E-02  -1.17141157E-02  -1.72869079E-02  -1.70046128E-02  -1.47905648E-02
         977   11.9519997     10:32:38.886   4.88069952E-02   5.03856018E-02   4.54918109E-02   4.65895124E-02   4.54826802E-02   4.41889614E-02   4.46138345E-02   4.21622545E-02   4.20167185E-02   3.97572555E-02   3.73891704E-02   3.57060693E-02   3.51574682E-02   3.23973708E-02   3.29894722E-02   3.10968626E-02   2.97411680E-02   2.95501370E-02   2.81186011E-02   2.76272073E-02   2.69442312E-02   2.62428615E-02   2.57091988E-02   2.50132084E-02   2.48401482E-02   2.41780616E-02   2.34105512E-02   2.32485179E-02   2.31700484E-02   2.15879921E-02   2.22965740E-02   2.13541072E-02   2.08354928E-02   2.13022474E-02   2.02488117E-02   1.95357390E-02   1.99578367E-02   1.96434781E-02   1.91582721E-02   1.86942760E-02   1.88349541E-02   1.84365436E-02   1.81715637E-02   1.60765275E-02   1.55484099E-02   1.52067747E-02   1.51894316E-02   1.44528598E-02   1.33880842E-02   1.40030915E-02   1.27721252E-02   1.27464002E-02   1.29310060E-02   1.27477180E-02   1.28758373E-02   1.19747147E-02   1.26494048E-02   1.23933386E-02   1.22502921E-02   1.20645501E-02   1.24700526E-02   1.22345826E-02   1.19992010E-02   1.13041811E-02   1.27704386E-02   1.19524179E-02   1.21918228E-02   1.26322228E-02   1.22368280E-02   1.16451476E-02   1.15381852E-02   1.19181704E-02   1.13112088E-02   1.08436607E-02   1.07598472E-02   9.85467061E-03   8.96102563E-03   7.79187307E-03   6.50519039E-03   3.59448558E-03   2.25294195E-03   5.37461136E-04  -999.000000      -999.000000      -999.000000      -999.000000      -999.000000      -999.000000      -999.000000      -999.000000      -999.000000      -999.000000      -999.000000      -999.000000      -999.000000      -999.000000      -999.000000      -999.000000      -999.000000      -999.000000      -999.000000      -999.000000      -999.000000      -999.000000      -999.000000      -999.000000      -999.000000      -7.27176666E-02  -6.94026947E-02  -6.65105060E-02  -6.39897063E-02  -6.08313419E-02  -5.78596592E-02  -5.57767861E-02  -5.26775792E-02  -5.08231595E-02  -4.74926569E-02  -4.62199971E-02  -4.32541743E-02  -4.17375118E-02  -3.99244614E-02  -3.77198011E-02  -3.62220220E-02  -3.42163518E-02  -3.23344767E-02  -3.06599885E-02  -2.92715132E-02  -2.73000635E-02  -2.58911960E-02  -2.32097320E-02  -2.17839554E-02  -2.09164023E-02  -1.94287188E-02  -1.86851285E-02  -1.74923353E-02  -1.66144185E-02  -1.58159398E-02  -1.43401958E-02  -1.32092349E-02  -1.16163418E-02  -1.01623237E-02  -9.48499888E-03  -7.59121776E-03  -6.44624233E-03  -5.49904257E-03  -4.03471291E-03  -2.62910873E-03  -1.88983232E-03  -4.77798283E-04   5.23671508E-04   1.91718340E-03   2.77534127E-03   3.93314660E-03   5.06163388E-03   6.09944761E-03   6.71704859E-03   6.98668510E-03   7.51821697E-03   7.68115371E-03   7.55863637E-03   7.54298270E-03   7.13811070E-03   6.62582368E-03   6.87455386E-03   4.98022884E-03   3.70582193E-03   4.90657985E-04  -2.84479558E-03  -6.33192807E-03  -1.03126988E-02  -1.19281188E-02  -1.52008869E-02  -1.64886080E-02  -1.67545751E-02
         978   12.1009998     10:32:39.140   4.70669977E-02   4.44555767E-02   5.14817648E-02   4.24494855E-02   4.47426848E-02   4.36689667E-02   4.47938293E-02   4.11022417E-02   4.15067077E-02   3.94772291E-02   3.79391685E-02   3.34960781E-02   3.31274532E-02   3.23373638E-02   3.00194770E-02   3.01368572E-02   2.88811624E-02   2.86001414E-02   2.75085904E-02   2.76372023E-02   2.56442335E-02   2.50928607E-02   2.50291936E-02   2.48231962E-02   2.43601315E-02   2.39980482E-02   2.36105453E-02   2.21285056E-02   2.26200335E-02   2.20279694E-02   2.11565532E-02   2.18340885E-02   2.09254846E-02   2.07722336E-02   2.04788018E-02   1.98357366E-02   1.98078267E-02   1.95734706E-02   1.90782603E-02   1.87842660E-02   1.84449479E-02   1.85965337E-02   1.81715563E-02   1.70265120E-02   1.70483813E-02   1.62267294E-02   1.58093534E-02   1.60527471E-02   1.51079390E-02   1.43829091E-02   1.39519200E-02   1.36762001E-02   1.41308382E-02   1.43275792E-02   1.42357321E-02   1.38446400E-02   1.40993558E-02   1.37333097E-02   1.34802908E-02   1.43345548E-02   1.38100618E-02   1.28845796E-02   1.31791839E-02   1.31941559E-02   1.31004052E-02   1.37823923E-02   1.33418161E-02   1.40722273E-02   1.26368385E-02   1.37951588E-02   1.35181835E-02   1.19681507E-02   1.32511538E-02   1.16035528E-02   1.13996668E-02   1.13343857E-02   9.93058830E-03   8.85126740E-03   8.46438669E-03   3.15340934E-03   3.98158235E-03   1.63574377E-03   1.11854309E-03   1.08001009E-03  -999.000000       1.81400799E-03   1.91414729E-05  -999.000000      -999.000000      -999.000000      -999.000000      -999.000000      -999.000000      -999.000000      -999.000000      -999.000000      -999.000000      -999.000000      -999.000000      -999.000000      -999.000000      -999.000000      -999.000000      -999.000000      -999.000000      -999.000000      -999.000000      -7.31706247E-02  -6.90356493E-02  -6.66734576E-02  -6.34126663E-02  -6.06043003E-02  -5.81026189E-02  -5.52297607E-02  -5.27905449E-02  -5.06961271E-02  -4.73356321E-02  -4.56529669E-02  -4.35171425E-02  -4.13104743E-02  -3.97774242E-02  -3.81527655E-02  -3.58649716E-02  -3.40793170E-02  -3.21174376E-02  -3.05829458E-02  -2.87744775E-02  -2.74530165E-02  -2.58641578E-02  -2.44326927E-02  -2.22469196E-02  -2.03693956E-02  -2.02217251E-02  -1.89481452E-02  -1.83353834E-02  -1.66175105E-02  -1.59190707E-02  -1.50833577E-02  -1.35623850E-02  -1.26794763E-02  -1.05854273E-02  -1.01180524E-02  -8.19424540E-03  -7.02923536E-03  -5.94201684E-03  -4.50767577E-03  -3.64205986E-03  -2.22278386E-03  -1.17075443E-03  -4.39301133E-04   4.04208899E-04   2.01235712E-03   2.89016962E-03   3.95866483E-03   4.84649092E-03   5.99409640E-03   6.27374649E-03   6.54526055E-03   6.32818788E-03   7.24565238E-03   7.90993124E-03   6.96501136E-03   7.23261386E-03   5.56122512E-03   4.61672992E-03   3.84214520E-03   9.67159867E-05  -2.91902572E-03  -5.63652813E-03  -1.05975643E-02  -1.34932548E-02  -1.45363100E-02  -1.59142017E-02  -1.40002258E-02
         979   12.2500000     10:32:39.389   4.67170104E-02   4.99455966E-02   5.94118163E-02   4.71095033E-02   4.85726781E-02   4.78489548E-02   5.12338541E-02   4.30122502E-02   4.49467115E-02   4.22272496E-02   4.25591655E-02   3.66560854E-02   3.72974649E-02   3.77073810E-02   3.32194827E-02   3.41868661E-02   3.28411721E-02   3.17001455E-02   3.04286052E-02   2.99472082E-02   2.94642486E-02   2.77128704E-02   2.86892131E-02   2.75132116E-02   2.74501517E-02   2.62880716E-02   2.74105500E-02   2.55685225E-02   2.53100507E-02   2.57979892E-02   2.35265717E-02   2.47341096E-02   2.42054984E-02   2.33822521E-02   2.31188163E-02   2.28557475E-02   2.23978423E-02   2.21234839E-02   2.20382772E-02   2.17042807E-02   2.14749631E-02   2.06265450E-02   2.03615725E-02   1.93165354E-02   1.92484092E-02   1.91967636E-02   1.84394084E-02   1.84228159E-02   1.77380219E-02   1.68430060E-02   1.68620255E-02   1.70063060E-02   1.67309213E-02   1.66876446E-02   1.67557802E-02   1.66046713E-02   1.59393754E-02   1.65533219E-02   1.65502895E-02   1.60745531E-02   1.62700564E-02   1.59745831E-02   1.57391969E-02   1.54141719E-02   1.52604263E-02   1.61824096E-02   1.69018246E-02   1.62722338E-02   1.67768467E-02   1.54751707E-02   1.57182068E-02   1.56581886E-02   1.47412177E-02   1.49636483E-02   1.48498025E-02   1.33945812E-02   1.29608624E-02   1.20216263E-02   9.79484525E-03   7.43400771E-03   7.22232182E-03   2.67666206E-03   3.04964418E-03   1.13119138E-03   9.57387849E-04   8.35323706E-04   3.33042443E-03  -999.000000      -999.000000      -999.000000      -999.000000      -999.000000      -999.000000      -999.000000      -999.000000      -999.000000      -999.000000      -999.000000      -999.000000      -999.000000      -999.000000      -999.000000      -999.000000      -999.000000      -999.000000      -999.000000      -999.000000      -7.44172037E-02  -7.10622221E-02  -6.82300255E-02  -6.48892298E-02  -6.21108636E-02  -5.98092005E-02  -5.67263216E-02  -5.38871139E-02  -5.14326841E-02  -4.89321910E-02  -4.72795367E-02  -4.45237011E-02  -4.27170470E-02  -4.13139947E-02  -3.88793387E-02  -3.73115391E-02  -3.55258882E-02  -3.37040015E-02  -3.19195129E-02  -3.06010395E-02  -2.93395855E-02  -2.73507349E-02  -2.56192647E-02  -2.34234892E-02  -2.21859440E-02  -2.07582675E-02  -1.98746882E-02  -1.94219016E-02  -1.79240145E-02  -1.67755559E-02  -1.61598176E-02  -1.45788714E-02  -1.32659711E-02  -1.15719438E-02  -1.07645765E-02  -9.59078968E-03  -8.12579691E-03  -6.78858906E-03  -5.68426400E-03  -4.54863906E-03  -2.93935090E-03  -2.16734409E-03  -1.06585771E-03  -4.23491001E-05   8.75800848E-04   2.28360295E-03   3.12211365E-03   4.28992510E-03   4.75753099E-03   5.58718294E-03   6.21870160E-03   6.31164759E-03   6.78911805E-03   7.62345642E-03   6.65855408E-03   6.09621406E-03   6.20488822E-03   4.41046804E-03   2.80597806E-03   1.69070065E-03  -3.75489891E-03  -5.15222549E-03  -9.04313475E-03  -1.42687112E-02  -1.44216344E-02  -1.38994642E-02  -1.41154863E-02
         980   12.4080000     10:32:39.638   5.30069694E-02   5.19955754E-02   5.57317659E-02   4.97694798E-02   4.99326773E-02   4.75589484E-02   4.74338457E-02   4.65822369E-02   4.24467102E-02   4.34872583E-02   3.96891683E-02   3.94860804E-02   3.55474688E-02   3.69073786E-02   3.44194844E-02   3.28168646E-02   3.19811776E-02   3.10101435E-02   3.06386035E-02   2.88872104E-02   2.87242383E-02   2.78328657E-02   2.79392041E-02   2.67432053E-02   2.68801488E-02   2.61180606E-02   2.51205489E-02   2.56585199E-02   2.44200453E-02   2.37279907E-02   2.47665681E-02   2.31741033E-02   2.35954933E-02   2.27922443E-02   2.27588154E-02   2.16057450E-02   2.13578418E-02   2.11434830E-02   2.10482702E-02   2.06242781E-02   2.08549593E-02   2.03965418E-02   1.98915638E-02   1.78965237E-02   1.75184011E-02   1.69967581E-02   1.67293977E-02   1.65128093E-02   1.61480177E-02   1.54830031E-02   1.48220239E-02   1.52963009E-02   1.50909228E-02   1.49476454E-02   1.49057815E-02   1.46446712E-02   1.50293792E-02   1.49233183E-02   1.45302899E-02   1.41545525E-02   1.47300595E-02   1.44845825E-02   1.36291943E-02   1.44041693E-02   1.39404237E-02   1.46424063E-02   1.51818227E-02   1.44822318E-02   1.48068415E-02   1.51151633E-02   1.36081968E-02   1.41581781E-02   1.44512020E-02   1.30236316E-02   1.36597855E-02   1.20345615E-02   1.10808415E-02   1.13116046E-02   8.13482329E-03   8.52398388E-03   6.61229622E-03   1.57663878E-03   3.03962547E-03   2.61118123E-03  -999.000000      -999.000000       1.67044532E-03  -999.000000      -999.000000      -999.000000      -999.000000      -999.000000      -999.000000      -999.000000      -999.000000      -999.000000      -999.000000      -999.000000      -999.000000      -999.000000      -999.000000      -999.000000      -999.000000      -999.000000      -999.000000      -999.000000      -999.000000      -7.22511783E-02  -6.76462129E-02  -6.53340220E-02  -6.27032220E-02  -5.88448495E-02  -5.62931895E-02  -5.38603142E-02  -5.12310937E-02  -4.93966676E-02  -4.67361808E-02  -4.43535224E-02  -4.27377038E-02  -4.02510315E-02  -3.83479707E-02  -3.65833119E-02  -3.47755328E-02  -3.27798650E-02  -3.14679854E-02  -2.95634978E-02  -2.74050310E-02  -2.63635777E-02  -2.39947177E-02  -2.23232545E-02  -2.17974670E-02  -2.03799307E-02  -1.99322589E-02  -1.82086714E-02  -1.74558945E-02  -1.64580010E-02  -1.54795498E-02  -1.41638145E-02  -1.30128562E-02  -1.13599524E-02  -1.03759170E-02  -9.15856659E-03  -7.45476782E-03  -5.92978299E-03  -4.63256985E-03  -3.26823443E-03  -2.13263184E-03  -1.30333751E-03  -5.61311841E-04   8.20152462E-04   1.62366033E-03   2.76181847E-03   4.14963067E-03   5.02812862E-03   4.94594127E-03   5.87354600E-03   6.86319172E-03   7.60470331E-03   7.09763914E-03   7.51513243E-03   7.64945149E-03   7.37454742E-03   7.41220266E-03   6.37089461E-03   5.04647195E-03   3.47197801E-03   2.66686082E-04  -2.46891379E-03  -6.31621480E-03  -9.75713879E-03  -1.26727000E-02  -1.51856281E-02  -1.55934580E-02  -1.32994615E-02
         981   12.5679998     10:32:39.887   6.13469779E-02   5.35255745E-02   5.15117608E-02   5.40194698E-02   4.95126694E-02   4.81189638E-02   4.72538434E-02   4.77622598E-02   4.46367301E-02   4.34372462E-02   4.24091630E-02   4.02860902E-02   3.78474556E-02   3.81473750E-02   3.64694744E-02   3.46168615E-02   3.41211706E-02   3.30901481E-02   3.19486037E-02   3.13472077E-02   3.07642333E-02   2.99928579E-02   2.98392046E-02   2.87632048E-02   2.86101419E-02   2.81380601E-02   2.80705467E-02   2.76085231E-02   2.61100475E-02   2.73279864E-02   2.61565708E-02   2.53541078E-02   2.56454907E-02   2.47222427E-02   2.46688090E-02   2.45557390E-02   2.43378393E-02   2.35434845E-02   2.36282703E-02   2.33842749E-02   2.28649508E-02   2.26565376E-02   2.17615664E-02   1.99465305E-02   1.98084135E-02   1.95867773E-02   1.81294307E-02   1.84228569E-02   1.77380834E-02   1.64730940E-02   1.72221251E-02   1.69963986E-02   1.64610092E-02   1.72777157E-02   1.60158407E-02   1.56947151E-02   1.61994044E-02   1.58833358E-02   1.56302918E-02   1.58645511E-02   1.62300542E-02   1.53545840E-02   1.60692036E-02   1.43441819E-02   1.38904359E-02   1.60224158E-02   1.46818217E-02   1.50422249E-02   1.68468300E-02   1.40651483E-02   1.53081864E-02   1.56281684E-02   1.24612097E-02   1.54636614E-02   1.27598476E-02   1.00046732E-02   1.39710270E-02   8.49187374E-03   1.07251899E-02   7.78448535E-03   1.44294091E-03   6.09746017E-03   1.09064253E-03  -999.000000       9.58647695E-04   2.86682742E-04  -999.000000      -999.000000      -999.000000      -999.000000      -999.000000      -999.000000      -999.000000      -999.000000      -999.000000      -999.000000      -999.000000      -999.000000      -999.000000      -999.000000      -999.000000      -999.000000      -999.000000      -999.000000      -999.000000      -999.000000      -999.000000      -7.27356672E-02  -6.97606951E-02  -6.65785000E-02  -6.38177022E-02  -6.12893291E-02  -5.76876551E-02  -5.50747924E-02  -5.30255809E-02  -5.02511486E-02  -4.84106578E-02  -4.62179855E-02  -4.34121713E-02  -4.22455072E-02  -4.00124528E-02  -3.79378051E-02  -3.57900076E-02  -3.40143517E-02  -3.26424688E-02  -3.15779746E-02  -2.92095095E-02  -2.76580639E-02  -2.58392058E-02  -2.37577371E-02  -2.24519446E-02  -2.16244012E-02  -1.98967196E-02  -1.94131248E-02  -1.83203332E-02  -1.72124170E-02  -1.66939460E-02  -1.51381977E-02  -1.44872330E-02  -1.27543435E-02  -1.13203228E-02  -9.80298966E-03  -8.69920850E-03  -7.26424158E-03  -5.85704297E-03  -5.12270629E-03  -3.72710079E-03  -2.37783045E-03  -1.28579885E-03  -7.14331865E-04   9.39190388E-04   1.62734091E-03   2.60515511E-03   3.85364145E-03   5.40144742E-03   5.64905256E-03   6.47868961E-03   6.78020716E-03   7.62315840E-03   7.38064200E-03   7.51498342E-03   7.25012273E-03   6.84782118E-03   6.07656687E-03   5.51223010E-03   3.19782645E-03   7.22669065E-04  -2.58278847E-03  -6.84992224E-03  -9.91069525E-03  -1.21961311E-02  -1.47188939E-02  -1.60866044E-02  -1.42625645E-02
         982   12.7259998     10:32:40.135   5.68170175E-02   4.26155962E-02   5.26418015E-02   4.76694889E-02   4.80326898E-02   4.78789657E-02   4.81038354E-02   4.61422391E-02   4.27767150E-02   4.21072356E-02   4.13791724E-02   3.77160944E-02   3.53074744E-02   3.61273810E-02   3.42394821E-02   3.26368809E-02   3.19811814E-02   3.08301412E-02   3.00886054E-02   2.93372143E-02   2.89042480E-02   2.80128606E-02   2.78292075E-02   2.74232086E-02   2.68701538E-02   2.64080707E-02   2.58805510E-02   2.55685225E-02   2.40500532E-02   2.47579925E-02   2.41865739E-02   2.38641053E-02   2.35854983E-02   2.30022501E-02   2.26788148E-02   2.21957527E-02   2.24778466E-02   2.09034886E-02   2.17282735E-02   2.15442795E-02   2.10049655E-02   2.00765505E-02   2.10715681E-02   1.92265324E-02   1.89384054E-02   1.88767686E-02   1.84394084E-02   1.80428140E-02   1.75880268E-02   1.69730112E-02   1.64420288E-02   1.65963005E-02   1.63109172E-02   1.65476408E-02   1.64757799E-02   1.63346697E-02   1.62493791E-02   1.65933203E-02   1.63402911E-02   1.61345527E-02   1.57900564E-02   1.56945847E-02   1.52091961E-02   1.50941731E-02   1.60204265E-02   1.65124070E-02   1.59218237E-02   1.59622338E-02   1.59268472E-02   1.48851704E-02   1.53082088E-02   1.54281892E-02   1.48312170E-02   1.57336481E-02   1.37598058E-02   1.33045819E-02   1.22708622E-02   1.05216270E-02   9.93484538E-03   9.48400702E-03   6.12232182E-03   4.45666164E-03   1.09964097E-03   4.31194436E-04   1.04739086E-03   1.67532451E-03  -999.000000      -999.000000      -999.000000      -999.000000      -999.000000      -999.000000      -999.000000      -999.000000      -999.000000      -999.000000      -999.000000      -999.000000      -999.000000      -999.000000      -999.000000      -999.000000      -999.000000      -999.000000      -999.000000      -999.000000      -999.000000      -7.22552016E-02  -6.94102272E-02  -6.60780370E-02  -6.37072325E-02  -6.06688708E-02  -5.76272011E-02  -5.49843237E-02  -5.33351228E-02  -5.04406914E-02  -4.81601991E-02  -4.54375371E-02  -4.38217148E-02  -4.16950583E-02  -3.95219885E-02  -3.81273441E-02  -3.64695564E-02  -3.42938825E-02  -3.25920098E-02  -3.04775201E-02  -2.93790475E-02  -2.71175914E-02  -2.57787295E-02  -2.42272653E-02  -2.29914971E-02  -2.16839463E-02  -1.97262801E-02  -1.92126967E-02  -1.80099048E-02  -1.74020194E-02  -1.68835670E-02  -1.50278285E-02  -1.41768754E-02  -1.25639699E-02  -1.11399516E-02  -1.05125904E-02  -8.88878852E-03  -7.59380311E-03  -5.78659773E-03  -4.64226305E-03  -3.72663885E-03  -2.25736201E-03  -1.32534653E-03  -7.23868608E-04   6.69635832E-04   2.43779272E-03   3.32560390E-03   4.45410609E-03   4.99191135E-03   6.16952777E-03   6.55917823E-03   7.52069801E-03   7.25363195E-03   7.55111128E-03   7.82544911E-03   7.97054917E-03   7.08820671E-03   6.06688112E-03   5.33246994E-03   3.51797789E-03   2.92696059E-04  -2.39291042E-03  -6.75021857E-03  -8.62112641E-03  -1.39466897E-02  -1.65796429E-02  -1.44374780E-02  -1.48934834E-02
         983   12.8820000     10:32:40.383   4.84569892E-02   4.57856059E-02   4.84517738E-02   4.61794920E-02   4.60026748E-02   4.58389670E-02   4.59438488E-02   4.40222472E-02   4.42267135E-02   4.10772339E-02   3.81591767E-02   3.74860764E-02   3.46174575E-02   3.35573740E-02   3.25894877E-02   3.17668729E-02   3.09311654E-02   3.09201404E-02   2.96286028E-02   2.92672049E-02   2.77742445E-02   2.75328606E-02   2.71492042E-02   2.70532090E-02   2.60901488E-02   2.58280691E-02   2.50205472E-02   2.50085164E-02   2.45100483E-02   2.42479891E-02   2.37765722E-02   2.34841071E-02   2.31354944E-02   2.21922416E-02   2.23088153E-02   2.18157470E-02   2.15778425E-02   2.19734851E-02   2.13582739E-02   2.06942763E-02   2.06149612E-02   1.99165456E-02   1.94115676E-02   1.98665243E-02   1.89383999E-02   1.87267605E-02   1.86694022E-02   1.81128141E-02   1.71380211E-02   1.73530020E-02   1.65720247E-02   1.65363010E-02   1.67109165E-02   1.66076496E-02   1.63557827E-02   1.66046750E-02   1.61393806E-02   1.59533210E-02   1.63602903E-02   1.65845528E-02   1.57200582E-02   1.57745834E-02   1.61991958E-02   1.53241707E-02   1.59404241E-02   1.62224062E-02   1.63918231E-02   1.67022292E-02   1.58068445E-02   1.71551649E-02   1.57981981E-02   1.63081773E-02   1.63012035E-02   1.47836301E-02   1.57597866E-02   1.41945593E-02   1.37908403E-02   1.39616048E-02   1.08848233E-02   9.85398330E-03   7.46229570E-03   4.99663781E-03   4.98962123E-03   2.01117853E-03   3.41738481E-03   2.64533097E-03   4.81044594E-03  -999.000000      -999.000000      -999.000000      -999.000000      -999.000000      -999.000000      -999.000000      -999.000000      -999.000000      -999.000000      -999.000000      -999.000000      -999.000000      -999.000000      -999.000000      -999.000000      -999.000000      -999.000000      -999.000000      -999.000000      -7.26611838E-02  -6.83462098E-02  -6.62340224E-02  -6.34832233E-02  -5.96248507E-02  -5.77031821E-02  -5.48503175E-02  -5.28810993E-02  -5.00666834E-02  -4.73661721E-02  -4.55235168E-02  -4.36477028E-02  -4.11710292E-02  -3.95579748E-02  -3.75033244E-02  -3.52755412E-02  -3.33098695E-02  -3.16579901E-02  -3.01134996E-02  -2.86550298E-02  -2.68035792E-02  -2.53947265E-02  -2.33832486E-02  -2.19574757E-02  -2.07299292E-02  -1.97722502E-02  -1.85186751E-02  -1.77958943E-02  -1.68679915E-02  -1.58995390E-02  -1.43438056E-02  -1.31028593E-02  -1.19799599E-02  -1.04359239E-02  -9.70856845E-03  -7.64477253E-03  -6.86977804E-03  -5.73257357E-03  -4.16824967E-03  -2.64262408E-03  -1.82334334E-03  -1.21131539E-03   5.80154359E-04   1.07365847E-03   2.40180641E-03   3.74962389E-03   4.71812487E-03   5.34593314E-03   6.27353787E-03   6.91318512E-03   7.43469596E-03   7.61764497E-03   7.82512128E-03   7.92944431E-03   7.24454969E-03   6.76221400E-03   6.38089329E-03   4.99646366E-03   4.20197099E-03   8.66800547E-05  -3.00891697E-03  -6.27623498E-03  -1.01371333E-02  -1.29927024E-02  -1.39556415E-02  -1.50634535E-02  -1.34194605E-02
         984   13.0270004     10:32:40.632   5.54369874E-02   4.96456027E-02   5.61017878E-02   5.06094843E-02   5.00126928E-02   4.80689518E-02   4.96838316E-02   4.64622490E-02   4.45067324E-02   4.29572500E-02   4.17691581E-02   3.81960832E-02   3.62674594E-02   3.70073617E-02   3.41494717E-02   3.36968638E-02   3.19811739E-02   3.14501412E-02   3.04485932E-02   2.85871997E-02   2.93842368E-02   2.77628563E-02   2.77391970E-02   2.67532002E-02   2.63001472E-02   2.53380556E-02   2.49205418E-02   2.43685152E-02   2.32400410E-02   2.45079808E-02   2.26265620E-02   2.25240961E-02   2.30654925E-02   2.21922379E-02   2.13488117E-02   2.17557419E-02   2.12178323E-02   2.08534803E-02   2.03682669E-02   2.03942731E-02   1.97649579E-02   2.03965381E-02   1.98115613E-02   2.08065230E-02   2.12184004E-02   2.09067576E-02   1.99793950E-02   1.99428052E-02   1.96780171E-02   1.84729993E-02   1.91220231E-02   1.84363034E-02   1.84709243E-02   1.89976487E-02   1.75757892E-02   1.86046734E-02   1.77993793E-02   1.82133261E-02   1.82202905E-02   1.80345550E-02   1.76400580E-02   1.67745799E-02   1.73091926E-02   1.62441712E-02   1.72204208E-02   1.85124036E-02   1.70918200E-02   1.69422273E-02   1.85068343E-02   1.60951559E-02   1.78681873E-02   1.59181654E-02   1.65111870E-02   1.82636157E-02   1.52997654E-02   1.56645365E-02   1.43408179E-02   1.19315814E-02   1.24547994E-02   8.45395960E-03   7.90227298E-03   7.30661396E-03   3.03960452E-03   4.94116312E-03   1.80737569E-03   1.94534240E-03   5.18046785E-03  -999.000000      -999.000000      -999.000000      -999.000000      -999.000000      -999.000000      -999.000000      -999.000000      -999.000000      -999.000000      -999.000000      -999.000000      -999.000000      -999.000000      -999.000000      -999.000000      -999.000000      -999.000000      -999.000000      -999.000000      -7.30491653E-02  -7.01941922E-02  -6.67919964E-02  -6.37912005E-02  -6.16928302E-02  -5.92311583E-02  -5.54982796E-02  -5.36990687E-02  -5.14946468E-02  -4.91341501E-02  -4.65514883E-02  -4.46856692E-02  -4.23890017E-02  -4.03459482E-02  -3.88012901E-02  -3.58135030E-02  -3.44778486E-02  -3.26459669E-02  -3.11714821E-02  -2.93730125E-02  -2.84115486E-02  -2.60026939E-02  -2.49912180E-02  -2.11254545E-02  -2.05379128E-02  -1.92302354E-02  -1.84766538E-02  -1.74738690E-02  -1.70359723E-02  -1.62075162E-02  -1.53217800E-02  -1.45108216E-02  -1.33779198E-02  -1.19038895E-02  -1.07865408E-02  -9.21274722E-03  -7.90776312E-03  -7.26053864E-03  -5.54621220E-03  -4.58058715E-03  -2.98131257E-03  -2.44928896E-03  -7.97815621E-04  -1.14306808E-04   7.73839653E-04   2.27165222E-03   3.21014225E-03   4.44795936E-03   4.98556346E-03   5.66520542E-03   6.48672134E-03   6.57966733E-03   6.81713223E-03   6.89145923E-03   6.71655685E-03   5.30420244E-03   5.91288507E-03   4.51847166E-03   2.20397115E-03   1.96868926E-03  -2.91690975E-03  -5.77423722E-03  -9.14511830E-03  -1.33406892E-02  -1.21135972E-02  -1.57514177E-02  -1.22974142E-02
         985   13.1709995     10:32:40.881   4.15370166E-02   4.08455804E-02   6.42217994E-02   4.33094688E-02   4.60426956E-02   4.47189659E-02   4.89738248E-02   3.93322557E-02   4.07767035E-02   4.00972404E-02   4.15391736E-02   3.56860720E-02   3.30474637E-02   3.81073654E-02   3.16694677E-02   3.19468714E-02   3.10211629E-02   3.08401454E-02   2.82885935E-02   2.92372033E-02   2.89242379E-02   2.65928600E-02   2.74291951E-02   2.66532153E-02   2.62901355E-02   2.55280621E-02   2.56905481E-02   2.57685203E-02   2.36900467E-02   2.57879887E-02   2.39565708E-02   2.29141023E-02   2.48154961E-02   2.32422445E-02   2.32788138E-02   2.25657411E-02   2.21678354E-02   2.18134820E-02   2.24082675E-02   2.17742715E-02   2.13149544E-02   2.14065388E-02   2.09115669E-02   2.71465257E-02   2.67484132E-02   2.56867763E-02   2.56294310E-02   2.58928575E-02   2.51880866E-02   2.45530922E-02   2.40721218E-02   2.38864012E-02   2.42210086E-02   2.35777181E-02   2.32358407E-02   2.32147127E-02   2.32294034E-02   2.33733375E-02   2.26302948E-02   2.28645504E-02   2.25400552E-02   2.23445836E-02   2.24592015E-02   2.19241828E-02   2.19804365E-02   2.22024154E-02   2.14518216E-02   2.27422249E-02   2.16568280E-02   2.20051501E-02   2.31181867E-02   2.04081703E-02   2.10712086E-02   2.10336596E-02   1.85798481E-02   2.01046728E-02   1.80710256E-02   1.71418730E-02   1.71751902E-02   1.30244866E-02   1.13929417E-02   8.89745913E-03   7.60063948E-03   6.43230090E-03   3.51865217E-03   5.15668048E-03   7.94181786E-03  -999.000000      -999.000000      -999.000000      -999.000000      -999.000000      -999.000000      -999.000000      -999.000000      -999.000000      -999.000000      -999.000000      -999.000000      -999.000000      -999.000000      -999.000000      -999.000000      -999.000000      -999.000000      -999.000000      -999.000000      -7.33076856E-02  -7.02127144E-02  -6.66205138E-02  -6.45997077E-02  -6.10013418E-02  -5.86996786E-02  -5.56167997E-02  -5.34275919E-02  -5.12231588E-02  -4.84926663E-02  -4.59900051E-02  -4.40841764E-02  -4.19775173E-02  -4.00644653E-02  -3.84898111E-02  -3.60720195E-02  -3.42963636E-02  -3.28144804E-02  -3.08799967E-02  -2.90315226E-02  -2.76400708E-02  -2.59412117E-02  -2.42097415E-02  -2.31539607E-02  -2.14364156E-02  -2.11687349E-02  -1.93551369E-02  -1.86023451E-02  -1.76544227E-02  -1.64959468E-02  -1.55302100E-02  -1.37492456E-02  -1.26863420E-02  -1.08823404E-02  -9.80499387E-03  -8.56121629E-03  -7.51625746E-03  -6.18904829E-03  -4.89472598E-03  -3.92910838E-03  -2.48983502E-03  -1.16780400E-03  -2.46338546E-04   6.77175820E-04   2.31533498E-03   3.39313596E-03   4.26162779E-03   5.11943549E-03   6.68703020E-03   7.06668198E-03   7.00820237E-03   7.26114213E-03   7.53863156E-03   7.49298185E-03   7.41811097E-03   7.11581111E-03   5.80455363E-03   5.43022156E-03   3.28582525E-03   5.90652227E-04  -3.39480489E-03  -5.91191649E-03  -9.13269818E-03  -1.24781430E-02  -1.32709108E-02  -1.37486346E-02  -1.39945894E-02
         986   13.3179998     10:32:41.135   5.36970347E-02   5.72256036E-02   5.09917811E-02   5.15395105E-02   5.05627021E-02   4.86789569E-02   4.62738611E-02   4.58622500E-02   4.55567315E-02   4.34472337E-02   4.26691584E-02   4.12160717E-02   4.00674604E-02   3.91873717E-02   3.73394787E-02   3.62868644E-02   3.52511704E-02   3.47801335E-02   3.30486074E-02   3.27272080E-02   3.18842381E-02   3.18228565E-02   3.00192013E-02   3.07132211E-02   2.98701450E-02   2.94880662E-02   2.87205577E-02   2.88985241E-02   2.86300592E-02   2.76679955E-02   2.80265808E-02   2.73341164E-02   2.68655010E-02   2.68922541E-02   2.62888186E-02   2.60257460E-02   2.53578462E-02   2.56334897E-02   2.50682794E-02   2.46842820E-02   2.49649603E-02   2.45365463E-02   2.38815695E-02   2.54065413E-02   2.53284313E-02   2.41168048E-02   2.40794774E-02   2.33829170E-02   2.35281643E-02   2.28431858E-02   2.19822284E-02   2.28865035E-02   2.20710933E-02   2.23477893E-02   2.22058892E-02   2.22547501E-02   2.18794234E-02   2.24933438E-02   2.22102962E-02   2.16445476E-02   2.19400488E-02   2.08645854E-02   2.06192117E-02   2.12741997E-02   2.07104534E-02   2.14924291E-02   2.14918293E-02   2.06722226E-02   2.22368278E-02   2.10951511E-02   2.01881919E-02   2.11481862E-02   1.95312425E-02   2.01837234E-02   1.96599513E-02   1.67748295E-02   1.91812608E-02   1.59921944E-02   1.37856118E-02   1.28150471E-02   1.05436463E-02   1.00583462E-02   5.64172771E-03   5.78348292E-03   6.16994686E-03   5.56804007E-03   5.55316731E-03  -999.000000      -999.000000      -999.000000      -999.000000      -999.000000      -999.000000      -999.000000      -999.000000      -999.000000      -999.000000      -999.000000      -999.000000      -999.000000      -999.000000      -999.000000      -999.000000      -999.000000      -999.000000      -999.000000      -999.000000      -7.35302120E-02  -6.99852407E-02  -6.76430389E-02  -6.40322492E-02  -6.17438778E-02  -5.92021942E-02  -5.57693318E-02  -5.40101156E-02  -5.15256822E-02  -4.85052019E-02  -4.66025360E-02  -4.44367155E-02  -4.26100455E-02  -4.05969918E-02  -3.84723358E-02  -3.65045443E-02  -3.42488959E-02  -3.27670090E-02  -3.17525230E-02  -2.97340564E-02  -2.78826095E-02  -2.62437426E-02  -2.56422721E-02  -2.34364867E-02  -2.19089426E-02  -2.10312419E-02  -1.98076293E-02  -1.88348144E-02  -1.77568793E-02  -1.72583871E-02  -1.57626346E-02  -1.43816769E-02  -1.27788037E-02  -1.15847960E-02  -1.05474740E-02  -8.41370225E-03  -7.58875906E-03  -6.26156479E-03  -4.78725135E-03  -3.87165695E-03  -2.90237367E-03  -1.67033821E-03  -7.18869269E-04   4.74661589E-04   1.32282078E-03   2.78061628E-03   4.02911007E-03   4.75691259E-03   5.50449640E-03   6.16415590E-03   6.07566535E-03   6.41861558E-03   6.84613734E-03   7.14049488E-03   6.76565617E-03   6.71341270E-03   5.50223142E-03   4.97796386E-03   2.97366083E-03   2.88635492E-04  -1.72666460E-03  -6.51360303E-03  -8.23423266E-03  -1.14295557E-02  -1.36821754E-02  -1.43798143E-02  -1.38457604E-02
         987   13.4589996     10:32:41.384   5.96170165E-02   4.32155840E-02   5.90717793E-02   4.97395024E-02   4.74226959E-02   4.57989462E-02   4.85738516E-02   4.67922613E-02   4.21967320E-02   4.34572510E-02   4.26591821E-02   4.22360934E-02   3.65574695E-02   4.02473733E-02   3.67494747E-02   3.51368748E-02   3.45611796E-02   3.43201421E-02   3.29686105E-02   3.18872184E-02   3.27342488E-02   3.08828671E-02   3.03192083E-02   2.99332216E-02   2.98701469E-02   2.88080685E-02   2.94005591E-02   2.87185274E-02   2.77300570E-02   2.80979965E-02   2.75465827E-02   2.63041165E-02   2.69454978E-02   2.65922491E-02   2.62188204E-02   2.63257530E-02   2.62578484E-02   2.51834914E-02   2.50682812E-02   2.49942876E-02   2.49649640E-02   2.43765488E-02   2.38015745E-02   2.65965406E-02   2.57984214E-02   2.51367930E-02   2.43094452E-02   2.33828686E-02   2.28580944E-02   2.17330996E-02   2.18421277E-02   2.24964023E-02   2.12110057E-02   2.18477156E-02   2.12358348E-02   2.06547063E-02   1.98293980E-02   2.06333306E-02   2.03302912E-02   2.04145499E-02   2.02000551E-02   1.97145864E-02   1.97892021E-02   2.02541873E-02   1.95104424E-02   1.98124181E-02   2.05218270E-02   1.93022322E-02   1.99068394E-02   2.03951653E-02   1.87682025E-02   1.88281946E-02   1.98512375E-02   1.69736929E-02   1.92898866E-02   1.69447139E-02   1.54510718E-02   1.58119202E-02   1.20652365E-02   1.19245332E-02   8.00299086E-03   6.71750773E-03   3.70068150E-03   5.59233921E-03   1.13865791E-03   4.58666496E-03   5.91177307E-03  -999.000000      -999.000000      -999.000000      -999.000000      -999.000000      -999.000000      -999.000000      -999.000000      -999.000000      -999.000000      -999.000000      -999.000000      -999.000000      -999.000000      -999.000000      -999.000000      -999.000000      -999.000000      -999.000000      -999.000000      -7.29537234E-02  -6.90687522E-02  -6.69765472E-02  -6.31957501E-02  -6.00973964E-02  -5.81457131E-02  -5.50928488E-02  -5.25336303E-02  -5.06092012E-02  -4.79387194E-02  -4.58360463E-02  -4.40802313E-02  -4.15935628E-02  -3.96205150E-02  -3.73458527E-02  -3.55080701E-02  -3.41724046E-02  -3.20005193E-02  -3.06160375E-02  -2.89475694E-02  -2.70961188E-02  -2.56972499E-02  -2.39157863E-02  -2.31299996E-02  -2.20124647E-02  -2.10347734E-02  -1.99311711E-02  -1.89583749E-02  -1.82404704E-02  -1.71319880E-02  -1.60762519E-02  -1.46552995E-02  -1.30424015E-02  -1.18583962E-02  -1.07810423E-02  -9.12727416E-03  -7.66229630E-03  -6.66510314E-03  -5.28077036E-03  -3.97516042E-03  -3.32588702E-03  -2.12385505E-03  -1.49238110E-03  -2.78875232E-04   9.89295542E-04   2.41708755E-03   3.51558626E-03   4.27339226E-03   4.87100333E-03   5.73065132E-03   6.37217611E-03   6.63511455E-03   6.01261109E-03   7.56696612E-03   5.95209002E-03   6.56981021E-03   6.53854758E-03   3.93421203E-03   2.97980756E-03   1.24466419E-03  -3.19079310E-03  -4.96791303E-03  -1.03586987E-02  -1.32541321E-02  -1.34169310E-02  -1.56746842E-02  -1.37606598E-02
         988   13.5629997     10:32:41.632   5.78770265E-02   5.49855866E-02   6.05817959E-02   5.62794991E-02   5.42727001E-02   5.30389696E-02   5.40638529E-02   5.09822555E-02   4.95867245E-02   4.82672565E-02   4.65191789E-02   4.34260704E-02   4.13674787E-02   4.21473756E-02   3.91894840E-02   3.84168737E-02   3.74911837E-02   3.59701477E-02   3.58186066E-02   3.42772156E-02   3.45142372E-02   3.30528654E-02   3.21392044E-02   3.21632102E-02   3.16301510E-02   3.05480678E-02   3.00505515E-02   3.00985277E-02   2.92500518E-02   3.00679915E-02   2.86065713E-02   2.71641091E-02   2.86954939E-02   2.68122461E-02   2.73988172E-02   2.72857510E-02   2.65578441E-02   2.66934838E-02   2.56782733E-02   2.55342815E-02   2.53549647E-02   2.48465464E-02   2.46715695E-02   2.26365365E-02   2.16884073E-02   2.20067650E-02   2.19094045E-02   2.07828172E-02   2.12680250E-02   2.01730058E-02   1.98620278E-02   2.03063022E-02   1.96109209E-02   2.01276448E-02   2.00157817E-02   1.97746698E-02   2.01293770E-02   1.96933206E-02   1.99802909E-02   1.97345540E-02   1.96500570E-02   1.96445826E-02   1.94191951E-02   1.91241745E-02   1.89504270E-02   1.99524071E-02   2.05218233E-02   1.99622344E-02   2.15068478E-02   1.89851727E-02   1.95982084E-02   2.01581903E-02   1.77712161E-02   2.00336464E-02   1.75698046E-02   1.79445799E-02   1.75108630E-02   1.45816272E-02   1.40248463E-02   1.31540066E-02   9.10232309E-03   8.40666145E-03   6.90964097E-03   4.15119482E-03   5.97738754E-03   4.45532613E-03   5.18042408E-03  -999.000000      -999.000000      -999.000000      -999.000000      -999.000000      -999.000000      -999.000000      -999.000000      -999.000000      -999.000000      -999.000000      -999.000000      -999.000000      -999.000000      -999.000000      -999.000000      -999.000000      -999.000000      -999.000000      -999.000000      -7.18752146E-02  -6.88702464E-02  -6.59880415E-02  -6.28772452E-02  -5.98088875E-02  -5.73372170E-02  -5.49143404E-02  -5.17551303E-02  -4.96107042E-02  -4.77402024E-02  -4.50875461E-02  -4.30717170E-02  -4.14050594E-02  -3.90020050E-02  -3.71573456E-02  -3.54095548E-02  -3.34538966E-02  -3.18020172E-02  -3.02675255E-02  -2.85890549E-02  -2.72076018E-02  -2.53887437E-02  -2.36072801E-02  -2.15415023E-02  -2.09439620E-02  -1.94462799E-02  -1.84626989E-02  -1.77699141E-02  -1.61020197E-02  -1.58635750E-02  -1.45478398E-02  -1.29268840E-02  -1.16639771E-02  -9.71995294E-03  -9.26259905E-03  -7.84879923E-03  -6.74381852E-03  -5.17659634E-03  -3.84227186E-03  -3.06665897E-03  -2.01737136E-03  -1.03534758E-03  -6.38738275E-05   7.59631395E-04   2.49779224E-03   3.46559286E-03   4.46409732E-03   5.38191199E-03   6.52951747E-03   6.48916513E-03   7.32068717E-03   7.55362958E-03   7.45110214E-03   8.14544410E-03   7.74052739E-03   6.95820153E-03   6.86687231E-03   5.34246117E-03   3.22796404E-03   5.32686710E-04  -2.58292258E-03  -6.52022660E-03  -7.85114616E-03  -1.31567121E-02  -1.49396434E-02  -1.54674836E-02  -1.42034926E-02
         989   13.6660004     10:32:41.880   5.43769524E-02   5.59655800E-02   4.85317372E-02   5.18894829E-02   5.03326729E-02   5.02789430E-02   4.92938273E-02   4.74522561E-02   4.66967337E-02   4.50672619E-02   4.21291813E-02   4.01460975E-02   3.91074829E-02   3.70673798E-02   3.57894897E-02   3.53068784E-02   3.43911797E-02   3.35401446E-02   3.22286077E-02   3.19872051E-02   3.04842480E-02   3.04928627E-02   2.92492118E-02   2.90632136E-02   2.79301461E-02   2.82380618E-02   2.72105467E-02   2.71385107E-02   2.66500376E-02   2.58679762E-02   2.54065581E-02   2.60840915E-02   2.48054806E-02   2.47222390E-02   2.40688100E-02   2.41057407E-02   2.37378385E-02   2.35434845E-02   2.30982769E-02   2.29242817E-02   2.25549620E-02   2.24965438E-02   2.18415651E-02   2.12865174E-02   2.10683681E-02   2.08366923E-02   2.06792932E-02   2.00126544E-02   1.93978101E-02   1.86927356E-02   1.81917232E-02   1.80560052E-02   1.87506527E-02   1.82774309E-02   1.89856216E-02   1.82145573E-02   1.78893059E-02   1.80932824E-02   1.77202858E-02   1.80345625E-02   1.81800704E-02   1.77445821E-02   1.75991729E-02   1.77841298E-02   1.79003831E-02   1.82223711E-02   1.79018155E-02   1.81022473E-02   1.75868720E-02   1.89451948E-02   1.77382212E-02   1.76281799E-02   1.73911545E-02   1.77635103E-02   1.58495605E-02   1.58741754E-02   1.49902338E-02   1.54707432E-02   1.21436659E-02   1.02224182E-02   1.00503052E-02   6.20410405E-03   3.69649590E-03   4.83774953E-03   1.71355275E-03   6.40127715E-03   3.87635548E-03  -999.000000      -999.000000      -999.000000      -999.000000      -999.000000      -999.000000      -999.000000      -999.000000      -999.000000      -999.000000      -999.000000      -999.000000      -999.000000      -999.000000      -999.000000      -999.000000      -999.000000      -999.000000      -999.000000      -999.000000      -7.34156817E-02  -6.99007064E-02  -6.72885105E-02  -6.42177090E-02  -6.08793423E-02  -5.84476665E-02  -5.52348122E-02  -5.29955998E-02  -5.11411875E-02  -4.81606871E-02  -4.59780283E-02  -4.38622013E-02  -4.21255454E-02  -3.98124754E-02  -3.83178294E-02  -3.59000303E-02  -3.43943723E-02  -3.23424861E-02  -3.09880003E-02  -2.89595313E-02  -2.75180675E-02  -2.62292139E-02  -2.42077373E-02  -2.28419714E-02  -2.12444626E-02  -2.01468207E-02  -1.93232670E-02  -1.90705284E-02  -1.74426883E-02  -1.65642947E-02  -1.55486092E-02  -1.37576461E-02  -1.25447176E-02  -1.05306432E-02  -1.05532333E-02  -8.78938287E-03  -7.19435513E-03  -6.13711029E-03  -5.21273911E-03  -4.02710587E-03  -2.75783241E-03  -1.86581910E-03  -5.54367900E-04   2.39118934E-04   1.28728151E-03   2.85507739E-03   3.83360684E-03   4.90143895E-03   5.13908267E-03   5.76872379E-03   6.21024519E-03   7.21316785E-03   6.95060194E-03   6.84486330E-03   6.27985597E-03   6.58738613E-03   6.51586801E-03   4.56122309E-03   3.85645032E-03   1.14075094E-03  -3.51528078E-03  -6.04313612E-03  -1.01044625E-02  -1.03404596E-02  -1.40437931E-02  -1.55319348E-02  -1.46480389E-02
         990   13.7740002     10:32:42.136   5.43669499E-02   4.77255434E-02   5.57617918E-02   5.01594618E-02   4.79426794E-02   4.69889455E-02   5.06438166E-02   4.41822559E-02   4.39367108E-02   4.24872451E-02   4.29591723E-02   3.73760872E-02   3.66574638E-02   3.74773815E-02   3.41194868E-02   3.38268764E-02   3.30911875E-02   3.23201567E-02   3.06186117E-02   3.09772212E-02   3.01242508E-02   2.89628711E-02   2.89692041E-02   2.82032080E-02   2.79401448E-02   2.75580641E-02   2.67305449E-02   2.63085142E-02   2.57500429E-02   2.67379787E-02   2.52565611E-02   2.49640960E-02   2.47354880E-02   2.40522400E-02   2.39288080E-02   2.34357491E-02   2.38878429E-02   2.33134869E-02   2.27882732E-02   2.27742791E-02   2.24849638E-02   2.21865475E-02   2.16115676E-02   2.08165180E-02   2.09883843E-02   2.09967159E-02   1.99093334E-02   1.99427102E-02   1.91678815E-02   1.81828272E-02   1.86118204E-02   1.81061048E-02   1.83507390E-02   1.92775037E-02   1.81256700E-02   1.83645934E-02   1.80793293E-02   1.85532980E-02   1.81602854E-02   1.87145602E-02   1.81200653E-02   1.77045800E-02   1.79991797E-02   1.76341441E-02   1.78003963E-02   1.88923851E-02   1.83718186E-02   1.88422408E-02   1.83668621E-02   1.78951882E-02   1.96782164E-02   1.73581820E-02   1.77111737E-02   1.82535537E-02   1.54796410E-02   1.80543084E-02   1.59504414E-02   1.29110347E-02   1.50440568E-02   1.08029442E-02   8.35097395E-03   8.97494983E-03   4.32753609E-03   2.14889506E-03   4.27482184E-03   2.36261869E-03   7.75770191E-03  -999.000000      -999.000000      -999.000000      -999.000000      -999.000000      -999.000000      -999.000000      -999.000000      -999.000000      -999.000000      -999.000000      -999.000000      -999.000000      -999.000000      -999.000000      -999.000000      -999.000000      -999.000000      -999.000000      -999.000000      -7.34461844E-02  -7.03712106E-02  -6.71590194E-02  -6.44982234E-02  -6.11098483E-02  -5.83781824E-02  -5.61553165E-02  -5.35561070E-02  -5.14116809E-02  -4.84411940E-02  -4.59385365E-02  -4.44827080E-02  -4.27060463E-02  -4.01629768E-02  -3.83583270E-02  -3.62105407E-02  -3.46048810E-02  -3.29529867E-02  -3.08384970E-02  -2.96200365E-02  -2.80585773E-02  -2.63597183E-02  -2.43982486E-02  -2.24424824E-02  -2.12149471E-02  -2.06073038E-02  -1.95437409E-02  -1.79709829E-02  -1.73131302E-02  -1.62647106E-02  -1.56490169E-02  -1.37180574E-02  -1.24651454E-02  -1.10710785E-02  -1.02636889E-02  -8.37985426E-03  -7.55483657E-03  -6.27759844E-03  -5.11325896E-03  -3.92761827E-03  -2.83832848E-03  -1.84632838E-03  -6.14859164E-04   3.78623605E-04   1.77678466E-03   3.23459506E-03   3.72310728E-03   4.58092988E-03   5.71855158E-03   6.79820031E-03   6.58972561E-03   7.14265555E-03   7.04009831E-03   7.08439201E-03   7.25942105E-03   6.67699426E-03   6.26554340E-03   4.98095900E-03   2.64628977E-03   7.10733235E-04  -2.20514834E-03  -6.13284111E-03  -8.44403356E-03  -1.23598836E-02  -1.55030936E-02  -1.52411312E-02  -1.44272111E-02
         991   13.8800001     10:32:42.385   5.26269600E-02   5.19155636E-02   5.94917797E-02   5.21694459E-02   5.18226698E-02   4.99389581E-02   5.01938276E-02   4.65922505E-02   4.48367111E-02   4.40872423E-02   4.27991673E-02   3.98060828E-02   3.88974659E-02   3.83373760E-02   3.57194841E-02   3.50468829E-02   3.43811810E-02   3.33601534E-02   3.19486149E-02   3.14272195E-02   3.09542455E-02   3.04928627E-02   2.93391999E-02   2.96532102E-02   2.85101440E-02   2.87180655E-02   2.85505485E-02   2.70385090E-02   2.73700394E-02   2.75079757E-02   2.57365592E-02   2.66240872E-02   2.54154820E-02   2.50122380E-02   2.52488106E-02   2.50657406E-02   2.46278401E-02   2.40634829E-02   2.41682772E-02   2.31542811E-02   2.34149601E-02   2.28965506E-02   2.22415645E-02   1.95465162E-02   1.98883675E-02   1.90366916E-02   1.88992973E-02   1.88726559E-02   1.75978094E-02   1.75027363E-02   1.75717231E-02   1.69560090E-02   1.70906559E-02   1.72174294E-02   1.67656168E-02   1.66745558E-02   1.67293064E-02   1.71432849E-02   1.70302838E-02   1.67345591E-02   1.62100699E-02   1.67045817E-02   1.64491720E-02   1.60741322E-02   1.61003824E-02   1.64523702E-02   1.59818139E-02   1.68722440E-02   1.62568726E-02   1.59051977E-02   1.66282188E-02   1.58781800E-02   1.58311520E-02   1.53935095E-02   1.37595609E-02   1.43941743E-02   1.28702344E-02   1.25507433E-02   1.06536653E-02   7.88241718E-03   7.01030437E-03   3.80410440E-03   4.34649922E-03   2.65775435E-03  -999.000000       1.95127632E-03   2.40635592E-03  -999.000000      -999.000000      -999.000000      -999.000000      -999.000000      -999.000000      -999.000000      -999.000000      -999.000000      -999.000000      -999.000000      -999.000000      -999.000000      -999.000000      -999.000000      -999.000000      -999.000000      -999.000000      -999.000000      -999.000000      -7.29316771E-02  -6.93566948E-02  -6.68345019E-02  -6.39837012E-02  -6.05953410E-02  -5.83336726E-02  -5.58307990E-02  -5.28215989E-02  -5.06771803E-02  -4.78566885E-02  -4.65340205E-02  -4.40882072E-02  -4.18515280E-02  -4.03084755E-02  -3.76138240E-02  -3.65960188E-02  -3.48803587E-02  -3.21784839E-02  -3.08739915E-02  -2.89055146E-02  -2.79840715E-02  -2.58251987E-02  -2.43337415E-02  -2.26179771E-02  -2.08504461E-02  -2.01128162E-02  -1.90592632E-02  -1.86065212E-02  -1.70986801E-02  -1.60102844E-02  -1.52245983E-02  -1.36936456E-02  -1.24307238E-02  -1.06966421E-02  -1.01392344E-02  -8.61538202E-03  -7.09034503E-03  -6.12310320E-03  -4.46873903E-03  -3.61310691E-03  -2.33381987E-03  -9.81807709E-04  -1.40354037E-04   8.83117318E-04   2.26128101E-03   3.16908956E-03   4.85761464E-03   5.30545413E-03   6.02307916E-03   6.82272762E-03   6.90425187E-03   7.65716285E-03   8.36460292E-03   8.31887126E-03   7.54386187E-03   7.25139678E-03   6.72987849E-03   4.14522737E-03   4.12045419E-03   5.44749200E-04  -2.64126807E-03  -6.16914034E-03  -1.02604777E-02  -1.32164396E-02  -1.50298029E-02  -1.64379254E-02  -1.58140399E-02
         992   13.9930000     10:32:42.635   5.40369898E-02   4.95155975E-02   5.21717519E-02   4.81195003E-02   4.75026816E-02   4.53389436E-02   4.62938435E-02   4.51622456E-02   4.04267088E-02   3.99572328E-02   4.06391770E-02   3.72960903E-02   3.48274745E-02   3.42073776E-02   3.39794829E-02   3.23868655E-02   3.09311673E-02   3.04801390E-02   2.94586103E-02   2.80372035E-02   2.75742412E-02   2.68828571E-02   2.66592093E-02   2.61632074E-02   2.56901421E-02   2.55280621E-02   2.47305464E-02   2.50085127E-02   2.40600444E-02   2.38979850E-02   2.42665615E-02   2.33241003E-02   2.35854909E-02   2.27822438E-02   2.23788116E-02   2.21957471E-02   2.21778359E-02   2.19734833E-02   2.11982727E-02   2.12242808E-02   2.14749593E-02   2.05465443E-02   2.00415645E-02   1.94665194E-02   1.92483924E-02   1.91167369E-02   1.84393674E-02   1.83427595E-02   1.82579439E-02   1.73429139E-02   1.76419225E-02   1.70862041E-02   1.69308297E-02   1.74775757E-02   1.66157316E-02   1.70646347E-02   1.61893498E-02   1.64133105E-02   1.64102893E-02   1.61345545E-02   1.61300600E-02   1.56345833E-02   1.62191875E-02   1.54141560E-02   1.51904076E-02   1.63423922E-02   1.57118198E-02   1.57522373E-02   1.65868495E-02   1.58251729E-02   1.60082020E-02   1.56481750E-02   1.45711824E-02   1.47135854E-02   1.39397047E-02   1.31044239E-02   1.30506335E-02   1.14013115E-02   1.09644327E-02   9.27345641E-03   6.51163096E-03   6.12579007E-03   4.58581839E-04   1.92003511E-03  -999.000000       6.93990383E-04   1.66909769E-03  -999.000000      -999.000000      -999.000000      -999.000000      -999.000000      -999.000000      -999.000000      -999.000000      -999.000000      -999.000000      -999.000000      -999.000000      -999.000000      -999.000000      -999.000000      -999.000000      -999.000000      -999.000000      -999.000000      -999.000000      -7.28446767E-02  -6.93197176E-02  -6.64075166E-02  -6.36167079E-02  -5.97783476E-02  -5.80066741E-02  -5.51238023E-02  -5.27445897E-02  -5.06801680E-02  -4.76296768E-02  -4.51170206E-02  -4.38911915E-02  -4.14645262E-02  -3.95614803E-02  -3.73068117E-02  -3.56490240E-02  -3.38233635E-02  -3.21514867E-02  -3.02769952E-02  -2.86585316E-02  -2.69070677E-02  -2.53882147E-02  -2.38367505E-02  -2.22409740E-02  -2.07134448E-02  -1.99757777E-02  -1.89322010E-02  -1.80094317E-02  -1.70715638E-02  -1.63431279E-02  -1.43974014E-02  -1.37064569E-02  -1.21035427E-02  -1.02394968E-02  -9.47211683E-03  -8.22830200E-03  -6.85330480E-03  -5.47607988E-03  -4.47174162E-03  -3.31612676E-03  -2.23683566E-03  -1.25481188E-03   2.06649303E-04   1.09015405E-03   1.93830580E-03   3.81611288E-03   4.48461622E-03   5.45243174E-03   6.14006072E-03   6.69970363E-03   7.68121332E-03   7.62415677E-03   7.70162046E-03   7.91592151E-03   7.97098875E-03   7.49860704E-03   6.58721477E-03   5.53272665E-03   2.92813778E-03   8.12701881E-04  -2.28304416E-03  -6.99052960E-03  -1.00215673E-02  -1.22772902E-02  -1.49203576E-02  -1.60882734E-02  -1.56643055E-02
         993   14.1090002     10:32:42.884   5.92569970E-02   4.97555807E-02   5.40717840E-02   5.19694947E-02   5.00926934E-02   4.95289490E-02   4.86138463E-02   4.66522500E-02   4.48967367E-02   4.31772619E-02   4.24091779E-02   4.01660912E-02   3.82874757E-02   3.64073813E-02   3.60794999E-02   3.43668796E-02   3.41411866E-02   3.22201587E-02   3.22286114E-02   3.12572196E-02   3.03142481E-02   2.94328742E-02   2.99492199E-02   2.87832171E-02   2.86201555E-02   2.76480801E-02   2.83605587E-02   2.65685320E-02   2.72800606E-02   2.66379975E-02   2.57265791E-02   2.60741115E-02   2.51155049E-02   2.47222539E-02   2.48188227E-02   2.41757594E-02   2.47078501E-02   2.33834963E-02   2.34682821E-02   2.28442866E-02   2.26249695E-02   2.30465550E-02   2.22415794E-02   2.23165434E-02   2.18484178E-02   2.19267774E-02   2.14494150E-02   2.11628284E-02   2.10380368E-02   2.03830153E-02   1.94220319E-02   1.96763035E-02   1.87109169E-02   1.92376394E-02   1.91957764E-02   1.92146655E-02   1.88693721E-02   1.91433206E-02   1.83902867E-02   1.85745526E-02   1.82200577E-02   1.85745843E-02   1.78091992E-02   1.80141758E-02   1.83404293E-02   1.69224124E-02   1.90418288E-02   1.74422432E-02   1.66968573E-02   1.85551830E-02   1.66582242E-02   1.63282137E-02   1.81512460E-02   1.56436805E-02   1.69398412E-02   1.61246210E-02   1.19109061E-02   1.50216725E-02   1.12948921E-02   8.90405383E-03   9.55236610E-03   4.45670821E-03   5.62967872E-03   4.70122788E-03   9.57399490E-04   2.08531017E-03   3.52038071E-03  -999.000000      -999.000000      -999.000000      -999.000000      -999.000000      -999.000000      -999.000000      -999.000000      -999.000000      -999.000000      -999.000000      -999.000000      -999.000000      -999.000000      -999.000000      -999.000000      -999.000000      -999.000000      -999.000000      -999.000000      -7.34212473E-02  -6.95762783E-02  -6.70140833E-02  -6.41932711E-02  -6.09949157E-02  -5.82432374E-02  -5.54703660E-02  -5.33211529E-02  -5.13567328E-02  -4.80062328E-02  -4.67335731E-02  -4.42377552E-02  -4.21410874E-02  -4.04580310E-02  -3.85533758E-02  -3.62355895E-02  -3.48499268E-02  -3.25780548E-02  -3.08635570E-02  -2.95250900E-02  -2.74336375E-02  -2.62047760E-02  -2.41233073E-02  -2.28175297E-02  -2.14199945E-02  -2.06223056E-02  -1.92287192E-02  -1.85459480E-02  -1.75380558E-02  -1.68695934E-02  -1.52438730E-02  -1.42229199E-02  -1.25200264E-02  -1.09259859E-02  -9.92863625E-03  -8.53484869E-03  -6.99986517E-03  -5.63263893E-03  -4.24830616E-03  -4.06268984E-03  -2.54340470E-03  -9.41380858E-04  -5.99101186E-05   6.53594732E-04   2.24176049E-03   3.50956619E-03   4.26805019E-03   5.35587966E-03   6.37348741E-03   6.68314099E-03   7.25466758E-03   7.33760744E-03   7.90510327E-03   7.95942545E-03   7.03454018E-03   6.00221008E-03   7.14088231E-03   4.57646698E-03   3.35198641E-03   1.66668743E-03  -2.88891047E-03  -6.70623034E-03  -7.75712729E-03  -1.28727108E-02  -1.43056586E-02  -1.48535371E-02  -1.20595619E-02
         994   14.2259998     10:32:43.137   5.71670085E-02   4.90455553E-02   5.34517616E-02   5.26895076E-02   5.09326905E-02   5.04089445E-02   5.05438335E-02   4.97622341E-02   4.75567356E-02   4.46172431E-02   4.35491651E-02   4.12060954E-02   3.84574570E-02   3.78273763E-02   3.62394825E-02   3.55568789E-02   3.44511792E-02   3.38501409E-02   3.33785973E-02   3.21472101E-02   3.16842347E-02   3.06528658E-02   3.04092057E-02   3.01232059E-02   2.93801464E-02   2.85080634E-02   2.83305477E-02   2.81485151E-02   2.78100409E-02   2.70579848E-02   2.67165657E-02   2.64540967E-02   2.63254866E-02   2.57622451E-02   2.59888116E-02   2.52757426E-02   2.52878349E-02   2.46534795E-02   2.46082693E-02   2.43042763E-02   2.37949584E-02   2.33565457E-02   2.30915640E-02   2.40565240E-02   2.32683904E-02   2.33367383E-02   2.20693648E-02   2.21627541E-02   2.12079491E-02   2.06429139E-02   2.09619235E-02   2.01862045E-02   2.02608295E-02   2.07575746E-02   2.01657284E-02   1.99946351E-02   2.01593544E-02   2.01133098E-02   1.95402894E-02   1.94245558E-02   1.97300613E-02   1.89745817E-02   1.97691880E-02   1.89341567E-02   1.86004080E-02   2.00423915E-02   1.84618179E-02   1.98222343E-02   1.90668497E-02   1.89151727E-02   1.97282005E-02   1.88981742E-02   1.76911801E-02   1.85935870E-02   1.77597050E-02   1.63744260E-02   1.68706328E-02   1.33513119E-02   1.31644327E-02   1.19934566E-02   1.01016294E-02   7.87578989E-03   4.98858001E-03   4.29003499E-03   2.84611434E-03   1.25399092E-03   8.30909982E-03  -999.000000      -999.000000      -999.000000      -999.000000      -999.000000      -999.000000      -999.000000      -999.000000      -999.000000      -999.000000      -999.000000      -999.000000      -999.000000      -999.000000      -999.000000      -999.000000      -999.000000      -999.000000      -999.000000      -999.000000      -7.31446818E-02  -7.00897053E-02  -6.74375147E-02  -6.43867105E-02  -6.13483489E-02  -5.83466738E-02  -5.58938049E-02  -5.36345914E-02  -5.14501706E-02  -4.92296740E-02  -4.62170243E-02  -4.47511971E-02  -4.22845371E-02  -3.98414731E-02  -3.83468233E-02  -3.61590311E-02  -3.43733653E-02  -3.25414948E-02  -3.11569981E-02  -2.96085253E-02  -2.79270820E-02  -2.60482170E-02  -2.43767388E-02  -2.34309658E-02  -2.19634436E-02  -2.08857767E-02  -1.97822079E-02  -1.90194324E-02  -1.75815560E-02  -1.68531202E-02  -1.55974068E-02  -1.42264478E-02  -1.32735521E-02  -1.14694983E-02  -1.03821158E-02  -8.44830275E-03  -6.78329915E-03  -6.25608116E-03  -4.73173708E-03  -3.57612222E-03  -2.98682600E-03  -2.22481787E-03  -3.93345952E-04   4.90158796E-04   1.92830712E-03   3.15611064E-03   4.23461944E-03   5.19243628E-03   5.75005263E-03   6.30969554E-03   6.74121827E-03   6.64415210E-03   6.74161315E-03   7.67590851E-03   6.93097711E-03   5.88859618E-03   5.72720915E-03   5.04271686E-03   3.42813134E-03   1.49270147E-03  -3.68303806E-03  -6.28053397E-03  -9.60157812E-03  -1.37372911E-02  -1.48503371E-02  -1.52782761E-02  -1.43543147E-02
         995   14.3380003     10:32:43.385   4.88169976E-02   5.02755605E-02   4.70917709E-02   4.83194739E-02   4.77626771E-02   4.71989624E-02   4.73238416E-02   4.54322509E-02   4.56467271E-02   4.34872508E-02   4.04591635E-02   3.91860828E-02   3.85674499E-02   3.66873704E-02   3.57094705E-02   3.42568606E-02   3.36811692E-02   3.30001414E-02   3.21385898E-02   3.11771967E-02   3.07742264E-02   2.93328520E-02   2.96491943E-02   2.86731943E-02   2.75301300E-02   2.77480539E-02   2.68205404E-02   2.64785085E-02   2.59300396E-02   2.49979794E-02   2.54865605E-02   2.46440955E-02   2.48754881E-02   2.46522371E-02   2.36288048E-02   2.38157343E-02   2.33678278E-02   2.19534710E-02   2.22582649E-02   2.21542679E-02   2.17749476E-02   2.14765333E-02   2.08215583E-02   2.01765187E-02   2.04283949E-02   1.97367501E-02   1.89793874E-02   1.91827957E-02   1.81180090E-02   1.78729985E-02   1.70220193E-02   1.76062994E-02   1.71009209E-02   1.75076537E-02   1.70557853E-02   1.70246754E-02   1.70693807E-02   1.70933269E-02   1.71002951E-02   1.69645548E-02   1.64200589E-02   1.66945830E-02   1.60891917E-02   1.60741694E-02   1.70004219E-02   1.62224025E-02   1.66218169E-02   1.68022234E-02   1.71068329E-02   1.60551518E-02   1.63681787E-02   1.57881565E-02   1.52711719E-02   1.53035987E-02   1.51097495E-02   1.41945183E-02   1.34607973E-02   1.26315597E-02   1.00147771E-02   8.52393638E-03   6.46224990E-03   5.01659140E-03  -999.000000       2.61114957E-03   1.04737340E-03  -999.000000       1.67048909E-03  -999.000000      -999.000000      -999.000000      -999.000000      -999.000000      -999.000000      -999.000000      -999.000000      -999.000000      -999.000000      -999.000000      -999.000000      -999.000000      -999.000000      -999.000000      -999.000000      -999.000000      -999.000000      -999.000000      -999.000000      -7.33571351E-02  -7.00221658E-02  -6.76999763E-02  -6.38391748E-02  -6.07608147E-02  -5.83191402E-02  -5.61562628E-02  -5.36870509E-02  -5.11326306E-02  -4.83721271E-02  -4.66194749E-02  -4.40636575E-02  -4.17869873E-02  -4.00139242E-02  -3.82992774E-02  -3.58814895E-02  -3.41958217E-02  -3.22639532E-02  -3.07794549E-02  -2.87509859E-02  -2.74795331E-02  -2.62006782E-02  -2.39992104E-02  -2.30434202E-02  -2.18658857E-02  -2.12882161E-02  -1.95446275E-02  -1.81718469E-02  -1.72839500E-02  -1.61854997E-02  -1.53497569E-02  -1.38688087E-02  -1.22159012E-02  -1.08018592E-02  -1.02545097E-02  -8.12071562E-03  -7.21572340E-03  -5.77851385E-03  -4.75419313E-03  -3.58857214E-03  -2.72929668E-03  -1.27727538E-03  -1.75803900E-04   5.77710569E-04   2.18585879E-03   3.28367203E-03   4.57216054E-03   5.54998219E-03   5.75758517E-03   6.53722882E-03   7.36874342E-03   6.93167746E-03   7.51915574E-03   7.88347423E-03   6.82856143E-03   7.22622126E-03   6.32488728E-03   4.93048131E-03   2.92597711E-03   8.50684941E-04  -2.87491828E-03  -5.83221763E-03  -1.03231296E-02  -1.18886977E-02  -1.42715834E-02  -1.46993995E-02  -1.27453767E-02
         996   14.4399996     10:32:43.633   5.05670309E-02   4.48755957E-02   5.24618179E-02   4.77995016E-02   4.78926823E-02   4.81889732E-02   4.96338382E-02   4.86022420E-02   4.45067249E-02   4.36872207E-02   4.40991558E-02   4.14960459E-02   3.82474475E-02   3.99473645E-02   3.69594544E-02   3.66768390E-02   3.56411487E-02   3.64101306E-02   3.50085907E-02   3.34271938E-02   3.43142338E-02   3.24528478E-02   3.27191912E-02   3.23632024E-02   3.19101326E-02   3.14180553E-02   3.06205451E-02   3.12285237E-02   2.92400569E-02   2.98880003E-02   2.90165842E-02   2.89741177E-02   2.96154991E-02   2.83822455E-02   2.83488166E-02   2.71857399E-02   2.81078313E-02   2.73634754E-02   2.71882638E-02   2.74542700E-02   2.71349438E-02   2.60065328E-02   2.57515572E-02   2.74565388E-02   2.65784431E-02   2.65468452E-02   2.60895323E-02   2.58930083E-02   2.45982930E-02   2.36233566E-02   2.39024255E-02   2.38966960E-02   2.36912761E-02   2.42079385E-02   2.35060081E-02   2.27648299E-02   2.27794759E-02   2.31333748E-02   2.24303044E-02   2.31345408E-02   2.24100426E-02   2.19945833E-02   2.21092235E-02   2.18942240E-02   2.20504813E-02   2.18824502E-02   2.21618265E-02   2.18322035E-02   2.17967946E-02   2.10951120E-02   2.15881541E-02   2.13681571E-02   2.05312446E-02   2.05237661E-02   1.91100575E-02   1.87350381E-02   1.72916166E-02   1.72327198E-02   1.55263320E-02   1.34560410E-02   1.04449205E-02   9.48998798E-03   8.22376367E-03   4.29573469E-03   5.50250337E-03   3.90077312E-03   8.31595622E-03  -999.000000      -999.000000      -999.000000      -999.000000      -999.000000      -999.000000      -999.000000      -999.000000      -999.000000      -999.000000      -999.000000      -999.000000      -999.000000      -999.000000      -999.000000      -999.000000      -999.000000      -999.000000      -999.000000      -999.000000      -7.38291740E-02  -7.00542033E-02  -6.77020028E-02  -6.41012043E-02  -6.10528477E-02  -5.82411550E-02  -5.58482856E-02  -5.29290736E-02  -5.11446483E-02  -4.83541489E-02  -4.61614728E-02  -4.42156531E-02  -4.17489968E-02  -3.96859534E-02  -3.80612947E-02  -3.59035172E-02  -3.36178392E-02  -3.22859660E-02  -3.04514840E-02  -2.91930102E-02  -2.73315646E-02  -2.56927125E-02  -2.37812363E-02  -2.17754431E-02  -2.12478787E-02  -1.96901560E-02  -1.87465288E-02  -1.79436915E-02  -1.69457197E-02  -1.53571814E-02  -1.47813968E-02  -1.36804245E-02  -1.23475567E-02  -1.05935931E-02  -9.65630263E-03  -8.08257610E-03  -6.75765425E-03  -5.74048609E-03  -4.08618897E-03  -3.06060165E-03  -2.00134516E-03  -5.99302351E-04   4.42191958E-04   8.15719366E-04   1.89388543E-03   3.54169309E-03   4.00015712E-03   5.69794327E-03   6.54551387E-03   6.36515021E-03   7.59667158E-03   7.18964636E-03   6.94716722E-03   7.57157803E-03   7.36678392E-03   6.44462556E-03   6.83356076E-03   4.86946851E-03   3.07534635E-03   1.51060522E-03  -3.05444002E-03  -6.40100241E-03  -9.79134440E-03  -1.27163753E-02  -1.52187049E-02  -1.59260929E-02  -1.57619305E-02
         997   14.5439997     10:32:43.883   5.26371188E-02   3.64556722E-02   5.71018644E-02   4.32995036E-02   4.51127104E-02   4.22189832E-02   4.77338843E-02   4.01022732E-02   3.79066989E-02   3.89172360E-02   3.84391434E-02   3.52160409E-02   3.00174244E-02   3.50973494E-02   3.05094346E-02   2.94168126E-02   2.85811350E-02   2.89101060E-02   2.68685762E-02   2.56271884E-02   2.63742153E-02   2.51628272E-02   2.48091929E-02   2.44032089E-02   2.38401406E-02   2.30980609E-02   2.37805638E-02   2.36285478E-02   2.10900865E-02   2.30380353E-02   2.22266186E-02   2.08741538E-02   2.20655240E-02   2.10722666E-02   2.09088326E-02   2.02657469E-02   2.00978406E-02   1.98734906E-02   1.93782672E-02   1.90042686E-02   1.88249387E-02   1.89865213E-02   1.84015688E-02   1.98665727E-02   1.99585389E-02   1.91170238E-02   1.90598220E-02   1.88034214E-02   1.81288552E-02   1.83140747E-02   1.75332353E-02   1.74674913E-02   1.78519860E-02   1.71885099E-02   1.72664430E-02   1.75051372E-02   1.70296598E-02   1.78834740E-02   1.77003220E-02   1.73945185E-02   1.71100087E-02   1.70045923E-02   1.71092823E-02   1.62443332E-02   1.72705967E-02   1.73125435E-02   1.71218477E-02   1.82821620E-02   1.74367223E-02   1.63350329E-02   1.82381030E-02   1.61781572E-02   1.70113817E-02   1.62240975E-02   1.48506761E-02   1.55960778E-02   1.37932505E-02   1.21150305E-02   1.15094353E-02   9.42023657E-03   6.82025217E-03   5.56676742E-03   2.42211530E-03   3.56489513E-03   2.67273257E-03  -999.000000       5.37685864E-03  -999.000000      -999.000000      -999.000000      -999.000000      -999.000000      -999.000000      -999.000000      -999.000000      -999.000000      -999.000000      -999.000000      -999.000000      -999.000000      -999.000000      -999.000000      -999.000000      -999.000000      -999.000000      -999.000000      -999.000000      -999.000000      -7.20622391E-02  -6.86300397E-02  -6.60892278E-02  -6.19808659E-02  -5.94691895E-02  -5.75662963E-02  -5.48470691E-02  -5.21326363E-02  -4.95821238E-02  -4.72894683E-02  -4.49636355E-02  -4.24269810E-02  -4.07339670E-02  -3.90893072E-02  -3.63615230E-02  -3.50258574E-02  -3.34839784E-02  -3.13694887E-02  -2.96910368E-02  -2.81895958E-02  -2.63707377E-02  -2.53492668E-02  -2.30434313E-02  -2.24958286E-02  -2.10480206E-02  -1.94143057E-02  -1.86013319E-02  -1.76631883E-02  -1.67845227E-02  -1.56086236E-02  -1.43476538E-02  -1.33148581E-02  -1.13909990E-02  -1.01738647E-02  -8.68025422E-03  -7.62546808E-03  -6.29839301E-03  -5.10419160E-03  -3.39864939E-03  -2.77939439E-03  -1.84734166E-03  -3.85783613E-04   3.67797911E-04   1.82597339E-03   3.05376202E-03   4.15217131E-03   4.87990677E-03   5.73743880E-03   5.77703118E-03   6.77859038E-03   7.03160465E-03   6.68922812E-03   7.02380389E-03   6.78928196E-03   6.53748959E-03   5.80695271E-03   4.69347835E-03   3.16011161E-03   4.64245677E-05  -2.87743658E-03  -5.02256304E-03  -8.85177404E-03  -1.27856955E-02  -1.37669072E-02  -1.65834948E-02  -1.59390345E-02
         998   14.6490002     10:32:44.136   5.61371036E-02   5.11556678E-02   5.37318774E-02   5.17795160E-02   4.96327095E-02   4.81789708E-02   4.66738753E-02   4.63922620E-02   4.28467020E-02   4.27672192E-02   4.12491448E-02   3.97060290E-02   3.77674289E-02   3.67973484E-02   3.53694335E-02   3.39268148E-02   3.38711217E-02   3.24801132E-02   3.15885805E-02   3.08871940E-02   3.00142262E-02   2.89528333E-02   2.85692029E-02   2.81832013E-02   2.76301317E-02   2.82480661E-02   2.78905649E-02   2.70485505E-02   2.55700909E-02   2.55180355E-02   2.58966181E-02   2.46541537E-02   2.47255228E-02   2.45022606E-02   2.44488344E-02   2.41857506E-02   2.29878463E-02   2.29334887E-02   2.27082670E-02   2.21442711E-02   2.23149396E-02   2.15565246E-02   2.16115694E-02   2.09665764E-02   1.99485328E-02   2.08370201E-02   2.05998197E-02   1.98634230E-02   1.98388528E-02   1.88340805E-02   1.86932385E-02   1.84674859E-02   1.84919834E-02   1.84885096E-02   1.83364432E-02   1.83651391E-02   1.82696637E-02   1.80334728E-02   1.79803222E-02   1.81845184E-02   1.78000070E-02   1.76045913E-02   1.77392848E-02   1.75643303E-02   1.71805974E-02   1.79525409E-02   1.77518465E-02   1.76121648E-02   1.79867204E-02   1.70750320E-02   1.74181033E-02   1.73781551E-02   1.65313818E-02   1.64640993E-02   1.49306767E-02   1.50960768E-02   1.53132509E-02   1.21950293E-02   1.02494340E-02   9.21023637E-03   6.97025470E-03   5.00676688E-03   3.05212149E-03   4.94898297E-04   1.15273218E-03   1.96159445E-03   5.86858019E-04  -999.000000      -999.000000      -999.000000      -999.000000      -999.000000      -999.000000      -999.000000      -999.000000      -999.000000      -999.000000      -999.000000      -999.000000      -999.000000      -999.000000      -999.000000      -999.000000      -999.000000      -999.000000      -999.000000      -999.000000      -7.36432001E-02  -7.05382451E-02  -6.77660331E-02  -6.41152263E-02  -6.15768731E-02  -5.85651882E-02  -5.62922992E-02  -5.34830838E-02  -5.14386371E-02  -4.84881327E-02  -4.65654731E-02  -4.40496504E-02  -4.20829952E-02  -4.02099602E-02  -3.87653038E-02  -3.62975299E-02  -3.41718644E-02  -3.28699835E-02  -3.12254913E-02  -2.93770470E-02  -2.77556069E-02  -2.57667415E-02  -2.42752731E-02  -2.28494406E-02  -2.13718265E-02  -2.04440244E-02  -1.86503008E-02  -1.83073394E-02  -1.71892047E-02  -1.60405301E-02  -1.46646276E-02  -1.37636550E-02  -1.22608617E-02  -1.07870027E-02  -9.94986296E-03  -8.38624686E-03  -7.42147863E-03  -6.04441017E-03  -4.56018746E-03  -3.28464806E-03  -2.47540325E-03  -1.33334845E-03  -1.01789832E-04   9.51796770E-04   2.12997943E-03   3.50776315E-03   4.63616848E-03   5.32389432E-03   6.15143031E-03   6.75103813E-03   7.18258321E-03   7.14559108E-03   7.94322789E-03   7.76781142E-03   7.81326741E-03   6.80148602E-03   6.48093969E-03   5.70746511E-03   3.64410877E-03  -1.09583139E-04  -2.53345072E-03  -6.70854747E-03  -8.35777819E-03  -1.16117001E-02  -1.39628947E-02  -1.69695020E-02  -1.63250417E-02
         999   14.7519999     10:32:44.386   5.82070835E-02   4.90456410E-02   5.81618510E-02   5.33795319E-02   5.15427068E-02   5.02889715E-02   5.13638854E-02   4.86222468E-02   4.49466966E-02   4.44672368E-02   4.49891649E-02   4.18260321E-02   3.87674309E-02   4.13073562E-02   3.74194458E-02   3.68568301E-02   3.60111371E-02   3.51701230E-02   3.36285867E-02   3.31372023E-02   3.32742222E-02   3.14128473E-02   3.19491923E-02   3.04932129E-02   2.95601338E-02   2.96680667E-02   2.99605653E-02   2.98285428E-02   2.87200753E-02   2.90380307E-02   2.80266106E-02   2.78041456E-02   2.73955148E-02   2.65022628E-02   2.68788319E-02   2.60057505E-02   2.54178476E-02   2.51634866E-02   2.56682672E-02   2.49142740E-02   2.47949474E-02   2.36565303E-02   2.38715708E-02   2.39765663E-02   2.35885084E-02   2.32669581E-02   2.22297199E-02   2.20932718E-02   2.21786536E-02   2.13738102E-02   2.16029380E-02   2.10871939E-02   2.08117161E-02   2.10982896E-02   2.05762777E-02   2.03250181E-02   1.98995918E-02   2.03634370E-02   2.01303139E-02   2.01645270E-02   2.03300212E-02   1.93145871E-02   1.93592608E-02   1.95742939E-02   1.89505555E-02   1.93325095E-02   1.93718411E-02   1.89821832E-02   1.90967545E-02   1.96950715E-02   1.84081364E-02   1.83481686E-02   1.78613476E-02   1.74039938E-02   1.66704692E-02   1.73557121E-02   1.49026662E-02   1.45841930E-02   1.27783008E-02   1.01686930E-02   8.95828381E-03   7.28425663E-03   4.35901526E-03   3.46148806E-03   2.57890951E-03  -999.000000       5.92274591E-03  -999.000000      -999.000000      -999.000000      -999.000000      -999.000000      -999.000000      -999.000000      -999.000000      -999.000000      -999.000000      -999.000000      -999.000000      -999.000000      -999.000000      -999.000000      -999.000000      -999.000000      -999.000000      -999.000000      -999.000000      -999.000000      -7.13727549E-02  -6.87305555E-02  -6.60097376E-02  -6.24113865E-02  -5.94296977E-02  -5.77068180E-02  -5.41676134E-02  -5.22031561E-02  -4.92126644E-02  -4.73899990E-02  -4.54641767E-02  -4.29975241E-02  -4.11444791E-02  -3.94098349E-02  -3.70320491E-02  -3.48963812E-02  -3.30245048E-02  -3.14400196E-02  -3.02815624E-02  -2.80201174E-02  -2.61512510E-02  -2.46497802E-02  -2.20439695E-02  -2.15163715E-02  -2.05485933E-02  -1.90749206E-02  -1.81619860E-02  -1.70939080E-02  -1.61552988E-02  -1.53094344E-02  -1.40284710E-02  -1.21156573E-02  -1.10417530E-02  -9.94455814E-03  -8.85090232E-03  -6.70607388E-03  -6.03895634E-03  -4.57472354E-03  -3.70917469E-03  -2.49990821E-03  -1.51785463E-03  -2.06321478E-04   1.03724003E-03   2.43542343E-03   3.63320112E-03   4.82164323E-03   5.42939454E-03   6.60693645E-03   6.77655637E-03   7.43809342E-03   7.82109797E-03   7.13869184E-03   8.28320533E-03   8.22857767E-03   7.30665028E-03   6.57591969E-03   5.56220859E-03   2.82856822E-03  -9.55015421E-05  -2.97981501E-03  -5.31546772E-03  -9.91511345E-03  -1.28794685E-02  -1.54511034E-02  -1.60080045E-02  -1.56936683E-02
        1000   14.8780003     10:32:44.634   4.81171198E-02   6.20257035E-02   5.79918809E-02   5.12495115E-02   5.56427054E-02   5.53389788E-02   5.67438714E-02   4.86722551E-02   5.18767126E-02   4.91572209E-02   4.78091389E-02   4.17460240E-02   4.46173996E-02   4.30173427E-02   3.97694297E-02   4.00468074E-02   3.95411290E-02   3.87001075E-02   3.64785716E-02   3.75671871E-02   3.57842185E-02   3.44328210E-02   3.52291949E-02   3.40932049E-02   3.30601223E-02   3.32480632E-02   3.37705575E-02   3.21385451E-02   3.27500813E-02   3.21280286E-02   3.06466203E-02   3.11841518E-02   3.06755230E-02   2.99422611E-02   3.01888250E-02   2.98557431E-02   2.96678394E-02   2.87034828E-02   2.92382650E-02   2.78342683E-02   2.74349302E-02   2.71065179E-02   2.64515653E-02   2.62665711E-02   2.60285307E-02   2.55270135E-02   2.53198165E-02   2.52834167E-02   2.40688510E-02   2.35340744E-02   2.37932336E-02   2.29774881E-02   2.34719831E-02   2.27085091E-02   2.20364444E-02   2.23551393E-02   2.23596655E-02   2.25834772E-02   2.22103223E-02   2.26545185E-02   2.22200081E-02   2.16545891E-02   2.16792803E-02   2.10943315E-02   2.18305960E-02   2.17825398E-02   2.12818440E-02   2.21821610E-02   2.12467164E-02   2.16450263E-02   2.14680936E-02   2.01781429E-02   2.04513688E-02   2.11340822E-02   1.85706578E-02   1.97160561E-02   1.78332273E-02   1.58250071E-02   1.66394114E-02   1.13502126E-02   1.39902290E-02   8.41674302E-03   6.29209727E-03   6.48488058E-03   5.99272735E-03   1.12160202E-03   8.51687789E-03  -999.000000      -999.000000      -999.000000      -999.000000      -999.000000      -999.000000      -999.000000      -999.000000      -999.000000      -999.000000      -999.000000      -999.000000      -999.000000      -999.000000      -999.000000      -999.000000      -999.000000      -999.000000      -999.000000      -999.000000      -999.000000      -7.10122213E-02  -6.81100190E-02  -6.53291941E-02  -6.17808551E-02  -5.89591712E-02  -5.67762740E-02  -5.41370660E-02  -5.16026095E-02  -4.98721078E-02  -4.70594466E-02  -4.47236300E-02  -4.27269638E-02  -4.06139418E-02  -3.86592820E-02  -3.70015055E-02  -3.47658396E-02  -3.29939611E-02  -3.12894769E-02  -2.95010246E-02  -2.76495852E-02  -2.63107233E-02  -2.42892504E-02  -2.26734132E-02  -2.13658102E-02  -2.02080086E-02  -1.92642920E-02  -1.82813071E-02  -1.76531859E-02  -1.62145011E-02  -1.52586028E-02  -1.36676282E-02  -1.25948377E-02  -1.09209791E-02  -9.62383300E-03  -7.92022794E-03  -6.89544529E-03  -5.56837022E-03  -4.55415994E-03  -3.44862789E-03  -2.08937377E-03  -1.07731670E-03  -1.57803297E-05   4.67821956E-04   1.93600357E-03   3.42378020E-03   4.27218527E-03   5.22992760E-03   6.06744736E-03   6.76705688E-03   7.21859932E-03   6.91160560E-03   7.76924938E-03   7.73381442E-03   7.58927315E-03   6.78747892E-03   5.99694252E-03   4.71347570E-03   3.32010537E-03  -1.33581460E-04  -2.61745602E-03  -5.28255105E-03  -9.83176380E-03  -1.20656937E-02  -1.45068839E-02  -1.56434700E-02  -1.34590082E-02
        1001   15.0019999     10:32:44.882   5.95971085E-02   3.96956764E-02   5.35418689E-02   5.08095175E-02   4.78226990E-02   4.74489629E-02   4.90139015E-02   4.91422676E-02   4.41866964E-02   4.34372276E-02   4.18691412E-02   4.10260186E-02   3.52874175E-02   3.75373289E-02   3.51894312E-02   3.44268084E-02   3.40211205E-02   3.25401090E-02   3.26685607E-02   3.10471803E-02   3.13142091E-02   2.94128228E-02   2.97291912E-02   2.93431915E-02   2.87101306E-02   2.78380625E-02   2.76705604E-02   2.76885461E-02   2.63800882E-02   2.61980407E-02   2.63966247E-02   2.48841587E-02   2.60155238E-02   2.44922601E-02   2.45088320E-02   2.46157423E-02   2.40978375E-02   2.37534810E-02   2.35482622E-02   2.28342637E-02   2.27749310E-02   2.35965140E-02   2.26315632E-02   2.35765763E-02   2.30385512E-02   2.31070630E-02   2.22998820E-02   2.11735182E-02   2.16689929E-02   2.05642488E-02   2.01034360E-02   2.02676822E-02   2.05921587E-02   2.09586546E-02   1.99665558E-02   1.99952200E-02   1.96997114E-02   2.01735012E-02   2.00003255E-02   1.96845140E-02   2.05400027E-02   1.90345887E-02   1.92392971E-02   1.99943576E-02   1.94506217E-02   1.90425627E-02   1.97418500E-02   1.92921478E-02   2.07966939E-02   1.96150020E-02   1.93180777E-02   1.93881374E-02   1.96213983E-02   1.86641589E-02   1.69408023E-02   1.68563053E-02   1.61836259E-02   1.48555748E-02   1.34801771E-02   1.28912525E-02   9.61155165E-03   7.20842974E-03   7.58418115E-03   2.77716643E-03   6.08529244E-03   1.96431857E-03   5.74962329E-03  -999.000000      -999.000000      -999.000000      -999.000000      -999.000000      -999.000000      -999.000000      -999.000000      -999.000000      -999.000000      -999.000000      -999.000000      -999.000000      -999.000000      -999.000000      -999.000000      -999.000000      -999.000000      -999.000000      -999.000000      -7.37901852E-02  -7.07052276E-02  -6.76230192E-02  -6.45021945E-02  -6.24138564E-02  -5.92321604E-02  -5.65592796E-02  -5.45200519E-02  -5.18056117E-02  -4.92451005E-02  -4.69524413E-02  -4.48966175E-02  -4.23199534E-02  -4.09369320E-02  -3.78622860E-02  -3.62345092E-02  -3.41488346E-02  -3.22069675E-02  -3.11724693E-02  -2.91440189E-02  -2.73925848E-02  -2.55137198E-02  -2.42622644E-02  -2.25364156E-02  -2.15987973E-02  -2.02209577E-02  -1.87772252E-02  -1.81442238E-02  -1.72560513E-02  -1.68573409E-02  -1.48514025E-02  -1.33904293E-02  -1.22376606E-02  -1.05438307E-02  -9.04671848E-03  -7.82314688E-03  -6.58839196E-03  -5.48133999E-03  -4.15715575E-03  -2.86163390E-03  -1.71237439E-03  -7.40326941E-04   4.01251018E-04   1.34484470E-03   2.91302800E-03   3.48080695E-03   5.00921160E-03   5.46691567E-03   6.66442513E-03   6.51403517E-03   8.13557953E-03   8.07859749E-03   7.74625689E-03   8.03086907E-03   8.20639729E-03   7.11469352E-03   6.19427860E-03   5.56097180E-03   3.18780541E-03   2.43782997E-05  -3.19920480E-03  -5.57393581E-03  -9.17285681E-03  -1.12365186E-02  -1.36374272E-02  -1.48537941E-02  -1.40792653E-02
        1002   15.1300001     10:32:45.135   5.29972017E-02   4.70557697E-02   5.45919165E-02   5.00495955E-02   4.84927408E-02   4.88189980E-02   5.04439436E-02   4.55222949E-02   4.62067127E-02   4.37172353E-02   4.15991433E-02   3.92260216E-02   3.71874124E-02   3.82273421E-02   3.57094295E-02   3.45068015E-02   3.43711264E-02   3.29101197E-02   3.19385827E-02   3.16171981E-02   3.10442355E-02   3.05828303E-02   2.98292208E-02   2.91532278E-02   2.80201603E-02   2.81180944E-02   2.75705960E-02   2.74985917E-02   2.62801331E-02   2.61980891E-02   2.59766765E-02   2.55942103E-02   2.53255647E-02   2.49422938E-02   2.47288663E-02   2.48457771E-02   2.41678711E-02   2.39035115E-02   2.37782858E-02   2.33042929E-02   2.30949521E-02   2.28065364E-02   2.24715937E-02   2.16066297E-02   2.12986395E-02   2.11472064E-02   2.06800904E-02   2.02538017E-02   1.99193768E-02   1.94347240E-02   1.90539565E-02   1.87581852E-02   1.85825918E-02   1.81489997E-02   1.79468133E-02   1.81753971E-02   1.84698179E-02   1.78435519E-02   1.80403311E-02   1.81844961E-02   1.75999794E-02   1.77646000E-02   1.76193416E-02   1.72444321E-02   1.72407050E-02   1.82426311E-02   1.69818755E-02   1.79621466E-02   1.73566807E-02   1.68749988E-02   1.74981020E-02   1.58382095E-02   1.62115730E-02   1.74344704E-02   1.43013066E-02   1.49870822E-02   1.47947865E-02   1.06071634E-02   1.16022620E-02   8.60402361E-03   6.37503341E-03   6.14281371E-03   3.06953024E-03   2.08299467E-03   1.92172732E-03   1.00103230E-03   1.88630726E-03  -999.000000      -999.000000      -999.000000      -999.000000      -999.000000      -999.000000      -999.000000      -999.000000      -999.000000      -999.000000      -999.000000      -999.000000      -999.000000      -999.000000      -999.000000      -999.000000      -999.000000      -999.000000      -999.000000      -999.000000      -999.000000      -7.26238936E-02  -6.95316866E-02  -6.70108646E-02  -6.36425167E-02  -6.03608191E-02  -5.78779131E-02  -5.50687015E-02  -5.22542521E-02  -5.02437353E-02  -4.68810685E-02  -4.61152419E-02  -4.30386029E-02  -4.06755842E-02  -3.90909351E-02  -3.70731540E-02  -3.51074934E-02  -3.36656198E-02  -3.15411314E-02  -2.98026763E-02  -2.82812454E-02  -2.61023901E-02  -2.47209184E-02  -2.31850334E-02  -2.15973966E-02  -2.06495076E-02  -1.91657059E-02  -1.82726309E-02  -1.76243521E-02  -1.64455548E-02  -1.54695511E-02  -1.41885914E-02  -1.27558783E-02  -1.10721216E-02  -1.02951154E-02  -8.18162411E-03  -6.85694814E-03  -5.72995842E-03  -4.85581160E-03  -3.23031098E-03  -2.12107599E-03  -1.38901174E-03  -1.77390873E-04   6.96241856E-04   2.38443166E-03   3.38220596E-03   3.95056605E-03   5.33824414E-03   6.30573928E-03   6.62534684E-03   7.13691860E-03   6.71998411E-03   7.59772956E-03   7.27246702E-03   7.10816681E-03   6.96670264E-03   6.25662506E-03   3.97370756E-03   3.65102291E-03   5.38274646E-04  -2.72459537E-03  -5.43843210E-03  -9.92663205E-03  -1.32596493E-02  -1.41398907E-02  -1.51758566E-02  -1.32211968E-02
        1003   15.2539997     10:32:45.384   6.06572293E-02   4.22957912E-02   5.24419583E-02   5.16595989E-02   4.77427468E-02   4.74989973E-02   4.72039469E-02   4.77422997E-02   4.20867093E-02   4.33372147E-02   4.19091284E-02   3.96259949E-02   3.41573842E-02   3.74373198E-02   3.51094082E-02   3.37367654E-02   3.29011008E-02   3.31001021E-02   3.18785533E-02   3.05171795E-02   3.04642227E-02   2.96228174E-02   2.92592105E-02   2.87632085E-02   2.82201525E-02   2.78380904E-02   2.70905998E-02   2.75985915E-02   2.62901448E-02   2.61981096E-02   2.63966937E-02   2.43242271E-02   2.57155746E-02   2.49422975E-02   2.46588644E-02   2.41657682E-02   2.44678669E-02   2.42835116E-02   2.31482778E-02   2.36842781E-02   2.28549317E-02   2.30365191E-02   2.24715881E-02   2.36566514E-02   2.31887028E-02   2.26373263E-02   2.25302931E-02   2.23841015E-02   2.08397880E-02   2.10752580E-02   2.03045625E-02   2.04687752E-02   2.07131263E-02   1.98694319E-02   2.02371497E-02   2.00356357E-02   1.96799636E-02   1.93836316E-02   1.95403472E-02   1.92744788E-02   1.84299573E-02   1.84046030E-02   1.84093844E-02   1.77045092E-02   1.85707882E-02   1.87226981E-02   1.79518834E-02   1.83421094E-02   1.76166110E-02   1.88749228E-02   1.85680427E-02   1.57481804E-02   1.86316427E-02   1.59546826E-02   1.57517232E-02   1.58978105E-02   1.42959589E-02   1.07888430E-02   1.45945353E-02   5.95712010E-03   7.86898192E-03   7.32785184E-03  -999.000000       5.94983809E-03   4.20940341E-03  -999.000000       5.02455980E-03  -999.000000      -999.000000      -999.000000      -999.000000      -999.000000      -999.000000      -999.000000      -999.000000      -999.000000      -999.000000      -999.000000      -999.000000      -999.000000      -999.000000      -999.000000      -999.000000      -999.000000      -999.000000      -999.000000      -999.000000      -7.56718218E-02  -7.28868768E-02  -6.85046539E-02  -6.69838339E-02  -6.36254922E-02  -6.03437982E-02  -5.79408705E-02  -5.48316687E-02  -5.27971908E-02  -5.05566746E-02  -4.81240004E-02  -4.58181836E-02  -4.36615497E-02  -4.07185443E-02  -3.95738818E-02  -3.70361172E-02  -3.53004597E-02  -3.38685811E-02  -3.15840840E-02  -3.01356576E-02  -2.87442319E-02  -2.68753655E-02  -2.51438990E-02  -2.30779946E-02  -2.13203169E-02  -2.07723640E-02  -1.95285007E-02  -1.88953206E-02  -1.75969228E-02  -1.64680220E-02  -1.49019361E-02  -1.38409622E-02  -1.25083029E-02  -1.09846368E-02  -1.01777241E-02  -8.38432461E-03  -7.12975115E-03  -5.25283813E-03  -4.46874648E-03  -3.36329639E-03  -1.84407085E-03  -9.11973417E-04   6.79671764E-04   1.17334723E-03   2.29155272E-03   3.62931192E-03   4.61763889E-03   5.69527596E-03   6.18271530E-03   6.14229590E-03   6.91388547E-03   7.70696998E-03   7.44479895E-03   7.50964880E-03   7.69553334E-03   7.28433579E-03   6.51464611E-03   6.27220422E-03   1.70008838E-03   1.08814240E-03  -1.51386112E-03  -7.54658133E-03  -8.16395134E-03  -1.11661404E-02  -1.41155198E-02  -1.37807988E-02  -1.12859085E-02
        1004   15.3610001     10:32:45.634   4.70871888E-02   5.07457927E-02   5.08619323E-02   4.58695889E-02   4.64027338E-02   4.44790013E-02   4.45639230E-02   3.97622734E-02   4.14366908E-02   3.91972251E-02   3.89691330E-02   3.53959836E-02   3.53473984E-02   3.48373242E-02   3.27194184E-02   3.20467725E-02   3.04211061E-02   2.96900943E-02   2.83685587E-02   2.76571847E-02   2.77742203E-02   2.69728135E-02   2.65592057E-02   2.62532085E-02   2.58001406E-02   2.53280811E-02   2.48305909E-02   2.41585784E-02   2.43201293E-02   2.40780972E-02   2.30366811E-02   2.35542152E-02   2.32055578E-02   2.20222864E-02   2.20688544E-02   2.18857657E-02   2.18078624E-02   2.10535005E-02   2.17282679E-02   2.03042738E-02   2.02949345E-02   2.01465208E-02   1.99615862E-02   2.34266352E-02   2.26386618E-02   2.23972574E-02   2.23801788E-02   2.15539467E-02   2.12695748E-02   2.09149830E-02   2.07242519E-02   2.02584751E-02   2.04528663E-02   2.04192195E-02   2.05769874E-02   1.99755207E-02   1.98298935E-02   2.05535963E-02   1.98003408E-02   2.00044885E-02   1.98699702E-02   1.96545981E-02   1.88193619E-02   1.86844692E-02   1.93507448E-02   1.95826590E-02   1.96318757E-02   2.02121213E-02   1.94266345E-02   1.98049471E-02   1.90280527E-02   1.91381723E-02   1.86515767E-02   1.69545412E-02   1.87514760E-02   1.66474059E-02   1.51253268E-02   1.56479552E-02   1.37233492E-02   1.01655200E-02   1.15569541E-02   6.14527799E-03   3.73258814E-03   4.86637326E-03  -999.000000       6.15511462E-03   7.05046300E-03  -999.000000      -999.000000      -999.000000      -999.000000      -999.000000      -999.000000      -999.000000      -999.000000      -999.000000      -999.000000      -999.000000      -999.000000      -999.000000      -999.000000      -999.000000      -999.000000      -999.000000      -999.000000      -999.000000      -999.000000      -999.000000      -7.40193427E-02  -7.01071173E-02  -6.75962940E-02  -6.42579645E-02  -6.22362718E-02  -5.93533553E-02  -5.65441400E-02  -5.39396703E-02  -5.12391552E-02  -4.88364957E-02  -4.71406728E-02  -4.47240248E-02  -4.29610237E-02  -4.05163690E-02  -3.84086035E-02  -3.63629423E-02  -3.47010493E-02  -3.30465585E-02  -3.13081220E-02  -2.92166956E-02  -2.75178365E-02  -2.60863602E-02  -2.46804729E-02  -2.23828107E-02  -2.14148872E-02  -2.07710676E-02  -1.92479305E-02  -1.81495994E-02  -1.74407400E-02  -1.60347037E-02  -1.51337273E-02  -1.35410465E-02  -1.18873343E-02  -1.08103678E-02  -9.22692567E-03  -8.30228627E-03  -7.25533813E-03  -5.98123670E-03  -4.41575050E-03  -3.62652540E-03  -2.04443932E-03  -7.02828169E-04  -5.09157777E-04   1.22904778E-03   2.00679898E-03   3.04514915E-03   3.79280746E-03   4.76028025E-03   5.57985157E-03   5.88142872E-03   6.12450391E-03   5.96228987E-03   7.15707988E-03   6.51286542E-03   6.13152981E-03   6.27163053E-03   4.08896059E-03   3.73654813E-03   3.54208052E-04  -2.29823589E-03  -5.88148832E-03  -8.87929648E-03  -1.27518848E-02  -1.34216882E-02  -1.64572820E-02  -1.52624957E-02
        1005   15.4670000     10:32:45.883   6.48371875E-02   5.32857589E-02   5.75718991E-02   5.86495809E-02   5.42327166E-02   5.25689833E-02   5.07239252E-02   5.24022654E-02   4.61967140E-02   4.63972241E-02   4.24791314E-02   4.42659929E-02   4.02874015E-02   3.93573232E-02   3.80394161E-02   3.62467915E-02   3.54011059E-02   3.45701054E-02   3.30885611E-02   3.20471823E-02   3.20542157E-02   3.12328152E-02   3.07891909E-02   3.07132080E-02   2.91801337E-02   2.88980734E-02   2.79505756E-02   2.87185647E-02   2.73701157E-02   2.77480744E-02   2.72966549E-02   2.63141934E-02   2.64055450E-02   2.59222798E-02   2.57688444E-02   2.52057556E-02   2.48378459E-02   2.41334923E-02   2.41482630E-02   2.38442700E-02   2.36449279E-02   2.31165104E-02   2.27015708E-02   2.32666098E-02   2.27986183E-02   2.26371773E-02   2.23800652E-02   2.13237777E-02   2.09793542E-02   1.98847055E-02   2.02239454E-02   2.01681834E-02   1.94926038E-02   2.03290135E-02   1.96868256E-02   1.94454081E-02   1.92698259E-02   1.97535604E-02   1.93103366E-02   1.91345010E-02   1.87499803E-02   1.82545967E-02   1.82893351E-02   1.78044252E-02   1.82406995E-02   1.83426216E-02   1.83018614E-02   1.80621296E-02   1.90666541E-02   1.75449643E-02   1.79880597E-02   1.76281538E-02   1.65414996E-02   1.73243880E-02   1.58512127E-02   1.45069798E-02   1.62846781E-02   1.14970496E-02   1.19121466E-02   9.28390585E-03   7.36491382E-03   7.89269712E-03   4.79428563E-04   1.38291949E-03   2.68169492E-03   8.61072447E-04   9.56415199E-04  -999.000000      -999.000000      -999.000000      -999.000000      -999.000000      -999.000000      -999.000000      -999.000000      -999.000000      -999.000000      -999.000000      -999.000000      -999.000000      -999.000000      -999.000000      -999.000000      -999.000000      -999.000000      -999.000000      -999.000000      -999.000000      -7.42577836E-02  -7.14055598E-02  -6.78547397E-02  -6.55464083E-02  -6.20847121E-02  -5.92818111E-02  -5.70525937E-02  -5.40381223E-02  -5.16076200E-02  -4.93449569E-02  -4.68791276E-02  -4.47224900E-02  -4.26894724E-02  -4.04548198E-02  -3.88270468E-02  -3.68213765E-02  -3.48694958E-02  -3.27050127E-02  -3.13165598E-02  -3.02851386E-02  -2.84162723E-02  -2.65648067E-02  -2.44289413E-02  -2.30112821E-02  -2.18033977E-02  -2.07396038E-02  -1.98165178E-02  -1.85282491E-02  -1.76594518E-02  -1.66434459E-02  -1.51724741E-02  -1.38997436E-02  -1.19960010E-02  -1.13489702E-02  -9.82549042E-03  -8.26080143E-03  -7.68382847E-03  -6.33969158E-03  -4.77419049E-03  -3.63494456E-03  -2.70287693E-03  -1.50126964E-03  -4.27640975E-04   7.90551305E-04   2.00832635E-03   2.83668190E-03   4.34435904E-03   5.00183553E-03   5.27144223E-03   5.74300438E-03   5.73605299E-03   6.41378015E-03   6.57850504E-03   6.99420273E-03   6.06273115E-03   5.47264516E-03   4.76972014E-03   2.60701776E-03   4.44278121E-04  -1.58859044E-03  -6.23240322E-03  -8.50062817E-03  -1.30236298E-02  -1.54038072E-02  -1.31996907E-02  -1.42050013E-02
        1006   15.5760002     10:32:46.137   5.64671978E-02   4.69057336E-02   4.64719050E-02   5.00395708E-02   4.62727249E-02   4.47489731E-02   4.33839075E-02   4.42122556E-02   4.12666909E-02   3.98672335E-02   3.80491316E-02   3.79560031E-02   3.52373943E-02   3.38273197E-02   3.37694101E-02   3.24667804E-02   3.14411074E-02   3.08300871E-02   2.97085550E-02   2.84871720E-02   2.86842119E-02   2.79128179E-02   2.68291887E-02   2.67131962E-02   2.62601282E-02   2.62880716E-02   2.60705743E-02   2.51885653E-02   2.47601066E-02   2.50180643E-02   2.35166512E-02   2.46541873E-02   2.32755374E-02   2.26922706E-02   2.31788401E-02   2.29957532E-02   2.26178449E-02   2.27934867E-02   2.25582607E-02   2.10642684E-02   2.09949221E-02   2.07665116E-02   2.04315688E-02   2.28766054E-02   2.16086134E-02   2.17771754E-02   2.08400618E-02   2.11737771E-02   2.09793486E-02   2.01047026E-02   1.97339412E-02   1.97581779E-02   1.97526012E-02   1.96590144E-02   1.94868296E-02   1.90554094E-02   1.96098275E-02   1.96435619E-02   1.94603372E-02   1.91544984E-02   1.92599799E-02   1.90945975E-02   1.92993358E-02   1.88544225E-02   1.91706978E-02   1.95626188E-02   1.90318599E-02   1.87321249E-02   1.94666479E-02   1.93049554E-02   1.89480484E-02   1.89181436E-02   1.80114899E-02   1.86643731E-02   1.76611952E-02   1.67569611E-02   1.53646544E-02   1.53870285E-02   1.27721233E-02   1.28938826E-02   9.36489087E-03   7.24267401E-03   5.01940493E-03   3.57289752E-03   4.57169302E-03   1.00108073E-03   6.12643547E-03  -999.000000      -999.000000      -999.000000      -999.000000      -999.000000      -999.000000      -999.000000      -999.000000      -999.000000      -999.000000      -999.000000      -999.000000      -999.000000      -999.000000      -999.000000      -999.000000      -999.000000      -999.000000      -999.000000      -999.000000      -999.000000      -7.34177679E-02  -7.03155473E-02  -6.75547272E-02  -6.46863952E-02  -6.16946965E-02  -5.87217845E-02  -5.62825799E-02  -5.42581156E-02  -5.12876064E-02  -4.84449342E-02  -4.65391204E-02  -4.45024669E-02  -4.20494601E-02  -4.01748009E-02  -3.80170271E-02  -3.63413729E-02  -3.41394953E-02  -3.23049985E-02  -3.11065502E-02  -2.93651186E-02  -2.76762582E-02  -2.57648006E-02  -2.41689235E-02  -2.29212716E-02  -2.17033885E-02  -2.05095969E-02  -1.96365193E-02  -1.83882304E-02  -1.76994391E-02  -1.57934316E-02  -1.46624558E-02  -1.34397298E-02  -1.20759755E-02  -1.06889531E-02  -9.39545780E-03  -8.07078928E-03  -6.86381012E-03  -5.44966012E-03  -4.10417467E-03  -3.10493261E-03  -2.35286355E-03  -6.71267509E-04   4.02383506E-04   1.19056553E-03   2.51834095E-03   3.56669724E-03   4.34438139E-03   5.60185313E-03   5.69144636E-03   6.48301095E-03   6.63606822E-03   6.72378391E-03   7.12851435E-03   7.33419508E-03   6.39272481E-03   7.34264404E-03   4.78971004E-03   2.83702463E-03   1.28427893E-03  -2.85860151E-03  -6.05241209E-03  -7.19061494E-03  -1.48536190E-02  -1.51838064E-02  -1.41596720E-02  -1.42249763E-02
        1007   15.6840000     10:32:46.385   5.99571392E-02   5.26357442E-02   6.10319227E-02   5.24495505E-02   5.42927310E-02   5.34289815E-02   5.36239110E-02   4.97322641E-02   5.02266996E-02   4.71372120E-02   4.63791192E-02   4.29560058E-02   4.29474115E-02   4.21473235E-02   3.96994241E-02   3.92667837E-02   3.78711112E-02   3.73600908E-02   3.60485539E-02   3.53371762E-02   3.52242105E-02   3.39628085E-02   3.40691842E-02   3.33232023E-02   3.20901312E-02   3.16980593E-02   3.19605619E-02   3.13085467E-02   3.00500933E-02   3.04880459E-02   2.91666314E-02   2.92941742E-02   2.91455239E-02   2.78522652E-02   2.84188315E-02   2.71857455E-02   2.79578418E-02   2.65234802E-02   2.74982601E-02   2.63042655E-02   2.54949238E-02   2.57765129E-02   2.54515633E-02   2.56365873E-02   2.48485710E-02   2.48271022E-02   2.46999543E-02   2.42236182E-02   2.37691291E-02   2.27144305E-02   2.28636358E-02   2.26178840E-02   2.18123402E-02   2.24888008E-02   2.20866669E-02   2.20152959E-02   2.25397609E-02   2.23535262E-02   2.17503309E-02   2.15245076E-02   2.17299946E-02   2.07245909E-02   2.13893112E-02   2.10043807E-02   2.09606513E-02   2.17225850E-02   2.14618500E-02   2.09521390E-02   2.13566758E-02   2.05149800E-02   2.02680584E-02   2.07081325E-02   1.91614237E-02   2.03642361E-02   1.78509504E-02   1.74665544E-02   1.70640256E-02   1.45861441E-02   1.37109431E-02   1.14922933E-02   1.03528788E-02   1.07401162E-02   3.71626089E-03   5.74945658E-03   7.70784914E-03   1.57031463E-04   5.38236741E-03  -999.000000      -999.000000      -999.000000      -999.000000      -999.000000      -999.000000      -999.000000      -999.000000      -999.000000      -999.000000      -999.000000      -999.000000      -999.000000      -999.000000      -999.000000      -999.000000      -999.000000      -999.000000      -999.000000      -999.000000      -999.000000      -7.38882348E-02  -7.02860057E-02  -6.75251931E-02  -6.44868463E-02  -6.12751655E-02  -5.83922639E-02  -5.62630482E-02  -5.33385873E-02  -5.17280847E-02  -4.85554188E-02  -4.64195944E-02  -4.40829471E-02  -4.23099324E-02  -4.01152708E-02  -3.81874964E-02  -3.66318412E-02  -3.41299586E-02  -3.27654742E-02  -3.10970210E-02  -2.95455791E-02  -2.78467201E-02  -2.63552517E-02  -2.33893916E-02  -2.29217745E-02  -2.15839073E-02  -2.09101588E-02  -1.91771202E-02  -1.76688991E-02  -1.70501657E-02  -1.59841962E-02  -1.47032253E-02  -1.34804696E-02  -1.17166638E-02  -1.06595904E-02  -9.23606008E-03  -7.75133073E-03  -6.69430941E-03  -5.09014726E-03  -4.31463122E-03  -3.24538350E-03  -1.47330761E-03  -6.41740859E-04   2.91869044E-04   1.40005350E-03   2.54783779E-03   3.75621766E-03   4.74392623E-03   6.34141266E-03   6.08101487E-03   6.90256059E-03   7.28559494E-03   7.14327395E-03   7.37792999E-03   6.95352256E-03   6.16189837E-03   6.80162758E-03   4.69847769E-03   3.07548791E-03   3.72342765E-04  -2.56096572E-03  -5.58532774E-03  -8.87396187E-03  -1.34573504E-02  -1.44479610E-02  -1.48241259E-02  -1.58195123E-02
        1008   15.8090000     10:32:46.633   5.57771102E-02   5.08757234E-02   5.43918982E-02   5.36195263E-02   5.13427183E-02   5.10289744E-02   5.12339137E-02   5.25922514E-02   4.77067195E-02   4.63672243E-02   4.52091582E-02   4.36560251E-02   4.05474193E-02   4.13373448E-02   4.04294357E-02   3.89168076E-02   3.79711315E-02   3.71701196E-02   3.70385759E-02   3.54571901E-02   3.50242257E-02   3.45528275E-02   3.42592038E-02   3.36132050E-02   3.30701508E-02   3.24780755E-02   3.21505703E-02   3.18585597E-02   3.07801012E-02   3.07380557E-02   3.06466408E-02   2.96841692E-02   2.99855322E-02   2.87522748E-02   2.82688383E-02   2.82257535E-02   2.80278511E-02   2.77334955E-02   2.71882694E-02   2.67542787E-02   2.67449394E-02   2.62465272E-02   2.52115782E-02   2.61165909E-02   2.53985673E-02   2.56170761E-02   2.53199004E-02   2.46735327E-02   2.41490081E-02   2.33042631E-02   2.27934420E-02   2.27076858E-02   2.29821559E-02   2.28486471E-02   2.26865467E-02   2.23452114E-02   2.25597080E-02   2.23734956E-02   2.21503247E-02   2.24345140E-02   2.20600031E-02   2.15745959E-02   2.15893015E-02   2.14543603E-02   2.09006295E-02   2.12025698E-02   2.19918545E-02   2.14421619E-02   2.17667092E-02   2.22750232E-02   2.05181036E-02   2.10381746E-02   2.09214408E-02   1.98442098E-02   1.96708590E-02   1.84463672E-02   1.77136920E-02   1.60056446E-02   1.56102460E-02   1.39113227E-02   1.10616256E-02   8.95849988E-03   7.60423951E-03   4.16721590E-03   2.86531076E-03   8.51429440E-03   5.00955898E-03  -999.000000      -999.000000      -999.000000      -999.000000      -999.000000      -999.000000      -999.000000      -999.000000      -999.000000      -999.000000      -999.000000      -999.000000      -999.000000      -999.000000      -999.000000      -999.000000      -999.000000      -999.000000      -999.000000      -999.000000      -999.000000      -7.32032955E-02  -6.99210912E-02  -6.65502623E-02  -6.39619157E-02  -6.17402270E-02  -5.81573322E-02  -5.60381338E-02  -5.30136749E-02  -5.07331714E-02  -4.90305051E-02  -4.58846800E-02  -4.44580317E-02  -4.21750061E-02  -3.96703407E-02  -3.79925705E-02  -3.61269154E-02  -3.36250290E-02  -3.20305452E-02  -3.06520835E-02  -2.89206468E-02  -2.77017839E-02  -2.53103301E-02  -2.31844746E-02  -2.22368538E-02  -2.10090242E-02  -2.02252790E-02  -1.88822821E-02  -1.81941129E-02  -1.72354057E-02  -1.56194642E-02  -1.44385025E-02  -1.29557364E-02  -1.17519051E-02  -1.00848004E-02  -8.94123316E-03  -7.39645958E-03  -6.33941591E-03  -4.49524075E-03  -4.01970744E-03  -2.31045485E-03  -1.52840465E-03  -5.86830080E-04   7.06784427E-04   1.93496048E-03   3.21273506E-03   4.29112464E-03   4.78886068E-03   5.58637083E-03   6.48597628E-03   6.92752004E-03   7.33055919E-03   7.72821903E-03   7.22285360E-03   7.88838416E-03   6.86667860E-03   5.80627471E-03   5.18296659E-03   3.32979113E-03   1.26376748E-04  -2.39720941E-03  -6.24193251E-03  -9.83086973E-03  -1.28145441E-02  -1.47054717E-02  -1.51518881E-02  -1.45373717E-02
        1009   15.9350004     10:32:46.882   5.30070513E-02   4.81156856E-02   5.73718511E-02   4.86094914E-02   5.11227027E-02   5.00089787E-02   4.97638583E-02   4.75822613E-02   4.58667241E-02   4.49072383E-02   4.43591401E-02   4.02660258E-02   3.89474332E-02   3.95673439E-02   3.68594415E-02   3.65068279E-02   3.57411392E-02   3.43801193E-02   3.38085741E-02   3.26971970E-02   3.29042226E-02   3.19028385E-02   3.20591889E-02   3.09031997E-02   3.05501334E-02   2.95680687E-02   3.01505588E-02   2.87985411E-02   2.85200756E-02   2.86880285E-02   2.75266059E-02   2.73141395E-02   2.75455136E-02   2.68822610E-02   2.66488288E-02   2.63857488E-02   2.62478385E-02   2.57034861E-02   2.55182683E-02   2.43642684E-02   2.47949436E-02   2.48365272E-02   2.45015658E-02   2.28565596E-02   2.29485054E-02   2.27069519E-02   2.26097163E-02   2.30732635E-02   2.19486486E-02   2.11438071E-02   2.16029342E-02   2.04071943E-02   2.09517125E-02   2.10982915E-02   2.03162767E-02   2.09050216E-02   2.07395907E-02   2.03834381E-02   2.07103156E-02   2.02945285E-02   2.02000234E-02   2.00845897E-02   1.93792619E-02   1.98642910E-02   1.98805537E-02   2.02025082E-02   1.89618412E-02   2.05221809E-02   1.93167496E-02   1.95350647E-02   1.98081248E-02   1.91681609E-02   1.83913354E-02   1.86639801E-02   1.72004513E-02   1.74656920E-02   1.66926458E-02   1.34341698E-02   1.44282775E-02   1.12486705E-02   9.99826100E-03   8.98423232E-03   1.75899640E-03   3.51146562E-03   5.89890499E-03   7.53859058E-06   6.11276645E-03  -999.000000      -999.000000      -999.000000      -999.000000      -999.000000      -999.000000      -999.000000      -999.000000      -999.000000      -999.000000      -999.000000      -999.000000      -999.000000      -999.000000      -999.000000      -999.000000      -999.000000      -999.000000      -999.000000      -999.000000      -999.000000      -7.44347423E-02  -7.10525364E-02  -6.82517290E-02  -6.52333722E-02  -6.21616840E-02  -5.99488094E-02  -5.72595969E-02  -5.43551445E-02  -5.16046509E-02  -4.93919775E-02  -4.77061681E-02  -4.45894971E-02  -4.28964756E-02  -4.07418087E-02  -3.87140363E-02  -3.70283723E-02  -3.53764929E-02  -3.29120047E-02  -3.15935425E-02  -2.96221040E-02  -2.77432390E-02  -2.60117725E-02  -2.45859548E-02  -2.36983560E-02  -2.22905912E-02  -2.09869109E-02  -1.95439756E-02  -1.86958946E-02  -1.76872835E-02  -1.64514221E-02  -1.52204521E-02  -1.33876391E-02  -1.21137425E-02  -1.11665428E-02  -9.74288583E-03  -8.38805735E-03  -7.33094662E-03  -5.67671657E-03  -4.44114953E-03  -3.33189219E-03  -1.78983808E-03  -1.17830187E-03  -2.54735351E-04   1.16343796E-03   2.43122131E-03   3.28964740E-03   3.90740484E-03   5.01494855E-03   6.21456653E-03   6.68610632E-03   6.54910505E-03   6.51669502E-03   7.76121020E-03   6.93657994E-03   6.82464987E-03   6.23391569E-03   4.00020927E-03   3.70656699E-03   5.02482057E-04  -2.93181837E-03  -5.27746975E-03  -8.59709829E-03  -1.18014514E-02  -1.40530877E-02  -1.51999742E-02  -1.46556422E-02
        1010   16.0699997     10:32:47.144   5.64670525E-02   6.18256032E-02   7.07218200E-02   5.77194989E-02   6.00626953E-02   5.89289516E-02   6.01038374E-02   5.34122437E-02   5.30767068E-02   5.31672165E-02   5.17991446E-02   4.58860397E-02   4.65174355E-02   4.63773571E-02   4.20994535E-02   4.26468328E-02   4.19611409E-02   4.05001193E-02   3.81685831E-02   3.87371853E-02   3.79342213E-02   3.63428369E-02   3.61791849E-02   3.58431935E-02   3.47201228E-02   3.45080495E-02   3.40405405E-02   3.36285122E-02   3.21100503E-02   3.37479897E-02   3.06465775E-02   3.15741114E-02   3.15154865E-02   3.01722400E-02   2.99688037E-02   2.95457337E-02   2.97478233E-02   2.80234702E-02   2.88482606E-02   2.76742633E-02   2.76749395E-02   2.76565235E-02   2.72515528E-02   2.27065310E-02   2.31184345E-02   2.21668314E-02   2.18395237E-02   2.19229963E-02   2.09082775E-02   2.06233505E-02   2.00624205E-02   1.96266975E-02   2.08412819E-02   1.95079427E-02   1.95660125E-02   1.95048340E-02   1.96594782E-02   1.87033769E-02   1.86703037E-02   1.88445412E-02   1.78800412E-02   1.78045835E-02   1.81592219E-02   1.65042207E-02   1.90804750E-02   1.76724438E-02   1.72218215E-02   1.88121963E-02   1.68467853E-02   1.76250953E-02   1.86881348E-02   1.50081320E-02   1.78412162E-02   1.69237331E-02   1.30300224E-02   1.62849966E-02   1.26815718E-02   1.32626723E-02   1.27862860E-02   6.75599230E-03   9.90487449E-03   5.63994329E-03  -999.000000       6.48570480E-03   1.05249113E-03   1.07889064E-05   4.99599800E-03  -999.000000      -999.000000      -999.000000      -999.000000      -999.000000      -999.000000      -999.000000      -999.000000      -999.000000      -999.000000      -999.000000      -999.000000      -999.000000      -999.000000      -999.000000      -999.000000      -999.000000      -999.000000      -999.000000      -999.000000      -999.000000      -999.000000      -7.12379515E-02  -6.90571591E-02  -6.51187971E-02  -6.28571063E-02  -6.01642355E-02  -5.71650304E-02  -5.56605980E-02  -5.21300919E-02  -4.97674271E-02  -4.76216003E-02  -4.51049507E-02  -4.36219051E-02  -4.14072499E-02  -3.90694663E-02  -3.70637998E-02  -3.53519134E-02  -3.29574309E-02  -3.20489742E-02  -2.96175145E-02  -2.78586634E-02  -2.60071978E-02  -2.44714022E-02  -2.34538391E-02  -2.22861096E-02  -2.11924873E-02  -1.98996440E-02  -1.90416649E-02  -1.81631409E-02  -1.67073496E-02  -1.55563802E-02  -1.42435096E-02  -1.21895336E-02  -1.13222525E-02  -9.67851281E-03  -8.39359313E-03  -6.95643574E-03  -5.63213974E-03  -4.23655659E-03  -3.15728784E-03  -2.26525217E-03  -1.50375813E-03  -4.90218401E-04   1.50793791E-03   1.95574760E-03   3.49419564E-03   4.40198928E-03   4.81956452E-03   5.71918488E-03   6.11070544E-03   6.57366961E-03   7.09118694E-03   7.06558675E-03   7.42080808E-03   5.70864230E-03   5.97757846E-03   5.03347069E-03   1.68935955E-03   1.74460560E-03  -2.47041881E-03  -5.99700958E-03  -7.56735355E-03  -1.39523298E-02  -1.34846605E-02  -1.25420503E-02  -1.40178576E-02
        1011   16.1930008     10:32:47.390   5.75369969E-02   5.26555888E-02   5.31318150E-02   5.23894615E-02   4.94626872E-02   4.89689521E-02   4.57938239E-02   4.67522517E-02   4.40466926E-02   4.32272181E-02   4.07391451E-02   4.09860685E-02   3.97874489E-02   3.68973427E-02   3.70694511E-02   3.55068445E-02   3.42811458E-02   3.27201188E-02   3.23785879E-02   3.24471965E-02   3.11342124E-02   3.03828325E-02   2.93491799E-02   2.88631916E-02   2.86001284E-02   2.84280442E-02   2.86505315E-02   2.76985057E-02   2.64700409E-02   2.64679771E-02   2.58965585E-02   2.57640965E-02   2.50354856E-02   2.48722341E-02   2.42888033E-02   2.41057258E-02   2.35078242E-02   2.29334682E-02   2.21682545E-02   2.23742612E-02   2.21649371E-02   2.20265221E-02   2.15315521E-02   2.39765141E-02   2.31084023E-02   2.30967794E-02   2.23794449E-02   2.20028870E-02   2.16481406E-02   2.12131683E-02   2.13722177E-02   2.12264974E-02   2.05311030E-02   2.10177973E-02   1.99659038E-02   1.98547617E-02   2.01394316E-02   1.99633539E-02   1.98503006E-02   1.98745485E-02   1.90600492E-02   1.92345828E-02   1.89192053E-02   1.92041937E-02   1.87604465E-02   1.95624195E-02   1.94018148E-02   1.90122034E-02   2.01268010E-02   1.90951154E-02   1.77881457E-02   1.96081251E-02   1.69211738E-02   1.81636401E-02   1.78398583E-02   1.64447278E-02   1.54511528E-02   1.51920812E-02   1.13554969E-02   1.19249299E-02   8.05352535E-03   7.22823106E-03   5.62162185E-03   3.31340311E-03   4.27992176E-03   2.63808016E-03   1.67327560E-03  -999.000000      -999.000000      -999.000000      -999.000000      -999.000000      -999.000000      -999.000000      -999.000000      -999.000000      -999.000000      -999.000000      -999.000000      -999.000000      -999.000000      -999.000000      -999.000000      -999.000000      -999.000000      -999.000000      -999.000000      -999.000000      -999.000000      -7.22649395E-02  -6.91441372E-02  -6.61157742E-02  -6.37741014E-02  -6.08112216E-02  -5.75720146E-02  -5.59075810E-02  -5.36770821E-02  -5.10344282E-02  -4.87086102E-02  -4.64519374E-02  -4.41888869E-02  -4.17542309E-02  -3.94164436E-02  -3.80407833E-02  -3.58189046E-02  -3.39944065E-02  -3.18059511E-02  -3.03145014E-02  -2.87256427E-02  -2.66441777E-02  -2.45083831E-02  -2.33808458E-02  -2.19131336E-02  -2.05095299E-02  -2.01467276E-02  -1.82987861E-02  -1.74702927E-02  -1.60845332E-02  -1.49635598E-02  -1.32606775E-02  -1.28166713E-02  -1.09493509E-02  -9.33557004E-03  -7.98062980E-03  -6.67344779E-03  -5.56913018E-03  -4.62353975E-03  -2.90425867E-03  -2.17223167E-03  -7.30760396E-04  -5.72353601E-05   1.55092776E-03   2.53872573E-03   3.86720151E-03   4.37501073E-03   5.34259528E-03   5.92223555E-03   5.95373660E-03   6.12668693E-03   6.34417683E-03   6.70854002E-03   6.56369328E-03   6.60142303E-03   5.42023033E-03   3.88597697E-03   3.29165906E-03   1.36636198E-04  -2.16867030E-03  -5.14560938E-03  -9.37624276E-03  -1.20215118E-02  -1.27441287E-02  -1.42416917E-02  -1.26675665E-02
        1012   16.2849998     10:32:47.638   6.09969907E-02   4.75055762E-02   4.67618145E-02   5.27695082E-02   4.70826812E-02   4.66689654E-02   4.35638465E-02   4.53122444E-02   4.28567268E-02   4.05472554E-02   3.81291583E-02   3.94760594E-02   3.66174504E-02   3.41973715E-02   3.39594744E-02   3.23768556E-02   3.10011636E-02   3.05601358E-02   2.95285918E-02   2.88672075E-02   2.81442367E-02   2.71528587E-02   2.66492106E-02   2.61432100E-02   2.55001374E-02   2.59180572E-02   2.53105499E-02   2.50085201E-02   2.45900527E-02   2.49379948E-02   2.32765768E-02   2.31541134E-02   2.29754969E-02   2.23322492E-02   2.23088190E-02   2.17457470E-02   2.17278358E-02   2.10634861E-02   2.11982727E-02   2.14742757E-02   2.02249568E-02   2.06265375E-02   1.94115657E-02   2.04965379E-02   2.07484290E-02   1.95868015E-02   1.93694681E-02   1.93429086E-02   1.87881589E-02   1.81031860E-02   1.85222272E-02   1.74065046E-02   1.81510989E-02   1.83977876E-02   1.73258930E-02   1.76347513E-02   1.81994233E-02   1.75033454E-02   1.77702941E-02   1.75845474E-02   1.71000510E-02   1.60545856E-02   1.77492090E-02   1.62841976E-02   1.64604504E-02   1.81824286E-02   1.59818251E-02   1.76722202E-02   1.89968217E-02   1.53551409E-02   1.79881826E-02   1.61781739E-02   1.58112310E-02   1.80737060E-02   1.41199324E-02   1.58048086E-02   1.51712392E-02   1.09621715E-02   1.41155887E-02   8.15502368E-03   5.37361996E-03   9.54832230E-03   4.51706816E-04   7.63467047E-04   5.21994755E-03  -999.000000       4.25319001E-03  -999.000000      -999.000000      -999.000000      -999.000000      -999.000000      -999.000000      -999.000000      -999.000000      -999.000000      -999.000000      -999.000000      -999.000000      -999.000000      -999.000000      -999.000000      -999.000000      -999.000000      -999.000000      -999.000000      -999.000000      -999.000000      -999.000000      -7.28150234E-02  -6.97942078E-02  -6.70258626E-02  -6.29941821E-02  -6.12713024E-02  -5.82220927E-02  -5.54176718E-02  -5.33671677E-02  -5.05045056E-02  -4.79586907E-02  -4.62320223E-02  -4.37089801E-02  -4.18143235E-02  -3.92465219E-02  -3.68408598E-02  -3.51789854E-02  -3.38844918E-02  -3.19960229E-02  -3.03745754E-02  -2.86857150E-02  -2.66042463E-02  -2.38184631E-02  -2.19909139E-02  -2.13032179E-02  -2.01896057E-02  -1.91668011E-02  -1.81488544E-02  -1.72603689E-02  -1.55746080E-02  -1.39036439E-02  -1.24507621E-02  -1.13067627E-02  -1.04094520E-02  -8.94568861E-03  -7.76073337E-03  -6.70354813E-03  -5.45922667E-03  -4.41363454E-03  -2.99435854E-03  -2.37231702E-03  -1.29083544E-03   7.26878643E-05   8.50841403E-04   1.67864561E-03   2.96713412E-03   3.73493135E-03   5.44251502E-03   5.79217076E-03   5.69368154E-03   6.24663383E-03   6.20413572E-03   6.89850003E-03   7.68367201E-03   6.46141171E-03   5.83022833E-03   5.31597435E-03   2.52167135E-03   1.37663633E-03  -2.02867389E-03  -7.18560815E-03  -8.01625103E-03  -1.31515488E-02  -1.40641592E-02  -1.23617798E-02  -1.25677139E-02
        1013   16.3750000     10:32:47.887   5.89170307E-02   4.42655869E-02   5.29018119E-02   4.96095121E-02   4.73726913E-02   4.63089570E-02   5.00138439E-02   4.67422530E-02   4.25467268E-02   4.38672379E-02   4.27691750E-02   4.14960645E-02   3.67674492E-02   3.90673727E-02   3.65394801E-02   3.52968611E-02   3.40711623E-02   3.43801416E-02   3.32086012E-02   3.17672156E-02   3.20642442E-02   3.12428586E-02   3.04092094E-02   2.99132075E-02   2.95701548E-02   2.83180717E-02   2.89105549E-02   2.81585250E-02   2.71800570E-02   2.79179998E-02   2.73065791E-02   2.56641135E-02   2.69454978E-02   2.50922535E-02   2.51688175E-02   2.49057524E-02   2.49078460E-02   2.48834845E-02   2.36882754E-02   2.35242862E-02   2.27749590E-02   2.32765414E-02   2.27815732E-02   2.21565384E-02   2.19284259E-02   2.22368073E-02   2.12994721E-02   2.07129195E-02   2.00681668E-02   1.84931904E-02   1.93522293E-02   1.87464990E-02   1.86410993E-02   1.87677890E-02   1.84158944E-02   1.82447508E-02   1.84194222E-02   1.82433464E-02   1.80602968E-02   1.83245465E-02   1.81300491E-02   1.78845879E-02   1.76992100E-02   1.73742007E-02   1.77704543E-02   1.81724280E-02   1.81318261E-02   1.82422232E-02   1.83968283E-02   1.73051469E-02   1.73281897E-02   1.72381829E-02   1.65312439E-02   1.71637237E-02   1.64799504E-02   1.44848302E-02   1.45712607E-02   1.35121951E-02   1.11956131E-02   1.08750481E-02   6.06364617E-03   4.42834850E-03   3.68172582E-03   4.83482610E-04   1.89995207E-03   9.68040666E-04   5.54316863E-03  -999.000000      -999.000000      -999.000000      -999.000000      -999.000000      -999.000000      -999.000000      -999.000000      -999.000000      -999.000000      -999.000000      -999.000000      -999.000000      -999.000000      -999.000000      -999.000000      -999.000000      -999.000000      -999.000000      -999.000000      -999.000000      -999.000000      -7.32570440E-02  -7.04962462E-02  -6.74778819E-02  -6.41661957E-02  -6.14433289E-02  -5.85141182E-02  -5.58596924E-02  -5.34491912E-02  -5.08465283E-02  -4.88807112E-02  -4.64640409E-02  -4.44810018E-02  -4.23663445E-02  -3.98485512E-02  -3.80228907E-02  -3.55710126E-02  -3.38465162E-02  -3.21880467E-02  -3.07466052E-02  -2.88677402E-02  -2.67862715E-02  -2.53704861E-02  -2.41929404E-02  -2.28552409E-02  -2.19016373E-02  -2.04488114E-02  -2.03708783E-02  -1.87523998E-02  -1.77166313E-02  -1.57256797E-02  -1.41428038E-02  -1.29687935E-02  -1.13014802E-02  -9.86770540E-03  -8.73275846E-03  -7.27556646E-03  -6.22125715E-03  -5.20566106E-03  -3.71637195E-03  -2.33434141E-03  -1.60285830E-03  -7.29344785E-04   6.58817589E-04   2.19661742E-03   2.84510106E-03   3.57290357E-03   4.70049679E-03   5.77014685E-03   5.68167120E-03   6.65461272E-03   6.01212680E-03   6.65649772E-03   6.65166974E-03   5.57941198E-03   6.05823100E-03   5.20396233E-03   2.64967233E-03   4.54641879E-04  -2.87066400E-03  -5.43762743E-03  -8.78823549E-03  -1.25935525E-02  -1.42261945E-02  -1.35938190E-02  -1.24597475E-02
        1014   16.4680004     10:32:48.142   5.43770008E-02   5.75356074E-02   5.53817786E-02   5.63494824E-02   5.50726838E-02   5.46189733E-02   5.29138483E-02   5.17322607E-02   5.02667166E-02   4.68972363E-02   4.43191603E-02   4.29360792E-02   4.04374525E-02   3.96273695E-02   3.86494659E-02   3.66668552E-02   3.66011672E-02   3.54401320E-02   3.43585946E-02   3.39072123E-02   3.25142406E-02   3.21728513E-02   3.18592079E-02   3.10932118E-02   3.05401422E-02   3.04480623E-02   2.90005542E-02   2.89785247E-02   2.78900564E-02   2.80779973E-02   2.81065796E-02   2.70041116E-02   2.70054936E-02   2.66622510E-02   2.62788162E-02   2.67657470E-02   2.60978397E-02   2.55534817E-02   2.53682733E-02   2.51442753E-02   2.49649566E-02   2.47665420E-02   2.38815639E-02   2.33465340E-02   2.31984258E-02   2.23268047E-02   2.19994709E-02   2.14729104E-02   2.10581571E-02   2.01831870E-02   2.01522242E-02   1.96265019E-02   2.05910970E-02   2.00677905E-02   1.98958963E-02   1.94447506E-02   1.92894246E-02   1.95633452E-02   1.93302967E-02   1.86745450E-02   1.93800479E-02   1.88145861E-02   1.86192095E-02   1.91941969E-02   1.89904515E-02   1.85924266E-02   1.90018248E-02   1.95522178E-02   1.83968227E-02   1.92651432E-02   1.86481811E-02   1.81281734E-02   1.89112276E-02   1.76737066E-02   1.65799335E-02   1.71248093E-02   1.37512386E-02   1.55521724E-02   1.24555882E-02   1.05350222E-02   1.00536197E-02   6.79832418E-03   3.71170091E-03   3.50346277E-03   5.97994402E-03   2.65804911E-03   4.99319099E-03  -999.000000      -999.000000      -999.000000      -999.000000      -999.000000      -999.000000      -999.000000      -999.000000      -999.000000      -999.000000      -999.000000      -999.000000      -999.000000      -999.000000      -999.000000      -999.000000      -999.000000      -999.000000      -999.000000      -999.000000      -999.000000      -7.48412237E-02  -7.17590153E-02  -6.84882253E-02  -6.51298612E-02  -6.28881827E-02  -5.93253076E-02  -5.71361035E-02  -5.47116622E-02  -5.12111709E-02  -4.90385070E-02  -4.64526825E-02  -4.46660221E-02  -4.21129838E-02  -4.00883146E-02  -3.83005291E-02  -3.57748680E-02  -3.41329910E-02  -3.23084928E-02  -3.05100270E-02  -2.91385762E-02  -2.67997272E-02  -2.52582468E-02  -2.43724659E-02  -2.29049139E-02  -2.18272097E-02  -2.03736126E-02  -1.98107921E-02  -1.82628557E-02  -1.74943693E-02  -1.57786123E-02  -1.45276524E-02  -1.35047734E-02  -1.14707723E-02  -1.09434575E-02  -9.06968862E-03  -7.74473697E-03  -6.47754967E-03  -5.05322218E-03  -4.04762477E-03  -2.84834951E-03  -1.87632442E-03  -9.24840569E-04   1.18680298E-04   1.45683438E-03   2.58464366E-03   4.30312008E-03   4.65092808E-03   5.52851707E-03   5.74816018E-03   7.01968372E-03   7.12263584E-03   6.93014264E-03   7.09450245E-03   7.71966577E-03   7.44741410E-03   6.91623241E-03   4.53197211E-03   3.21766734E-03   2.12639570E-04  -1.50267035E-03  -6.45960122E-03  -9.56022739E-03  -1.14755332E-02  -1.35781802E-02  -1.44058056E-02  -1.21517107E-02
        1015   16.5559998     10:32:48.382   5.47170453E-02   4.02956158E-02   5.47617674E-02   4.65494618E-02   4.71726805E-02   4.59589511E-02   4.76638339E-02   4.70022410E-02   4.25167046E-02   4.29372452E-02   4.10991646E-02   3.89060527E-02   3.61374468E-02   3.73573638E-02   3.50094624E-02   3.39068547E-02   3.32411565E-02   3.26501355E-02   3.16785835E-02   3.05971950E-02   3.08542270E-02   2.94328462E-02   2.91491989E-02   2.85732076E-02   2.81201396E-02   2.72580497E-02   2.69105453E-02   2.68585123E-02   2.50300448E-02   2.58679893E-02   2.52465699E-02   2.44041048E-02   2.47254893E-02   2.34422442E-02   2.45188102E-02   2.32157391E-02   2.29878332E-02   2.30834708E-02   2.23982614E-02   2.18342729E-02   2.16149427E-02   2.13965308E-02   2.11315528E-02   2.27965228E-02   2.20884141E-02   2.16967966E-02   2.12194603E-02   2.10928991E-02   2.04481464E-02   2.01731715E-02   1.96522232E-02   1.95465032E-02   1.94911044E-02   1.99277904E-02   1.96258985E-02   1.97747555E-02   1.96094271E-02   1.96433496E-02   1.95202976E-02   1.90045480E-02   1.89100504E-02   1.86945815E-02   1.90692060E-02   1.89141948E-02   1.87904499E-02   1.93624236E-02   1.98118221E-02   1.92922112E-02   2.04668120E-02   1.87551286E-02   1.95181631E-02   1.85081474E-02   1.88912023E-02   1.87536739E-02   1.78498961E-02   1.75547693E-02   1.61911957E-02   1.31721273E-02   1.38655426E-02   1.19949766E-02   1.10035744E-02   8.97827744E-03   4.35166573E-03   3.45343817E-03   6.82993140E-03   1.48065388E-04   4.07323241E-03  -999.000000      -999.000000      -999.000000      -999.000000      -999.000000      -999.000000      -999.000000      -999.000000      -999.000000      -999.000000      -999.000000      -999.000000      -999.000000      -999.000000      -999.000000      -999.000000      -999.000000      -999.000000      -999.000000      -999.000000      -999.000000      -7.60231763E-02  -7.21609667E-02  -6.91201687E-02  -6.61218017E-02  -6.28601313E-02  -6.06572554E-02  -5.70680387E-02  -5.55136204E-02  -5.26031218E-02  -5.03204614E-02  -4.76946384E-02  -4.52479795E-02  -4.28649299E-02  -4.12502699E-02  -3.86724845E-02  -3.69968154E-02  -3.52249406E-02  -3.32304500E-02  -3.14919762E-02  -2.99205370E-02  -2.78216712E-02  -2.63401978E-02  -2.39744186E-02  -2.24168673E-02  -2.07991749E-02  -2.00855695E-02  -1.90727450E-02  -1.77548118E-02  -1.69763230E-02  -1.58905573E-02  -1.41495988E-02  -1.27667189E-02  -1.10527202E-02  -1.00453869E-02  -8.49162042E-03  -7.23667443E-03  -6.44948334E-03  -5.31516969E-03  -3.92957777E-03  -3.14029306E-03  -1.76826119E-03  -9.76786017E-04  -8.32676888E-05   1.18488818E-03   2.63269246E-03   3.85117531E-03   4.44898009E-03   5.11656702E-03   5.68620116E-03   6.54771924E-03   6.92067295E-03   7.37816840E-03   6.44253194E-03   6.71768934E-03   7.03543425E-03   6.33423775E-03   5.39997965E-03   3.23567539E-03   4.10646200E-04  -2.71466374E-03  -6.33162260E-03  -9.39221680E-03  -1.08875111E-02  -1.56701431E-02  -1.37977451E-02  -1.36936232E-02
        1016   16.6830006     10:32:48.632   6.20471500E-02   4.38057110E-02   6.52419031E-02   5.29095717E-02   5.10327108E-02   4.94589843E-02   5.31338975E-02   4.90622520E-02   4.41167019E-02   4.58472334E-02   4.49691601E-02   4.26660255E-02   3.85274217E-02   4.18773480E-02   3.72294448E-02   3.66768092E-02   3.60011272E-02   3.55201140E-02   3.35385762E-02   3.32271867E-02   3.30742300E-02   3.20028365E-02   3.16592008E-02   3.10832094E-02   3.07401419E-02   2.97580734E-02   2.95705721E-02   3.04785520E-02   2.82500945E-02   2.89380495E-02   2.83566322E-02   2.80341655E-02   2.83855312E-02   2.71022730E-02   2.73088347E-02   2.72757579E-02   2.67678518E-02   2.60734893E-02   2.64282711E-02   2.59142760E-02   2.51849443E-02   2.56265271E-02   2.47315727E-02   2.23165881E-02   2.19285507E-02   2.17670538E-02   2.08298620E-02   2.09334828E-02   1.96289364E-02   1.92941744E-02   1.91333406E-02   1.86075903E-02   1.85820665E-02   1.89485773E-02   1.81264915E-02   1.76351741E-02   1.79996826E-02   1.76334828E-02   1.72503218E-02   1.71145163E-02   1.75200067E-02   1.69845931E-02   1.69592947E-02   1.63943470E-02   1.64906159E-02   1.74425542E-02   1.71218533E-02   1.66221652E-02   1.63967181E-02   1.55150332E-02   1.69581082E-02   1.58681720E-02   1.51014179E-02   1.56341642E-02   1.37507766E-02   1.45962341E-02   1.08534861E-02   1.12253521E-02   9.07985494E-03   6.48079766E-03   6.96095545E-03   3.92765459E-03  -999.000000       6.36072364E-04  -999.000000      -999.000000       1.68821029E-03  -999.000000      -999.000000      -999.000000      -999.000000      -999.000000      -999.000000      -999.000000      -999.000000      -999.000000      -999.000000      -999.000000      -999.000000      -999.000000      -999.000000      -999.000000      -999.000000      -999.000000      -999.000000      -999.000000      -999.000000      -999.000000      -7.65507817E-02  -7.28885829E-02  -7.01377690E-02  -6.65094182E-02  -6.40777349E-02  -6.08848296E-02  -5.83656207E-02  -5.63111715E-02  -5.28906696E-02  -5.02679944E-02  -4.79621775E-02  -4.60055172E-02  -4.40724939E-02  -4.22078483E-02  -3.96300629E-02  -3.76744047E-02  -3.56125198E-02  -3.41780297E-02  -3.25495824E-02  -3.04581486E-02  -2.88292803E-02  -2.64678225E-02  -2.50419676E-02  -2.31843553E-02  -2.20965333E-02  -2.07128040E-02  -2.04898231E-02  -1.89416669E-02  -1.75929852E-02  -1.64270550E-02  -1.54260844E-02  -1.40033290E-02  -1.24294758E-02  -1.11823454E-02  -9.73875821E-03  -8.63398612E-03  -7.51693547E-03  -5.73274493E-03  -4.88719344E-03  -3.53794545E-03  -2.79588252E-03  -2.08432972E-03  -9.10721719E-04   5.37455082E-04   2.35523283E-03   3.02363932E-03   3.34136188E-03   4.67888266E-03   5.67848980E-03   5.47004491E-03   6.07306510E-03   6.17071986E-03   7.12531805E-03   6.25082850E-03   6.57907873E-03   6.97860867E-03   4.91521508E-03   1.84194744E-03   1.36841089E-03  -2.11532414E-03  -6.01024926E-03  -9.17932391E-03  -1.16831064E-02  -1.30541921E-02  -1.60506889E-02  -1.38262287E-02
        1017   16.8110008     10:32:48.881   5.19371480E-02   5.41157164E-02   5.08919135E-02   5.01595326E-02   4.76527102E-02   4.62789871E-02   4.43639085E-02   4.31822538E-02   4.16667014E-02   3.98672372E-02   3.92091349E-02   3.80760022E-02   3.51474024E-02   3.44973281E-02   3.40594277E-02   3.23867910E-02   3.07611171E-02   3.02901063E-02   2.90785562E-02   2.86071897E-02   2.74842102E-02   2.74528265E-02   2.69591864E-02   2.57732011E-02   2.56001260E-02   2.49480661E-02   2.41605584E-02   2.44485456E-02   2.42400933E-02   2.37380490E-02   2.40266304E-02   2.24541649E-02   2.22855285E-02   2.16622651E-02   2.15688366E-02   2.12257449E-02   2.07578409E-02   2.10634880E-02   1.99782588E-02   2.00742651E-02   1.97549276E-02   1.96065120E-02   1.87015627E-02   1.97065864E-02   1.90885644E-02   1.91970803E-02   1.83599181E-02   1.76635720E-02   1.77390613E-02   1.68443397E-02   1.70135349E-02   1.74377821E-02   1.71322487E-02   1.69587284E-02   1.62366107E-02   1.66752581E-02   1.63997337E-02   1.65535137E-02   1.64303295E-02   1.64045114E-02   1.56699978E-02   1.64045915E-02   1.60093028E-02   1.50543675E-02   1.54806385E-02   1.55625753E-02   1.60818510E-02   1.55021464E-02   1.62166841E-02   1.53949931E-02   1.52680725E-02   1.61481388E-02   1.45714190E-02   1.46242054E-02   1.29408855E-02   1.33064408E-02   1.23238359E-02   1.08758677E-02   8.21056776E-03   9.42177884E-03   4.53221938E-03   2.71927752E-03   3.69522208E-03   3.58306337E-04   2.16564513E-04  -999.000000       1.32097211E-03  -999.000000      -999.000000      -999.000000      -999.000000      -999.000000      -999.000000      -999.000000      -999.000000      -999.000000      -999.000000      -999.000000      -999.000000      -999.000000      -999.000000      -999.000000      -999.000000      -999.000000      -999.000000      -999.000000      -999.000000      -999.000000      -7.59137347E-02  -7.28315264E-02  -6.97707087E-02  -6.64723665E-02  -6.32006824E-02  -6.05277792E-02  -5.79485670E-02  -5.53841218E-02  -5.23936078E-02  -5.02509400E-02  -4.77651134E-02  -4.60384637E-02  -4.32754420E-02  -4.19707857E-02  -3.88530120E-02  -3.69573422E-02  -3.52354757E-02  -3.37109827E-02  -3.19925398E-02  -2.97810920E-02  -2.75022350E-02  -2.63807774E-02  -2.39449143E-02  -2.25572884E-02  -2.17494518E-02  -2.02257074E-02  -1.93626881E-02  -1.80344917E-02  -1.75357647E-02  -1.62698030E-02  -1.50188431E-02  -1.35260746E-02  -1.20222643E-02  -1.06751695E-02  -9.06161964E-03  -8.13688338E-03  -6.54984266E-03  -4.79566306E-03  -3.98014486E-03  -2.47089565E-03  -1.81884319E-03  -8.37251544E-04   5.06341457E-04   1.70452893E-03   2.56231427E-03   3.48070264E-03   4.93840128E-03   5.85591048E-03   5.50551713E-03   6.83705509E-03   7.01009482E-03   6.58775121E-03   7.72239268E-03   7.22796470E-03   7.75629282E-03   5.72595000E-03   5.06270677E-03   2.94964015E-03   9.96366143E-04  -2.66709924E-03  -6.34165853E-03  -9.32042301E-03  -1.21239498E-02  -1.48047134E-02  -1.63910054E-02  -1.54564232E-02
        1018   16.9419994     10:32:49.137   5.88971041E-02   4.46656831E-02   5.45118712E-02   4.98395115E-02   4.73927110E-02   4.57689762E-02   4.64438982E-02   4.41722535E-02   4.04066928E-02   3.99872251E-02   3.90691273E-02   3.75060141E-02   3.37474197E-02   3.50673310E-02   3.28994282E-02   3.22168097E-02   3.04111261E-02   3.01301051E-02   2.86385622E-02   2.75771804E-02   2.78742220E-02   2.61128321E-02   2.68491879E-02   2.55831983E-02   2.48101279E-02   2.53380612E-02   2.39705648E-02   2.37885471E-02   2.36900859E-02   2.34780405E-02   2.22066250E-02   2.25241557E-02   2.12955214E-02   2.12822594E-02   2.12688278E-02   2.07857508E-02   2.08478440E-02   1.97134875E-02   1.96782611E-02   1.91642661E-02   1.86649337E-02   1.86665226E-02   1.91115681E-02   1.67765785E-02   1.65685415E-02   1.59870386E-02   1.60398502E-02   1.54534653E-02   1.57089233E-02   1.53341684E-02   1.42433383E-02   1.44675840E-02   1.44920722E-02   1.41385840E-02   1.42665012E-02   1.41251814E-02   1.41896885E-02   1.40234912E-02   1.41503243E-02   1.34345153E-02   1.33500053E-02   1.38845919E-02   1.25592900E-02   1.33443447E-02   1.44706098E-02   1.22625539E-02   1.43318484E-02   1.40721565E-02   1.17767081E-02   1.48850167E-02   1.28180888E-02   1.13281477E-02   1.47713907E-02   9.74413101E-03   1.32107390E-02   1.15161911E-02   8.69343989E-03   9.90530476E-03   7.92980846E-03   2.07074964E-03   6.97090942E-03  -999.000000       1.78315816E-03   1.74604310E-03  -999.000000      -999.000000       2.97825504E-03  -999.000000      -999.000000      -999.000000      -999.000000      -999.000000      -999.000000      -999.000000      -999.000000      -999.000000      -999.000000      -999.000000      -999.000000      -999.000000      -999.000000      -999.000000      -999.000000      -999.000000      -999.000000      -999.000000      -999.000000      -7.90877044E-02  -7.43327439E-02  -7.12805316E-02  -6.85397163E-02  -6.51913658E-02  -6.30196854E-02  -6.01667836E-02  -5.66575751E-02  -5.51331267E-02  -5.14726117E-02  -4.90699559E-02  -4.70241308E-02  -4.45674807E-02  -4.27344553E-02  -4.02997993E-02  -3.85320261E-02  -3.65063623E-02  -3.50244753E-02  -3.24499868E-02  -3.12715396E-02  -2.91800909E-02  -2.76112445E-02  -2.55497769E-02  -2.51339227E-02  -2.42263228E-02  -2.23584995E-02  -2.13047713E-02  -2.00617723E-02  -1.88436210E-02  -1.79149397E-02  -1.64790154E-02  -1.50980502E-02  -1.38452724E-02  -1.20914206E-02  -1.14042908E-02  -9.53071564E-03  -8.41592997E-03  -7.40887970E-03  -5.95468283E-03  -4.80914861E-03  -3.76988947E-03  -2.13783979E-03  -1.18628144E-03   3.27311456E-04   1.22549385E-03   2.46327370E-03   3.19168717E-03   4.14940715E-03   5.40692359E-03   5.30653447E-03   6.44807518E-03   6.50110096E-03   7.01874495E-03   7.83333927E-03   6.95884228E-03   6.19708002E-03   5.83659858E-03   4.28321958E-03   3.38995457E-03   2.03640014E-03  -4.12732363E-03  -5.58222830E-03  -9.42131877E-03  -1.27651021E-02  -1.34461746E-02  -1.41926333E-02  -1.47781372E-02
        1019   17.0680008     10:32:49.385   6.20370656E-02   5.03656156E-02   6.20818473E-02   5.42995147E-02   5.42227030E-02   5.28089628E-02   5.45738488E-02   5.01722582E-02   4.87767123E-02   4.60972451E-02   4.43191491E-02   4.05260585E-02   3.94774415E-02   3.90773527E-02   3.67694572E-02   3.61468382E-02   3.48711386E-02   3.44701260E-02   3.27285863E-02   3.27872001E-02   3.19542289E-02   3.13228443E-02   3.08791939E-02   3.06132063E-02   2.90801320E-02   2.92780623E-02   2.83305515E-02   2.83285249E-02   2.74500605E-02   2.77480073E-02   2.67165899E-02   2.58141253E-02   2.63955053E-02   2.58322489E-02   2.54688188E-02   2.52057407E-02   2.50578318E-02   2.47334801E-02   2.48382669E-02   2.39842720E-02   2.34749392E-02   2.29565296E-02   2.27815621E-02   2.23965421E-02   2.21684650E-02   2.17768848E-02   2.14496031E-02   2.07131114E-02   2.01484319E-02   1.93735342E-02   1.97826270E-02   1.93268973E-02   1.91414505E-02   1.95180792E-02   1.87461134E-02   1.92449074E-02   1.93495229E-02   1.93533991E-02   1.85203068E-02   1.85345355E-02   1.88900325E-02   1.81945879E-02   1.81392394E-02   1.86542496E-02   1.78005081E-02   1.87524725E-02   1.80618316E-02   1.88421905E-02   1.90267731E-02   1.83250867E-02   1.79081373E-02   1.82081517E-02   1.77112725E-02   1.80838406E-02   1.64802037E-02   1.57852881E-02   1.61320157E-02   1.25532867E-02   1.27770975E-02   1.17670801E-02   6.52624574E-03   7.28167593E-03   5.63584641E-03   2.66802870E-03   3.52506619E-03   2.65348656E-03   3.88869829E-03  -999.000000      -999.000000      -999.000000      -999.000000      -999.000000      -999.000000      -999.000000      -999.000000      -999.000000      -999.000000      -999.000000      -999.000000      -999.000000      -999.000000      -999.000000      -999.000000      -999.000000      -999.000000      -999.000000      -999.000000      -7.77781680E-02  -7.44332075E-02  -7.19010159E-02  -6.80502057E-02  -6.52918369E-02  -6.26801625E-02  -5.99372759E-02  -5.71380779E-02  -5.45036420E-02  -5.18331379E-02  -4.91304770E-02  -4.67746481E-02  -4.47979867E-02  -4.27649431E-02  -3.99702862E-02  -3.78525071E-02  -3.61768417E-02  -3.43049616E-02  -3.21804732E-02  -3.07320133E-02  -2.85705663E-02  -2.71717124E-02  -2.49402523E-02  -2.37644464E-02  -2.18568668E-02  -2.06591189E-02  -1.99254714E-02  -1.82526037E-02  -1.72945820E-02  -1.62860230E-02  -1.50801986E-02  -1.37292296E-02  -1.19463876E-02  -1.01724342E-02  -9.62518156E-03  -7.96148181E-03  -6.53659552E-03  -5.94945252E-03  -4.41518426E-03  -3.36960703E-03  -2.07034498E-03  -1.20831281E-03  -2.66790390E-04   4.06756997E-04   1.93490833E-03   3.05270404E-03   4.19116020E-03   4.83894348E-03   5.27650863E-03   6.16613030E-03   6.62765652E-03   7.08062202E-03   7.37818331E-03   7.25263357E-03   6.83790445E-03   7.32584298E-03   6.39490783E-03   5.27095795E-03   3.11703980E-03   1.03254616E-03  -3.33218277E-03  -6.08839840E-03  -8.99846107E-03  -1.30831823E-02  -1.49752349E-02  -1.48624331E-02  -1.35381967E-02
        1020   17.1970005     10:32:49.634   4.74070497E-02   4.64056656E-02   4.47918549E-02   4.47795242E-02   4.42926921E-02   4.42189537E-02   4.29538675E-02   4.25422452E-02   3.96467149E-02   3.85672450E-02   3.59891653E-02   3.46460678E-02   3.31474356E-02   3.13273557E-02   3.05294562E-02   2.98468452E-02   2.90211458E-02   2.86401287E-02   2.73885839E-02   2.68572010E-02   2.57142242E-02   2.53528487E-02   2.53092088E-02   2.43132114E-02   2.35401429E-02   2.38780621E-02   2.29205526E-02   2.29485370E-02   2.18900666E-02   2.13180147E-02   2.17065960E-02   2.06241328E-02   2.09855121E-02   2.10622530E-02   2.05288231E-02   2.07157452E-02   1.99378449E-02   2.03134827E-02   1.99082699E-02   1.88342743E-02   1.92949474E-02   1.93765350E-02   1.83915701E-02   1.92265529E-02   1.95684750E-02   1.84868965E-02   1.82896126E-02   1.83431208E-02   1.73684433E-02   1.72135439E-02   1.68626308E-02   1.65468920E-02   1.62814539E-02   1.66980755E-02   1.63161103E-02   1.64849069E-02   1.63495168E-02   1.66833960E-02   1.63103063E-02   1.61545351E-02   1.58300344E-02   1.58145856E-02   1.58892404E-02   1.56542528E-02   1.67505108E-02   1.58624742E-02   1.68218352E-02   1.64222009E-02   1.55567843E-02   1.57451034E-02   1.62081569E-02   1.49581712E-02   1.60713010E-02   1.53938737E-02   1.43002421E-02   1.41953286E-02   1.24120582E-02   1.05233314E-02   1.08871441E-02   7.95712695E-03   5.47629409E-03   3.90172098E-03   4.65890858E-04   3.45805986E-03   2.50702724E-05  -999.000000       1.86865591E-03  -999.000000      -999.000000      -999.000000      -999.000000      -999.000000      -999.000000      -999.000000      -999.000000      -999.000000      -999.000000      -999.000000      -999.000000      -999.000000      -999.000000      -999.000000      -999.000000      -999.000000      -999.000000      -999.000000      -999.000000      -7.68242106E-02  -7.35292360E-02  -7.03770369E-02  -6.66562393E-02  -6.36278838E-02  -6.08461984E-02  -5.88033237E-02  -5.52840978E-02  -5.37396707E-02  -5.01191728E-02  -4.84365076E-02  -4.57706898E-02  -4.29540239E-02  -4.14609797E-02  -3.89563330E-02  -3.66685465E-02  -3.51128764E-02  -3.32809947E-02  -3.10765170E-02  -2.90980488E-02  -2.72266082E-02  -2.58277394E-02  -2.43662782E-02  -2.38904692E-02  -2.22828984E-02  -2.15551481E-02  -2.01115012E-02  -1.94586180E-02  -1.81406140E-02  -1.71320401E-02  -1.53862387E-02  -1.43452734E-02  -1.30024329E-02  -1.13984719E-02  -9.97122377E-03  -8.92753154E-03  -7.78263807E-03  -6.25550002E-03  -4.78123128E-03  -3.70564312E-03  -2.57638842E-03  -1.54434890E-03  -5.82829118E-04   3.80709767E-04   1.94887817E-03   2.83667445E-03   4.10512835E-03   4.48289514E-03   5.36046922E-03   6.23010099E-03   6.58163428E-03   6.51460886E-03   7.03216344E-03   7.68662244E-03   6.97190315E-03   6.88984245E-03   5.49890846E-03   4.95497137E-03   3.52104008E-03   2.26557255E-04  -3.16818058E-03  -5.53437322E-03  -9.31445509E-03  -1.20292008E-02  -1.36712566E-02  -1.42984763E-02  -1.45042539E-02
        1021   17.3239994     10:32:49.882   4.81370762E-02   3.75256874E-02   5.03318384E-02   4.15795483E-02   4.20526974E-02   4.12289761E-02   4.15238813E-02   3.91422436E-02   3.68467197E-02   3.65772173E-02   3.49791534E-02   3.18960361E-02   2.99674179E-02   3.15573402E-02   2.84294430E-02   2.84068156E-02   2.71411333E-02   2.70801112E-02   2.56085806E-02   2.49371901E-02   2.50842217E-02   2.36528348E-02   2.35691909E-02   2.34431997E-02   2.23801378E-02   2.26180628E-02   2.20705625E-02   2.14785431E-02   2.08300855E-02   2.14180350E-02   2.04166137E-02   1.97641533E-02   2.03855168E-02   1.91922579E-02   1.88988261E-02   1.91657487E-02   1.89078394E-02   1.86534859E-02   1.86882596E-02   1.82342716E-02   1.82049386E-02   1.79665219E-02   1.69815663E-02   1.79665722E-02   1.72785223E-02   1.70770008E-02   1.61197782E-02   1.58333667E-02   1.55587895E-02   1.44039858E-02   1.43331308E-02   1.41173871E-02   1.45018939E-02   1.48784397E-02   1.41863935E-02   1.43951038E-02   1.42596383E-02   1.39634581E-02   1.38203176E-02   1.39845228E-02   1.39200138E-02   1.35245901E-02   1.35692768E-02   1.25143155E-02   1.29605802E-02   1.35425292E-02   1.28218429E-02   1.29021704E-02   1.38167273E-02   1.35950428E-02   1.31081091E-02   1.30581530E-02   1.26913618E-02   1.32040530E-02   1.19305961E-02   1.06659429E-02   1.08930422E-02   8.31473712E-03   7.58904405E-03   6.38970966E-03   3.58958635E-03   2.20592087E-03  -999.000000      -999.000000      -999.000000      -999.000000      -999.000000      -999.000000      -999.000000      -999.000000      -999.000000      -999.000000      -999.000000      -999.000000      -999.000000      -999.000000      -999.000000      -999.000000      -999.000000      -999.000000      -999.000000      -999.000000      -999.000000      -999.000000      -999.000000      -999.000000      -999.000000      -7.89726973E-02  -7.49477446E-02  -7.23955333E-02  -6.88347220E-02  -6.52763620E-02  -6.30546808E-02  -5.92817962E-02  -5.66625744E-02  -5.46181388E-02  -5.21476343E-02  -4.93049584E-02  -4.70091403E-02  -4.40324955E-02  -4.26594652E-02  -3.96147966E-02  -3.78970318E-02  -3.56213711E-02  -3.41094881E-02  -3.19749862E-02  -3.04465406E-02  -2.82850973E-02  -2.66462304E-02  -2.47147754E-02  -2.44189315E-02  -2.26913281E-02  -2.14435346E-02  -2.04898305E-02  -1.93768814E-02  -1.85287595E-02  -1.74101144E-02  -1.56742111E-02  -1.49632469E-02  -1.31104439E-02  -1.18265748E-02  -1.08394250E-02  -8.88578594E-03  -7.89099187E-03  -6.79391623E-03  -5.36969304E-03  -4.05413657E-03  -3.07487696E-03  -1.84284151E-03  -6.11282885E-04  -1.07705593E-04   1.80046260E-03   2.32826173E-03   3.20667773E-03   4.19440866E-03   4.80193645E-03   5.52155077E-03   6.60308450E-03   7.20609725E-03   6.65371865E-03   7.31827319E-03   6.64371997E-03   5.90186566E-03   4.99125570E-03   5.09772450E-03   2.83426046E-03   7.50452280E-04  -2.56357342E-03  -6.11885637E-03  -8.88819993E-03  -1.27322823E-02  -1.52136162E-02  -1.48303062E-02  -1.34358928E-02
        1022   17.4580002     10:32:50.142   6.34072125E-02   3.59157734E-02   5.39719015E-02   4.86795753E-02   4.37327363E-02   4.29389924E-02   4.45839353E-02   4.31822650E-02   3.78567167E-02   3.89272161E-02   3.68391350E-02   3.57659869E-02   3.17474045E-02   3.45973298E-02   3.12794223E-02   3.05467881E-02   2.86611076E-02   2.84300987E-02   2.69185584E-02   2.67471857E-02   2.63542142E-02   2.54428238E-02   2.47091949E-02   2.46832054E-02   2.48201340E-02   2.35880800E-02   2.35905740E-02   2.37085670E-02   2.21701153E-02   2.29580775E-02   2.13966630E-02   2.11041924E-02   2.16055494E-02   2.00822800E-02   2.04588491E-02   2.02657562E-02   1.95678528E-02   1.88834965E-02   1.92982666E-02   1.85342748E-02   1.85249373E-02   1.77265201E-02   1.80015769E-02   1.74866114E-02   1.80686228E-02   1.73171852E-02   1.62000731E-02   1.63637809E-02   1.60093606E-02   1.55047132E-02   1.50539465E-02   1.49581796E-02   1.46426018E-02   1.49090039E-02   1.46668237E-02   1.41354082E-02   1.45898256E-02   1.43535566E-02   1.40903369E-02   1.42545011E-02   1.40199792E-02   1.40245976E-02   1.34493401E-02   1.36844283E-02   1.35307014E-02   1.39326248E-02   1.40418634E-02   1.40921343E-02   1.40366592E-02   1.38349691E-02   1.30280675E-02   1.26781631E-02   1.32515170E-02   1.14244036E-02   1.20312292E-02   1.19469985E-02   9.42469761E-03   1.07870707E-02   6.49216864E-03   4.11393028E-03   4.48493753E-03   1.73272192E-03  -999.000000      -999.000000      -999.000000      -999.000000      -999.000000      -999.000000      -999.000000      -999.000000      -999.000000      -999.000000      -999.000000      -999.000000      -999.000000      -999.000000      -999.000000      -999.000000      -999.000000      -999.000000      -999.000000      -999.000000      -999.000000      -999.000000      -999.000000      -999.000000      -999.000000      -7.82007426E-02  -7.38657862E-02  -7.07935765E-02  -6.75527602E-02  -6.39044121E-02  -6.14627153E-02  -5.84098175E-02  -5.56305982E-02  -5.36361411E-02  -5.06756343E-02  -4.81829718E-02  -4.55171391E-02  -4.32804972E-02  -4.16574851E-02  -3.93128321E-02  -3.68450508E-02  -3.49693969E-02  -3.33075188E-02  -3.05830203E-02  -2.96345837E-02  -2.72931419E-02  -2.61842795E-02  -2.42528245E-02  -2.47269422E-02  -2.29493007E-02  -2.22314112E-02  -2.14276277E-02  -1.97445340E-02  -1.88962556E-02  -1.73874646E-02  -1.65014639E-02  -1.51104853E-02  -1.42177567E-02  -1.22640133E-02  -1.09969899E-02  -9.56351310E-03  -8.01883638E-03  -7.58184493E-03  -5.64770401E-03  -4.71219420E-03  -3.30297649E-03  -2.44089216E-03  -1.69929117E-03  -2.65657902E-04   1.09254569E-03   1.57031417E-03   2.65866518E-03   4.04634327E-03   4.91382927E-03   4.71343100E-03   5.73498756E-03   5.67805767E-03   6.43578172E-03   7.03050941E-03   6.09620661E-03   6.25472516E-03   6.09464198E-03   4.83172387E-03   2.42903829E-03   1.32627785E-03  -2.10658461E-03  -6.48041070E-03  -8.62862170E-03  -1.10216141E-02  -1.31718218E-02  -1.25077292E-02  -1.55030191E-02
        1023   17.5869999     10:32:50.392   4.81371805E-02   5.27057722E-02   4.92119528E-02   4.89695631E-02   4.77127507E-02   4.56689745E-02   4.31739353E-02   4.15922776E-02   4.12367098E-02   4.01572101E-02   3.88591252E-02   3.59559916E-02   3.59973796E-02   3.45273130E-02   3.33394036E-02   3.19567770E-02   3.00611015E-02   3.01400870E-02   2.87285484E-02   2.81471722E-02   2.77742129E-02   2.60928031E-02   2.63591930E-02   2.59531941E-02   2.54001394E-02   2.42480803E-02   2.43405811E-02   2.47285701E-02   2.34301258E-02   2.32980866E-02   2.33566687E-02   2.26942115E-02   2.19655503E-02   2.24122796E-02   2.18588524E-02   2.15257611E-02   2.08978560E-02   2.08234936E-02   2.02782657E-02   2.05342732E-02   2.01449227E-02   1.93565115E-02   1.98815744E-02   1.93066187E-02   1.86886508E-02   1.90272462E-02   1.82801746E-02   1.76639371E-02   1.80395655E-02   1.70649737E-02   1.65242460E-02   1.69784762E-02   1.66628622E-02   1.71692204E-02   1.66469906E-02   1.64855272E-02   1.64698958E-02   1.70836002E-02   1.65603440E-02   1.62844881E-02   1.64799709E-02   1.55946007E-02   1.58193614E-02   1.62844658E-02   1.56907402E-02   1.63726546E-02   1.62818711E-02   1.60221141E-02   1.63566247E-02   1.46149332E-02   1.64580345E-02   1.58381499E-02   1.53615512E-02   1.60445105E-02   1.50214387E-02   1.28473630E-02   1.37452828E-02   1.12279113E-02   9.94330272E-03   8.39547347E-03   6.52690884E-03   4.44523245E-03   3.06255464E-03  -999.000000       2.11552903E-03   7.15130474E-04   6.00505620E-04  -999.000000      -999.000000      -999.000000      -999.000000      -999.000000      -999.000000      -999.000000      -999.000000      -999.000000      -999.000000      -999.000000      -999.000000      -999.000000      -999.000000      -999.000000      -999.000000      -999.000000      -999.000000      -999.000000      -999.000000      -7.76382461E-02  -7.40533024E-02  -7.09510744E-02  -6.73902556E-02  -6.43319190E-02  -6.24902174E-02  -5.85573018E-02  -5.66680878E-02  -5.38636297E-02  -5.09031042E-02  -4.88704368E-02  -4.65946160E-02  -4.45679761E-02  -4.22949716E-02  -4.00603153E-02  -3.79825495E-02  -3.63868847E-02  -3.39650065E-02  -3.25205177E-02  -3.08120772E-02  -2.88306363E-02  -2.72017829E-02  -2.53803134E-02  -2.35444233E-02  -2.23167688E-02  -2.11288445E-02  -1.98950283E-02  -1.88618898E-02  -1.79735571E-02  -1.69347003E-02  -1.59586444E-02  -1.41176730E-02  -1.25749782E-02  -1.14312693E-02  -1.06643066E-02  -8.87086242E-03  -8.15622509E-03  -6.86928630E-03  -5.11517376E-03  -4.28969413E-03  -2.90047377E-03  -2.30837613E-03  -9.56766307E-04   5.69000840E-05   1.28509104E-03   2.28285789E-03   3.43119353E-03   4.07885015E-03   4.88632172E-03   5.25589287E-03   6.26747310E-03   6.34054095E-03   6.56831264E-03   7.21309334E-03   6.76888227E-03   6.80753589E-03   5.80765307E-03   4.84497845E-03   2.43255496E-03   2.70217657E-04  -1.82223320E-03  -5.72549552E-03  -9.41329449E-03  -1.11858770E-02  -1.48456395E-02  -1.52312145E-02  -1.25864074E-02
        1024   17.7339993     10:32:50.640   5.19471839E-02   4.66157459E-02   4.78419028E-02   4.52295281E-02   4.55827378E-02   4.33889739E-02   4.27839234E-02   4.08822671E-02   3.98566946E-02   3.78672406E-02   3.75391357E-02   3.50260064E-02   3.40873972E-02   3.37673388E-02   3.10894232E-02   3.10468059E-02   2.99611222E-02   2.93001086E-02   2.82485671E-02   2.77471915E-02   2.76742224E-02   2.62828227E-02   2.68391985E-02   2.54632086E-02   2.51001436E-02   2.50280835E-02   2.47305799E-02   2.43585669E-02   2.37801131E-02   2.44980678E-02   2.32866518E-02   2.25941893E-02   2.36655399E-02   2.21822765E-02   2.23788470E-02   2.20357608E-02   2.26278510E-02   2.15134993E-02   2.08882671E-02   2.07642801E-02   2.05349363E-02   2.03765240E-02   2.00415775E-02   2.14466043E-02   2.08985992E-02   2.08371393E-02   1.98300015E-02   1.99536830E-02   1.94692165E-02   1.85645334E-02   1.91837456E-02   1.79079790E-02   1.89224184E-02   1.85488649E-02   1.82167143E-02   1.79953296E-02   1.81597788E-02   1.84335317E-02   1.74603295E-02   1.77945029E-02   1.79799907E-02   1.67545974E-02   1.78493261E-02   1.60344001E-02   1.76706705E-02   1.84726026E-02   1.67518631E-02   1.88021455E-02   1.84766781E-02   1.51249934E-02   1.84880830E-02   1.60381719E-02   1.58714894E-02   1.80143304E-02   1.33010885E-02   1.59167498E-02   1.65543016E-02   9.81650501E-03   1.36314034E-02   1.06428908E-02   3.28361709E-03   8.40103347E-03  -999.000000       1.43064139E-03   5.80914272E-03  -999.000000       2.61364877E-03  -999.000000      -999.000000      -999.000000      -999.000000      -999.000000      -999.000000      -999.000000      -999.000000      -999.000000      -999.000000      -999.000000      -999.000000      -999.000000      -999.000000      -999.000000      -999.000000      -999.000000      -999.000000      -999.000000      -999.000000      -7.90757611E-02  -7.65508041E-02  -7.21885934E-02  -6.94577694E-02  -6.61794245E-02  -6.29677325E-02  -6.00848384E-02  -5.77156246E-02  -5.48811667E-02  -5.28606549E-02  -4.97579835E-02  -4.75521684E-02  -4.54555191E-02  -4.27125059E-02  -4.06078473E-02  -3.92400660E-02  -3.64544131E-02  -3.53525355E-02  -3.35280374E-02  -3.14895920E-02  -2.97581591E-02  -2.80192904E-02  -2.58478373E-02  -2.32419707E-02  -2.17143334E-02  -2.08164603E-02  -1.98026970E-02  -1.88796408E-02  -1.78814046E-02  -1.61226392E-02  -1.52066723E-02  -1.34356990E-02  -1.27229691E-02  -1.08991861E-02  -1.02321282E-02  -8.83860141E-03  -7.43389875E-03  -6.33689016E-03  -5.15272468E-03  -3.83721292E-03  -2.47797370E-03  -1.57589465E-03  -8.24317336E-04   3.29308212E-04   1.73749775E-03   2.34527141E-03   3.25363874E-03   4.53134626E-03   5.28883934E-03   5.84843010E-03   6.54999912E-03   7.24304467E-03   6.82075322E-03   6.79544359E-03   7.29105622E-03   6.08950108E-03   5.59929013E-03   5.32621890E-03   2.46332586E-03   7.40319490E-04  -2.40283459E-03  -6.12702221E-03  -9.47553664E-03  -1.27188042E-02  -1.42492875E-02  -1.53254047E-02  -1.54207796E-02
        1025   17.8820000     10:32:50.889   5.33571541E-02   4.32257541E-02   5.02319559E-02   4.70895693E-02   4.46527414E-02   4.34089825E-02   4.50739227E-02   4.29222807E-02   3.92267108E-02   3.93572450E-02   3.81591506E-02   3.68160270E-02   3.22474092E-02   3.46973464E-02   3.14494297E-02   3.07868011E-02   3.04011311E-02   2.97701154E-02   2.86485832E-02   2.80472077E-02   2.74942275E-02   2.64928341E-02   2.62692142E-02   2.56632268E-02   2.58901585E-02   2.44380888E-02   2.49105971E-02   2.42585875E-02   2.28701364E-02   2.44980901E-02   2.31166743E-02   2.22742092E-02   2.32755598E-02   2.18722969E-02   2.19188649E-02   2.16657724E-02   2.15678643E-02   2.14335099E-02   2.12682821E-02   2.05242876E-02   2.06049457E-02   1.99865364E-02   2.00315956E-02   1.92266311E-02   1.91686451E-02   1.87172070E-02   1.84400957E-02   1.77438054E-02   1.78093724E-02   1.73647292E-02   1.65939610E-02   1.67481825E-02   1.63525958E-02   1.68390013E-02   1.65068172E-02   1.61053985E-02   1.64698139E-02   1.64235532E-02   1.62303317E-02   1.64244939E-02   1.58699807E-02   1.53846005E-02   1.59493443E-02   1.55544337E-02   1.61607061E-02   1.59226283E-02   1.59418751E-02   1.61021482E-02   1.66166779E-02   1.51149957E-02   1.56781040E-02   1.58682130E-02   1.51815712E-02   1.47044733E-02   1.32913059E-02   1.33270817E-02   1.33747859E-02   9.54716373E-03   1.11222621E-02   7.57402368E-03   4.87503409E-03   5.60281426E-03   1.11952703E-03   1.24299387E-03   1.16172340E-03  -999.000000       3.90630681E-03  -999.000000      -999.000000      -999.000000      -999.000000      -999.000000      -999.000000      -999.000000      -999.000000      -999.000000      -999.000000      -999.000000      -999.000000      -999.000000      -999.000000      -999.000000      -999.000000      -999.000000      -999.000000      -999.000000      -999.000000      -7.76468441E-02  -7.43918940E-02  -7.00096786E-02  -6.79688528E-02  -6.44905120E-02  -6.14888147E-02  -5.94659075E-02  -5.64466938E-02  -5.38722426E-02  -5.16617224E-02  -4.86690663E-02  -4.67632376E-02  -4.46465947E-02  -4.20135818E-02  -3.96989249E-02  -3.78111564E-02  -3.59954908E-02  -3.38636041E-02  -3.15491110E-02  -2.96306647E-02  -2.84692310E-02  -2.63603814E-02  -2.49689110E-02  -2.35330276E-02  -2.25353874E-02  -2.14674994E-02  -2.02737041E-02  -1.89606249E-02  -1.81223415E-02  -1.67035460E-02  -1.59775615E-02  -1.43865943E-02  -1.26238763E-02  -1.11001134E-02  -1.02331042E-02  -8.76961648E-03  -7.59493560E-03  -7.05795735E-03  -5.17380983E-03  -3.85831296E-03  -2.76907533E-03  -1.72699243E-03  -8.35388899E-04   3.88257205E-04   1.46643817E-03   2.67421454E-03   3.61257046E-03   4.97025251E-03   5.65773994E-03   6.51735067E-03   6.50893152E-03   7.21199811E-03   6.93973154E-03   7.60447234E-03   7.45017081E-03   6.77870214E-03   6.95862621E-03   5.18570095E-03   3.31302732E-03   5.90272248E-04  -3.19258869E-03  -5.89641184E-03  -7.94463605E-03  -1.29676536E-02  -1.46479085E-02  -1.51538402E-02  -1.45591944E-02
        1026   18.0300007     10:32:51.136   4.70871590E-02   3.97657603E-02   4.42419201E-02   4.26595658E-02   4.22127284E-02   4.06589955E-02   4.09039147E-02   4.00622636E-02   3.86567041E-02   3.65872309E-02   3.41891460E-02   3.43360156E-02   3.08074113E-02   3.08573339E-02   2.95694266E-02   2.86367908E-02   2.77111176E-02   2.72200983E-02   2.66685653E-02   2.57371888E-02   2.62842122E-02   2.44928189E-02   2.50192024E-02   2.37232167E-02   2.34601386E-02   2.29980871E-02   2.24405825E-02   2.26785745E-02   2.20801234E-02   2.14080773E-02   2.13066638E-02   2.07141954E-02   2.02155504E-02   2.03022845E-02   2.00888496E-02   2.00457592E-02   1.95678566E-02   1.96234994E-02   1.96782723E-02   1.86842810E-02   1.84249394E-02   1.85065251E-02   1.81615837E-02   1.97066218E-02   1.89286247E-02   1.88771933E-02   1.81300770E-02   1.72837917E-02   1.69993602E-02   1.70547143E-02   1.62239503E-02   1.63381845E-02   1.66625958E-02   1.63590051E-02   1.62968226E-02   1.58854052E-02   1.58198234E-02   1.63535587E-02   1.55203361E-02   1.56244980E-02   1.56699810E-02   1.55145992E-02   1.49793411E-02   1.51344286E-02   1.53807011E-02   1.47926249E-02   1.70218665E-02   1.55421365E-02   1.56566631E-02   1.53949745E-02   1.45580759E-02   1.47381751E-02   1.52115291E-02   1.38644231E-02   1.46612525E-02   1.34870224E-02   1.11747207E-02   1.22870952E-02   7.50219263E-03   8.97395331E-03   5.08496538E-03   3.88274528E-03   4.89468221E-04   5.02948184E-04   1.16170617E-03   1.13105774E-03   1.69637054E-03  -999.000000      -999.000000      -999.000000      -999.000000      -999.000000      -999.000000      -999.000000      -999.000000      -999.000000      -999.000000      -999.000000      -999.000000      -999.000000      -999.000000      -999.000000      -999.000000      -999.000000      -999.000000      -999.000000      -999.000000      -7.97987804E-02  -7.59438276E-02  -7.33616054E-02  -6.95807934E-02  -6.65124506E-02  -6.40307590E-02  -6.06778562E-02  -5.77886365E-02  -5.59141785E-02  -5.23336641E-02  -5.03309965E-02  -4.80951853E-02  -4.49885353E-02  -4.36255224E-02  -4.08108681E-02  -3.92630845E-02  -3.77974212E-02  -3.51555534E-02  -3.34810503E-02  -3.16026174E-02  -3.03311832E-02  -2.81623118E-02  -2.55708545E-02  -2.43249759E-02  -2.26873271E-02  -2.17994452E-02  -2.01156437E-02  -1.90525614E-02  -1.82942823E-02  -1.77454874E-02  -1.65094882E-02  -1.42785311E-02  -1.31457970E-02  -1.13720521E-02  -1.05350390E-02  -9.08154249E-03  -7.76687264E-03  -6.71988726E-03  -5.10573387E-03  -4.21024859E-03  -2.76099890E-03  -1.66893005E-03  -9.17330384E-04   1.26309693E-04   1.36450678E-03   2.77227908E-03   3.34063172E-03   4.35832143E-03   5.33580780E-03   5.82539290E-03   6.36696815E-03   6.04002178E-03   7.01776147E-03   7.00249523E-03   6.82818890E-03   7.28671253E-03   5.88663667E-03   4.34371084E-03   3.15102935E-03   6.38276339E-04  -2.93459743E-03  -5.19840419E-03  -9.73664224E-03  -1.15396157E-02  -1.35598630E-02  -1.48157626E-02  -1.34910792E-02
        1027   18.1809998     10:32:51.385   5.12672327E-02   4.13657837E-02   4.75219525E-02   4.42695767E-02   4.26927432E-02   4.21389900E-02   4.21639569E-02   4.15822789E-02   3.81567106E-02   3.70772406E-02   3.58491279E-02   3.38759981E-02   3.17473933E-02   3.27873267E-02   3.00294124E-02   2.93467678E-02   2.78111063E-02   2.76600942E-02   2.64885537E-02   2.56571844E-02   2.57342253E-02   2.43028235E-02   2.46392135E-02   2.35332176E-02   2.32601557E-02   2.28180941E-02   2.24406011E-02   2.23186016E-02   2.18101516E-02   2.12381128E-02   2.07366999E-02   2.08742321E-02   2.01455764E-02   2.02423036E-02   1.93388704E-02   1.91557780E-02   1.91278681E-02   1.85035113E-02   1.84582751E-02   1.78342871E-02   1.81249343E-02   1.77265238E-02   1.72215942E-02   1.74066555E-02   1.65687017E-02   1.67673342E-02   1.55803002E-02   1.57541111E-02   1.56297944E-02   1.40452627E-02   1.47545636E-02   1.40587734E-02   1.49831297E-02   1.44294323E-02   1.46571472E-02   1.41356336E-02   1.41999610E-02   1.44036273E-02   1.41503476E-02   1.37844812E-02   1.37999589E-02   1.31946029E-02   1.36293881E-02   1.28945140E-02   1.38407936E-02   1.41526982E-02   1.38018858E-02   1.43121146E-02   1.29566174E-02   1.35549288E-02   1.38080502E-02   1.21781956E-02   1.35416556E-02   1.23546980E-02   1.14817433E-02   1.23278331E-02   9.24598239E-03   9.46886744E-03   8.45456030E-03   4.99714445E-03   5.03900833E-03   3.96787655E-03  -999.000000      -999.000000      -999.000000      -999.000000       1.52453594E-03  -999.000000      -999.000000      -999.000000      -999.000000      -999.000000      -999.000000      -999.000000      -999.000000      -999.000000      -999.000000      -999.000000      -999.000000      -999.000000      -999.000000      -999.000000      -999.000000      -999.000000      -999.000000      -999.000000      -999.000000      -999.000000      -7.81289041E-02  -7.45166913E-02  -7.15158507E-02  -6.77275211E-02  -6.52058125E-02  -6.29229024E-02  -5.95836863E-02  -5.71692139E-02  -5.45786992E-02  -5.16960248E-02  -4.97502051E-02  -4.73835692E-02  -4.56205755E-02  -4.26459126E-02  -4.02281471E-02  -3.85024883E-02  -3.64506021E-02  -3.42261121E-02  -3.29376794E-02  -3.06062438E-02  -2.83873938E-02  -2.69859284E-02  -2.45600119E-02  -2.32723281E-02  -2.20243782E-02  -2.09105276E-02  -1.98273361E-02  -1.84989423E-02  -1.76700428E-02  -1.57639533E-02  -1.51729882E-02  -1.36203319E-02  -1.19066685E-02  -1.08997598E-02  -8.59636068E-03  -8.04177672E-03  -6.94486499E-03  -5.57077676E-03  -4.68532741E-03  -3.07609141E-03  -1.90399587E-03  -6.42351806E-04  -9.86829400E-05   1.36952847E-03   2.35728174E-03   3.49559635E-03   4.17324901E-03   4.81069833E-03   5.34027815E-03   6.04186952E-03   6.62496686E-03   6.66277111E-03   7.18763471E-03   6.48352504E-03   5.91231883E-03   5.43265790E-03   4.24020737E-03   3.53808701E-03   3.56137753E-04  -2.95586139E-03  -5.17856330E-03  -1.01459399E-02  -1.27481297E-02  -1.33475140E-02  -1.46828368E-02  -1.25979558E-02
        1028   18.3430004     10:32:51.634   5.40272668E-02   3.88958566E-02   5.16820289E-02   4.75995876E-02   4.35427763E-02   4.29890193E-02   4.34939638E-02   4.26522791E-02   3.82467099E-02   3.75972278E-02   3.72791253E-02   3.54259722E-02   3.09073739E-02   3.23673151E-02   3.08293998E-02   2.96867527E-02   2.86810845E-02   2.80100852E-02   2.70185508E-02   2.67771818E-02   2.58942153E-02   2.49728169E-02   2.45292131E-02   2.38132104E-02   2.36501489E-02   2.31980924E-02   2.25406084E-02   2.26886068E-02   2.10101698E-02   2.12381333E-02   2.09767185E-02   2.00842526E-02   1.99855864E-02   1.99423134E-02   1.98688749E-02   1.91557817E-02   1.87478699E-02   1.90335196E-02   1.79182794E-02   1.79142840E-02   1.75749362E-02   1.71765182E-02   1.71415992E-02   1.63866747E-02   1.60987508E-02   1.54374279E-02   1.48104392E-02   1.42443161E-02   1.40700741E-02   1.36456229E-02   1.42349694E-02   1.42191695E-02   1.33734774E-02   1.39297163E-02   1.33773619E-02   1.31257866E-02   1.28700584E-02   1.30336797E-02   1.29603567E-02   1.30344685E-02   1.28599396E-02   1.28346086E-02   1.20094195E-02   1.27745690E-02   1.27508501E-02   1.23827448E-02   1.37318932E-02   1.28320931E-02   1.27765778E-02   1.46948919E-02   1.19180251E-02   1.16781946E-02   1.38317235E-02   9.53486376E-03   1.18520502E-02   1.06483484E-02   8.32679681E-03   1.07100205E-02   6.74610585E-03   4.95923636E-03   7.03166379E-03  -999.000000       1.79994106E-03  -999.000000      -999.000000      -999.000000       2.26997584E-03  -999.000000      -999.000000      -999.000000      -999.000000      -999.000000      -999.000000      -999.000000      -999.000000      -999.000000      -999.000000      -999.000000      -999.000000      -999.000000      -999.000000      -999.000000      -999.000000      -999.000000      -999.000000      -999.000000      -999.000000      -999.000000      -7.78109208E-02  -7.47586936E-02  -7.19978660E-02  -6.78695291E-02  -6.57078326E-02  -6.33148998E-02  -6.01156913E-02  -5.71712069E-02  -5.45706861E-02  -5.22280186E-02  -5.01222014E-02  -4.72855605E-02  -4.52625751E-02  -4.27179188E-02  -4.00801562E-02  -3.90044861E-02  -3.64426076E-02  -3.43181193E-02  -3.29196900E-02  -3.11182626E-02  -2.86593996E-02  -2.74179429E-02  -2.43520178E-02  -2.26343088E-02  -2.19063088E-02  -2.03724056E-02  -1.99591629E-02  -1.86006799E-02  -1.74317136E-02  -1.56455636E-02  -1.45745873E-02  -1.32619739E-02  -1.14683732E-02  -9.97153670E-03  -8.42820108E-03  -7.48369098E-03  -6.38681650E-03  -4.96277213E-03  -4.24733758E-03  -2.69812346E-03  -1.95602328E-03  -9.24348831E-04   2.59354711E-04   1.54757500E-03   2.66532600E-03   4.35362011E-03   4.64122742E-03   5.56864589E-03   5.86821884E-03   6.67981803E-03   6.35294616E-03   6.07081503E-03   7.16576725E-03   6.72177225E-03   7.33076036E-03   5.17132878E-03   4.69920784E-03   2.41746753E-03   5.26063144E-04  -4.14537638E-03  -3.49733979E-03  -1.13641545E-02  -1.22558102E-02  -1.23146400E-02  -1.53495520E-02  -1.31945238E-02
        1029   18.5100002     10:32:51.884   5.75174093E-02   4.75159250E-02   4.45721224E-02   4.99596931E-02   4.55727987E-02   4.46790159E-02   4.10140231E-02   4.11823057E-02   4.04967032E-02   3.84572409E-02   3.51991281E-02   3.66459340E-02   3.39873694E-02   3.22973207E-02   3.14393789E-02   3.09267268E-02   2.84110755E-02   2.80800872E-02   2.77285427E-02   2.68571936E-02   2.58942228E-02   2.51428057E-02   2.52092313E-02   2.49832384E-02   2.42301654E-02   2.34781299E-02   2.32006535E-02   2.30486654E-02   2.23402288E-02   2.20982134E-02   2.18767934E-02   2.17443313E-02   2.12956369E-02   2.12123506E-02   2.11289208E-02   2.01958083E-02   1.99379064E-02   1.99335497E-02   1.95182953E-02   1.90743059E-02   1.89749449E-02   1.88265238E-02   1.87916290E-02   1.82767473E-02   1.86189059E-02   1.80977024E-02   1.78208631E-02   1.74349062E-02   1.76008809E-02   1.67666301E-02   1.62960924E-02   1.69602633E-02   1.61844455E-02   1.65604968E-02   1.63579527E-02   1.62961986E-02   1.64803080E-02   1.63738057E-02   1.62503738E-02   1.57644339E-02   1.60298981E-02   1.61346216E-02   1.54095087E-02   1.61847267E-02   1.60710197E-02   1.55928805E-02   1.71319339E-02   1.58520546E-02   1.64764989E-02   1.59848146E-02   1.50979999E-02   1.57882534E-02   1.56819858E-02   1.50554050E-02   1.41229928E-02   1.38098756E-02   1.19191539E-02   1.02733141E-02   1.11304894E-02   8.03512800E-03   5.54912165E-03   3.90070211E-03   1.80153921E-03  -999.000000      -999.000000      -999.000000       1.54488813E-03  -999.000000      -999.000000      -999.000000      -999.000000      -999.000000      -999.000000      -999.000000      -999.000000      -999.000000      -999.000000      -999.000000      -999.000000      -999.000000      -999.000000      -999.000000      -999.000000      -999.000000      -999.000000      -999.000000      -999.000000      -999.000000      -7.89566115E-02  -7.50743672E-02  -7.27935210E-02  -6.90252036E-02  -6.67534843E-02  -6.32905513E-02  -6.08213320E-02  -5.79168200E-02  -5.52362874E-02  -5.22536263E-02  -4.97977994E-02  -4.76211831E-02  -4.55782115E-02  -4.36835550E-02  -4.16657962E-02  -3.91301401E-02  -3.71082649E-02  -3.52237746E-02  -3.34153362E-02  -3.13739367E-02  -3.01450752E-02  -2.81336010E-02  -2.49976292E-02  -2.37998553E-02  -2.24717259E-02  -2.08677128E-02  -1.99242905E-02  -1.84155889E-02  -1.71964169E-02  -1.61101148E-02  -1.45791546E-02  -1.29466504E-02  -1.17032081E-02  -1.01565719E-02  -8.72341543E-03  -7.59907067E-03  -6.24233484E-03  -5.24841249E-03  -3.78303230E-03  -2.33384222E-03  -1.22169405E-03  -1.99452043E-05   6.93835318E-04   1.60206109E-03   2.57979333E-03   3.74800712E-03   4.22555208E-03   4.93290275E-03   5.90246171E-03   5.95408678E-03   6.33729249E-03   6.19532913E-03   6.13052398E-03   6.89689815E-03   6.24639541E-03   5.76770306E-03   4.22643125E-03   2.70574540E-03  -4.44181263E-04  -1.06403232E-03  -5.42399287E-03  -9.15925950E-03  -1.04194432E-02  -1.40167326E-02  -1.44105703E-02  -1.16052181E-02
        1030   18.6790009     10:32:52.136   4.49876785E-02   5.50661944E-02   5.29823340E-02   4.54298258E-02   4.78128865E-02   4.65890728E-02   4.63241674E-02   4.12323698E-02   4.32467088E-02   4.10972163E-02   4.02690955E-02   3.62058394E-02   3.56272981E-02   3.57772894E-02   3.19593213E-02   3.29666473E-02   3.09910141E-02   3.08900550E-02   2.84985118E-02   2.94871852E-02   2.87942234E-02   2.67527681E-02   2.72092465E-02   2.64332667E-02   2.57701967E-02   2.50081774E-02   2.60507353E-02   2.50987783E-02   2.39503775E-02   2.56983824E-02   2.34469697E-02   2.29845066E-02   2.40357555E-02   2.24024355E-02   2.25890074E-02   2.29158625E-02   2.22379565E-02   2.16536019E-02   2.18683239E-02   2.13743262E-02   2.05949359E-02   2.06965264E-02   2.02716831E-02   2.23169252E-02   2.27192864E-02   2.13784147E-02   2.08419636E-02   2.11664960E-02   2.02330295E-02   1.96793508E-02   1.97691508E-02   1.87832322E-02   2.00370848E-02   1.91026293E-02   1.91095788E-02   1.89173426E-02   1.86309982E-02   1.81441698E-02   1.88604370E-02   1.89443454E-02   1.76997781E-02   1.89146474E-02   1.85497459E-02   1.73351429E-02   1.85614675E-02   1.90432388E-02   1.70020182E-02   2.00019311E-02   1.78362578E-02   1.77445691E-02   2.05878727E-02   1.55783286E-02   1.85125992E-02   1.79967675E-02   1.37554314E-02   1.87639073E-02   1.43554313E-02   1.23921409E-02   1.57122873E-02   8.05103686E-03   8.28928873E-03   9.05630179E-03   1.18301809E-03   5.21159777E-03   3.60709731E-03  -999.000000       8.77568498E-03  -999.000000      -999.000000      -999.000000      -999.000000      -999.000000      -999.000000      -999.000000      -999.000000      -999.000000      -999.000000      -999.000000      -999.000000      -999.000000      -999.000000      -999.000000      -999.000000      -999.000000      -999.000000      -999.000000      -999.000000      -999.000000      -7.93159306E-02  -7.49136657E-02  -7.28528053E-02  -6.85945079E-02  -6.58427626E-02  -6.31197542E-02  -5.98505437E-02  -5.77159747E-02  -5.51254116E-02  -5.23427427E-02  -5.05369306E-02  -4.75003272E-02  -4.55074236E-02  -4.37127687E-02  -4.09050398E-02  -3.90893780E-02  -3.72675061E-02  -3.48630100E-02  -3.36846076E-02  -3.22432332E-02  -2.97743715E-02  -2.81829014E-02  -2.44567841E-02  -2.27988176E-02  -2.17903703E-02  -1.99060217E-02  -1.96521208E-02  -1.78228281E-02  -1.70430988E-02  -1.55363902E-02  -1.41754225E-02  -1.29432157E-02  -1.14702284E-02  -1.05641261E-02  -8.40145350E-03  -7.52759725E-03  -6.85121864E-03  -5.42758405E-03  -4.06240672E-03  -2.86326557E-03  -1.93102658E-03  -1.18906796E-03  -8.50781798E-05   1.01321191E-03   2.14088708E-03   2.79888511E-03   4.33620811E-03   4.49339300E-03   5.63287735E-03   6.10461086E-03   6.02802634E-03   5.96646965E-03   6.50232285E-03   7.66965002E-03   7.25051761E-03   5.67380339E-03   5.28492033E-03   2.42707878E-03   7.61151314E-04  -2.17435509E-03  -6.29879534E-03  -8.65981728E-03  -1.03059933E-02  -1.55190676E-02  -1.19999796E-02  -1.17136165E-02
        1031   18.8430004     10:32:52.385   5.75277731E-02   4.90163043E-02   5.32124378E-02   5.14198504E-02   4.95629124E-02   4.81891222E-02   4.97742295E-02   4.71323878E-02   4.36467156E-02   4.26572189E-02   4.15090695E-02   3.94858196E-02   3.55272889E-02   3.67972776E-02   3.44692953E-02   3.40865999E-02   3.24309953E-02   3.18300389E-02   3.21184993E-02   3.00371870E-02   2.93342266E-02   2.80727614E-02   2.77792718E-02   2.77832784E-02   2.69302037E-02   2.71581989E-02   2.64307708E-02   2.59188265E-02   2.47504320E-02   2.53484510E-02   2.37570331E-02   2.37745736E-02   2.38757990E-02   2.33724676E-02   2.33290400E-02   2.30658874E-02   2.24579796E-02   2.17936281E-02   2.20983345E-02   2.13843435E-02   2.06749402E-02   2.08465215E-02   2.09017042E-02   1.93869919E-02   1.92394331E-02   1.92686748E-02   1.87523700E-02   1.79670788E-02   1.75938290E-02   1.65603552E-02   1.73102729E-02   1.64743215E-02   1.66880563E-02   1.66434087E-02   1.57701746E-02   1.64877642E-02   1.56912524E-02   1.61043014E-02   1.61004588E-02   1.60943121E-02   1.60097331E-02   1.51046598E-02   1.54498378E-02   1.54152969E-02   1.50716314E-02   1.53333675E-02   1.57120544E-02   1.55318892E-02   1.66161675E-02   1.57444812E-02   1.47278272E-02   1.59483626E-02   1.38628306E-02   1.44472737E-02   1.42063340E-02   1.19653940E-02   1.31177418E-02   1.09853875E-02   1.00466246E-02   8.63687973E-03   5.62669430E-03   2.69569969E-03   3.76457721E-03   5.74257225E-04   8.81203101E-04  -999.000000       2.70063896E-03  -999.000000      -999.000000      -999.000000      -999.000000      -999.000000      -999.000000      -999.000000      -999.000000      -999.000000      -999.000000      -999.000000      -999.000000      -999.000000      -999.000000      -999.000000      -999.000000      -999.000000      -999.000000      -999.000000      -999.000000      -8.10204670E-02  -7.77355731E-02  -7.44032934E-02  -7.13324174E-02  -6.86141253E-02  -6.45823702E-02  -6.27993420E-02  -6.00501336E-02  -5.72255440E-02  -5.40549718E-02  -5.20623028E-02  -4.90064956E-02  -4.67099063E-02  -4.48570065E-02  -4.27323505E-02  -4.09546457E-02  -3.85289900E-02  -3.70471030E-02  -3.52026075E-02  -3.28742340E-02  -3.10728587E-02  -2.93640010E-02  -2.72425413E-02  -2.48763524E-02  -2.35183239E-02  -2.20997520E-02  -2.11552791E-02  -2.00112127E-02  -1.86816975E-02  -1.71117708E-02  -1.63149014E-02  -1.50039420E-02  -1.33018494E-02  -1.19790211E-02  -1.09731182E-02  -9.43061709E-03  -7.97692686E-03  -6.74069673E-03  -5.47716767E-03  -4.72205132E-03  -3.25292349E-03  -2.42066383E-03  -1.39863789E-03  -1.54562294E-04   1.07374787E-03   2.12139636E-03   2.78931856E-03   3.47657502E-03   4.37368453E-03   4.89315391E-03   5.58491051E-03   6.26841187E-03   6.06700033E-03   6.32310659E-03   6.85077906E-03   6.34215027E-03   5.88617474E-03   5.17816097E-03   1.87134743E-03   1.20691955E-03  -1.83702260E-03  -6.41942024E-03  -8.66892189E-03  -1.21636018E-02  -1.43151507E-02  -1.25349686E-02  -1.27782375E-02
        1032   18.9780006     10:32:52.633   5.33578470E-02   4.95063812E-02   4.81325127E-02   4.87699248E-02   4.72329259E-02   4.66891229E-02   4.52042595E-02   4.55224179E-02   4.28367108E-02   4.09772247E-02   3.80390510E-02   3.65257934E-02   3.43872681E-02   3.41072604E-02   3.25892828E-02   3.13065760E-02   3.02909724E-02   2.95600258E-02   2.93284953E-02   2.85771787E-02   2.77442057E-02   2.66527403E-02   2.65492685E-02   2.65332796E-02   2.51902081E-02   2.48282142E-02   2.43307874E-02   2.43388489E-02   2.37804633E-02   2.32884921E-02   2.32770760E-02   2.22846083E-02   2.18858253E-02   2.20224839E-02   2.16290578E-02   2.15158910E-02   2.13479921E-02   2.09736321E-02   2.05783341E-02   2.00643390E-02   1.98249333E-02   1.94365121E-02   1.93317160E-02   1.93870272E-02   1.89295243E-02   1.84888616E-02   1.82826594E-02   1.76674947E-02   1.76043939E-02   1.64910760E-02   1.64610837E-02   1.67751070E-02   1.61387604E-02   1.66439787E-02   1.73706058E-02   1.63480677E-02   1.71314366E-02   1.64444018E-02   1.60604771E-02   1.61642879E-02   1.63596999E-02   1.58146638E-02   1.61098968E-02   1.61854085E-02   1.59417484E-02   1.61434617E-02   1.65820718E-02   1.64518505E-02   1.68360919E-02   1.57044008E-02   1.61777753E-02   1.55283650E-02   1.63029712E-02   1.51976096E-02   1.53869521E-02   1.32264290E-02   1.27993757E-02   1.16876997E-02   1.08397268E-02   8.94107576E-03   5.97202405E-03   6.19247835E-03   1.21293031E-03   2.06341431E-03  -999.000000       9.45713371E-04   2.71154381E-03  -999.000000      -999.000000      -999.000000      -999.000000      -999.000000      -999.000000      -999.000000      -999.000000      -999.000000      -999.000000      -999.000000      -999.000000      -999.000000      -999.000000      -999.000000      -999.000000      -999.000000      -999.000000      -999.000000      -999.000000      -8.06584954E-02  -7.69336224E-02  -7.38213286E-02  -7.08304420E-02  -6.75621703E-02  -6.44004121E-02  -6.13373555E-02  -5.86881489E-02  -5.60835451E-02  -5.29329628E-02  -5.09202965E-02  -4.78144772E-02  -4.62178960E-02  -4.42150310E-02  -4.18603644E-02  -3.96126695E-02  -3.76470089E-02  -3.50951329E-02  -3.36006358E-02  -3.21422592E-02  -3.00008915E-02  -2.82020308E-02  -2.62105688E-02  -2.37243399E-02  -2.22662836E-02  -2.07476206E-02  -1.92030631E-02  -1.82688534E-02  -1.72991827E-02  -1.67291313E-02  -1.49921328E-02  -1.34211704E-02  -1.22591406E-02  -1.05664358E-02  -9.66068357E-03  -7.87831098E-03  -6.97474182E-03  -5.63860685E-03  -4.68517095E-03  -3.85009497E-03  -2.33098865E-03  -1.96871161E-03  -3.56614590E-04   2.87503004E-04   1.65584683E-03   2.88346410E-03   3.28134000E-03   5.06854057E-03   5.38558513E-03   5.73504716E-03   6.46682084E-03   6.87035918E-03   6.66906685E-03   7.10533559E-03   6.47326559E-03   6.29500300E-03   6.14953786E-03   5.25216013E-03   2.57612020E-03   3.72745097E-04  -2.08004564E-03  -6.12098724E-03  -9.21934098E-03  -1.08329281E-02  -1.36433393E-02  -1.37423724E-02  -1.16853416E-02
        1033   19.1100006     10:32:52.882   3.83780263E-02   4.69564982E-02   4.41025719E-02   4.33799997E-02   4.30729799E-02   4.17391323E-02   4.21443358E-02   3.98624428E-02   3.94066945E-02   3.81972268E-02   3.54890488E-02   3.40957493E-02   3.35772336E-02   3.28172296E-02   3.05592418E-02   3.02065220E-02   2.90109217E-02   2.85300016E-02   2.76384689E-02   2.68271752E-02   2.70141996E-02   2.57127173E-02   2.57792696E-02   2.52732690E-02   2.39202008E-02   2.44482234E-02   2.48308163E-02   2.36088913E-02   2.30605211E-02   2.35585682E-02   2.26971526E-02   2.28346866E-02   2.32058670E-02   2.23225188E-02   2.25990862E-02   2.20359154E-02   2.19480060E-02   2.15036459E-02   2.14983337E-02   2.07643472E-02   2.04449203E-02   2.07765028E-02   2.04317290E-02   2.04971023E-02   1.98796932E-02   1.95891783E-02   1.87531579E-02   1.88882146E-02   1.81253850E-02   1.73823386E-02   1.76825076E-02   1.69164967E-02   1.73099972E-02   1.71849821E-02   1.71913709E-02   1.67686120E-02   1.65717658E-02   1.72145721E-02   1.72405113E-02   1.66342501E-02   1.65596455E-02   1.62746795E-02   1.61800031E-02   1.53755974E-02   1.60919521E-02   1.63436234E-02   1.67921074E-02   1.65217835E-02   1.65059678E-02   1.60542708E-02   1.55076943E-02   1.48783699E-02   1.54232243E-02   1.53082050E-02   1.40380440E-02   1.44982599E-02   1.24822520E-02   1.29317623E-02   1.03051737E-02   7.62844086E-03   6.63137482E-03   2.76436424E-03   1.86756765E-03   1.19947176E-03  -999.000000       2.78466335E-03   1.63063407E-03  -999.000000      -999.000000      -999.000000      -999.000000      -999.000000      -999.000000      -999.000000      -999.000000      -999.000000      -999.000000      -999.000000      -999.000000      -999.000000      -999.000000      -999.000000      -999.000000      -999.000000      -999.000000      -999.000000      -999.000000      -999.000000      -7.78667107E-02  -7.52744153E-02  -7.20435157E-02  -6.81952536E-02  -6.65234774E-02  -6.27004057E-02  -6.02611937E-02  -5.70965596E-02  -5.43159582E-02  -5.23233041E-02  -4.93174717E-02  -4.69309203E-02  -4.45980616E-02  -4.25334163E-02  -3.98357213E-02  -3.83400619E-02  -3.60081866E-02  -3.45736966E-02  -3.25353332E-02  -3.09039913E-02  -2.93351300E-02  -2.70436630E-02  -2.49173678E-02  -2.30292156E-02  -2.21404135E-02  -2.03956962E-02  -1.91012695E-02  -1.81713030E-02  -1.74710006E-02  -1.59838051E-02  -1.41328275E-02  -1.32509395E-02  -1.19384602E-02  -1.02129430E-02  -8.82079452E-03  -7.60746002E-03  -6.75148517E-03  -5.10818511E-03  -4.49319929E-03  -2.82413512E-03  -2.04180926E-03  -1.22960657E-03  -9.05402005E-04   7.32958317E-04   2.25055963E-03   3.01833451E-03   3.65543365E-03   5.07239252E-03   4.99182194E-03   5.60362637E-03   6.33726269E-03   6.76616281E-03   7.00273365E-03   6.17109984E-03   6.14348054E-03   5.39892912E-03   4.44264710E-03   3.50793451E-03  -1.83567405E-04  -1.94433331E-03  -5.82268834E-03  -9.21905786E-03  -1.22307763E-02  -1.20792091E-02  -1.46668106E-02  -1.36093050E-02
        1034   19.2460003     10:32:53.139   5.15981764E-02   3.94466147E-02   5.27026728E-02   4.39900570E-02   4.33530062E-02   4.16191667E-02   4.49744016E-02   4.01524380E-02   3.85966897E-02   3.83072197E-02   3.65090109E-02   3.40156816E-02   3.19771692E-02   3.32972184E-02   2.96592060E-02   2.94964742E-02   2.86808852E-02   2.86399815E-02   2.63884328E-02   2.68471632E-02   2.58141868E-02   2.52626967E-02   2.52092741E-02   2.48932801E-02   2.39502154E-02   2.35882513E-02   2.33008526E-02   2.33389381E-02   2.18005832E-02   2.30486430E-02   2.14872230E-02   2.11047605E-02   2.17559133E-02   2.05425508E-02   2.08291169E-02   1.98959336E-02   1.99480280E-02   1.91836674E-02   1.91383380E-02   1.93843469E-02   1.85149051E-02   1.86664965E-02   1.84017476E-02   1.78871714E-02   1.73598621E-02   1.65395048E-02   1.68236680E-02   1.65189467E-02   1.54363802E-02   1.58936009E-02   1.51239261E-02   1.56178819E-02   1.56212319E-02   1.49759753E-02   1.56821311E-02   1.54691497E-02   1.53320888E-02   1.48447445E-02   1.54905412E-02   1.49342092E-02   1.47895887E-02   1.54346908E-02   1.41301146E-02   1.41457897E-02   1.53921619E-02   1.38037894E-02   1.56121450E-02   1.56117212E-02   1.37758451E-02   1.64541434E-02   1.54176168E-02   1.33883916E-02   1.62134897E-02   1.27788140E-02   1.33991567E-02   1.41001064E-02   8.71514622E-03   1.21458462E-02   9.77064203E-03   4.33582766E-03   8.48075096E-03   2.97627226E-03  -999.000000       4.28553671E-03  -999.000000       2.24361103E-03   3.48970434E-03  -999.000000      -999.000000      -999.000000      -999.000000      -999.000000      -999.000000      -999.000000      -999.000000      -999.000000      -999.000000      -999.000000      -999.000000      -999.000000      -999.000000      -999.000000      -999.000000      -999.000000      -999.000000      -999.000000      -999.000000      -999.000000      -7.80858323E-02  -7.50335157E-02  -7.22925961E-02  -6.83043599E-02  -6.58225715E-02  -6.32194579E-02  -5.94402589E-02  -5.75056002E-02  -5.46949878E-02  -5.21023199E-02  -4.99364994E-02  -4.74599563E-02  -4.52071354E-02  -4.33524735E-02  -4.02548052E-02  -3.88591476E-02  -3.64172682E-02  -3.42427716E-02  -3.30644287E-02  -3.05131041E-02  -2.90042348E-02  -2.71327756E-02  -2.45264098E-02  -2.38781795E-02  -2.25692131E-02  -2.07543410E-02  -1.95696875E-02  -1.84094533E-02  -1.78589001E-02  -1.65114999E-02  -1.47405267E-02  -1.32887736E-02  -1.14864856E-02  -1.07412264E-02  -9.09930468E-03  -8.17620754E-03  -6.89040124E-03  -5.98722696E-03  -4.45233285E-03  -3.19328159E-03  -2.72092223E-03  -1.33864582E-03  -2.44311988E-04   3.04065645E-04   1.80163980E-03   2.74931639E-03   3.95630300E-03   4.50319052E-03   5.10258228E-03   5.80441207E-03   6.94815069E-03   6.60724193E-03   6.56410307E-03   6.40291721E-03   6.40594214E-03   6.05232269E-03   4.83713299E-03   2.67375261E-03   1.12414360E-03  -1.54462457E-03  -7.09040463E-03  -9.05479491E-03  -1.20746419E-02  -1.34410709E-02  -1.42572895E-02  -1.43193081E-02
        1035   19.3770008     10:32:53.388   5.54381534E-02   6.06466196E-02   4.56426851E-02   5.28100580E-02   5.05930036E-02   4.93091792E-02   4.47043963E-02   4.56424430E-02   4.57366668E-02   4.17272113E-02   3.95790040E-02   3.83556634E-02   3.92571837E-02   3.44872028E-02   3.48791927E-02   3.39964665E-02   3.26108783E-02   3.19199711E-02   3.09284348E-02   2.93671507E-02   2.88441814E-02   2.90226825E-02   2.80692633E-02   2.75732763E-02   2.71302070E-02   2.74482425E-02   2.69208439E-02   2.60189287E-02   2.61105783E-02   2.46686358E-02   2.48272195E-02   2.45747622E-02   2.38059144E-02   2.38925498E-02   2.39291117E-02   2.26859245E-02   2.29880232E-02   2.26336606E-02   2.18683369E-02   2.16043387E-02   2.16949023E-02   2.15564873E-02   2.07417458E-02   1.82871670E-02   1.73598658E-02   1.75495204E-02   1.64336935E-02   1.60689913E-02   1.61764417E-02   1.50036830E-02   1.50040248E-02   1.60179809E-02   1.49313249E-02   1.51260523E-02   1.50821870E-02   1.45591851E-02   1.51421195E-02   1.49047589E-02   1.48405405E-02   1.44642070E-02   1.48595823E-02   1.44446902E-02   1.37601206E-02   1.46958018E-02   1.46521712E-02   1.40437996E-02   1.57821439E-02   1.38517069E-02   1.51058258E-02   1.48841199E-02   1.29175968E-02   1.46583710E-02   1.35134812E-02   1.14888269E-02   1.41292028E-02   1.02802040E-02   1.11053167E-02   1.13460990E-02   5.58099523E-03   8.68631713E-03   6.25138544E-03  -999.000000       3.19324667E-03  -999.000000      -999.000000       2.94990605E-04  -999.000000      -999.000000      -999.000000      -999.000000      -999.000000      -999.000000      -999.000000      -999.000000      -999.000000      -999.000000      -999.000000      -999.000000      -999.000000      -999.000000      -999.000000      -999.000000      -999.000000      -999.000000      -999.000000      -999.000000      -999.000000      -999.000000      -7.86043033E-02  -7.63719901E-02  -7.28210732E-02  -6.90328404E-02  -6.69310465E-02  -6.31879345E-02  -6.07187226E-02  -5.80740646E-02  -5.53834513E-02  -5.27807847E-02  -5.00549600E-02  -4.76984158E-02  -4.61856052E-02  -4.33809534E-02  -4.08032760E-02  -3.87376137E-02  -3.65657322E-02  -3.41412537E-02  -3.26428972E-02  -3.07315737E-02  -2.94527113E-02  -2.71012522E-02  -2.41348818E-02  -2.32566334E-02  -2.14276686E-02  -2.03627869E-02  -1.93381123E-02  -1.82678662E-02  -1.73972696E-02  -1.60398781E-02  -1.45188943E-02  -1.31671503E-02  -1.12048760E-02  -1.01096332E-02  -8.70772451E-03  -7.44462758E-03  -6.20885193E-03  -5.37569076E-03  -4.42080200E-03  -2.76176631E-03  -1.53939426E-03  -8.27096403E-04  -9.27820802E-05   8.65608454E-04   2.04317272E-03   3.36085260E-03   4.28783149E-03   4.47470695E-03   5.86408377E-03   6.72592223E-03   6.24966621E-03   6.48876280E-03   7.48565048E-03   7.13448972E-03   7.35755265E-03   5.92400134E-03   4.79888916E-03   2.70558894E-03   1.76109374E-04  -2.76250392E-03  -4.91809845E-03  -8.84234905E-03  -1.06920451E-02  -1.34883225E-02  -1.30944178E-02  -1.28663629E-02
        1036   19.5049992     10:32:53.636   5.54281510E-02   5.00666276E-02   4.05926891E-02   5.03200777E-02   4.48230095E-02   4.43891734E-02   4.10743877E-02   4.39024344E-02   4.07966934E-02   3.82772051E-02   3.59490216E-02   3.68556790E-02   3.53671759E-02   3.21772099E-02   3.27591896E-02   3.17564607E-02   3.04908734E-02   2.94199735E-02   2.85284240E-02   2.83071566E-02   2.73741819E-02   2.65526958E-02   2.68392619E-02   2.53532715E-02   2.61701997E-02   2.55182460E-02   2.53008455E-02   2.46189386E-02   2.44105849E-02   2.33686417E-02   2.35972311E-02   2.34647654E-02   2.34259162E-02   2.23925505E-02   2.23691203E-02   2.23359279E-02   2.18680240E-02   2.15736683E-02   2.16483362E-02   2.12243441E-02   2.09948979E-02   2.04564836E-02   2.05117390E-02   2.03371774E-02   2.04298850E-02   1.96695458E-02   1.96837336E-02   1.91890411E-02   1.85865145E-02   1.76137798E-02   1.78341251E-02   1.76380817E-02   1.78814102E-02   1.78761259E-02   1.70022398E-02   1.72492247E-02   1.72821432E-02   1.73647683E-02   1.71205439E-02   1.70442015E-02   1.66995786E-02   1.61546879E-02   1.64901260E-02   1.61058158E-02   1.63421854E-02   1.69838108E-02   1.57521460E-02   1.71917062E-02   1.61058158E-02   1.45741114E-02   1.68375932E-02   1.65283717E-02   1.45435045E-02   1.68988723E-02   1.37692839E-02   1.36803361E-02   1.50155239E-02   9.93639138E-03   1.17013864E-02   9.98684298E-03   3.85205308E-03   1.01579353E-02   3.79429106E-03  -999.000000       3.84986168E-03  -999.000000       3.68246762E-03  -999.000000      -999.000000      -999.000000      -999.000000      -999.000000      -999.000000      -999.000000      -999.000000      -999.000000      -999.000000      -999.000000      -999.000000      -999.000000      -999.000000      -999.000000      -999.000000      -999.000000      -999.000000      -999.000000      -999.000000      -999.000000      -999.000000      -7.64124990E-02  -7.29315728E-02  -6.98633343E-02  -6.69315457E-02  -6.40384406E-02  -6.14192300E-02  -5.82145676E-02  -5.56239560E-02  -5.31212948E-02  -5.07354699E-02  -4.80889194E-02  -4.58361022E-02  -4.34814505E-02  -4.11637872E-02  -3.87981199E-02  -3.71662416E-02  -3.51117440E-02  -3.33834030E-02  -3.13620642E-02  -2.96332166E-02  -2.69817524E-02  -2.53853761E-02  -2.38971263E-02  -2.27381513E-02  -2.14132629E-02  -2.01785713E-02  -1.93583034E-02  -1.84977017E-02  -1.73202828E-02  -1.53293014E-02  -1.35375559E-02  -1.18952990E-02  -1.08600780E-02  -9.38817859E-03  -8.21510702E-03  -7.01933354E-03  -5.65619767E-03  -4.86130267E-03  -3.46226245E-03  -2.03990191E-03  -1.00759417E-03  -5.63263893E-04   1.23512000E-03   2.18268484E-03   3.32035124E-03   4.52733040E-03   4.86419350E-03   5.74357808E-03   5.96541166E-03   6.78917021E-03   6.61827624E-03   6.33517653E-03   7.15405494E-03   6.02716208E-03   6.24366850E-03   5.54864109E-03   2.51544267E-03   9.56095755E-04  -1.88237429E-03  -7.13780522E-03  -7.31188804E-03  -1.06714517E-02  -1.43576041E-02  -1.35036036E-02  -1.20455176E-02
        1037   19.6310005     10:32:53.885   5.92682622E-02   3.79567109E-02   4.89327684E-02   4.79301028E-02   4.34230492E-02   4.33891863E-02   4.21244614E-02   4.52924743E-02   3.85166779E-02   3.92772034E-02   3.75490226E-02   3.66156735E-02   3.18771712E-02   3.51772085E-02   3.25691812E-02   3.08064446E-02   3.05108856E-02   2.97699776E-02   2.91984323E-02   2.76771672E-02   2.74941958E-02   2.62127016E-02   2.57792939E-02   2.54632980E-02   2.55002249E-02   2.46582720E-02   2.44408883E-02   2.50089820E-02   2.28006374E-02   2.23387089E-02   2.33672969E-02   2.14248300E-02   2.24359613E-02   2.19525881E-02   2.17791554E-02   2.16759574E-02   2.06680503E-02   2.10536923E-02   2.01883595E-02   2.05343720E-02   2.02249195E-02   1.90465003E-02   1.92517750E-02   1.89872440E-02   1.95600018E-02   1.92697514E-02   1.83640458E-02   1.83494911E-02   1.78871136E-02   1.61945242E-02   1.68049522E-02   1.67488735E-02   1.68121085E-02   1.69766843E-02   1.63026657E-02   1.62295196E-02   1.68023165E-02   1.61648616E-02   1.62405558E-02   1.65341757E-02   1.58695467E-02   1.61947031E-02   1.55601948E-02   1.61359347E-02   1.51323117E-02   1.65939126E-02   1.58121791E-02   1.58816855E-02   1.72457751E-02   1.52740777E-02   1.54675972E-02   1.63884424E-02   1.48937274E-02   1.50393061E-02   1.43000148E-02   1.30415000E-02   1.45472903E-02   1.04588410E-02   1.14746271E-02   9.17118136E-03   5.59752388E-03   5.07485494E-03   2.50276318E-03  -999.000000       3.68013140E-03  -999.000000       3.50324344E-03  -999.000000      -999.000000      -999.000000      -999.000000      -999.000000      -999.000000      -999.000000      -999.000000      -999.000000      -999.000000      -999.000000      -999.000000      -999.000000      -999.000000      -999.000000      -999.000000      -999.000000      -999.000000      -999.000000      -999.000000      -999.000000      -7.94929937E-02  -7.59106725E-02  -7.21497387E-02  -6.99015111E-02  -6.60497099E-02  -6.30865842E-02  -6.06573820E-02  -5.76026998E-02  -5.44520766E-02  -5.19794114E-02  -4.94135991E-02  -4.72570509E-02  -4.55142558E-02  -4.26196009E-02  -4.02719416E-02  -3.80362757E-02  -3.65443937E-02  -3.43899094E-02  -3.23115624E-02  -3.09902467E-02  -2.88313888E-02  -2.66599208E-02  -2.50035152E-02  -2.33952142E-02  -2.29561478E-02  -2.15811618E-02  -2.02763528E-02  -1.88559145E-02  -1.74651667E-02  -1.60376430E-02  -1.46066695E-02  -1.29350200E-02  -1.17928907E-02  -1.04778185E-02  -8.77603889E-03  -7.74309784E-03  -6.45741075E-03  -5.27434796E-03  -4.06950712E-03  -2.58048624E-03  -1.80808455E-03  -7.25723803E-04   1.98662281E-04   1.42706186E-03   2.37461925E-03   3.94222140E-03   4.21914458E-03   4.83597815E-03   5.55533916E-03   5.97722828E-03   6.97102398E-03   6.86025620E-03   6.45735115E-03   6.19648397E-03   6.54998422E-03   5.01701236E-03   4.73262370E-03   2.85018235E-03   2.71916389E-04  -1.97540224E-03  -5.87934256E-03  -7.84232467E-03  -1.13508478E-02  -1.34859085E-02  -1.34411603E-02  -1.30528659E-02
        1038   19.7609997     10:32:54.139   5.15883230E-02   4.87567633E-02   4.12528105E-02   4.69501093E-02   4.36430648E-02   4.35391888E-02   4.23944704E-02   4.40624803E-02   3.96466888E-02   3.87271978E-02   3.64789888E-02   3.73756401E-02   3.26171480E-02   3.28371935E-02   3.25191729E-02   3.07964236E-02   3.02408598E-02   2.92199664E-02   2.92584300E-02   2.75871605E-02   2.81441957E-02   2.63826847E-02   2.70492900E-02   2.55533028E-02   2.58802343E-02   2.47282851E-02   2.45309062E-02   2.53690053E-02   2.29706690E-02   2.32887417E-02   2.37673260E-02   2.26748604E-02   2.29659844E-02   2.26326026E-02   2.22991686E-02   2.21159682E-02   2.23180652E-02   2.13537067E-02   2.14183629E-02   2.14543715E-02   2.06849147E-02   2.05364991E-02   1.99617855E-02   2.02572700E-02   1.98000818E-02   2.02098936E-02   1.92142613E-02   1.89698040E-02   1.90275405E-02   1.74550638E-02   1.73455663E-02   1.69194657E-02   1.69126410E-02   1.73171125E-02   1.70429926E-02   1.66997481E-02   1.66924559E-02   1.72949340E-02   1.61805693E-02   1.63841583E-02   1.61695257E-02   1.55347055E-02   1.54802455E-02   1.60760172E-02   1.60024017E-02   1.61139835E-02   1.65521950E-02   1.58516578E-02   1.57657191E-02   1.57840215E-02   1.50175625E-02   1.59284510E-02   1.42538380E-02   1.52995689E-02   1.51304863E-02   1.31222866E-02   1.21685285E-02   1.11805890E-02   8.89697019E-03   8.46434757E-03   6.26154523E-03   3.97996139E-03   3.16904625E-03   4.43958677E-04  -999.000000       7.45238271E-04  -999.000000      -999.000000      -999.000000      -999.000000      -999.000000      -999.000000      -999.000000      -999.000000      -999.000000      -999.000000      -999.000000      -999.000000      -999.000000      -999.000000      -999.000000      -999.000000      -999.000000      -999.000000      -999.000000      -999.000000      -999.000000      -999.000000      -999.000000      -7.75857121E-02  -7.43547827E-02  -7.07665458E-02  -6.85647503E-02  -6.50416091E-02  -6.19223937E-02  -5.88077083E-02  -5.59570864E-02  -5.40844165E-02  -5.04886061E-02  -4.83620577E-02  -4.59692739E-02  -4.38846312E-02  -4.14869711E-02  -3.93213108E-02  -3.72194350E-02  -3.50949317E-02  -3.32366042E-02  -3.19152959E-02  -2.95264237E-02  -2.74049640E-02  -2.56285295E-02  -2.39601918E-02  -2.23310441E-02  -2.10359991E-02  -2.01410986E-02  -1.86905451E-02  -1.78496912E-02  -1.63720846E-02  -1.49410963E-02  -1.33695081E-02  -1.24074668E-02  -1.09125003E-02  -9.76083428E-03  -8.16797465E-03  -7.76236504E-03  -6.06936961E-03  -5.00454754E-03  -3.62554938E-03  -2.61313468E-03  -1.38074160E-03  -9.96299088E-04   4.52123582E-04   1.54965371E-03   2.68720835E-03   3.19410115E-03   4.40087914E-03   4.82024997E-03   5.50213456E-03   5.49598783E-03   5.90530038E-03   5.94251603E-03   5.70185483E-03   5.94560802E-03   5.29303402E-03   4.59912419E-03   2.70725042E-03   4.19788063E-04  -2.41666287E-03  -5.30950725E-03  -8.88164341E-03  -9.16934758E-03  -1.17635429E-02  -1.33882016E-02  -1.04696900E-02
        1039   19.8880005     10:32:54.388   5.26483282E-02   5.22967391E-02   4.43428271E-02   4.91601229E-02   4.66230512E-02   4.61591929E-02   4.32144739E-02   4.36824933E-02   4.08166908E-02   4.03272174E-02   3.74190062E-02   3.68956327E-02   3.40971500E-02   3.26671898E-02   3.25091630E-02   3.18464227E-02   3.05708498E-02   2.96699554E-02   2.91584153E-02   2.93371547E-02   2.77641900E-02   2.69526727E-02   2.71392819E-02   2.61432864E-02   2.59802248E-02   2.61982735E-02   2.52108853E-02   2.45289914E-02   2.45906524E-02   2.36387271E-02   2.36873105E-02   2.34748479E-02   2.22759750E-02   2.29225904E-02   2.20691580E-02   2.25559566E-02   2.17180494E-02   2.15736963E-02   2.11883523E-02   2.13043559E-02   2.07648985E-02   2.05364879E-02   2.03517750E-02   2.04972625E-02   1.96400657E-02   1.91898793E-02   1.92942508E-02   1.85797885E-02   1.80575270E-02   1.75150521E-02   1.71055533E-02   1.69094671E-02   1.65426414E-02   1.67071186E-02   1.65029950E-02   1.60997603E-02   1.64824668E-02   1.64349359E-02   1.62405726E-02   1.57041606E-02   1.56895239E-02   1.63947046E-02   1.53302383E-02   1.60960089E-02   1.54523980E-02   1.57539770E-02   1.63221881E-02   1.54316472E-02   1.64357051E-02   1.64039992E-02   1.60075352E-02   1.59784127E-02   1.57737955E-02   1.46995168E-02   1.43104307E-02   1.36222262E-02   1.26684634E-02   1.16205215E-02   8.72690231E-03   1.06742764E-02   5.71147259E-03   3.94989271E-03   3.18899099E-03  -999.000000      -999.000000       3.66526027E-03   5.61494846E-04  -999.000000      -999.000000      -999.000000      -999.000000      -999.000000      -999.000000      -999.000000      -999.000000      -999.000000      -999.000000      -999.000000      -999.000000      -999.000000      -999.000000      -999.000000      -999.000000      -999.000000      -999.000000      -999.000000      -999.000000      -999.000000      -999.000000      -7.70696476E-02  -7.37787113E-02  -7.00204894E-02  -6.78186789E-02  -6.40655532E-02  -6.11963347E-02  -5.95116541E-02  -5.60110137E-02  -5.32783493E-02  -5.07025346E-02  -4.82959971E-02  -4.64032069E-02  -4.38085571E-02  -4.15909067E-02  -3.88952382E-02  -3.67233567E-02  -3.51188742E-02  -3.33305411E-02  -3.12492251E-02  -2.90303677E-02  -2.72689052E-02  -2.54924670E-02  -2.39441283E-02  -2.32549943E-02  -2.17099525E-02  -2.06950381E-02  -1.88344792E-02  -1.80036351E-02  -1.69360191E-02  -1.52850375E-02  -1.38734430E-02  -1.21713877E-02  -1.08664259E-02  -9.21474397E-03  -7.99190253E-03  -6.61628693E-03  -5.92327863E-03  -4.93848324E-03  -3.56946886E-03  -2.92706490E-03  -1.52466446E-03  -6.40228391E-04   1.68181956E-04   1.18572265E-03   2.60329247E-03   3.49015743E-03   3.83693725E-03   4.76630032E-03   5.15818596E-03   5.47201931E-03   5.35133481E-03   5.74854016E-03   6.07787073E-03   5.86161762E-03   5.02905250E-03   4.14513052E-03   2.54325569E-03   1.02578849E-03  -1.86067820E-03  -5.85350394E-03  -9.36564803E-03  -1.11633316E-02  -1.32775083E-02  -1.51921362E-02  -1.22035816E-02
        1040   19.9880009     10:32:54.637   6.55482933E-02   4.81767207E-02   4.85827811E-02   5.55500835E-02   4.74430509E-02   4.71391752E-02   4.41044457E-02   4.89324629E-02   4.29766737E-02   4.24171947E-02   4.00789864E-02   4.24156301E-02   3.71471569E-02   3.68471928E-02   3.63391712E-02   3.41564268E-02   3.30408588E-02   3.26999612E-02   3.24584171E-02   3.07671595E-02   3.09141912E-02   2.99826786E-02   2.87392754E-02   2.91432887E-02   2.78002191E-02   2.77282670E-02   2.71908753E-02   2.74889767E-02   2.67406367E-02   2.55087093E-02   2.68772971E-02   2.57648341E-02   2.48659644E-02   2.48625856E-02   2.42791548E-02   2.39459537E-02   2.34880410E-02   2.39036884E-02   2.30883434E-02   2.26743501E-02   2.27749012E-02   2.20964830E-02   2.16017663E-02   1.99472439E-02   1.89300235E-02   1.92698035E-02   1.86741408E-02   1.75996255E-02   1.83473099E-02   1.67047828E-02   1.66152529E-02   1.68891661E-02   1.59323756E-02   1.66469067E-02   1.63628366E-02   1.58296451E-02   1.59623921E-02   1.65649019E-02   1.61005668E-02   1.57641694E-02   1.59695372E-02   1.54147008E-02   1.50002167E-02   1.66059677E-02   1.43023524E-02   1.52639421E-02   1.72621813E-02   1.40216593E-02   1.64657291E-02   1.67240277E-02   1.33275464E-02   1.67184062E-02   1.41337337E-02   1.30793806E-02   1.65801831E-02   1.01818219E-02   1.36878360E-02   1.31196398E-02   5.42572141E-03   1.18626878E-02   6.80945721E-03   1.57733541E-03   5.11584524E-03  -999.000000       2.92396778E-03   1.71121233E-03  -999.000000      -999.000000      -999.000000      -999.000000      -999.000000      -999.000000      -999.000000      -999.000000      -999.000000      -999.000000      -999.000000      -999.000000      -999.000000      -999.000000      -999.000000      -999.000000      -999.000000      -999.000000      -999.000000      -999.000000      -999.000000      -999.000000      -8.12704414E-02  -7.84081221E-02  -7.42371902E-02  -7.09789693E-02  -6.84771538E-02  -6.47040233E-02  -6.26748130E-02  -5.94801307E-02  -5.65695018E-02  -5.42468466E-02  -5.15910275E-02  -4.95044887E-02  -4.73516993E-02  -4.44070362E-02  -4.19393852E-02  -3.98737229E-02  -3.77818458E-02  -3.58273499E-02  -3.42690125E-02  -3.22476998E-02  -3.03888395E-02  -2.83373706E-02  -2.59709507E-02  -2.41926312E-02  -2.32235380E-02  -2.18085125E-02  -2.05436647E-02  -1.91431642E-02  -1.82223693E-02  -1.68747902E-02  -1.56938061E-02  -1.42521858E-02  -1.27000809E-02  -1.05450675E-02  -9.25333798E-03  -8.60044360E-03  -7.12479651E-03  -6.19177520E-03  -5.11695445E-03  -3.75793129E-03  -3.06553394E-03  -1.62316114E-03  -8.28750432E-04   1.09650195E-04   1.07720494E-03   2.03478336E-03   2.94168293E-03   3.45849246E-03   4.58785146E-03   5.29973209E-03   4.72355634E-03   6.00281358E-03   5.90996444E-03   5.39918989E-03   5.45279682E-03   5.10004163E-03   3.92587483E-03   3.50371748E-03   3.85850668E-04  -2.22104043E-03  -5.59441000E-03  -9.34697688E-03  -1.23050585E-02  -1.20296553E-02  -1.32145733E-02  -1.29061341E-02
        1041   20.0830002     10:32:54.885   7.53282905E-02   4.63467501E-02   4.63628136E-02   5.95400818E-02   4.87630591E-02   4.84491996E-02   4.63244542E-02   5.34524657E-02   4.33866940E-02   4.42472063E-02   4.02690060E-02   4.44156304E-02   3.70271392E-02   3.69871892E-02   3.84891666E-02   3.51064317E-02   3.42508592E-02   3.36499549E-02   3.42784151E-02   3.08471490E-02   3.11841853E-02   3.07426807E-02   2.96092816E-02   2.91332919E-02   2.92802192E-02   2.87082661E-02   2.76608821E-02   2.80489810E-02   2.72806454E-02   2.61087175E-02   2.72873007E-02   2.53648404E-02   2.53859665E-02   2.56825835E-02   2.53991503E-02   2.48359498E-02   2.38580462E-02   2.43536904E-02   2.34683473E-02   2.28943527E-02   2.31649019E-02   2.16964837E-02   2.27017663E-02   1.94572471E-02   1.87700354E-02   2.04498284E-02   1.84441768E-02   1.82796773E-02   1.81973781E-02   1.63548663E-02   1.72753483E-02   1.71792638E-02   1.66324675E-02   1.76569764E-02   1.66928917E-02   1.70296803E-02   1.73224173E-02   1.66949164E-02   1.61205698E-02   1.59241688E-02   1.70895308E-02   1.57147031E-02   1.64002217E-02   1.61759816E-02   1.43823680E-02   1.74039565E-02   1.53821828E-02   1.49216559E-02   1.80957224E-02   1.45340171E-02   1.58475451E-02   1.71384104E-02   1.40737547E-02   1.63794272E-02   1.55802667E-02   1.17919557E-02   1.59780439E-02   8.43993202E-03   9.49611329E-03   1.17532145E-02   3.56012583E-03   7.30818184E-03   5.74688520E-03  -999.000000       2.34524161E-03   5.92551893E-04   2.95877317E-03  -999.000000      -999.000000      -999.000000      -999.000000      -999.000000      -999.000000      -999.000000      -999.000000      -999.000000      -999.000000      -999.000000      -999.000000      -999.000000      -999.000000      -999.000000      -999.000000      -999.000000      -999.000000      -999.000000      -999.000000      -999.000000      -8.13949481E-02  -7.70826265E-02  -7.43516907E-02  -7.15134665E-02  -6.78516552E-02  -6.56585246E-02  -6.29593134E-02  -5.94746321E-02  -5.70140071E-02  -5.42313382E-02  -5.15955165E-02  -4.97889854E-02  -4.69161868E-02  -4.47515398E-02  -4.27638851E-02  -4.02982160E-02  -3.82063389E-02  -3.64918560E-02  -3.37135196E-02  -3.25521976E-02  -3.05833519E-02  -2.83018835E-02  -2.63454504E-02  -2.45671235E-02  -2.35480107E-02  -2.17529945E-02  -2.05581076E-02  -1.98276043E-02  -1.84767693E-02  -1.69291869E-02  -1.55682117E-02  -1.38965994E-02  -1.26745179E-02  -1.09095126E-02  -9.76780057E-03  -8.35493207E-03  -7.30929524E-03  -6.07626140E-03  -4.91144508E-03  -3.57244164E-03  -2.89003551E-03  -1.94764882E-03  -4.63232398E-04   2.05174088E-04   1.51271373E-03   2.98029184E-03   3.50718945E-03   4.49398905E-03   4.95334715E-03   5.48522174E-03   5.79905510E-03   6.11831993E-03   6.72550499E-03   5.72475046E-03   6.87840581E-03   4.55570966E-03   3.56163085E-03   2.86957622E-03  -1.88171864E-04  -2.03491747E-03  -4.20812517E-03  -9.43052769E-03  -1.10084713E-02  -1.34829432E-02  -1.45877749E-02  -1.26392841E-02
        1042   20.1800003     10:32:55.139   5.61382398E-02   4.45167273E-02   5.02027534E-02   4.85700667E-02   4.55630235E-02   4.41991724E-02   4.50944304E-02   4.50524613E-02   4.07766625E-02   4.09871861E-02   3.89490016E-02   3.84656340E-02   3.42871472E-02   3.67271937E-02   3.41291651E-02   3.26864310E-02   3.15908603E-02   3.16699632E-02   2.96084173E-02   2.92871576E-02   2.91541815E-02   2.82826759E-02   2.75992695E-02   2.72932742E-02   2.69302074E-02   2.60882545E-02   2.64308657E-02   2.62089670E-02   2.41306182E-02   2.58686915E-02   2.50072759E-02   2.37748139E-02   2.45759431E-02   2.35225707E-02   2.33291406E-02   2.26159394E-02   2.32780352E-02   2.26336718E-02   2.16383412E-02   2.19843462E-02   2.11448967E-02   2.13964805E-02   2.06617527E-02   2.13572197E-02   2.12999787E-02   2.10697260E-02   2.09140182E-02   1.97294615E-02   1.96370874E-02   1.92945041E-02   1.82149410E-02   1.89088695E-02   1.85021162E-02   1.80966966E-02   1.78126805E-02   1.79095324E-02   1.77523270E-02   1.73848681E-02   1.74605604E-02   1.73141807E-02   1.73195451E-02   1.69946961E-02   1.69801898E-02   1.63359251E-02   1.64323039E-02   1.69439074E-02   1.73221696E-02   1.63416713E-02   1.69457477E-02   1.60140395E-02   1.62575506E-02   1.67483855E-02   1.49536552E-02   1.51092252E-02   1.39399190E-02   1.29313963E-02   1.34871807E-02   1.01087261E-02   9.98451002E-03   7.63106346E-03   7.14740390E-03   4.56473790E-03   5.92660625E-04  -999.000000       2.16010213E-03   1.83714763E-03   3.35229561E-06  -999.000000      -999.000000      -999.000000      -999.000000      -999.000000      -999.000000      -999.000000      -999.000000      -999.000000      -999.000000      -999.000000      -999.000000      -999.000000      -999.000000      -999.000000      -999.000000      -999.000000      -999.000000      -999.000000      -999.000000      -999.000000      -8.11088830E-02  -7.70865604E-02  -7.42956400E-02  -7.10874125E-02  -6.75956011E-02  -6.41724840E-02  -6.17832765E-02  -5.86685911E-02  -5.63679785E-02  -5.39853126E-02  -5.04194796E-02  -4.82329354E-02  -4.63601463E-02  -4.37054895E-02  -4.17178273E-02  -3.92421633E-02  -3.69702950E-02  -3.50157991E-02  -3.35674621E-02  -3.15961391E-02  -2.93772817E-02  -2.76858248E-02  -2.53694169E-02  -2.40111127E-02  -2.24820413E-02  -2.08970718E-02  -2.03322507E-02  -1.90018192E-02  -1.75310597E-02  -1.64535493E-02  -1.50625631E-02  -1.37508959E-02  -1.16087571E-02  -1.10036805E-02  -9.45191085E-03  -8.14896077E-03  -6.84328377E-03  -5.88022172E-03  -4.45538014E-03  -3.41635942E-03  -2.35397369E-03  -9.01624560E-04  -3.47234309E-04   1.30116940E-03   2.36872584E-03   2.88633257E-03   3.73324752E-03   4.14007157E-03   5.44943660E-03   6.11129403E-03   6.23508543E-03   6.49431348E-03   6.52138889E-03   6.82051480E-03   6.42399490E-03   6.00101799E-03   5.66663593E-03   2.34419107E-03   1.28591061E-03  -2.63141096E-03  -6.66534901E-03  -7.55833089E-03  -1.16368011E-02  -1.37718469E-02  -1.36970282E-02  -1.20286867E-02
        1043   20.2759991     10:32:55.388   5.96181862E-02   4.49866503E-02   4.38927114E-02   4.83500287E-02   4.48830016E-02   4.34891768E-02   4.15244065E-02   4.36524563E-02   4.00466882E-02   3.68372165E-02   3.55789959E-02   3.64256613E-02   3.25271599E-02   3.12972032E-02   3.16391848E-02   2.98564546E-02   2.84108780E-02   2.80799698E-02   2.75684297E-02   2.59171594E-02   2.65541859E-02   2.57426817E-02   2.49192640E-02   2.46032681E-02   2.49202028E-02   2.41682474E-02   2.29108445E-02   2.30389368E-02   2.19805893E-02   2.20086481E-02   2.17972361E-02   2.11847741E-02   2.20559239E-02   2.15825569E-02   2.08891183E-02   2.10759323E-02   2.05280241E-02   2.03736648E-02   2.02783402E-02   2.02243440E-02   2.00649016E-02   1.99964847E-02   1.92517452E-02   2.19171830E-02   2.11398937E-02   2.02895701E-02   2.08437666E-02   1.97290964E-02   1.99365877E-02   1.99538674E-02   1.86542291E-02   1.92681737E-02   1.88714936E-02   1.93261988E-02   1.91722978E-02   1.96392648E-02   1.98821649E-02   1.93147846E-02   1.96505468E-02   1.93441994E-02   1.94595736E-02   1.89746898E-02   1.88901369E-02   1.91458259E-02   1.92622021E-02   1.94038246E-02   1.99121516E-02   2.01116987E-02   1.92058086E-02   1.95341036E-02   1.91475879E-02   1.89683735E-02   2.00035237E-02   1.80789195E-02   1.88593641E-02   1.60904713E-02   1.73157323E-02   1.47966854E-02   1.27317766E-02   1.33873690E-02   1.06327189E-02   8.53878353E-03   7.70532992E-03   5.72895259E-03   3.76112992E-03   6.42767455E-03   5.70381666E-03  -999.000000      -999.000000      -999.000000      -999.000000      -999.000000      -999.000000      -999.000000      -999.000000      -999.000000      -999.000000      -999.000000      -999.000000      -999.000000      -999.000000      -999.000000      -999.000000      -999.000000      -999.000000      -999.000000      -999.000000      -999.000000      -8.12053159E-02  -7.73929954E-02  -7.44320750E-02  -7.11638331E-02  -6.87020421E-02  -6.55889288E-02  -6.26097247E-02  -5.92550710E-02  -5.65744527E-02  -5.43117896E-02  -5.16059622E-02  -4.93594185E-02  -4.68966030E-02  -4.46819477E-02  -4.22942750E-02  -4.05786112E-02  -3.83667350E-02  -3.64822447E-02  -3.38839032E-02  -3.25625762E-02  -3.08837220E-02  -2.83022486E-02  -2.64158770E-02  -2.45176293E-02  -2.35486329E-02  -2.22437307E-02  -2.11390220E-02  -1.96887255E-02  -1.88981146E-02  -1.72306895E-02  -1.56997070E-02  -1.39879733E-02  -1.25257224E-02  -1.18105188E-02  -1.03086457E-02  -8.86558741E-03  -7.52981752E-03  -6.67668134E-03  -5.52179664E-03  -4.33276594E-03  -3.15039605E-03  -2.01810151E-03  -1.05375051E-03  -3.53679061E-05   1.30220503E-03   2.10985541E-03   2.71682441E-03   3.94368172E-03   4.68306988E-03   5.18491864E-03   5.55866212E-03   6.58778846E-03   5.91471791E-03   6.29362464E-03   5.21676987E-03   4.12335247E-03   3.67840379E-03   2.96529382E-03   9.46074724E-04  -2.17226148E-03  -5.41748852E-03  -8.27144086E-03  -1.24008656E-02  -1.29368976E-02  -1.26827732E-02  -1.45446658E-02
        1044   20.3859997     10:32:55.637   4.91580851E-02   4.80565690E-02   4.71926518E-02   4.82000187E-02   4.66329977E-02   4.52691615E-02   4.45043519E-02   4.49924357E-02   4.07666713E-02   4.08571810E-02   3.83090042E-02   3.76156792E-02   3.40671688E-02   3.42072062E-02   3.28591913E-02   3.20064649E-02   3.15208919E-02   3.05399690E-02   2.89684199E-02   2.83871498E-02   2.82141771E-02   2.75226794E-02   2.69292463E-02   2.65232474E-02   2.55601872E-02   2.58882139E-02   2.51908116E-02   2.48988904E-02   2.46705394E-02   2.42385939E-02   2.39271726E-02   2.33047120E-02   2.37358809E-02   2.29225159E-02   2.26590876E-02   2.24658996E-02   2.21579969E-02   2.24036351E-02   2.22583190E-02   2.16043219E-02   2.14648917E-02   2.08464712E-02   2.08217148E-02   1.95471216E-02   1.94097795E-02   1.91193614E-02   1.90634597E-02   1.85786616E-02   1.79059971E-02   1.78831313E-02   1.70334056E-02   1.81773826E-02   1.75207928E-02   1.73156336E-02   1.78418700E-02   1.71589646E-02   1.71519909E-02   1.71546917E-02   1.69105344E-02   1.69042237E-02   1.64996069E-02   1.70446821E-02   1.58300679E-02   1.59757119E-02   1.64720789E-02   1.70837231E-02   1.67821199E-02   1.66617222E-02   1.60658583E-02   1.68041456E-02   1.69575922E-02   1.59183163E-02   1.63633116E-02   1.55485012E-02   1.48486523E-02   1.35393292E-02   1.35439886E-02   1.34642571E-02   1.10085579E-02   9.09305550E-03   6.58726972E-03   5.68188773E-03   4.45688097E-03   2.73971399E-03  -999.000000       4.04689461E-03   3.67302028E-03  -999.000000      -999.000000      -999.000000      -999.000000      -999.000000      -999.000000      -999.000000      -999.000000      -999.000000      -999.000000      -999.000000      -999.000000      -999.000000      -999.000000      -999.000000      -999.000000      -999.000000      -999.000000      -999.000000      -999.000000      -999.000000      -8.08631778E-02  -7.78508708E-02  -7.42999613E-02  -7.07817152E-02  -6.78499192E-02  -6.51368275E-02  -6.21476248E-02  -5.97229674E-02  -5.65223657E-02  -5.38496971E-02  -5.12838811E-02  -4.91273217E-02  -4.65944931E-02  -4.41798344E-02  -4.15121615E-02  -3.98865044E-02  -3.74346301E-02  -3.54901329E-02  -3.36917825E-02  -3.17704380E-02  -2.96115875E-02  -2.78401263E-02  -2.56038010E-02  -2.42355913E-02  -2.27466747E-02  -2.15518624E-02  -2.04472952E-02  -1.98671483E-02  -1.85266770E-02  -1.63693577E-02  -1.53983608E-02  -1.38365477E-02  -1.20241866E-02  -1.10088363E-02  -9.22683626E-03  -8.38364661E-03  -7.01778382E-03  -5.27457893E-03  -4.65963781E-03  -3.19059938E-03  -2.39825249E-03  -1.32600218E-03   1.68278813E-04   5.06646931E-04   2.27423757E-03   3.29194218E-03   3.63895297E-03   4.52586263E-03   5.36525249E-03   5.73707372E-03   6.06075674E-03   6.17975742E-03   6.42652065E-03   6.10514730E-03   5.96792996E-03   5.36397099E-03   4.95839864E-03   2.16452777E-03   7.04236329E-04  -1.95524096E-03  -5.87193668E-03  -8.67703557E-03  -1.16575137E-02  -1.36846378E-02  -1.40112638E-02  -1.11633688E-02
        1045   20.5009995     10:32:55.885   5.71880452E-02   6.04865514E-02   5.73826395E-02   5.74099980E-02   5.62929995E-02   5.52991591E-02   5.52643500E-02   5.27724214E-02   5.18366657E-02   5.01972102E-02   4.63890247E-02   4.47057076E-02   4.26471941E-02   4.18272167E-02   4.00592200E-02   3.88265029E-02   3.78009044E-02   3.68199944E-02   3.54984440E-02   3.50771621E-02   3.45641896E-02   3.34027000E-02   3.32992487E-02   3.22432630E-02   3.13001983E-02   3.13082300E-02   3.02308127E-02   3.01788952E-02   2.98705343E-02   2.92785820E-02   2.86671631E-02   2.85047088E-02   2.77658775E-02   2.77025197E-02   2.67090909E-02   2.68259123E-02   2.62380019E-02   2.59936471E-02   2.56583281E-02   2.53743324E-02   2.52649039E-02   2.48364899E-02   2.47417223E-02   2.61071138E-02   2.60297433E-02   2.56092865E-02   2.50933245E-02   2.49884650E-02   2.43757274E-02   2.38927789E-02   2.34530065E-02   2.33369879E-02   2.32004393E-02   2.34053433E-02   2.30416469E-02   2.29488052E-02   2.28418875E-02   2.30646394E-02   2.25705244E-02   2.26842351E-02   2.29896214E-02   2.20746771E-02   2.18000431E-02   2.24656612E-02   2.18920242E-02   2.18036789E-02   2.28921138E-02   2.17217505E-02   2.20859088E-02   2.32842062E-02   2.08576433E-02   2.23583505E-02   2.18632855E-02   2.17083842E-02   2.20383983E-02   1.91388726E-02   1.91632342E-02   1.78831667E-02   1.57970730E-02   1.67210214E-02   1.52546670E-02   9.01855901E-03   1.09327566E-02   8.63516610E-03   7.06575625E-03   6.97144773E-03   9.19749029E-03  -999.000000      -999.000000      -999.000000      -999.000000      -999.000000      -999.000000      -999.000000      -999.000000      -999.000000      -999.000000      -999.000000      -999.000000      -999.000000      -999.000000      -999.000000      -999.000000      -999.000000      -999.000000      -999.000000      -999.000000      -999.000000      -999.000000      -7.93929026E-02  -7.51620010E-02  -7.17637464E-02  -6.90819621E-02  -6.60088733E-02  -6.34096637E-02  -6.00050241E-02  -5.73944226E-02  -5.48617616E-02  -5.18659316E-02  -4.94893827E-02  -4.72265407E-02  -4.46418896E-02  -4.30942178E-02  -4.03485410E-02  -3.77766676E-02  -3.64721753E-02  -3.45038250E-02  -3.25324684E-02  -3.04936171E-02  -2.84321494E-02  -2.62458473E-02  -2.46976577E-02  -2.32088007E-02  -2.21840255E-02  -2.10795216E-02  -1.96094550E-02  -1.85090527E-02  -1.73517987E-02  -1.54008120E-02  -1.48389712E-02  -1.27165541E-02  -1.15011334E-02  -9.98905301E-03  -8.76580924E-03  -7.57989287E-03  -6.61665201E-03  -5.08167595E-03  -4.22263145E-03  -3.38029116E-03  -2.05807388E-03  -7.53819942E-04   1.44556165E-04   8.22134316E-04   2.47988105E-03   3.39692831E-03   3.93386930E-03   4.08327579E-03   5.52508980E-03   5.77875972E-03   5.66770136E-03   6.23439252E-03   6.07290864E-03   4.99550253E-03   5.53128868E-03   5.01539558E-03   2.75114179E-03   1.40331686E-04  -2.91972607E-03  -4.98715788E-03  -7.83281028E-03  -1.00638717E-02  -1.26515701E-02  -1.37086585E-02  -1.03609413E-02
        1046   20.6159992     10:32:56.138   5.40280677E-02   5.45965582E-02   4.63826172E-02   5.24900034E-02   4.86829802E-02   4.84391488E-02   4.35443595E-02   4.65624295E-02   4.44166921E-02   4.20272015E-02   3.91590074E-02   3.98956984E-02   3.80771793E-02   3.47272120E-02   3.59592028E-02   3.40764858E-02   3.25208977E-02   3.22699808E-02   3.17384452E-02   3.01271584E-02   2.94041857E-02   2.91026980E-02   2.80492622E-02   2.83632725E-02   2.73202080E-02   2.73382291E-02   2.68108249E-02   2.65589040E-02   2.62905415E-02   2.47385893E-02   2.56371796E-02   2.50347164E-02   2.40258873E-02   2.44125295E-02   2.37690993E-02   2.35759132E-02   2.27480046E-02   2.24736538E-02   2.24783346E-02   2.15143394E-02   2.17649043E-02   2.12364886E-02   2.15317328E-02   1.72571242E-02   1.72797702E-02   1.63793303E-02   1.60434023E-02   1.53885717E-02   1.49058746E-02   1.44829610E-02   1.42632117E-02   1.42771872E-02   1.43706193E-02   1.44254854E-02   1.37417577E-02   1.41488807E-02   1.40119335E-02   1.43646644E-02   1.39705269E-02   1.41942287E-02   1.34896170E-02   1.35846809E-02   1.33900587E-02   1.32656908E-02   1.31220538E-02   1.42537029E-02   1.31921209E-02   1.43417455E-02   1.42258964E-02   1.24741923E-02   1.41076371E-02   1.31483562E-02   1.29933292E-02   1.28384754E-02   1.18585629E-02   1.14791412E-02   1.20236557E-02   7.91375898E-03   7.45786168E-03   6.82208594E-03   2.84601562E-03   4.47027013E-03  -999.000000      -999.000000       2.03832495E-03  -999.000000      -999.000000      -999.000000      -999.000000      -999.000000      -999.000000      -999.000000      -999.000000      -999.000000      -999.000000      -999.000000      -999.000000      -999.000000      -999.000000      -999.000000      -999.000000      -999.000000      -999.000000      -999.000000      -999.000000      -999.000000      -999.000000      -999.000000      -999.000000      -7.85999224E-02  -7.56190121E-02  -7.26207569E-02  -6.98289722E-02  -6.62458837E-02  -6.33366704E-02  -6.04820251E-02  -5.79914264E-02  -5.50387651E-02  -5.24129421E-02  -4.97463867E-02  -4.82735522E-02  -4.52688970E-02  -4.30412218E-02  -4.09155525E-02  -3.85636799E-02  -3.66691910E-02  -3.44308354E-02  -3.27394903E-02  -3.09406370E-02  -2.85191722E-02  -2.65128501E-02  -2.47946568E-02  -2.41057612E-02  -2.25409754E-02  -2.11464353E-02  -1.94563419E-02  -1.89858936E-02  -1.69986188E-02  -1.55976191E-02  -1.44358054E-02  -1.27934068E-02  -1.14880204E-02  -1.00759938E-02  -8.71276855E-03  -7.52688199E-03  -5.91364503E-03  -5.46871126E-03  -4.03966010E-03  -2.77731568E-03  -2.05508620E-03  -6.00807369E-04   1.17570162E-04   1.53514743E-03   2.82286853E-03   2.98991799E-03   3.77684087E-03   4.85624373E-03   5.20806015E-03   5.23173809E-03   5.79072535E-03   6.10744953E-03   5.99602610E-03   5.56871295E-03   5.55463880E-03   4.74890321E-03   3.41484696E-03  -6.35713339E-04  -1.55548006E-03  -5.97254187E-03  -8.82793218E-03  -1.11787021E-02  -1.24761015E-02  -1.23130083E-02  -1.33552253E-02
        1047   20.7310009     10:32:56.386   4.56680395E-02   6.27164990E-02   4.27726097E-02   5.19000031E-02   5.04329801E-02   4.90191430E-02   4.54943217E-02   4.50924076E-02   4.66066822E-02   4.21571955E-02   4.05090265E-02   3.78457271E-02   4.03772108E-02   3.58072184E-02   3.59192155E-02   3.59065086E-02   3.47809158E-02   3.38599794E-02   3.32584381E-02   3.22371572E-02   3.11041772E-02   3.20726931E-02   3.11692506E-02   2.99932510E-02   2.97401845E-02   2.92582083E-02   2.99608000E-02   2.84088738E-02   2.90605016E-02   2.81685479E-02   2.74371374E-02   2.83446759E-02   2.74658557E-02   2.69425046E-02   2.71590725E-02   2.66658962E-02   2.63879895E-02   2.59936303E-02   2.59683207E-02   2.52943244E-02   2.47948989E-02   2.55464837E-02   2.54517086E-02   2.87170783E-02   2.77696829E-02   2.83591803E-02   2.76531707E-02   2.66782455E-02   2.74554323E-02   2.61324123E-02   2.58925948E-02   2.57665925E-02   2.49800906E-02   2.57650651E-02   2.54914369E-02   2.42086593E-02   2.51917988E-02   2.47445926E-02   2.45905165E-02   2.37842482E-02   2.42696404E-02   2.35446729E-02   2.25700047E-02   2.39556022E-02   2.23219600E-02   2.36036312E-02   2.44821012E-02   2.26317625E-02   2.43459344E-02   2.26942264E-02   2.10276414E-02   2.36183144E-02   2.06231736E-02   2.11881679E-02   2.15780325E-02   1.76782906E-02   2.01223530E-02   1.76119469E-02   1.28754545E-02   1.62088592E-02   1.00619365E-02   8.39510746E-03   8.97852704E-03   3.62054887E-03   7.52063282E-03   6.12607319E-03   7.16211693E-03  -999.000000      -999.000000      -999.000000      -999.000000      -999.000000      -999.000000      -999.000000      -999.000000      -999.000000      -999.000000      -999.000000      -999.000000      -999.000000      -999.000000      -999.000000      -999.000000      -999.000000      -999.000000      -999.000000      -999.000000      -999.000000      -999.000000      -8.04288164E-02  -7.66379163E-02  -7.33396485E-02  -7.07378760E-02  -6.70047998E-02  -6.46955818E-02  -6.14009500E-02  -5.89903593E-02  -5.63376881E-02  -5.32218702E-02  -5.08653112E-02  -4.89424691E-02  -4.63378057E-02  -4.39901240E-02  -4.15544696E-02  -3.97325866E-02  -3.77380960E-02  -3.55997346E-02  -3.39383930E-02  -3.17795277E-02  -2.92980708E-02  -2.73317769E-02  -2.55336091E-02  -2.44347937E-02  -2.27000676E-02  -2.22656280E-02  -2.04456411E-02  -1.98653191E-02  -1.80181041E-02  -1.63971186E-02  -1.51652321E-02  -1.30727515E-02  -1.17872655E-02  -1.01751238E-02  -9.18180496E-03  -8.26584548E-03  -7.02256709E-03  -5.31757623E-03  -4.41851467E-03  -3.76619399E-03  -2.56400555E-03  -1.69978291E-03  -2.71424651E-04   4.86187637E-04   1.10393763E-03   2.73101777E-03   3.62798572E-03   4.53738868E-03   4.61918861E-03   5.04282117E-03   5.47172129E-03   5.95828891E-03   6.07668608E-03   5.96910715E-03   5.47461957E-03   4.41841036E-03   2.76378542E-03   1.82241946E-03  -3.57821584E-03  -5.42639196E-03  -7.65260309E-03  -1.10141635E-02  -1.04523897E-02  -1.27198473E-02  -1.07422546E-02
        1048   20.8430004     10:32:56.635   5.08980267E-02   4.44864631E-02   4.81125750E-02   4.57799658E-02   4.41629551E-02   4.33791392E-02   4.38443050E-02   4.19324040E-02   4.13566753E-02   3.88371870E-02   3.80690210E-02   3.60857248E-02   3.38572115E-02   3.40272151E-02   3.16192210E-02   3.06964982E-02   2.96909064E-02   2.93999892E-02   2.79884487E-02   2.79371571E-02   2.70941854E-02   2.66627073E-02   2.69392412E-02   2.54432540E-02   2.51901876E-02   2.49282084E-02   2.52007898E-02   2.43488662E-02   2.32304931E-02   2.36285385E-02   2.34371237E-02   2.29146574E-02   2.32758429E-02   2.23224983E-02   2.22990606E-02   2.14358885E-02   2.16379855E-02   2.14236267E-02   2.12583132E-02   2.15343200E-02   2.08448991E-02   2.02164799E-02   2.01117005E-02   2.30270643E-02   2.24796552E-02   2.28691287E-02   2.20030975E-02   2.12581363E-02   2.15152875E-02   2.03422271E-02   2.04723906E-02   2.12463997E-02   2.03399118E-02   2.03649197E-02   2.05213297E-02   1.99385844E-02   2.04317514E-02   2.03245673E-02   2.02905126E-02   2.00242549E-02   1.98296458E-02   2.02246718E-02   1.95299890E-02   1.97055731E-02   1.90019310E-02   2.05836073E-02   2.05120947E-02   1.99317690E-02   2.12859474E-02   2.00042427E-02   2.02376489E-02   2.10383106E-02   1.97431315E-02   1.94180757E-02   1.98578723E-02   1.76580213E-02   1.78219322E-02   1.77913532E-02   1.35946665E-02   1.41277965E-02   1.16705885E-02   9.01339762E-03   1.02864224E-02   5.70825255E-03   5.80806751E-03   8.35336465E-03   4.01939591E-03  -999.000000      -999.000000      -999.000000      -999.000000      -999.000000      -999.000000      -999.000000      -999.000000      -999.000000      -999.000000      -999.000000      -999.000000      -999.000000      -999.000000      -999.000000      -999.000000      -999.000000      -999.000000      -999.000000      -999.000000      -999.000000      -999.000000      -999.000000      -7.64448866E-02  -7.34466389E-02  -7.00248554E-02  -6.73017874E-02  -6.35225698E-02  -6.10579550E-02  -5.77573478E-02  -5.57046831E-02  -5.30088693E-02  -5.03823012E-02  -4.78794537E-02  -4.57348041E-02  -4.36471179E-02  -4.10014465E-02  -3.92795652E-02  -3.68150771E-02  -3.51567231E-02  -3.32653672E-02  -3.14565152E-02  -2.92750485E-02  -2.53687687E-02  -2.40506083E-02  -2.28318125E-02  -2.14271136E-02  -2.03027055E-02  -1.88627727E-02  -1.76324807E-02  -1.67152882E-02  -1.49943009E-02  -1.35924071E-02  -1.20298862E-02  -1.09543577E-02  -9.55218822E-03  -8.12883675E-03  -7.02286512E-03  -5.77956438E-03  -5.09456545E-03  -3.53549421E-03  -2.57317722E-03  -1.59099698E-03  -7.36795366E-04   4.11570072E-04   1.28918141E-03   2.17694789E-03   3.14404815E-03   3.86101007E-03   4.63042408E-03   5.08221984E-03   5.70583344E-03   5.84471226E-03   6.14124537E-03   5.70956618E-03   5.71188331E-03   6.05727732E-03   4.15090472E-03   2.38609314E-03   7.34463334E-04  -2.08646059E-03  -5.18500060E-03  -7.81150907E-03  -1.16033182E-02  -1.17218569E-02  -1.26895010E-02  -1.20919645E-02
        1049   20.9549999     10:32:56.883   5.54279797E-02   6.03064932E-02   5.37925996E-02   5.57899699E-02   5.44829629E-02   5.29691391E-02   5.21643125E-02   5.03724255E-02   5.01666926E-02   4.76072095E-02   4.57390100E-02   4.44757380E-02   4.25672121E-02   4.10572141E-02   4.02292199E-02   3.84565070E-02   3.74209173E-02   3.70499939E-02   3.55584510E-02   3.54371555E-02   3.45541872E-02   3.38626988E-02   3.33692469E-02   3.29132564E-02   3.12801935E-02   3.16882059E-02   3.08007915E-02   3.11988667E-02   3.00504994E-02   2.87485439E-02   2.94871256E-02   2.83346605E-02   2.83658523E-02   2.82925032E-02   2.75990646E-02   2.75658946E-02   2.72079837E-02   2.65236273E-02   2.59683225E-02   2.59843245E-02   2.54249014E-02   2.52264868E-02   2.45817117E-02   2.04170719E-02   2.02696621E-02   2.00591329E-02   1.94531046E-02   1.84381418E-02   1.83652919E-02   1.80422291E-02   1.73423961E-02   1.80463977E-02   1.71899162E-02   1.74149200E-02   1.70013215E-02   1.68485809E-02   1.67017542E-02   1.69845670E-02   1.69305112E-02   1.66542549E-02   1.67396478E-02   1.65246706E-02   1.59899928E-02   1.58555768E-02   1.63419303E-02   1.60136092E-02   1.69220977E-02   1.66317727E-02   1.62559543E-02   1.67642497E-02   1.58476606E-02   1.63683202E-02   1.61531474E-02   1.47880912E-02   1.46778896E-02   1.35280434E-02   1.32219549E-02   1.18813775E-02   8.63469020E-03   9.70781967E-03   7.14061595E-03   2.71342322E-03   3.81644140E-03   6.88268337E-04   1.54807023E-03   1.25335599E-03   1.25937304E-03  -999.000000      -999.000000      -999.000000      -999.000000      -999.000000      -999.000000      -999.000000      -999.000000      -999.000000      -999.000000      -999.000000      -999.000000      -999.000000      -999.000000      -999.000000      -999.000000      -999.000000      -999.000000      -999.000000      -999.000000      -999.000000      -999.000000      -999.000000      -7.75649101E-02  -7.39866495E-02  -7.10448772E-02  -6.73418045E-02  -6.50125891E-02  -6.19579628E-02  -5.91173694E-02  -5.63446954E-02  -5.38688824E-02  -5.15723154E-02  -4.91894670E-02  -4.68548127E-02  -4.44371291E-02  -4.22414690E-02  -3.99295911E-02  -3.78750935E-02  -3.56867351E-02  -3.40753868E-02  -3.20265368E-02  -3.03050689E-02  -2.76487842E-02  -2.61406377E-02  -2.50618383E-02  -2.34171376E-02  -2.16927230E-02  -2.08927765E-02  -1.94224864E-02  -1.77453049E-02  -1.64643228E-02  -1.53924227E-02  -1.35499090E-02  -1.22143701E-02  -1.06222034E-02  -9.61886346E-03  -8.28287750E-03  -7.15956837E-03  -6.04458898E-03  -4.48550284E-03  -3.24320048E-03  -2.41101533E-03  -1.71680748E-03  -2.84537673E-05   6.49146736E-04   1.99693441E-03   3.07403505E-03   3.85100394E-03   4.57041711E-03   5.13221323E-03   5.07583469E-03   5.87470829E-03   6.11124188E-03   5.80957532E-03   6.67189062E-03   5.24728000E-03   3.68090719E-03   2.97609717E-03   5.44637442E-05  -1.89645588E-03  -4.81498986E-03  -1.01314858E-02  -1.00933164E-02  -1.20718554E-02  -1.30494982E-02  -1.12619922E-02
        1050   21.0739994     10:32:57.145   5.57779782E-02   5.42165078E-02   5.63826039E-02   5.34599684E-02   5.21929562E-02   5.15991300E-02   5.12143038E-02   4.90124300E-02   4.82066832E-02   4.59872149E-02   4.52290326E-02   4.23957184E-02   4.00072262E-02   4.11772169E-02   3.88092324E-02   3.80365215E-02   3.68209258E-02   3.62599976E-02   3.52984443E-02   3.42271551E-02   3.37941870E-02   3.31927016E-02   3.31792459E-02   3.19332555E-02   3.16801891E-02   3.12982090E-02   3.05107962E-02   3.07388715E-02   2.94205043E-02   2.97085475E-02   2.85071321E-02   2.82546673E-02   2.87558567E-02   2.77725011E-02   2.77490709E-02   2.67358962E-02   2.73579899E-02   2.63636373E-02   2.61083227E-02   2.59043314E-02   2.58049071E-02   2.54664887E-02   2.48917118E-02   2.59570740E-02   2.48496644E-02   2.42091417E-02   2.44031046E-02   2.37681512E-02   2.31752954E-02   2.32322365E-02   2.15223972E-02   2.19363943E-02   2.16099136E-02   2.14249175E-02   2.16813236E-02   2.08285786E-02   2.07917485E-02   2.13345662E-02   2.10905094E-02   2.05142517E-02   1.99896470E-02   2.01246720E-02   2.01099943E-02   1.94355790E-02   1.97519325E-02   1.93636063E-02   1.98320989E-02   2.07417775E-02   1.86859593E-02   2.03242544E-02   1.92376692E-02   1.94983315E-02   1.95931606E-02   1.67981088E-02   1.88579094E-02   1.70680638E-02   1.47319771E-02   1.54114012E-02   1.17147127E-02   1.19178435E-02   1.01206368E-02   5.08344546E-03   4.47646342E-03   4.95827897E-03   2.21807673E-03   2.22335034E-03   8.26935098E-03  -999.000000      -999.000000      -999.000000      -999.000000      -999.000000      -999.000000      -999.000000      -999.000000      -999.000000      -999.000000      -999.000000      -999.000000      -999.000000      -999.000000      -999.000000      -999.000000      -999.000000      -999.000000      -999.000000      -999.000000      -999.000000      -999.000000      -999.000000      -7.77809396E-02  -7.41226748E-02  -7.11609051E-02  -6.80178404E-02  -6.52886182E-02  -6.25139922E-02  -5.92833906E-02  -5.66207319E-02  -5.38049079E-02  -5.13283461E-02  -4.96954918E-02  -4.70008366E-02  -4.47431616E-02  -4.27574888E-02  -4.04056162E-02  -3.83011252E-02  -3.65127586E-02  -3.45414132E-02  -3.27225626E-02  -3.06410976E-02  -2.72748023E-02  -2.59566605E-02  -2.44178623E-02  -2.28931606E-02  -2.18687430E-02  -2.03688145E-02  -1.90585181E-02  -1.78813338E-02  -1.67003497E-02  -1.47884563E-02  -1.32159442E-02  -1.25604123E-02  -1.02682412E-02  -9.16489959E-03  -7.91890919E-03  -7.00560957E-03  -5.81061840E-03  -4.33153659E-03  -3.07922065E-03  -1.94705278E-03  -1.28283352E-03  -4.47034836E-06   1.23313069E-03   1.89090520E-03   3.17799300E-03   3.69496644E-03   4.76439297E-03   5.34619391E-03   5.61981648E-03   5.61867654E-03   6.72522187E-03   5.50355762E-03   6.25588745E-03   4.92126495E-03   4.58489358E-03   2.64009088E-03  -3.15308571E-05  -2.55246460E-03  -4.64098901E-03  -9.26750153E-03  -1.04393438E-02  -1.24478713E-02  -1.46455467E-02  -1.16080344E-02
        1051   21.1860008     10:32:57.394   5.75180165E-02   5.87164797E-02   4.79625538E-02   4.98799942E-02   5.02429605E-02   4.94691283E-02   4.37943302E-02   4.63524237E-02   4.53366898E-02   4.27871905E-02   3.98390144E-02   3.90657261E-02   3.93472239E-02   3.42572220E-02   3.60392258E-02   3.53065096E-02   3.39109227E-02   3.17999944E-02   3.25384513E-02   3.13171670E-02   3.03541943E-02   2.99527142E-02   2.96192542E-02   2.97232624E-02   2.89801881E-02   2.83082109E-02   2.83407997E-02   2.66388692E-02   2.78105009E-02   2.65485477E-02   2.67871283E-02   2.66146678E-02   2.53258552E-02   2.55225077E-02   2.54690740E-02   2.50458959E-02   2.45979894E-02   2.45636366E-02   2.38383245E-02   2.32043304E-02   2.43349075E-02   2.31964905E-02   2.27817148E-02   2.33470760E-02   2.26396658E-02   2.23291442E-02   2.16931049E-02   2.15581525E-02   2.07653008E-02   2.10722350E-02   1.98823940E-02   2.04163976E-02   2.05999129E-02   2.00949144E-02   2.04413235E-02   2.01185793E-02   2.00917479E-02   1.99645683E-02   1.98105108E-02   2.00242531E-02   1.97296478E-02   1.91946719E-02   1.87399928E-02   1.88155789E-02   1.91919319E-02   1.92736071E-02   1.90620963E-02   1.98917780E-02   1.89159587E-02   2.00042557E-02   1.86076704E-02   1.81783307E-02   1.89831592E-02   1.83481090E-02   1.67679079E-02   1.67980641E-02   1.57919750E-02   1.53214000E-02   1.42347123E-02   1.07978424E-02   9.02063679E-03   8.49344581E-03   4.45646606E-03   5.75827761E-03   2.69808038E-03   2.92334729E-03   8.07935372E-03  -999.000000      -999.000000      -999.000000      -999.000000      -999.000000      -999.000000      -999.000000      -999.000000      -999.000000      -999.000000      -999.000000      -999.000000      -999.000000      -999.000000      -999.000000      -999.000000      -999.000000      -999.000000      -999.000000      -999.000000      -999.000000      -999.000000      -999.000000      -7.87669420E-02  -7.57886767E-02  -7.27369040E-02  -6.92738369E-02  -6.59646243E-02  -6.30000010E-02  -6.00994006E-02  -5.78767285E-02  -5.48709147E-02  -5.20743355E-02  -4.98415008E-02  -4.74968441E-02  -4.56691571E-02  -4.31534946E-02  -4.15116176E-02  -3.87471244E-02  -3.70987542E-02  -3.47274169E-02  -3.28085646E-02  -3.08470987E-02  -2.80208066E-02  -2.64426544E-02  -2.53138617E-02  -2.40391567E-02  -2.26947516E-02  -2.12648138E-02  -1.99745148E-02  -1.86973438E-02  -1.70663446E-02  -1.57844573E-02  -1.44219473E-02  -1.27064064E-02  -1.10242441E-02  -1.02309063E-02  -9.01491195E-03  -7.37160444E-03  -6.52661175E-03  -5.15754521E-03  -4.01522964E-03  -2.66304612E-03  -1.77882612E-03  -7.80470669E-04   6.77116215E-04   2.39491463E-03   3.12200189E-03   3.27896327E-03   4.24838811E-03   4.20018286E-03   5.12380898E-03   5.26268035E-03   5.93922287E-03   5.69754839E-03   6.11987710E-03   5.62526286E-03   3.02889198E-03   3.07409465E-03   4.52466309E-04  -1.98846310E-03  -4.56699729E-03  -8.46350193E-03  -1.23253390E-02  -1.15638822E-02  -1.46415606E-02  -1.46640316E-02
        1052   21.2900009     10:32:57.643   6.27979711E-02   6.86964989E-02   5.51425852E-02   6.05099425E-02   5.87029718E-02   5.68491332E-02   5.16043231E-02   5.52824140E-02   5.03866896E-02   4.87672016E-02   4.54690270E-02   4.58457172E-02   4.39371914E-02   4.13572155E-02   4.11092192E-02   3.95265110E-02   3.90809178E-02   3.72299813E-02   3.76484394E-02   3.50471586E-02   3.49941850E-02   3.46127003E-02   3.47392410E-02   3.35832536E-02   3.35501879E-02   3.28482054E-02   3.24207880E-02   3.18488665E-02   3.13904956E-02   3.09085380E-02   3.01371254E-02   3.03846616E-02   2.93658432E-02   2.93424949E-02   2.91490648E-02   2.88858879E-02   2.81679798E-02   2.77136303E-02   2.77083106E-02   2.71343254E-02   2.65048966E-02   2.63964832E-02   2.65417006E-02   2.66670678E-02   2.67396588E-02   2.57691331E-02   2.60230955E-02   2.50781383E-02   2.46852860E-02   2.43622288E-02   2.42523905E-02   2.35863961E-02   2.42599156E-02   2.36149188E-02   2.33513284E-02   2.33785808E-02   2.28717532E-02   2.32845675E-02   2.33405121E-02   2.29742564E-02   2.25896463E-02   2.23146714E-02   2.27699894E-02   2.08655726E-02   2.24119276E-02   2.18736045E-02   2.20520925E-02   2.29217689E-02   2.23559476E-02   2.12542415E-02   2.24176515E-02   2.07583103E-02   2.08131317E-02   2.16380768E-02   1.85778700E-02   1.97480209E-02   1.72219332E-02   1.55013558E-02   1.82346664E-02   1.21877957E-02   9.86058917E-03   1.18633974E-02   5.73641993E-03   5.19824540E-03   8.09806306E-03   2.22336664E-03   8.26939382E-03  -999.000000      -999.000000      -999.000000      -999.000000      -999.000000      -999.000000      -999.000000      -999.000000      -999.000000      -999.000000      -999.000000      -999.000000      -999.000000      -999.000000      -999.000000      -999.000000      -999.000000      -999.000000      -999.000000      -999.000000      -999.000000      -999.000000      -999.000000      -7.90569037E-02  -7.57286400E-02  -7.21868724E-02  -6.92037940E-02  -6.63645864E-02  -6.31899610E-02  -6.09793589E-02  -5.75267002E-02  -5.51308766E-02  -5.27743027E-02  -4.97014560E-02  -4.81268056E-02  -4.58291173E-02  -4.33434546E-02  -4.13715765E-02  -3.96870896E-02  -3.70487310E-02  -3.53273824E-02  -3.34085301E-02  -3.08570527E-02  -2.74307691E-02  -2.55726203E-02  -2.45238319E-02  -2.32191347E-02  -2.19547153E-02  -2.06147842E-02  -1.95744820E-02  -1.81773081E-02  -1.68863088E-02  -1.52144060E-02  -1.34618953E-02  -1.25463605E-02  -1.05942041E-02  -9.02085751E-03  -8.24487209E-03  -6.98157400E-03  -5.34656644E-03  -4.32749838E-03  -2.88518518E-03  -2.32300907E-03  -1.10879540E-03   4.19564545E-04   1.13716722E-03   2.47494876E-03   3.56203318E-03   3.79899889E-03   4.49842215E-03   4.99021262E-03   5.88382035E-03   5.28270751E-03   6.51923567E-03   6.18755817E-03   6.11988455E-03   5.08526713E-03   4.43889201E-03   1.87408179E-03   8.22462142E-04  -1.42846256E-03  -5.70701063E-03  -5.96351922E-03  -1.04553252E-02  -1.32938623E-02  -1.25414953E-02  -1.17439702E-02
        1053   21.3910007     10:32:57.891   6.55880198E-02   5.98164909E-02   5.04025966E-02   5.61299622E-02   5.36229648E-02   5.18191345E-02   4.85143065E-02   5.10324351E-02   4.69166897E-02   4.60371934E-02   4.30290252E-02   4.34357263E-02   4.04772051E-02   3.98072191E-02   3.94492187E-02   3.82365063E-02   3.67509164E-02   3.59399952E-02   3.51284519E-02   3.39671597E-02   3.38141844E-02   3.34027037E-02   3.20292488E-02   3.16532627E-02   3.16001996E-02   3.10182143E-02   3.04308012E-02   3.03588733E-02   2.96005085E-02   2.83285510E-02   2.94971354E-02   2.85046790E-02   2.76058558E-02   2.74625067E-02   2.71590762E-02   2.68158969E-02   2.69179922E-02   2.65136361E-02   2.54983231E-02   2.59843301E-02   2.48649046E-02   2.49864925E-02   2.44217180E-02   2.42070816E-02   2.45296825E-02   2.39691660E-02   2.40031425E-02   2.31582019E-02   2.23453715E-02   2.16923244E-02   2.15724967E-02   2.17764936E-02   2.14599986E-02   2.15449873E-02   2.14713756E-02   2.07486153E-02   2.07717717E-02   2.11845785E-02   2.04205122E-02   2.04342529E-02   2.07096450E-02   1.99346729E-02   1.96100008E-02   2.00055931E-02   1.98819488E-02   1.99336205E-02   2.02720985E-02   1.98217724E-02   2.11959518E-02   1.94142479E-02   1.91176664E-02   2.11983360E-02   1.87431797E-02   1.88381542E-02   1.79379880E-02   1.63881984E-02   1.75421834E-02   1.49616934E-02   1.22551043E-02   1.37483701E-02   8.17130506E-03   8.44429154E-03   6.38750615E-03   1.38942199E-03   7.23934826E-03   3.05468938E-03   6.42069941E-03  -999.000000      -999.000000      -999.000000      -999.000000      -999.000000      -999.000000      -999.000000      -999.000000      -999.000000      -999.000000      -999.000000      -999.000000      -999.000000      -999.000000      -999.000000      -999.000000      -999.000000      -999.000000      -999.000000      -999.000000      -999.000000      -999.000000      -999.000000      -7.97714293E-02  -7.75531828E-02  -7.41114020E-02  -7.01083243E-02  -6.74191117E-02  -6.43744916E-02  -6.12638891E-02  -5.93612194E-02  -5.61554022E-02  -5.38388379E-02  -5.11359908E-02  -4.85113412E-02  -4.62636501E-02  -4.37079929E-02  -4.16561104E-02  -3.94016244E-02  -3.74632664E-02  -3.58619168E-02  -3.38230655E-02  -3.14515941E-02  -2.73653008E-02  -2.58471482E-02  -2.48883404E-02  -2.38636322E-02  -2.26892047E-02  -2.08792351E-02  -1.98289305E-02  -1.89717375E-02  -1.68407485E-02  -1.52588561E-02  -1.36563703E-02  -1.23608485E-02  -1.05787069E-02  -9.89538431E-03  -8.82939249E-03  -6.85610622E-03  -5.80111891E-03  -4.71205264E-03  -3.61972302E-03  -2.56753713E-03  -1.87331438E-03  -4.14960086E-04   1.28263980E-03   2.28042156E-03   2.77750194E-03   3.53446603E-03   4.68388200E-03   5.23568690E-03   5.45930862E-03   5.86820394E-03   5.75476885E-03   6.34311885E-03   5.69549948E-03   5.47094643E-03   4.15465236E-03   2.64994055E-03   6.98447227E-04  -2.44233757E-03  -5.06068766E-03  -9.29705799E-03  -1.05487630E-02  -1.27371550E-02  -1.21847242E-02  -1.18071809E-02
        1054   21.4899998     10:32:58.136   5.71980104E-02   5.08964770E-02   5.18325716E-02   5.30299842E-02   4.97329570E-02   4.94291373E-02   4.90643084E-02   4.95424084E-02   4.60066758E-02   4.50872146E-02   4.43390161E-02   4.29657139E-02   4.09872122E-02   4.04972173E-02   3.93492319E-02   3.77765074E-02   3.67409177E-02   3.61099876E-02   3.57784554E-02   3.46271619E-02   3.39941904E-02   3.32127139E-02   3.26092467E-02   3.28332558E-02   3.17001864E-02   3.08082197E-02   3.05107981E-02   3.11088786E-02   2.96005085E-02   2.95285489E-02   2.95771398E-02   2.81746779E-02   2.82158572E-02   2.74725053E-02   2.72290744E-02   2.68859025E-02   2.65379976E-02   2.63036415E-02   2.52783224E-02   2.52943318E-02   2.55749077E-02   2.45164875E-02   2.43417136E-02   2.37370841E-02   2.35796813E-02   2.36491635E-02   2.35431436E-02   2.26982031E-02   2.23453715E-02   2.15323269E-02   2.10024975E-02   2.09364928E-02   2.07700003E-02   2.10749861E-02   2.09413748E-02   2.06086151E-02   2.03817748E-02   2.07445771E-02   2.03605127E-02   2.05142498E-02   2.06396431E-02   2.00446732E-02   1.94600020E-02   1.96155924E-02   2.00319476E-02   1.94836203E-02   2.05820985E-02   1.94717739E-02   2.11659521E-02   1.96842495E-02   1.97676662E-02   1.99283361E-02   1.92131810E-02   1.89281534E-02   1.92979891E-02   1.70681980E-02   1.72621869E-02   1.38116926E-02   1.27251036E-02   1.33783687E-02   1.01113059E-02   8.44429154E-03   5.73750259E-03   5.10942237E-03   3.73934861E-03   5.56468964E-03   4.21069888E-03  -999.000000      -999.000000      -999.000000      -999.000000      -999.000000      -999.000000      -999.000000      -999.000000      -999.000000      -999.000000      -999.000000      -999.000000      -999.000000      -999.000000      -999.000000      -999.000000      -999.000000      -999.000000      -999.000000      -999.000000      -999.000000      -999.000000      -999.000000      -999.000000      -7.76651800E-02  -7.41733909E-02  -7.09103197E-02  -6.80111200E-02  -6.52764887E-02  -6.18258864E-02  -5.87132126E-02  -5.61773963E-02  -5.39708324E-02  -5.16479947E-02  -4.89233285E-02  -4.63156551E-02  -4.43499796E-02  -4.19981070E-02  -3.96136232E-02  -3.80852558E-02  -3.60839143E-02  -3.40350494E-02  -3.21335904E-02  -2.76272930E-02  -2.59291492E-02  -2.53003426E-02  -2.29456164E-02  -2.25511901E-02  -2.08112411E-02  -1.96809173E-02  -1.84037350E-02  -1.65227428E-02  -1.57208517E-02  -1.34183690E-02  -1.25428364E-02  -1.07807070E-02  -9.34737921E-03  -8.42139870E-03  -6.84810430E-03  -5.70311397E-03  -4.34403867E-03  -3.76171619E-03  -2.69953161E-03  -1.22530758E-03  -2.56963074E-04   1.12064928E-03   2.08842009E-03   3.31550837E-03   3.59246135E-03   4.75189090E-03   4.76367772E-03   5.17731905E-03   5.30620664E-03   5.74277341E-03   5.66112250E-03   5.04349917E-03   5.21895289E-03   3.67265940E-03   2.10794061E-03   9.16451216E-04  -1.57433003E-03  -5.12269139E-03  -8.73905420E-03  -1.06507614E-02  -1.12491399E-02  -1.38567388E-02  -9.37918574E-03
        1055   21.5919991     10:32:58.385   4.77579944E-02   5.61264791E-02   4.75825705E-02   4.81499657E-02   4.82129715E-02   4.69191186E-02   4.69343029E-02   4.34624292E-02   4.25666831E-02   4.12372015E-02   3.76490206E-02   3.79257239E-02   3.59672196E-02   3.35272253E-02   3.37292291E-02   3.26965079E-02   3.15109231E-02   3.05199940E-02   3.02184410E-02   2.90371496E-02   2.83041783E-02   2.82827076E-02   2.64292546E-02   2.66132522E-02   2.59501822E-02   2.56882031E-02   2.52907965E-02   2.39488706E-02   2.42205020E-02   2.36285422E-02   2.39171237E-02   2.38646623E-02   2.28058491E-02   2.26125009E-02   2.22090688E-02   2.26958897E-02   2.18579900E-02   2.13436335E-02   2.13383157E-02   2.09843218E-02   2.11548992E-02   1.97464880E-02   2.03517117E-02   1.92270726E-02   1.86996609E-02   1.89591367E-02   1.83630995E-02   1.79681443E-02   1.73052903E-02   1.62722319E-02   1.57523919E-02   1.66363977E-02   1.69599168E-02   1.61049217E-02   1.65113267E-02   1.64285842E-02   1.64217539E-02   1.65045671E-02   1.65805090E-02   1.57042537E-02   1.60996467E-02   1.57946739E-02   1.57399923E-02   1.57355778E-02   1.63119305E-02   1.57336090E-02   1.62520967E-02   1.55017730E-02   1.57659519E-02   1.60242505E-02   1.59276612E-02   1.59783196E-02   1.52731445E-02   1.53880939E-02   1.53078884E-02   1.35180447E-02   1.28019545E-02   1.19613782E-02   9.27469041E-03   8.81781988E-03   7.13061355E-03   3.92342359E-03   2.51644198E-03   6.88268337E-04   6.98070740E-04   1.39335613E-03   2.17937259E-03  -999.000000      -999.000000      -999.000000      -999.000000      -999.000000      -999.000000      -999.000000      -999.000000      -999.000000      -999.000000      -999.000000      -999.000000      -999.000000      -999.000000      -999.000000      -999.000000      -999.000000      -999.000000      -999.000000      -999.000000      -999.000000      -999.000000      -999.000000      -999.000000      -7.72546530E-02  -7.38128722E-02  -7.09998012E-02  -6.79305941E-02  -6.43059686E-02  -6.14953712E-02  -5.88827059E-02  -5.60268834E-02  -5.37603125E-02  -5.13074733E-02  -4.86628152E-02  -4.65851314E-02  -4.38994765E-02  -4.11875919E-02  -3.92731056E-02  -3.78547348E-02  -3.56733873E-02  -3.32245305E-02  -3.13730650E-02  -2.82967761E-02  -2.65186355E-02  -2.54798457E-02  -2.37351432E-02  -2.25307196E-02  -2.13007852E-02  -2.03804970E-02  -1.86533108E-02  -1.70923360E-02  -1.55704319E-02  -1.38979107E-02  -1.28923878E-02  -1.12302154E-02  -9.47687030E-03  -8.04088265E-03  -7.10757822E-03  -5.88258356E-03  -4.12350893E-03  -3.12120467E-03  -2.02902406E-03  -9.14812088E-04   4.35486436E-05   1.19114667E-03   2.45893002E-03   4.00602818E-03   3.79299372E-03   4.55241650E-03   5.65420091E-03   5.07783145E-03   5.82669675E-03   6.48323447E-03   6.00156188E-03   5.84389269E-03   4.51926887E-03   4.36290354E-03   2.89808959E-03   2.46465206E-04  -2.10446119E-03  -5.40297478E-03  -8.59951228E-03  -9.96133685E-03  -1.29398629E-02  -1.25175118E-02  -8.56999308E-03
        1056   21.7229996     10:32:58.634   5.36880121E-02   5.58365099E-02   5.98125607E-02   5.19299805E-02   5.32329716E-02   5.19991405E-02   5.24643064E-02   4.76324372E-02   4.75166701E-02   4.53371964E-02   4.37090248E-02   3.96757163E-02   4.05571945E-02   3.87072302E-02   3.65792252E-02   3.62265036E-02   3.52009125E-02   3.39099951E-02   3.31584439E-02   3.19271609E-02   3.12641934E-02   3.10027078E-02   3.07692531E-02   3.00032571E-02   2.86702011E-02   2.90782172E-02   2.88107991E-02   2.75888741E-02   2.77105123E-02   2.76685487E-02   2.62071379E-02   2.69246716E-02   2.60158572E-02   2.56025065E-02   2.55390741E-02   2.46658977E-02   2.50479933E-02   2.43436396E-02   2.42883265E-02   2.39843335E-02   2.34749019E-02   2.32764874E-02   2.29317136E-02   2.08070837E-02   2.06696782E-02   2.02091634E-02   1.96031425E-02   1.96482036E-02   1.85053721E-02   1.84923224E-02   1.84824988E-02   1.77164935E-02   1.81600023E-02   1.79449860E-02   1.80113744E-02   1.71186179E-02   1.75617747E-02   1.77145787E-02   1.76605117E-02   1.70542523E-02   1.75296441E-02   1.72246732E-02   1.66900028E-02   1.62955914E-02   1.74219459E-02   1.70836207E-02   1.66421011E-02   1.84217710E-02   1.65459514E-02   1.67242493E-02   1.78976636E-02   1.57083366E-02   1.68631822E-02   1.63181555E-02   1.41279902E-02   1.56781971E-02   1.20721860E-02   1.35516934E-02   1.11551043E-02   7.79836997E-03   9.57130641E-03   4.51429328E-03   2.50750454E-03   2.12942110E-03   4.19347663E-04   3.06468806E-03   3.84069933E-03  -999.000000      -999.000000      -999.000000      -999.000000      -999.000000      -999.000000      -999.000000      -999.000000      -999.000000      -999.000000      -999.000000      -999.000000      -999.000000      -999.000000      -999.000000      -999.000000      -999.000000      -999.000000      -999.000000      -999.000000      -999.000000      -999.000000      -999.000000      -999.000000      -999.000000      -7.65774176E-02  -7.33243302E-02  -6.93051293E-02  -6.70304969E-02  -6.37998953E-02  -6.08172342E-02  -5.88114075E-02  -5.57748489E-02  -5.34120016E-02  -5.07573411E-02  -4.80896607E-02  -4.63039912E-02  -4.36021201E-02  -4.14176248E-02  -3.99092697E-02  -3.74379158E-02  -3.56790721E-02  -3.34575959E-02  -3.00413184E-02  -2.87831612E-02  -2.70543508E-02  -2.52596401E-02  -2.42452063E-02  -2.28952505E-02  -2.17549279E-02  -1.99777521E-02  -1.87667608E-02  -1.71748772E-02  -1.54623799E-02  -1.37168616E-02  -1.27347186E-02  -1.14413872E-02  -9.59540904E-03  -8.47211480E-03  -7.61711597E-03  -5.87806106E-03  -4.81572747E-03  -3.55355442E-03  -2.41933018E-03  -8.10965896E-04  -7.33733177E-05   1.14440918E-03   1.67148560E-03   2.47845799E-03   3.30787152E-03   4.24966961E-03   4.96330112E-03   4.48219478E-03   4.67874855E-03   5.15711308E-03   4.49948013E-03   4.59492952E-03   3.50864977E-03   2.69393623E-03   7.92436302E-04  -2.56833434E-03  -4.42668051E-03  -7.65305012E-03  -1.16847754E-02  -1.03031471E-02  -1.14707276E-02  -1.01431906E-02
        1057   21.8670006     10:32:58.883   4.25379984E-02   5.52964844E-02   4.40725721E-02   4.68299612E-02   4.67529558E-02   4.44591455E-02   4.44543026E-02   3.99424173E-02   4.20166813E-02   3.88472043E-02   3.70490104E-02   3.42757143E-02   3.55571993E-02   3.26072127E-02   3.17592211E-02   3.14165130E-02   2.98709162E-02   2.81599928E-02   2.86884494E-02   2.88671572E-02   2.68941857E-02   2.67527010E-02   2.61592455E-02   2.58532483E-02   2.48001851E-02   2.50182170E-02   2.44407970E-02   2.36888677E-02   2.40404960E-02   2.32185442E-02   2.22771242E-02   2.25946661E-02   2.22058464E-02   2.17924975E-02   2.14790683E-02   2.12158915E-02   2.08179858E-02   2.10536271E-02   2.05783192E-02   1.97543278E-02   2.01348998E-02   1.97564866E-02   1.96417086E-02   1.75670758E-02   1.74296647E-02   1.74691379E-02   1.65831037E-02   1.68981440E-02   1.58752929E-02   1.47222346E-02   1.57823954E-02   1.50463982E-02   1.49499141E-02   1.50549179E-02   1.44213289E-02   1.47585804E-02   1.48717500E-02   1.46345655E-02   1.49505092E-02   1.42042562E-02   1.44296475E-02   1.33546721E-02   1.39099918E-02   1.41355768E-02   1.33619336E-02   1.48536051E-02   1.42020946E-02   1.34617742E-02   1.54359546E-02   1.29342480E-02   1.46776587E-02   1.39483195E-02   1.26931462E-02   1.39380917E-02   1.28578907E-02   1.02980416E-02   1.20219551E-02   8.70137848E-03   8.24469049E-03   7.62782013E-03   3.55061330E-03   4.46342304E-03   1.20644365E-03  -999.000000      -999.000000      -999.000000      -999.000000      -999.000000      -999.000000      -999.000000      -999.000000      -999.000000      -999.000000      -999.000000      -999.000000      -999.000000      -999.000000      -999.000000      -999.000000      -999.000000      -999.000000      -999.000000      -999.000000      -999.000000      -999.000000      -999.000000      -999.000000      -999.000000      -999.000000      -999.000000      -999.000000      -999.000000      -7.45168850E-02  -7.09538087E-02  -6.81046024E-02  -6.54099733E-02  -6.23393804E-02  -5.96067160E-02  -5.63508868E-02  -5.41743189E-02  -5.21214716E-02  -4.84468304E-02  -4.70391437E-02  -4.46234718E-02  -4.19016033E-02  -3.99971008E-02  -3.79187427E-02  -3.57973874E-02  -3.42785418E-02  -3.21170725E-02  -3.05307955E-02  -2.82326341E-02  -2.76438445E-02  -2.55691409E-02  -2.48947218E-02  -2.32847929E-02  -2.23644897E-02  -2.07873136E-02  -1.89363323E-02  -1.72544308E-02  -1.58219077E-02  -1.47163831E-02  -1.28542110E-02  -1.15908757E-02  -1.05248988E-02  -8.44158232E-03  -7.65658915E-03  -6.21751696E-03  -5.16520441E-03  -3.83302569E-03  -3.19880992E-03  -1.73045695E-03  -7.52866268E-04   3.74920666E-04   1.69201940E-03   2.42897868E-03   3.11841071E-03   4.10019606E-03   4.45382297E-03   4.66270000E-03   5.09922206E-03   4.93755192E-03   4.97988611E-03   4.67527658E-03   3.33890319E-03   4.01408970E-03  -4.17537987E-04  -2.05846876E-03  -4.87698615E-03  -8.04350525E-03  -8.43533874E-03  -1.08138770E-02  -1.21415183E-02  -8.35400820E-03
        1058   22.0119991     10:32:59.137   5.71779609E-02   4.39764746E-02   4.64025699E-02   4.75199409E-02   4.47429642E-02   4.39491384E-02   4.24743183E-02   4.26024199E-02   3.96066830E-02   3.84772047E-02   3.61490101E-02   3.64657380E-02   3.29372138E-02   3.26872170E-02   3.17192264E-02   3.02865114E-02   2.90109087E-02   2.81699877E-02   2.78984457E-02   2.72171479E-02   2.68341750E-02   2.61127055E-02   2.55792420E-02   2.50732582E-02   2.43101846E-02   2.36682091E-02   2.37707887E-02   2.36088634E-02   2.26204861E-02   2.26985291E-02   2.19671186E-02   2.13346519E-02   2.15858389E-02   2.12824903E-02   2.07490604E-02   2.02558860E-02   2.09079832E-02   2.03036219E-02   1.96683146E-02   1.98343210E-02   1.90548971E-02   1.84964836E-02   1.84617005E-02   1.93870626E-02   1.88496448E-02   1.89591050E-02   1.77430566E-02   1.71380844E-02   1.72952134E-02   1.61121339E-02   1.69522911E-02   1.62562951E-02   1.59898233E-02   1.68248471E-02   1.57012716E-02   1.57685447E-02   1.60217267E-02   1.55845545E-02   1.53105082E-02   1.52542582E-02   1.58896521E-02   1.49646699E-02   1.51399840E-02   1.52055612E-02   1.33919166E-02   1.61035936E-02   1.54420901E-02   1.41917719E-02   1.67959575E-02   1.47642493E-02   1.40376566E-02   1.76583063E-02   1.22831082E-02   1.43380268E-02   1.46677885E-02   9.31788608E-03   1.38217211E-02   1.12510575E-02   6.11426774E-03   1.06472587E-02   3.19990935E-03   3.27253621E-03   1.84536586E-03  -999.000000       3.15677165E-03  -999.000000      -999.000000      -999.000000      -999.000000      -999.000000      -999.000000      -999.000000      -999.000000      -999.000000      -999.000000      -999.000000      -999.000000      -999.000000      -999.000000      -999.000000      -999.000000      -999.000000      -999.000000      -999.000000      -999.000000      -999.000000      -999.000000      -999.000000      -999.000000      -999.000000      -999.000000      -999.000000      -7.36043453E-02  -6.98512718E-02  -6.75720647E-02  -6.39174357E-02  -6.08168505E-02  -5.88441789E-02  -5.56783527E-02  -5.30617982E-02  -5.06389365E-02  -4.81542870E-02  -4.57866080E-02  -4.37709391E-02  -4.08990607E-02  -3.92745659E-02  -3.70662138E-02  -3.60648558E-02  -3.37860063E-02  -3.10845338E-02  -2.93282568E-02  -2.80901082E-02  -2.62113214E-02  -2.47866362E-02  -2.42022313E-02  -2.28723325E-02  -2.15020478E-02  -2.01648809E-02  -1.83838867E-02  -1.62819847E-02  -1.49894431E-02  -1.40038989E-02  -1.20617300E-02  -1.08283535E-02  -9.41236317E-03  -8.35905224E-03  -6.81404024E-03  -5.68497926E-03  -4.86265868E-03  -3.26049328E-03  -2.64628977E-03  -3.37935984E-04   3.39679420E-04   1.26745552E-03   2.73455679E-03   3.57152522E-03   4.09094244E-03   4.50274348E-03   5.14634699E-03   5.56520373E-03   5.45170903E-03   5.84000349E-03   6.10228628E-03   4.68759984E-03   4.25115973E-03   2.86623836E-03   5.44786453E-05  -2.61659175E-03  -4.55530733E-03  -8.27194005E-03  -9.41393524E-03  -1.14725903E-02  -1.31703168E-02  -1.08728260E-02
        1059   22.1539993     10:32:59.385   5.16079441E-02   4.55064476E-02   5.03425337E-02   4.67599668E-02   4.47129421E-02   4.32791151E-02   4.34242859E-02   4.36824225E-02   3.96066792E-02   3.83272059E-02   3.58190350E-02   3.65657285E-02   3.18572074E-02   3.29372101E-02   3.15292217E-02   3.01865116E-02   2.85709072E-02   2.81699859E-02   2.73584407E-02   2.70271543E-02   2.67341677E-02   2.53427010E-02   2.45092437E-02   2.37832442E-02   2.43101791E-02   2.39581931E-02   2.29007732E-02   2.35988423E-02   2.19804756E-02   2.23385170E-02   2.25271042E-02   2.11746432E-02   2.18858309E-02   2.06024814E-02   2.10390501E-02   1.99558809E-02   2.02979743E-02   2.03036144E-02   1.96683090E-02   1.97543185E-02   1.93648897E-02   1.85764767E-02   1.83916949E-02   1.86670460E-02   1.86896119E-02   1.85690522E-02   1.79029796E-02   1.74379703E-02   1.70050655E-02   1.59119517E-02   1.59620810E-02   1.60560925E-02   1.59996562E-02   1.62247103E-02   1.61011647E-02   1.57684702E-02   1.60116833E-02   1.60445347E-02   1.59105044E-02   1.58142652E-02   1.51996575E-02   1.48846665E-02   1.53099662E-02   1.51155330E-02   1.56318825E-02   1.56935658E-02   1.49020823E-02   1.48617765E-02   1.51359672E-02   1.41042601E-02   1.55576514E-02   1.53482892E-02   1.45730553E-02   1.46179181E-02   1.32976044E-02   1.29275955E-02   1.16912788E-02   9.49044432E-03   9.97345522E-03   5.71617158E-03   6.07853755E-03   3.33080208E-03   1.83323678E-03   5.94768208E-04   1.08419615E-03  -999.000000       1.45320315E-04  -999.000000      -999.000000      -999.000000      -999.000000      -999.000000      -999.000000      -999.000000      -999.000000      -999.000000      -999.000000      -999.000000      -999.000000      -999.000000      -999.000000      -999.000000      -999.000000      -999.000000      -999.000000      -999.000000      -999.000000      -999.000000      -999.000000      -999.000000      -999.000000      -999.000000      -7.45072961E-02  -7.16142282E-02  -6.85050264E-02  -6.50104061E-02  -6.24198094E-02  -5.91971353E-02  -5.71013168E-02  -5.39047495E-02  -5.18019013E-02  -4.91772406E-02  -4.69795540E-02  -4.47338894E-02  -4.23220210E-02  -4.03075330E-02  -3.87891605E-02  -3.62578109E-02  -3.44489589E-02  -3.23374830E-02  -3.02212201E-02  -2.88030952E-02  -2.75043249E-02  -2.57296599E-02  -2.45752968E-02  -2.36254111E-02  -2.24251710E-02  -2.04980373E-02  -1.87270530E-02  -1.73251107E-02  -1.65025517E-02  -1.45869628E-02  -1.29547566E-02  -1.16813630E-02  -1.02553368E-02  -9.25200433E-03  -7.89699703E-03  -6.57792389E-03  -5.41561097E-03  -4.18345630E-03  -2.62927264E-03  -1.61090493E-03  -4.43302095E-04   6.44497573E-04   1.56160444E-03   2.16859579E-03   3.40800732E-03   3.88979912E-03   4.27337736E-03   4.89220768E-03   5.00867516E-03   5.27690351E-03   4.42908704E-03   4.41427529E-03   4.72766906E-03   1.94256008E-03   6.10530376E-04  -1.24082714E-03  -6.03993237E-03  -6.02684170E-03  -7.42906332E-03  -1.28679946E-02  -1.01859421E-02  -9.65849310E-03
        1060   22.2819996     10:32:59.634   5.43979853E-02   4.45864573E-02   4.43625301E-02   4.66799289E-02   4.41629514E-02   4.23691422E-02   4.22943123E-02   4.30524126E-02   4.06666733E-02   3.75272073E-02   3.63790356E-02   3.57557498E-02   3.15472223E-02   3.22872400E-02   3.09092458E-02   2.95765363E-02   2.89109256E-02   2.78799981E-02   2.79984660E-02   2.67471671E-02   2.67341882E-02   2.51327194E-02   2.48892587E-02   2.49732714E-02   2.47101914E-02   2.34782174E-02   2.31007989E-02   2.30388641E-02   2.28904951E-02   2.18385365E-02   2.18771212E-02   2.16646567E-02   2.13558450E-02   2.09825020E-02   2.08890662E-02   2.04058997E-02   1.99279897E-02   1.97036397E-02   1.95883252E-02   1.87543370E-02   1.84949134E-02   1.85764972E-02   1.79917179E-02   1.70970671E-02   1.64896362E-02   1.64490752E-02   1.59730073E-02   1.54579971E-02   1.49750896E-02   1.48519697E-02   1.41920960E-02   1.46360956E-02   1.40396468E-02   1.42346956E-02   1.39511535E-02   1.37484577E-02   1.40816746E-02   1.40445279E-02   1.37205021E-02   1.39342612E-02   1.41496593E-02   1.39046740E-02   1.37999719E-02   1.33655407E-02   1.34918904E-02   1.39535777E-02   1.39220934E-02   1.37717966E-02   1.40659930E-02   1.33242942E-02   1.36977015E-02   1.28083471E-02   1.28131239E-02   1.18280016E-02   1.22076999E-02   1.06776971E-02   1.01713873E-02   8.60055722E-03   8.01357068E-03   6.29628869E-03   4.48865816E-03   3.46091995E-03  -999.000000      -999.000000      -999.000000      -999.000000       2.91521335E-03  -999.000000      -999.000000      -999.000000      -999.000000      -999.000000      -999.000000      -999.000000      -999.000000      -999.000000      -999.000000      -999.000000      -999.000000      -999.000000      -999.000000      -999.000000      -999.000000      -999.000000      -999.000000      -999.000000      -999.000000      -999.000000      -999.000000      -999.000000      -999.000000      -999.000000      -7.40234107E-02  -7.21903518E-02  -6.78411350E-02  -6.54265136E-02  -6.24859221E-02  -6.01832494E-02  -5.68474308E-02  -5.42508736E-02  -5.16780093E-02  -4.92633507E-02  -4.76456583E-02  -4.43800092E-02  -4.23581228E-02  -4.04536352E-02  -3.83152664E-02  -3.63739170E-02  -3.43250595E-02  -3.20335925E-02  -2.97873318E-02  -2.87791975E-02  -2.70604230E-02  -2.51557566E-02  -2.41313912E-02  -2.26315185E-02  -2.15012729E-02  -1.97541527E-02  -1.82231627E-02  -1.66312382E-02  -1.49286799E-02  -1.41731054E-02  -1.23808905E-02  -1.10874921E-02  -9.85146314E-03  -8.33813101E-03  -7.44311512E-03  -5.59403747E-03  -4.87172604E-03  -3.12957168E-03  -2.64538080E-03  -1.18702650E-03  -3.39411199E-04   1.41837448E-03   2.08550692E-03   3.39248776E-03   4.16192412E-03   4.52370942E-03   5.01732528E-03   6.08616322E-03   5.93262911E-03   5.91088086E-03   5.75306267E-03   5.10825962E-03   4.22165543E-03   2.87655741E-03  -2.95482576E-04  -1.59682333E-03  -5.20593673E-03  -8.39284807E-03  -1.09651014E-02  -1.23440772E-02  -1.15220770E-02  -1.01746917E-02
        1061   22.4029999     10:32:59.882   4.46580015E-02   4.24964912E-02   4.99425456E-02   4.06499654E-02   4.36829552E-02   4.25391309E-02   4.29443009E-02   3.92824151E-02   3.93566787E-02   3.78271937E-02   3.62890288E-02   3.12357415E-02   3.32272053E-02   3.07772253E-02   2.95592397E-02   2.88865175E-02   2.79809237E-02   2.77599953E-02   2.55584549E-02   2.61971597E-02   2.52441876E-02   2.43927091E-02   2.36492548E-02   2.40232572E-02   2.26701889E-02   2.22982075E-02   2.32107975E-02   2.17488725E-02   2.16205008E-02   2.11585388E-02   2.01571248E-02   2.06246618E-02   1.98358465E-02   1.95525028E-02   1.94090661E-02   1.92958955E-02   1.91979874E-02   1.83536373E-02   1.86883211E-02   1.78443324E-02   1.82049088E-02   1.65464934E-02   1.62717123E-02   1.62970703E-02   1.64896455E-02   1.66090950E-02   1.62030384E-02   1.53780477E-02   1.49651589E-02   1.49920546E-02   1.39821935E-02   1.37161976E-02   1.43097388E-02   1.48947714E-02   1.42012155E-02   1.38084991E-02   1.38216969E-02   1.40945427E-02   1.36405053E-02   1.34742595E-02   1.32196555E-02   1.32146720E-02   1.28099779E-02   1.31355505E-02   1.42119071E-02   1.33135868E-02   1.34920944E-02   1.43717891E-02   1.30659817E-02   1.28542781E-02   1.29476869E-02   1.27583370E-02   1.26031321E-02   1.28480345E-02   1.14877624E-02   1.13578131E-02   9.67157725E-03   1.02808326E-02   6.52394677E-03   5.34680299E-03   4.48931428E-03   2.90175946E-03  -999.000000      -999.000000      -999.000000      -999.000000       2.17660749E-03  -999.000000      -999.000000      -999.000000      -999.000000      -999.000000      -999.000000      -999.000000      -999.000000      -999.000000      -999.000000      -999.000000      -999.000000      -999.000000      -999.000000      -999.000000      -999.000000      -999.000000      -999.000000      -999.000000      -999.000000      -999.000000      -999.000000      -999.000000      -999.000000      -999.000000      -7.51379132E-02  -7.18448311E-02  -6.87756240E-02  -6.60410002E-02  -6.27604127E-02  -6.00377470E-02  -5.72419167E-02  -5.45953661E-02  -5.30625060E-02  -4.99678478E-02  -4.73201573E-02  -4.51245010E-02  -4.25326265E-02  -4.09081317E-02  -3.86497676E-02  -3.67084183E-02  -3.47795598E-02  -3.24280895E-02  -3.08218263E-02  -2.94536874E-02  -2.79049091E-02  -2.60502286E-02  -2.50758491E-02  -2.40059532E-02  -2.29056925E-02  -2.16685496E-02  -1.93475559E-02  -1.80356503E-02  -1.64230950E-02  -1.47675350E-02  -1.37753338E-02  -1.25419647E-02  -1.08659416E-02  -9.40261781E-03  -8.56761634E-03  -6.77854568E-03  -5.53623587E-03  -4.76407260E-03  -3.27986479E-03  -2.15150416E-03  -6.93894923E-04   5.13881445E-04   1.51100010E-03   2.49799341E-03   3.24741006E-03   4.30920720E-03   4.31281328E-03   4.93165851E-03   5.35815954E-03   4.85642254E-03   4.54866886E-03   4.33392078E-03   3.21739167E-03   2.03239918E-03   1.49049610E-03  -2.86070257E-03  -3.87961417E-03  -7.96641409E-03  -1.15485266E-02  -1.20773315E-02  -1.20252222E-02  -1.18477866E-02
        1062   22.5249996     10:33:00.134   4.11679670E-02   4.57964353E-02   5.17625697E-02   4.00399677E-02   4.42929454E-02   4.34391275E-02   4.30643074E-02   3.73623930E-02   3.86066660E-02   3.84972021E-02   3.77390236E-02   3.14057246E-02   3.34372111E-02   3.15872133E-02   2.87392177E-02   2.95665059E-02   2.80509181E-02   2.72099823E-02   2.58184392E-02   2.66471487E-02   2.44641751E-02   2.45627053E-02   2.48092376E-02   2.39032470E-02   2.30501853E-02   2.25981995E-02   2.27207895E-02   2.19388567E-02   2.14404818E-02   2.16685254E-02   2.00771093E-02   2.13346463E-02   2.06858348E-02   1.97124928E-02   1.91090573E-02   1.94458868E-02   1.87479760E-02   1.81236193E-02   1.84483118E-02   1.80743206E-02   1.74148977E-02   1.75664797E-02   1.69016980E-02   1.66970547E-02   1.67296287E-02   1.55990785E-02   1.56630203E-02   1.49980299E-02   1.47451432E-02   1.44720441E-02   1.38221849E-02   1.42661985E-02   1.44197429E-02   1.39547754E-02   1.39912199E-02   1.33485068E-02   1.34917088E-02   1.37045458E-02   1.34305060E-02   1.37642603E-02   1.28696570E-02   1.34046702E-02   1.24399746E-02   1.30955465E-02   1.41218984E-02   1.18335793E-02   1.42020872E-02   1.39317764E-02   1.15959626E-02   1.44242579E-02   1.24876602E-02   1.24783022E-02   1.48930885E-02   1.09979827E-02   1.15777049E-02   1.27977505E-02   6.50151260E-03   1.12607637E-02   5.76387672E-03   3.23673151E-03   7.47924251E-03   2.16895714E-05  -999.000000       1.29594374E-03  -999.000000       4.10655746E-04   3.09667410E-03  -999.000000      -999.000000      -999.000000      -999.000000      -999.000000      -999.000000      -999.000000      -999.000000      -999.000000      -999.000000      -999.000000      -999.000000      -999.000000      -999.000000      -999.000000      -999.000000      -999.000000      -999.000000      -999.000000      -999.000000      -999.000000      -999.000000      -999.000000      -999.000000      -999.000000      -999.000000      -7.27807656E-02  -6.93215653E-02  -6.74969405E-02  -6.34363443E-02  -6.08936734E-02  -5.87578639E-02  -5.56012839E-02  -5.36884330E-02  -5.12537770E-02  -4.81260940E-02  -4.60004397E-02  -4.37985621E-02  -4.18840609E-02  -4.01956961E-02  -3.77243534E-02  -3.57854888E-02  -3.40240262E-02  -3.12677547E-02  -2.96096206E-02  -2.80908421E-02  -2.65661627E-02  -2.58317813E-02  -2.39418894E-02  -2.31616311E-02  -2.18444765E-02  -1.98734924E-02  -1.85615644E-02  -1.58390179E-02  -1.54134445E-02  -1.36612542E-02  -1.16878748E-02  -1.12918690E-02  -9.58853960E-03  -8.42352957E-03  -7.29446113E-03  -5.43215126E-03  -4.21998650E-03  -3.37579101E-03  -1.99744850E-03  -1.07983500E-03   6.37963414E-04   1.76505744E-03   2.49204785E-03   2.83145905E-03   3.63325328E-03   3.74685973E-03   4.37570363E-03   4.90219146E-03   5.19045442E-03   4.69268113E-03   5.84793091E-03   3.66140902E-03   2.52639502E-03   1.44449621E-03  -2.85670906E-03  -4.77561355E-03  -7.95239955E-03  -1.21545047E-02  -1.27532855E-02  -1.27011463E-02  -1.13436654E-02
        1063   22.6480007     10:33:00.384   4.95179407E-02   4.18264344E-02   4.58925515E-02   4.56699058E-02   4.20829430E-02   4.06991243E-02   3.94842885E-02   3.96424159E-02   3.60866748E-02   3.55471931E-02   3.44890282E-02   3.35257575E-02   3.14872265E-02   3.01172212E-02   2.90592313E-02   2.73265336E-02   2.61609256E-02   2.51899883E-02   2.54184548E-02   2.37271506E-02   2.38341875E-02   2.39427052E-02   2.27992367E-02   2.16832571E-02   2.19001900E-02   2.07682010E-02   2.08307784E-02   2.03488376E-02   2.03804728E-02   1.98685043E-02   1.92470867E-02   1.96146294E-02   1.84658244E-02   1.87424794E-02   1.83190499E-02   1.79858822E-02   1.71879772E-02   1.74536221E-02   1.70983113E-02   1.66943166E-02   1.67349018E-02   1.62464883E-02   1.57316998E-02   1.60670374E-02   1.57795809E-02   1.52789932E-02   1.49628799E-02   1.47678237E-02   1.41448574E-02   1.36616863E-02   1.33117801E-02   1.29158022E-02   1.33893844E-02   1.29244905E-02   1.27209974E-02   1.30683519E-02   1.29416129E-02   1.32244928E-02   1.24305021E-02   1.30442744E-02   1.24596711E-02   1.28546655E-02   1.20899417E-02   1.22154932E-02   1.26018431E-02   1.31235337E-02   1.24620758E-02   1.27217956E-02   1.31460000E-02   1.21942973E-02   1.18776839E-02   1.22383041E-02   1.23130176E-02   1.22578172E-02   1.16673950E-02   9.31723230E-03   1.07306950E-02   7.18960632E-03   6.36232272E-03   6.66463003E-03   2.70656869E-03   1.03829289E-03   5.50138764E-04  -999.000000      -999.000000      -999.000000      -999.000000      -999.000000      -999.000000      -999.000000      -999.000000      -999.000000      -999.000000      -999.000000      -999.000000      -999.000000      -999.000000      -999.000000      -999.000000      -999.000000      -999.000000      -999.000000      -999.000000      -999.000000      -999.000000      -999.000000      -999.000000      -999.000000      -999.000000      -999.000000      -999.000000      -999.000000      -7.61678219E-02  -7.28747696E-02  -6.95355535E-02  -6.66809380E-02  -6.30803481E-02  -6.02876768E-02  -5.74118569E-02  -5.49752861E-02  -5.22724241E-02  -5.00077754E-02  -4.76600900E-02  -4.54044268E-02  -4.22725491E-02  -4.06980477E-02  -3.84696759E-02  -3.68183255E-02  -3.47594768E-02  -3.31180133E-02  -3.09217572E-02  -2.95636430E-02  -2.82149166E-02  -2.64302678E-02  -2.51259543E-02  -2.39161365E-02  -2.23059580E-02  -2.13188641E-02  -1.98378786E-02  -1.77059174E-02  -1.65133029E-02  -1.51176639E-02  -1.31954029E-02  -1.17419660E-02  -1.05059072E-02  -8.80254060E-03  -7.86751509E-03  -6.00843132E-03  -5.20613045E-03  -3.94398719E-03  -3.05982679E-03  -1.62148476E-03  -2.53871083E-04   7.53954053E-04   1.73109770E-03   2.60809064E-03   3.63752991E-03   4.22930717E-03   4.58288193E-03   4.67167050E-03   5.49806654E-03   4.33620065E-03   4.52825427E-03   4.94324416E-03   3.94640863E-03   2.28102505E-03   3.58581543E-04  -2.27319449E-03  -4.31283563E-03  -7.82018900E-03  -8.61282647E-03  -1.16121918E-02  -1.17904395E-02  -1.04131326E-02
        1064   22.7779999     10:33:00.633   4.32679094E-02   4.99864258E-02   5.83525412E-02   4.58299443E-02   4.86329570E-02   4.64291275E-02   4.86742817E-02   4.31324169E-02   4.29366827E-02   4.08272147E-02   4.07790504E-02   3.51757444E-02   3.41172330E-02   3.64272296E-02   3.16092484E-02   3.17265466E-02   3.07109300E-02   3.08000017E-02   2.85184570E-02   2.88371686E-02   2.78441869E-02   2.68527176E-02   2.67192461E-02   2.60332562E-02   2.52801962E-02   2.52082013E-02   2.47107856E-02   2.50988491E-02   2.22404748E-02   2.43085101E-02   2.30370946E-02   2.18046326E-02   2.27358304E-02   2.15724818E-02   2.12590527E-02   2.06158906E-02   2.07479820E-02   2.03036238E-02   1.95183177E-02   1.96043253E-02   1.94449089E-02   1.91264953E-02   1.87817048E-02   1.72470417E-02   1.69595778E-02   1.66889802E-02   1.62728522E-02   1.56877805E-02   1.61647964E-02   1.41116045E-02   1.46416863E-02   1.44756986E-02   1.38392942E-02   1.47144180E-02   1.39309438E-02   1.38283065E-02   1.40915839E-02   1.38344793E-02   1.36304963E-02   1.31942742E-02   1.37396771E-02   1.24946693E-02   1.37399388E-02   1.35954833E-02   1.21218320E-02   1.36935245E-02   1.37720797E-02   1.20818093E-02   1.45460190E-02   1.20743196E-02   1.21777076E-02   1.46883242E-02   1.16930250E-02   1.17178047E-02   1.23973517E-02   8.53713881E-03   1.25705283E-02   8.15935899E-03   6.28197799E-03   6.73414813E-03   3.14594945E-03   1.03749149E-03   5.59136271E-04  -999.000000      -999.000000       4.03875019E-04  -999.000000      -999.000000      -999.000000      -999.000000      -999.000000      -999.000000      -999.000000      -999.000000      -999.000000      -999.000000      -999.000000      -999.000000      -999.000000      -999.000000      -999.000000      -999.000000      -999.000000      -999.000000      -999.000000      -999.000000      -999.000000      -999.000000      -999.000000      -999.000000      -999.000000      -999.000000      -7.52513558E-02  -7.12082982E-02  -6.88190907E-02  -6.64444789E-02  -6.23338968E-02  -5.99812269E-02  -5.69954067E-02  -5.44088259E-02  -5.22059724E-02  -4.99313250E-02  -4.73236218E-02  -4.51179668E-02  -4.29260880E-02  -4.05616015E-02  -3.91532220E-02  -3.69218625E-02  -3.42230164E-02  -3.24015506E-02  -3.02352943E-02  -2.88171954E-02  -2.76484676E-02  -2.61438414E-02  -2.47695334E-02  -2.33497508E-02  -2.19895728E-02  -2.07225047E-02  -1.91015229E-02  -1.73095539E-02  -1.57669298E-02  -1.45512819E-02  -1.30790100E-02  -1.12955347E-02  -9.92947817E-03  -8.49609822E-03  -7.22106546E-03  -6.27197325E-03  -4.90967929E-03  -3.77754122E-03  -2.51337141E-03  -1.30502880E-03  -4.67419624E-04   6.60404563E-04   1.84755027E-03   3.00458074E-03   3.64400446E-03   3.51577997E-03   4.32936102E-03   4.75813448E-03   4.45452332E-03   4.60262597E-03   5.07464260E-03   4.34957445E-03   4.82264906E-03   2.37716734E-03  -7.35394657E-04  -7.67320395E-04  -5.69715351E-03  -6.44465536E-03  -9.78744030E-03  -1.01269484E-02  -1.22953057E-02  -9.91805643E-03
        1065   22.9139996     10:33:00.881   5.40379211E-02   4.61463816E-02   5.32225408E-02   5.09299487E-02   4.76929285E-02   4.78791296E-02   4.66642827E-02   4.67123911E-02   4.29766737E-02   4.12372015E-02   4.00990210E-02   3.86857428E-02   3.45972255E-02   3.57272327E-02   3.39292362E-02   3.31165418E-02   3.15709338E-02   3.11299991E-02   3.02184522E-02   2.96671595E-02   2.87641808E-02   2.83627231E-02   2.72892416E-02   2.67932545E-02   2.69301832E-02   2.56881919E-02   2.62407772E-02   2.49788407E-02   2.40404606E-02   2.47384943E-02   2.51570810E-02   2.32246220E-02   2.33358182E-02   2.34424826E-02   2.27290466E-02   2.29158793E-02   2.25279722E-02   2.22436227E-02   2.16383170E-02   2.12143250E-02   2.11449042E-02   2.07664911E-02   2.07417011E-02   2.09670309E-02   2.09095590E-02   1.98989511E-02   1.92128085E-02   1.89677272E-02   1.82847232E-02   1.83415096E-02   1.79115813E-02   1.77156031E-02   1.74792111E-02   1.74843483E-02   1.70108937E-02   1.69382766E-02   1.75615661E-02   1.72444694E-02   1.71204936E-02   1.67842768E-02   1.66596789E-02   1.67246666E-02   1.64899267E-02   1.54854674E-02   1.67118125E-02   1.66035090E-02   1.66120753E-02   1.64418072E-02   1.67660229E-02   1.64143220E-02   1.62977036E-02   1.59183070E-02   1.54229924E-02   1.62277371E-02   1.44872498E-02   1.38369817E-02   1.41302953E-02   1.07290382E-02   1.02015566E-02   8.37358925E-03   5.48524596E-03   5.63660450E-03   3.13805649E-03   6.79071993E-04   2.11781124E-03   1.94251793E-03   8.78464896E-04  -999.000000      -999.000000      -999.000000      -999.000000      -999.000000      -999.000000      -999.000000      -999.000000      -999.000000      -999.000000      -999.000000      -999.000000      -999.000000      -999.000000      -999.000000      -999.000000      -999.000000      -999.000000      -999.000000      -999.000000      -999.000000      -999.000000      -999.000000      -999.000000      -999.000000      -999.000000      -7.31897727E-02  -6.96405545E-02  -6.69859424E-02  -6.36253506E-02  -6.10826835E-02  -5.81768677E-02  -5.56402914E-02  -5.28674349E-02  -5.03127798E-02  -4.83350828E-02  -4.58094105E-02  -4.34375405E-02  -4.10730541E-02  -3.92746851E-02  -3.74433249E-02  -3.50444615E-02  -3.34630050E-02  -3.05667631E-02  -2.90186554E-02  -2.73199528E-02  -2.62753330E-02  -2.50110440E-02  -2.29712725E-02  -2.22211219E-02  -2.08940543E-02  -1.89030766E-02  -1.70510933E-02  -1.54084489E-02  -1.39027946E-02  -1.22304931E-02  -1.08770132E-02  -1.00509301E-02  -8.77755135E-03  -7.75250047E-03  -6.03341311E-03  -5.12111932E-03  -3.78900766E-03  -2.83484161E-03  -1.36651099E-03   4.11197543E-05   1.04895234E-03   2.19610333E-03   2.79311836E-03   3.79254669E-03   3.73432785E-03   4.30789590E-03   4.75665927E-03   5.60301542E-03   6.05110079E-03   4.80305403E-03   5.33791631E-03   3.92089784E-03   2.30533630E-03   1.16263330E-03  -1.56944245E-03  -5.81943989E-03  -8.02706927E-03  -9.61999595E-03  -1.13596618E-02  -1.02881193E-02  -9.40086693E-03
        1066   23.0540009     10:33:01.140   5.12479357E-02   5.06064110E-02   4.51425277E-02   4.71099429E-02   4.59929444E-02   4.58191298E-02   4.27742712E-02   4.47924025E-02   4.07066904E-02   4.04671989E-02   3.71590219E-02   3.57157625E-02   3.45072262E-02   3.23672295E-02   3.18592452E-02   3.13165411E-02   3.01109347E-02   2.94800103E-02   2.88884658E-02   2.74571534E-02   2.77441815E-02   2.66627260E-02   2.58592498E-02   2.53432505E-02   2.55701821E-02   2.49282010E-02   2.41407678E-02   2.40588393E-02   2.32304577E-02   2.28584893E-02   2.30170731E-02   2.20446140E-02   2.19658166E-02   2.21024770E-02   2.16290466E-02   2.16658786E-02   2.11979747E-02   2.03736145E-02   2.01283135E-02   1.96743179E-02   1.94349065E-02   1.97564904E-02   1.89416986E-02   1.73270199E-02   1.71995517E-02   1.68489274E-02   1.62727721E-02   1.56076718E-02   1.55746518E-02   1.51314177E-02   1.40614826E-02   1.42255034E-02   1.43091241E-02   1.42442798E-02   1.47308363E-02   1.38882315E-02   1.39515428E-02   1.44444583E-02   1.41104935E-02   1.37842819E-02   1.35596832E-02   1.36846658E-02   1.32899210E-02   1.35854511E-02   1.28417984E-02   1.29835000E-02   1.49720693E-02   1.37118110E-02   1.25860330E-02   1.46943294E-02   1.28677050E-02   1.39083052E-02   1.33329723E-02   1.19876936E-02   1.16671678E-02   1.24168489E-02   9.26008541E-03   1.02787456E-02   6.60116505E-03   6.80306181E-03   4.14458010E-03   2.30575772E-03  -999.000000       5.37927262E-04  -999.000000      -999.000000      -999.000000      -999.000000      -999.000000      -999.000000      -999.000000      -999.000000      -999.000000      -999.000000      -999.000000      -999.000000      -999.000000      -999.000000      -999.000000      -999.000000      -999.000000      -999.000000      -999.000000      -999.000000      -999.000000      -999.000000      -999.000000      -999.000000      -999.000000      -999.000000      -999.000000      -999.000000      -7.58683085E-02  -7.28352517E-02  -6.97560459E-02  -6.73614368E-02  -6.37808442E-02  -6.11481853E-02  -5.82023636E-02  -5.53657785E-02  -5.33229299E-02  -5.12382686E-02  -4.86005731E-02  -4.68849130E-02  -4.38930355E-02  -4.12885360E-02  -3.96601707E-02  -3.77688035E-02  -3.63699570E-02  -3.42084877E-02  -3.14822569E-02  -2.94241644E-02  -2.81354636E-02  -2.69008465E-02  -2.52665803E-02  -2.39168257E-02  -2.25367025E-02  -2.11896375E-02  -1.94386579E-02  -1.73866749E-02  -1.57840215E-02  -1.47183314E-02  -1.35660172E-02  -1.18725300E-02  -1.05664432E-02  -9.61304456E-03  -7.97799230E-03  -6.84889406E-03  -5.35660982E-03  -4.59449738E-03  -3.58033925E-03  -2.40201503E-03  -1.07438862E-03   3.73460352E-04   1.37060136E-03   2.15764344E-03   2.72707641E-03   3.91884148E-03   3.42240185E-03   3.99114937E-03   4.59748507E-03   4.57553566E-03   4.17744368E-03   4.33223695E-03   3.31515819E-03   2.91948766E-03  -4.43339348E-04  -1.44556165E-03  -4.34574485E-03  -7.52351433E-03  -8.85657966E-03  -1.10663697E-02  -9.74491239E-03  -9.78770852E-03
        1067   23.1879997     10:33:01.388   4.50078808E-02   4.90663648E-02   4.86524850E-02   4.35099155E-02   4.66929264E-02   4.47091050E-02   4.64442559E-02   4.06724028E-02   4.25866842E-02   3.95372212E-02   3.71990539E-02   3.45757827E-02   3.51572558E-02   3.35672423E-02   3.14292572E-02   3.16665582E-02   2.97709499E-02   2.93900147E-02   2.83384714E-02   2.72671673E-02   2.71741860E-02   2.65627317E-02   2.62392443E-02   2.53432505E-02   2.53801774E-02   2.50181966E-02   2.51107644E-02   2.37888228E-02   2.37704404E-02   2.31184661E-02   2.23570522E-02   2.25945897E-02   2.18858030E-02   2.17224639E-02   2.17090324E-02   2.12158710E-02   2.11979672E-02   2.05936078E-02   2.05783136E-02   1.99843217E-02   2.02949084E-02   1.97464954E-02   1.93316918E-02   2.13669986E-02   2.09794920E-02   2.07588114E-02   2.02225931E-02   2.06374116E-02   1.91842951E-02   1.87909678E-02   1.89309735E-02   1.85650103E-02   1.89286768E-02   1.89039186E-02   1.79005638E-02   1.89080425E-02   1.86114255E-02   1.83143970E-02   1.82704795E-02   1.84142962E-02   1.81497037E-02   1.80646610E-02   1.79898851E-02   1.76353846E-02   1.78217273E-02   1.79734416E-02   1.68420598E-02   1.91218350E-02   1.77660752E-02   1.78143755E-02   1.90577358E-02   1.62383039E-02   1.72128789E-02   1.69874802E-02   1.56667773E-02   1.54961944E-02   1.35290585E-02   1.45172942E-02   1.13992197E-02   9.45043191E-03   7.96123873E-03   3.94151313E-03   1.85178593E-03   4.29219846E-03   3.10138450E-04   2.06441432E-03   5.11030527E-03  -999.000000      -999.000000      -999.000000      -999.000000      -999.000000      -999.000000      -999.000000      -999.000000      -999.000000      -999.000000      -999.000000      -999.000000      -999.000000      -999.000000      -999.000000      -999.000000      -999.000000      -999.000000      -999.000000      -999.000000      -999.000000      -999.000000      -999.000000      -999.000000      -999.000000      -999.000000      -7.26747438E-02  -6.92155287E-02  -6.68809339E-02  -6.30003586E-02  -6.01876937E-02  -5.84818721E-02  -5.54152876E-02  -5.32024167E-02  -5.01377545E-02  -4.79100570E-02  -4.58743945E-02  -4.35425155E-02  -4.20380197E-02  -4.01696526E-02  -3.72782834E-02  -3.52194272E-02  -3.32079716E-02  -2.99317501E-02  -2.82336846E-02  -2.66450420E-02  -2.56804973E-02  -2.44263001E-02  -2.26666443E-02  -2.17965990E-02  -2.05796212E-02  -1.87786482E-02  -1.70966126E-02  -1.49638876E-02  -1.40281022E-02  -1.17157102E-02  -1.06821507E-02  -9.36598331E-03  -8.37253034E-03  -6.92746788E-03  -5.81837445E-03  -4.87608463E-03  -3.61400843E-03  -2.23989040E-03  -1.34155154E-03   3.66076827E-04   1.45394355E-03   2.64113396E-03   3.38820368E-03   3.37763876E-03   4.64939326E-03   4.54293191E-03   5.05161285E-03   5.70784509E-03   5.59572130E-03   6.06741756E-03   5.29187918E-03   4.25440073E-03   2.07827240E-03   7.34761357E-04  -2.24816799E-03  -4.81929630E-03  -7.76775181E-03  -9.38148797E-03  -1.11719817E-02  -1.18910521E-02  -1.01640224E-02
        1068   23.3379993     10:33:01.637   3.90478112E-02   5.81962913E-02   4.92023975E-02   4.36198525E-02   4.74029146E-02   4.65191044E-02   4.35042232E-02   4.02323864E-02   4.26266827E-02   4.00671996E-02   3.83890420E-02   3.46158072E-02   3.79572660E-02   3.29072513E-02   3.15692872E-02   3.19165848E-02   3.01209670E-02   2.96700206E-02   2.90484801E-02   2.73671746E-02   2.74741948E-02   2.64627431E-02   2.69292369E-02   2.55432501E-02   2.56801769E-02   2.54081786E-02   2.43307427E-02   2.36887932E-02   2.37604044E-02   2.42384244E-02   2.19470039E-02   2.33845450E-02   2.22057700E-02   2.16424465E-02   2.14790124E-02   2.14358605E-02   2.05979533E-02   2.03735959E-02   2.04183068E-02   1.99943148E-02   1.95049141E-02   2.00664941E-02   1.98016800E-02   1.83569565E-02   1.83793940E-02   1.79386232E-02   1.72023065E-02   1.77369937E-02   1.63237229E-02   1.61902439E-02   1.62201580E-02   1.57042146E-02   1.67479739E-02   1.60133485E-02   1.60401277E-02   1.58277377E-02   1.54912369E-02   1.59142986E-02   1.58504620E-02   1.57543197E-02   1.56697370E-02   1.51246544E-02   1.55298188E-02   1.42852729E-02   1.62516069E-02   1.56733487E-02   1.47920363E-02   1.60618722E-02   1.62161440E-02   1.44944480E-02   1.55577743E-02   1.39882900E-02   1.54827256E-02   1.58071294E-02   1.24861384E-02   1.32451318E-02   1.22373980E-02   9.74495150E-03   1.06760859E-02   8.63620173E-03   4.52587008E-03   4.46469570E-03   5.33395912E-04   5.72999939E-04   2.75986968E-03  -999.000000       2.14939518E-03  -999.000000      -999.000000      -999.000000      -999.000000      -999.000000      -999.000000      -999.000000      -999.000000      -999.000000      -999.000000      -999.000000      -999.000000      -999.000000      -999.000000      -999.000000      -999.000000      -999.000000      -999.000000      -999.000000      -999.000000      -999.000000      -999.000000      -999.000000      -999.000000      -999.000000      -7.51077309E-02  -7.25247040E-02  -6.88054860E-02  -6.59709051E-02  -6.24203235E-02  -6.07976615E-02  -5.79418428E-02  -5.58152609E-02  -5.28923646E-02  -5.01477048E-02  -4.81900051E-02  -4.54943404E-02  -4.32724692E-02  -4.17679735E-02  -3.93295772E-02  -3.73882093E-02  -3.49093489E-02  -3.29078883E-02  -3.16117145E-02  -3.06337066E-02  -2.87851430E-02  -2.71806791E-02  -2.60166153E-02  -2.44471207E-02  -2.34772265E-02  -2.15503648E-02  -1.97793916E-02  -1.85772702E-02  -1.67644247E-02  -1.58684961E-02  -1.35159791E-02  -1.23222768E-02  -1.12960413E-02  -9.63251293E-03  -8.78737122E-03  -7.27826357E-03  -6.10600412E-03  -5.20398468E-03  -3.73992324E-03  -2.66160071E-03  -1.34396553E-03  -4.56035137E-04   9.71227884E-04   1.84832513E-03   2.73779780E-03   2.84952670E-03   3.63300741E-03   4.32158262E-03   5.05763292E-03   5.23526222E-03   4.35657799E-03   4.28051502E-03   3.57241929E-03   2.19552219E-03   8.40932131E-04  -1.03314221E-03  -5.57573140E-03  -7.03535974E-03  -8.72014463E-03  -1.19818002E-02  -9.10162926E-03  -9.50487703E-03
        1069   23.4939995     10:33:01.887   5.26477545E-02   5.26562333E-02   3.45423557E-02   4.82298285E-02   4.25628833E-02   4.20990847E-02   3.50641795E-02   4.00523730E-02   3.80366780E-02   3.49772014E-02   3.14790532E-02   3.42958048E-02   3.23672816E-02   2.79072598E-02   2.91992966E-02   2.83065997E-02   2.72109751E-02   2.54500303E-02   2.59284787E-02   2.46571749E-02   2.33441889E-02   2.39127409E-02   2.32592262E-02   2.31432356E-02   2.27701701E-02   2.22181715E-02   2.13907287E-02   2.08087657E-02   2.11803783E-02   1.95283908E-02   2.02369764E-02   2.00845115E-02   1.90757532E-02   1.92524269E-02   1.91189963E-02   1.94558501E-02   1.82979405E-02   1.80435870E-02   1.83083061E-02   1.75343081E-02   1.77349169E-02   1.74164940E-02   1.69816688E-02   1.69369224E-02   1.62593257E-02   1.62185002E-02   1.58121176E-02   1.49967261E-02   1.43033611E-02   1.46897854E-02   1.33296503E-02   1.44237252E-02   1.40875354E-02   1.41029945E-02   1.43998582E-02   1.40675483E-02   1.36311231E-02   1.33842379E-02   1.42804552E-02   1.30443359E-02   1.29697546E-02   1.41646490E-02   1.23797813E-02   1.33052012E-02   1.41015323E-02   1.17932875E-02   1.51420198E-02   1.29418913E-02   1.28461858E-02   1.42644849E-02   1.19577963E-02   1.28682740E-02   1.48326214E-02   9.55689885E-03   1.43057304E-02   1.17244571E-02   7.60634802E-03   1.11634787E-02   7.31411669E-03   3.15354764E-03   5.52250911E-03  -999.000000       5.58144879E-04  -999.000000      -999.000000      -999.000000       1.04260398E-03  -999.000000      -999.000000      -999.000000      -999.000000      -999.000000      -999.000000      -999.000000      -999.000000      -999.000000      -999.000000      -999.000000      -999.000000      -999.000000      -999.000000      -999.000000      -999.000000      -999.000000      -999.000000      -999.000000      -999.000000      -999.000000      -999.000000      -999.000000      -999.000000      -999.000000      -7.56591633E-02  -7.21261576E-02  -6.84869364E-02  -6.64523691E-02  -6.27817959E-02  -6.00191355E-02  -5.74333109E-02  -5.52067235E-02  -5.23338094E-02  -5.04591689E-02  -4.78714481E-02  -4.55557927E-02  -4.32639085E-02  -4.07894216E-02  -3.92810218E-02  -3.71496566E-02  -3.45707946E-02  -3.26393247E-02  -3.14031839E-02  -2.92751938E-02  -2.84466855E-02  -2.72822902E-02  -2.55282968E-02  -2.38589011E-02  -2.31491029E-02  -2.14623101E-02  -1.99113227E-02  -1.84191614E-02  -1.66762322E-02  -1.55202299E-02  -1.38676316E-02  -1.23238489E-02  -1.07975304E-02  -8.98395479E-03  -8.04879516E-03  -6.96967542E-03  -5.21744043E-03  -4.30544466E-03  -3.46142799E-03  -1.56311691E-03  -7.15456903E-04   3.32504511E-04   1.51979178E-03   2.21692771E-03   3.49640101E-03   3.93811613E-03   4.21156734E-03   4.00006026E-03   5.41601330E-03   5.21349162E-03   4.66457754E-03   5.34817576E-03   4.04968113E-03   1.75230205E-03   1.39705837E-03  -2.60775536E-03  -4.59127128E-03  -6.97156787E-03  -1.03670508E-02  -1.21793747E-02  -1.00797117E-02  -1.18031129E-02
        1070   23.6509991     10:33:02.143   5.64677455E-02   4.00762521E-02   5.11623323E-02   5.00798337E-02   4.60028760E-02   4.50690947E-02   4.42241840E-02   4.44423743E-02   3.94466892E-02   4.11472097E-02   3.78790759E-02   3.76258343E-02   3.24572921E-02   3.54172587E-02   3.27792913E-02   3.15466076E-02   3.08209807E-02   3.03500295E-02   2.97884978E-02   2.79271640E-02   2.83141918E-02   2.75227465E-02   2.59392336E-02   2.62032505E-02   2.68501714E-02   2.52081677E-02   2.52807308E-02   2.58287732E-02   2.37703789E-02   2.40483880E-02   2.46669780E-02   2.23545078E-02   2.34157536E-02   2.28524301E-02   2.22089998E-02   2.20258571E-02   2.21679471E-02   2.14235894E-02   2.05783062E-02   2.06843130E-02   2.08449196E-02   2.01465040E-02   1.99616719E-02   1.91469267E-02   1.89293157E-02   1.87984835E-02   1.82120893E-02   1.78266764E-02   1.79732945E-02   1.69197023E-02   1.73195451E-02   1.69036295E-02   1.63574442E-02   1.71929225E-02   1.66498031E-02   1.65075064E-02   1.68010984E-02   1.64442249E-02   1.67804491E-02   1.65143367E-02   1.66397579E-02   1.61546469E-02   1.57697741E-02   1.60751939E-02   1.57915205E-02   1.60832778E-02   1.70320198E-02   1.53918983E-02   1.73262004E-02   1.50045026E-02   1.51878074E-02   1.64782833E-02   1.51326125E-02   1.47868693E-02   1.45856682E-02   1.26543446E-02   1.49161639E-02   1.02832103E-02   1.08337505E-02   9.59304534E-03   4.63186391E-03   4.48960532E-03   1.81712909E-03  -999.000000       5.13219647E-03  -999.000000       1.77123491E-03  -999.000000      -999.000000      -999.000000      -999.000000      -999.000000      -999.000000      -999.000000      -999.000000      -999.000000      -999.000000      -999.000000      -999.000000      -999.000000      -999.000000      -999.000000      -999.000000      -999.000000      -999.000000      -999.000000      -999.000000      -999.000000      -999.000000      -999.000000      -999.000000      -999.000000      -7.50946924E-02  -7.17316791E-02  -6.86224625E-02  -6.58179000E-02  -6.27973303E-02  -5.97046688E-02  -5.69888465E-02  -5.49522452E-02  -5.18893413E-02  -4.90246937E-02  -4.77869734E-02  -4.52413186E-02  -4.30094302E-02  -4.05749530E-02  -3.85865532E-02  -3.60951759E-02  -3.49663161E-02  -3.26048434E-02  -3.16687152E-02  -2.96507254E-02  -2.81722434E-02  -2.65578441E-02  -2.58538760E-02  -2.42545046E-02  -2.27847062E-02  -2.14479268E-02  -2.02769525E-02  -1.87047757E-02  -1.64618418E-02  -1.54958107E-02  -1.41532011E-02  -1.25694126E-02  -1.10630840E-02  -9.96950269E-03  -8.22432339E-03  -6.97520375E-03  -5.92297316E-03  -4.11097705E-03  -3.76695395E-03  -2.51866132E-03  -9.10997391E-04   3.76977026E-04   1.70426816E-03   1.81141496E-03   2.66089290E-03   3.74261290E-03   3.74604762E-03   4.78453934E-03   4.88047302E-03   5.22790104E-03   5.01894951E-03   4.89250571E-03   4.45391983E-03   2.02643871E-03   4.21062112E-04  -1.16387010E-03  -5.73757291E-03  -6.81804121E-03  -8.26362520E-03  -1.14161298E-02  -9.35657322E-03  -1.04000196E-02
        1071   23.8050003     10:33:02.390   4.84777465E-02   4.53562140E-02   4.67123725E-02   4.70798165E-02   4.40728813E-02   4.32190895E-02   4.47341949E-02   4.30223867E-02   4.06666808E-02   3.98372225E-02   3.80790867E-02   3.66658159E-02   3.41672935E-02   3.42972614E-02   3.27693000E-02   3.21866199E-02   3.07310000E-02   3.06200460E-02   2.94284932E-02   2.81971805E-02   2.86942106E-02   2.72327643E-02   2.78892517E-02   2.70132553E-02   2.55601853E-02   2.60881782E-02   2.55707391E-02   2.54487805E-02   2.42203865E-02   2.46583968E-02   2.45869812E-02   2.35445220E-02   2.39557568E-02   2.32924391E-02   2.34690048E-02   2.26058625E-02   2.23779567E-02   2.20135953E-02   2.21683141E-02   2.13643201E-02   2.16949265E-02   2.10765079E-02   2.08116807E-02   2.15969328E-02   2.13793293E-02   2.09884960E-02   2.08320972E-02   1.99566893E-02   1.97133049E-02   1.85697097E-02   1.87895540E-02   1.92536246E-02   1.83674451E-02   1.87129192E-02   1.86698008E-02   1.80575009E-02   1.81010962E-02   1.79142226E-02   1.76704489E-02   1.79943331E-02   1.80197600E-02   1.69446487E-02   1.74997766E-02   1.75851937E-02   1.66715216E-02   1.76832806E-02   1.76620279E-02   1.71819050E-02   1.74662098E-02   1.80045161E-02   1.62978284E-02   1.79783050E-02   1.52526442E-02   1.70669015E-02   1.54857058E-02   1.40143838E-02   1.34362075E-02   1.17732538E-02   1.13037955E-02   1.02630928E-02   8.70191399E-03   4.45965212E-03   5.06716454E-03   2.04615807E-03  -999.000000       3.01545230E-03   5.83119225E-03  -999.000000      -999.000000      -999.000000      -999.000000      -999.000000      -999.000000      -999.000000      -999.000000      -999.000000      -999.000000      -999.000000      -999.000000      -999.000000      -999.000000      -999.000000      -999.000000      -999.000000      -999.000000      -999.000000      -999.000000      -999.000000      -999.000000      -999.000000      -999.000000      -999.000000      -7.61687383E-02  -7.27057159E-02  -6.95565045E-02  -6.67419285E-02  -6.40313625E-02  -6.13987036E-02  -5.87728843E-02  -5.56862876E-02  -5.29733822E-02  -5.11187352E-02  -4.85110134E-02  -4.62853462E-02  -4.40034792E-02  -4.16889861E-02  -3.96405980E-02  -3.72792147E-02  -3.53303589E-02  -3.33888903E-02  -3.07827406E-02  -2.95347571E-02  -2.77162716E-02  -2.61018723E-02  -2.48579159E-02  -2.43785307E-02  -2.24787444E-02  -2.08019689E-02  -1.97409987E-02  -1.77288242E-02  -1.62458979E-02  -1.50498562E-02  -1.34372488E-02  -1.21034607E-02  -1.04871318E-02  -9.47354734E-03  -8.02837312E-03  -6.57925010E-03  -5.87701052E-03  -4.18502092E-03  -3.03099304E-03  -1.42270327E-03  -6.85036182E-04   2.02938914E-04   1.67022645E-03   2.45737284E-03   2.79686600E-03   3.72857600E-03   4.16202098E-03   4.68051434E-03   4.69644368E-03   4.42390144E-03   5.69494814E-03   4.19849902E-03   3.63992155E-03   2.57245451E-03   3.47070396E-04  -1.96787715E-03  -4.59156185E-03  -9.34204459E-03  -1.11476481E-02  -1.08301342E-02  -1.21706054E-02  -9.93409008E-03
        1072   23.8969994     10:33:02.639   5.26577085E-02   4.63862456E-02   4.81823459E-02   4.73598428E-02   4.62528914E-02   4.58990932E-02   4.47541960E-02   4.48623821E-02   4.17266861E-02   4.03372124E-02   3.75490747E-02   3.72658186E-02   3.46872769E-02   3.49772573E-02   3.25792991E-02   3.20766121E-02   3.13209891E-02   3.03400289E-02   2.97784973E-02   2.91271694E-02   2.83941962E-02   2.77827401E-02   2.74092350E-02   2.69132480E-02   2.56501827E-02   2.59881709E-02   2.51807310E-02   2.54487749E-02   2.48503834E-02   2.47383919E-02   2.41669826E-02   2.35345140E-02   2.39557531E-02   2.31424309E-02   2.25089993E-02   2.20158529E-02   2.23779511E-02   2.21735891E-02   2.14083102E-02   2.09043156E-02   2.05949154E-02   2.09265053E-02   2.05816738E-02   2.07269322E-02   2.10593287E-02   2.02085078E-02   2.02221218E-02   1.94867346E-02   1.90233700E-02   1.86997876E-02   1.81996487E-02   1.81337204E-02   1.82275306E-02   1.82229914E-02   1.78698581E-02   1.73775461E-02   1.78111214E-02   1.78442355E-02   1.76504515E-02   1.70743316E-02   1.65497549E-02   1.67546514E-02   1.66497808E-02   1.65952053E-02   1.71115324E-02   1.70132890E-02   1.71120223E-02   1.73618961E-02   1.64261907E-02   1.75844934E-02   1.61778033E-02   1.63282864E-02   1.58926342E-02   1.56369172E-02   1.50257479E-02   1.52944801E-02   1.21063702E-02   1.38035025E-02   1.04441410E-02   9.00357217E-03   8.10253154E-03   6.21045195E-03   3.11816996E-03   3.44726862E-03  -999.000000       9.26809851E-04   4.54258360E-03  -999.000000      -999.000000      -999.000000      -999.000000      -999.000000      -999.000000      -999.000000      -999.000000      -999.000000      -999.000000      -999.000000      -999.000000      -999.000000      -999.000000      -999.000000      -999.000000      -999.000000      -999.000000      -999.000000      -999.000000      -999.000000      -999.000000      -999.000000      -999.000000      -999.000000      -7.61131942E-02  -7.25001842E-02  -6.93009645E-02  -6.75463900E-02  -6.35158196E-02  -6.08531646E-02  -5.78473359E-02  -5.53107560E-02  -5.36078513E-02  -5.08431941E-02  -4.84854728E-02  -4.63698208E-02  -4.38379385E-02  -4.14334424E-02  -3.88750620E-02  -3.74736749E-02  -3.58448215E-02  -3.36133614E-02  -3.14172134E-02  -2.98092254E-02  -2.82207169E-02  -2.66163051E-02  -2.59823278E-02  -2.44829394E-02  -2.28631273E-02  -2.11763345E-02  -1.97553635E-02  -1.85031854E-02  -1.64102726E-02  -1.50442533E-02  -1.33016706E-02  -1.21678784E-02  -1.03315637E-02  -9.08799469E-03  -8.68283957E-03  -6.50371611E-03  -5.24147600E-03  -4.01948392E-03  -2.71545351E-03  -1.76715851E-03  -3.49491835E-04   5.58473170E-04   1.44577026E-03   2.37290561E-03   3.43237817E-03   3.95410508E-03   4.62754816E-03   4.52604145E-03   5.18199801E-03   4.42947447E-03   5.07056713E-03   4.89416718E-03   3.77567112E-03   3.70829552E-03   3.83049250E-04  -2.51176208E-03  -5.35526872E-03  -7.61558861E-03  -1.04910508E-02  -1.22433901E-02  -1.12537593E-02  -9.73716378E-03
        1073   23.9589996     10:33:02.888   4.53277119E-02   5.55762686E-02   4.46623936E-02   4.73998375E-02   4.72128838E-02   4.67391014E-02   4.20041904E-02   4.34423648E-02   4.11667041E-02   3.91172282E-02   3.70590687E-02   3.54558341E-02   3.54472660E-02   3.28672677E-02   3.29293013E-02   3.13966163E-02   3.03809959E-02   2.86700297E-02   2.89484914E-02   2.79271677E-02   2.73542032E-02   2.77127530E-02   2.58692484E-02   2.59432457E-02   2.58701872E-02   2.49181818E-02   2.43307371E-02   2.41487809E-02   2.44903825E-02   2.24284027E-02   2.32569873E-02   2.29945220E-02   2.25757603E-02   2.23124400E-02   2.21390072E-02   2.21058596E-02   2.06679497E-02   2.08135936E-02   2.05783118E-02   2.01343168E-02   2.05949191E-02   1.99065097E-02   2.00416744E-02   1.91469360E-02   1.82193369E-02   1.86385121E-02   1.79021284E-02   1.76667422E-02   1.75133739E-02   1.64797958E-02   1.66096538E-02   1.62637215E-02   1.57975312E-02   1.65829901E-02   1.62298568E-02   1.62875429E-02   1.64011195E-02   1.61042362E-02   1.60404500E-02   1.52543327E-02   1.58997551E-02   1.46246497E-02   1.50797814E-02   1.57752056E-02   1.50115350E-02   1.53032895E-02   1.59820244E-02   1.46118971E-02   1.57261956E-02   1.61345005E-02   1.37378145E-02   1.70182958E-02   1.37126492E-02   1.46769341E-02   1.56657677E-02   1.12644993E-02   1.21063925E-02   1.24835260E-02   6.35416340E-03   9.61359497E-03   4.72255424E-03   4.30474989E-04   5.71818929E-03   3.77287623E-04  -999.000000       4.54680063E-03  -999.000000      -999.000000      -999.000000      -999.000000      -999.000000      -999.000000      -999.000000      -999.000000      -999.000000      -999.000000      -999.000000      -999.000000      -999.000000      -999.000000      -999.000000      -999.000000      -999.000000      -999.000000      -999.000000      -999.000000      -999.000000      -999.000000      -999.000000      -999.000000      -999.000000      -999.000000      -999.000000      -7.25882128E-02  -7.06590042E-02  -6.74644262E-02  -6.36938512E-02  -6.18411936E-02  -5.83253726E-02  -5.53887710E-02  -5.38358763E-02  -5.06212190E-02  -4.89435121E-02  -4.67778519E-02  -4.40059714E-02  -4.23914753E-02  -4.05430757E-02  -3.77817042E-02  -3.60828452E-02  -3.40213776E-02  -3.01952362E-02  -2.82572471E-02  -2.69087479E-02  -2.54343376E-02  -2.40903609E-02  -2.29409598E-02  -2.20911503E-02  -2.07843669E-02  -1.89833865E-02  -1.72112212E-02  -1.53883062E-02  -1.44422911E-02  -1.25796869E-02  -1.16859153E-02  -9.82960314E-03  -8.26602429E-03  -7.36086071E-03  -5.95173985E-03  -5.07950783E-03  -3.48751247E-03  -2.66348571E-03  -1.65518373E-03  -6.75320625E-05   1.19043887E-03   1.87773257E-03   2.73487717E-03   3.07434797E-03   3.86608392E-03   4.25951928E-03   3.97802889E-03   5.34398109E-03   4.48145717E-03   5.62254339E-03   5.17616421E-03   2.56766379E-03   3.54028493E-03  -1.54957175E-04  -2.34975666E-03  -3.60326469E-03  -8.32359493E-03  -8.66907835E-03  -1.01914108E-02  -1.10917687E-02  -7.71521032E-03
        1074   24.0200005     10:33:03.135   6.83177561E-02   4.02362347E-02   4.67923619E-02   5.48998266E-02   4.65428941E-02   4.47390936E-02   4.32141908E-02   4.90023680E-02   4.04966809E-02   4.04672064E-02   3.64290699E-02   4.08958271E-02   3.26272771E-02   3.36572640E-02   3.47492918E-02   3.11966054E-02   3.00909821E-02   3.03300265E-02   3.02184783E-02   2.80071646E-02   2.79942006E-02   2.72127371E-02   2.66192295E-02   2.63132490E-02   2.61601694E-02   2.57881619E-02   2.40407214E-02   2.47887764E-02   2.46903766E-02   2.26783920E-02   2.49869749E-02   2.26045139E-02   2.23357547E-02   2.27624327E-02   2.17689965E-02   2.16558501E-02   2.17779428E-02   2.11235899E-02   2.01883037E-02   2.08243132E-02   2.06049103E-02   1.96664948E-02   1.95616707E-02   2.02569216E-02   1.93293206E-02   1.98985059E-02   1.91321187E-02   1.82867311E-02   1.83633622E-02   1.72997825E-02   1.72096435E-02   1.76837184E-02   1.67075321E-02   1.76829975E-02   1.68598611E-02   1.63875483E-02   1.65711232E-02   1.71042383E-02   1.61404535E-02   1.61243342E-02   1.65997557E-02   1.59946494E-02   1.52497785E-02   1.72052048E-02   1.48615325E-02   1.62932891E-02   1.72020197E-02   1.45418923E-02   1.73161831E-02   1.66044850E-02   1.37477946E-02   1.78182758E-02   1.37226190E-02   1.38168987E-02   1.79457311E-02   1.00844577E-02   1.37263481E-02   1.37234796E-02   5.71411662E-03   1.19035486E-02   5.18250931E-03   2.10042670E-03   5.71814924E-03  -999.000000       2.45346571E-03   5.25681628E-03  -999.000000      -999.000000      -999.000000      -999.000000      -999.000000      -999.000000      -999.000000      -999.000000      -999.000000      -999.000000      -999.000000      -999.000000      -999.000000      -999.000000      -999.000000      -999.000000      -999.000000      -999.000000      -999.000000      -999.000000      -999.000000      -999.000000      -999.000000      -999.000000      -999.000000      -999.000000      -999.000000      -7.33321682E-02  -7.15129524E-02  -6.85083717E-02  -6.44878149E-02  -6.23551458E-02  -5.93793280E-02  -5.64627275E-02  -5.47698215E-02  -5.15351817E-02  -4.96474579E-02  -4.76217940E-02  -4.49799262E-02  -4.35154252E-02  -4.03070413E-02  -3.79856564E-02  -3.72668020E-02  -3.48853320E-02  -3.09191942E-02  -2.92112082E-02  -2.73826979E-02  -2.62582973E-02  -2.51743197E-02  -2.35049240E-02  -2.25351155E-02  -2.12583132E-02  -1.92073323E-02  -1.77951753E-02  -1.63722485E-02  -1.48562342E-02  -1.31336451E-02  -1.18498579E-02  -1.04835480E-02  -9.21997428E-03  -8.18481296E-03  -6.34568930E-03  -5.39345294E-03  -4.04145569E-03  -3.19743901E-03  -2.17913091E-03  -8.21478665E-04   4.06488776E-04   1.26377493E-03   2.56092101E-03   2.85039097E-03   4.00211662E-03   3.64554673E-03   4.18405980E-03   5.25999814E-03   4.41747159E-03   5.26856631E-03   4.30217385E-03   2.96366960E-03   3.64629924E-03  -1.98960304E-04  -2.79376656E-03  -3.61727178E-03  -8.41758400E-03  -8.75304639E-03  -1.10253990E-02  -1.25157237E-02  -1.00991353E-02
        1075   24.0830002     10:33:03.384   6.86577484E-02   4.02162783E-02   5.07923737E-02   5.53098470E-02   4.62228768E-02   4.57590744E-02   4.30141874E-02   4.89723533E-02   4.00466919E-02   4.01672125E-02   3.73190492E-02   4.12358046E-02   3.35672684E-02   3.42172571E-02   3.50892879E-02   3.23465951E-02   3.11409701E-02   3.08500286E-02   3.05084810E-02   2.83771548E-02   2.89441906E-02   2.80727390E-02   2.73892283E-02   2.71932334E-02   2.63401717E-02   2.63681598E-02   2.53707245E-02   2.60987747E-02   2.53003780E-02   2.39583962E-02   2.46569756E-02   2.38545164E-02   2.41057519E-02   2.40424275E-02   2.24989969E-02   2.30558515E-02   2.31279433E-02   2.24735904E-02   2.18683016E-02   2.19943039E-02   2.16149054E-02   2.10764911E-02   2.12116670E-02   2.16769241E-02   2.09793374E-02   2.09885240E-02   2.06021518E-02   1.95067748E-02   2.00734343E-02   1.81198753E-02   1.90097503E-02   1.86938196E-02   1.81676243E-02   1.82530694E-02   1.84799209E-02   1.82475876E-02   1.79611500E-02   1.83942523E-02   1.83904562E-02   1.72843318E-02   1.83097534E-02   1.72846466E-02   1.67597868E-02   1.76752154E-02   1.69615448E-02   1.83932967E-02   1.85420234E-02   1.59918834E-02   1.81761738E-02   1.78544726E-02   1.49877816E-02   1.77682675E-02   1.48726264E-02   1.71369296E-02   1.67657938E-02   1.30445743E-02   1.46365399E-02   1.10737551E-02   9.24449228E-03   1.15240617E-02   6.67316606E-03   3.87126766E-03   6.37918524E-03  -999.000000       3.88475321E-03   2.60819076E-03  -999.000000      -999.000000      -999.000000      -999.000000      -999.000000      -999.000000      -999.000000      -999.000000      -999.000000      -999.000000      -999.000000      -999.000000      -999.000000      -999.000000      -999.000000      -999.000000      -999.000000      -999.000000      -999.000000      -999.000000      -999.000000      -999.000000      -999.000000      -999.000000      -999.000000      -999.000000      -999.000000      -7.22486526E-02  -6.95894361E-02  -6.67548552E-02  -6.38042912E-02  -6.06316291E-02  -5.78557923E-02  -5.51992059E-02  -5.27663082E-02  -5.01316488E-02  -4.78539467E-02  -4.59182858E-02  -4.32564095E-02  -4.18519154E-02  -3.92235294E-02  -3.70921530E-02  -3.55532877E-02  -3.29518355E-02  -3.03556733E-02  -2.83976831E-02  -2.69691683E-02  -2.63147578E-02  -2.49907486E-02  -2.32013352E-02  -2.17915066E-02  -2.08847001E-02  -1.91637166E-02  -1.76915601E-02  -1.59586631E-02  -1.45826638E-02  -1.30600780E-02  -1.15563273E-02  -1.06800199E-02  -9.09645110E-03  -8.20130110E-03  -6.60218298E-03  -5.57994097E-03  -4.30794060E-03  -3.16390395E-03  -2.62559950E-03  -9.37946141E-04   3.00034881E-05   1.28728896E-03   1.45442784E-03   3.30389291E-03   3.10560316E-03   4.58905101E-03   3.62756848E-03   4.48353589E-03   4.41104174E-03   4.61217761E-03   4.91585582E-03   3.82742286E-03   2.62013823E-03   1.89503282E-03  -3.16962600E-03  -5.17295301E-03  -6.82312995E-03  -1.05084479E-02  -1.00806430E-02  -1.07708573E-02  -1.02642179E-02
        1076   24.1819992     10:33:03.633   5.33277318E-02   4.51262705E-02   5.11723571E-02   4.81498428E-02   4.70428914E-02   4.54290770E-02   4.70141992E-02   4.43423577E-02   4.20666970E-02   4.04372253E-02   3.97190638E-02   3.78458239E-02   3.49972770E-02   3.51372585E-02   3.38292941E-02   3.24066058E-02   3.12209781E-02   3.08500323E-02   2.96584778E-02   2.92871743E-02   2.89441943E-02   2.74027418E-02   2.75792368E-02   2.71932371E-02   2.64401771E-02   2.62681767E-02   2.57507302E-02   2.55387779E-02   2.50303801E-02   2.51683984E-02   2.43269876E-02   2.36945190E-02   2.40257587E-02   2.37424336E-02   2.33190041E-02   2.28358544E-02   2.23779492E-02   2.17935946E-02   2.21683029E-02   2.12843120E-02   2.10649166E-02   2.13964973E-02   2.08216719E-02   2.04169303E-02   2.02693380E-02   2.01285295E-02   1.92921571E-02   1.88867785E-02   1.91034339E-02   1.78298801E-02   1.79197509E-02   1.74238235E-02   1.76676214E-02   1.76830683E-02   1.75999161E-02   1.73875839E-02   1.75611489E-02   1.72642507E-02   1.78704560E-02   1.68043301E-02   1.77397504E-02   1.62546486E-02   1.69397853E-02   1.72952190E-02   1.68015491E-02   1.72332991E-02   1.75220259E-02   1.63718890E-02   1.77261773E-02   1.76644791E-02   1.72877926E-02   1.68582797E-02   1.65126398E-02   1.68869458E-02   1.63958129E-02   1.42245945E-02   1.45865604E-02   1.30137764E-02   9.01451521E-03   1.05740838E-02   7.01319007E-03   6.75129052E-03   3.77920596E-03   2.79841176E-03   1.14476332E-03   2.18818616E-03   4.17397777E-03  -999.000000      -999.000000      -999.000000      -999.000000      -999.000000      -999.000000      -999.000000      -999.000000      -999.000000      -999.000000      -999.000000      -999.000000      -999.000000      -999.000000      -999.000000      -999.000000      -999.000000      -999.000000      -999.000000      -999.000000      -999.000000      -999.000000      -999.000000      -999.000000      -999.000000      -999.000000      -7.36766756E-02  -7.00774640E-02  -6.74128905E-02  -6.40323237E-02  -6.17396496E-02  -5.82838319E-02  -5.59472442E-02  -5.35543449E-02  -5.04296869E-02  -4.87919748E-02  -4.61363047E-02  -4.33044396E-02  -4.17299531E-02  -3.96415517E-02  -3.71001847E-02  -3.55713181E-02  -3.30298543E-02  -3.08137052E-02  -2.92757191E-02  -2.80872025E-02  -2.61627771E-02  -2.46687792E-02  -2.38293707E-02  -2.24395432E-02  -2.05827281E-02  -1.94517598E-02  -1.75295882E-02  -1.62166953E-02  -1.47206970E-02  -1.30581185E-02  -1.18343532E-02  -1.01180598E-02  -9.49448347E-03  -8.00932944E-03  -6.19021058E-03  -5.06796688E-03  -3.88596952E-03  -3.36194783E-03  -2.07363069E-03   7.40215182E-05   3.81983817E-04   1.23926252E-03   2.19640136E-03   3.35586071E-03   3.85758281E-03   4.70102578E-03   4.16954607E-03   4.87552583E-03   5.59301674E-03   5.38416952E-03   4.60783392E-03   4.02941555E-03   2.41214037E-03   8.07024539E-04  -1.72763318E-03  -5.52096218E-03  -5.67112863E-03  -8.48646462E-03  -1.09486580E-02  -1.07189119E-02  -8.40227306E-03
        1077   24.3040009     10:33:03.881   4.98677231E-02   5.03562652E-02   4.83223498E-02   4.87198345E-02   4.75728922E-02   4.66990732E-02   4.67141680E-02   4.51123603E-02   4.48966995E-02   4.30172160E-02   4.04090546E-02   3.79758328E-02   3.58672738E-02   3.60272676E-02   3.36292982E-02   3.38166095E-02   3.23509872E-02   3.16300392E-02   3.05584855E-02   3.01071741E-02   2.99841948E-02   2.86327489E-02   2.78692320E-02   2.79632416E-02   2.68201753E-02   2.74281725E-02   2.59407256E-02   2.63787750E-02   2.59203780E-02   2.55183876E-02   2.48269718E-02   2.46445108E-02   2.43257526E-02   2.36524288E-02   2.37589963E-02   2.34158523E-02   2.32679509E-02   2.31435858E-02   2.26183049E-02   2.19043158E-02   2.23149192E-02   2.17064992E-02   2.12016720E-02   2.04069242E-02   1.96393188E-02   2.00484823E-02   1.96020845E-02   1.86566785E-02   1.82133000E-02   1.82596967E-02   1.72595456E-02   1.76936295E-02   1.73874423E-02   1.71429217E-02   1.73998009E-02   1.67875066E-02   1.68311018E-02   1.69842243E-02   1.68604497E-02   1.66543368E-02   1.67897604E-02   1.64546482E-02   1.60497744E-02   1.58451907E-02   1.61615200E-02   1.59132779E-02   1.68220215E-02   1.61318984E-02   1.63161997E-02   1.68344993E-02   1.59178078E-02   1.59182828E-02   1.52726127E-02   1.41868703E-02   1.52956676E-02   1.41043467E-02   1.22461626E-02   1.16832098E-02   1.03637502E-02   7.84304552E-03   8.21186416E-03   2.22960534E-03   3.11712874E-03  -999.000000      -999.000000       1.76546955E-03   3.80123500E-03  -999.000000      -999.000000      -999.000000      -999.000000      -999.000000      -999.000000      -999.000000      -999.000000      -999.000000      -999.000000      -999.000000      -999.000000      -999.000000      -999.000000      -999.000000      -999.000000      -999.000000      -999.000000      -999.000000      -999.000000      -999.000000      -999.000000      -999.000000      -999.000000      -999.000000      -999.000000      -7.37756789E-02  -7.04764575E-02  -6.74418956E-02  -6.41413182E-02  -6.13286495E-02  -5.87228425E-02  -5.58062382E-02  -5.39233424E-02  -5.09586781E-02  -4.86109704E-02  -4.62853014E-02  -4.40234318E-02  -4.26089391E-02  -3.99905480E-02  -3.76491658E-02  -3.57103087E-02  -3.34188417E-02  -3.24127078E-02  -3.04947197E-02  -2.93962322E-02  -2.75718309E-02  -2.62378715E-02  -2.54784934E-02  -2.41887011E-02  -2.23519281E-02  -2.08709501E-02  -1.91187672E-02  -1.74758434E-02  -1.60998069E-02  -1.42171942E-02  -1.28133968E-02  -1.16970763E-02  -1.02834925E-02  -9.38832015E-03  -7.63919204E-03  -6.59696013E-03  -5.47497720E-03  -3.92095000E-03  -2.50265002E-03  -1.48499757E-03  -2.37017870E-04   6.90266490E-04   1.43741816E-03   2.70690024E-03   3.29862535E-03   3.49204987E-03   4.28054482E-03   4.59646434E-03   3.96390259E-03   5.00496477E-03   4.19850647E-03   4.00991738E-03   2.64244527E-03   9.70736146E-05  -1.40786916E-03  -5.34155220E-03  -7.98202306E-03  -1.03376210E-02  -1.07601136E-02  -1.22405663E-02  -8.68400931E-03
        1078   24.4279995     10:33:04.135   5.57677187E-02   4.65362370E-02   5.28623499E-02   4.86698113E-02   4.85528745E-02   4.73190770E-02   4.83441614E-02   4.49823588E-02   4.32166830E-02   4.19472232E-02   3.97190750E-02   3.66558358E-02   3.51872779E-02   3.51572670E-02   3.29193063E-02   3.27766202E-02   3.12209930E-02   3.07900328E-02   2.93184873E-02   2.88371779E-02   2.79142000E-02   2.66327467E-02   2.71092411E-02   2.68032439E-02   2.66501810E-02   2.52981652E-02   2.56607160E-02   2.46087573E-02   2.34003607E-02   2.41483711E-02   2.33469550E-02   2.35444959E-02   2.26557367E-02   2.21624225E-02   2.20689867E-02   2.16458496E-02   2.14879420E-02   2.08935868E-02   2.09483076E-02   2.03643087E-02   2.03649160E-02   2.00664997E-02   1.95616670E-02   1.88269056E-02   1.86192803E-02   1.83384120E-02   1.81319732E-02   1.72865223E-02   1.68530755E-02   1.64094213E-02   1.57992374E-02   1.54433288E-02   1.59271769E-02   1.55527089E-02   1.56496372E-02   1.58273932E-02   1.58110317E-02   1.62241887E-02   1.55804455E-02   1.52143473E-02   1.52997728E-02   1.55946473E-02   1.44597469E-02   1.49251493E-02   1.49514731E-02   1.48632415E-02   1.52020128E-02   1.58919115E-02   1.41462227E-02   1.54345259E-02   1.51778217E-02   1.39682740E-02   1.51025495E-02   1.34367337E-02   1.43054212E-02   1.36139374E-02   1.06355296E-02   1.16023207E-02   7.22256349E-03   6.82144612E-03   7.55983638E-03  -999.000000       1.21396221E-03   3.49266315E-03  -999.000000      -999.000000       3.61713860E-03  -999.000000      -999.000000      -999.000000      -999.000000      -999.000000      -999.000000      -999.000000      -999.000000      -999.000000      -999.000000      -999.000000      -999.000000      -999.000000      -999.000000      -999.000000      -999.000000      -999.000000      -999.000000      -999.000000      -999.000000      -999.000000      -999.000000      -999.000000      -999.000000      -999.000000      -999.000000      -7.39621371E-02  -7.07629323E-02  -6.81483671E-02  -6.48177937E-02  -6.25951439E-02  -5.90493232E-02  -5.66627197E-02  -5.43198064E-02  -5.20451553E-02  -4.90274429E-02  -4.72217798E-02  -4.44098897E-02  -4.22754027E-02  -4.03670073E-02  -3.82456370E-02  -3.64867710E-02  -3.42453122E-02  -3.23991850E-02  -3.04612182E-02  -2.92927586E-02  -2.80683972E-02  -2.65044756E-02  -2.48651691E-02  -2.37954333E-02  -2.23886892E-02  -2.03277133E-02  -1.88154988E-02  -1.75125264E-02  -1.58464462E-02  -1.45737790E-02  -1.32999420E-02  -1.17835701E-02  -9.91996378E-03  -9.17477161E-03  -7.43565708E-03  -6.65342808E-03  -4.81145084E-03  -4.21746075E-03  -3.51915509E-03  -1.56149268E-03  -1.13494694E-04   5.73806465E-04   1.33097172E-03   2.59046257E-03   3.07217985E-03   3.47559154E-03   3.64403427E-03   4.56989557E-03   4.34724241E-03   5.00815362E-03   4.12149727E-03   3.60268354E-03   2.97491997E-03   5.59136271E-04  -2.70624459E-03  -4.43048775E-03  -7.67136365E-03  -1.21373758E-02  -1.12602785E-02  -9.62102413E-03  -1.02145672E-02
        1079   24.5510006     10:33:04.384   5.43878265E-02   4.90363538E-02   4.40024659E-02   4.95699123E-02   4.65629250E-02   4.56591174E-02   4.41142395E-02   4.28323895E-02   4.22266833E-02   3.92672233E-02   3.71690616E-02   3.63258012E-02   3.50572579E-02   3.24972495E-02   3.25892866E-02   3.15665826E-02   3.01909763E-02   2.92900316E-02   2.87684947E-02   2.72671841E-02   2.73542088E-02   2.65427399E-02   2.62392573E-02   2.60332618E-02   2.57701986E-02   2.52981987E-02   2.46207602E-02   2.42388230E-02   2.43204311E-02   2.25184560E-02   2.33470406E-02   2.33945791E-02   2.18057968E-02   2.23924685E-02   2.21390389E-02   2.12058816E-02   2.12579761E-02   2.08936222E-02   2.10383255E-02   1.98243335E-02   2.02849265E-02   1.95165128E-02   1.96416993E-02   1.88269932E-02   1.88494567E-02   1.87987350E-02   1.83624662E-02   1.78972241E-02   1.70740243E-02   1.62006188E-02   1.68805681E-02   1.57746188E-02   1.66283250E-02   1.65636297E-02   1.59103386E-02   1.62278805E-02   1.62213258E-02   1.63143426E-02   1.56604704E-02   1.56543031E-02   1.63397230E-02   1.49046602E-02   1.58498567E-02   1.55653358E-02   1.46016693E-02   1.61434002E-02   1.53420568E-02   1.57418642E-02   1.60261299E-02   1.47744343E-02   1.53077887E-02   1.54783372E-02   1.37528554E-02   1.40073635E-02   1.43065248E-02   1.21757351E-02   1.32583054E-02   1.07162027E-02   8.93773325E-03   8.42839945E-03   4.42863954E-03   4.44818614E-03   3.11765680E-03  -999.000000      -999.000000       2.33896659E-03   1.60477404E-03  -999.000000      -999.000000      -999.000000      -999.000000      -999.000000      -999.000000      -999.000000      -999.000000      -999.000000      -999.000000      -999.000000      -999.000000      -999.000000      -999.000000      -999.000000      -999.000000      -999.000000      -999.000000      -999.000000      -999.000000      -999.000000      -999.000000      -999.000000      -999.000000      -999.000000      -999.000000      -7.33887926E-02  -7.01095834E-02  -6.69550002E-02  -6.38444200E-02  -6.15317486E-02  -5.82059324E-02  -5.59993461E-02  -5.36264628E-02  -5.09818159E-02  -4.84341122E-02  -4.62384410E-02  -4.36665639E-02  -4.20720801E-02  -3.98536958E-02  -3.69423218E-02  -3.50434594E-02  -3.26119959E-02  -3.04058008E-02  -2.86977589E-02  -2.72791572E-02  -2.58946605E-02  -2.47105397E-02  -2.33209543E-02  -2.21209861E-02  -2.09540762E-02  -1.91431008E-02  -1.73510276E-02  -1.54082365E-02  -1.44123919E-02  -1.27199441E-02  -1.14063025E-02  -1.02501065E-02  -9.03660804E-03  -7.82151520E-03  -5.66240400E-03  -5.25011867E-03  -3.46807390E-03  -2.92398781E-03  -1.09566003E-03   1.21980906E-04   1.03988498E-03   1.93710625E-03   2.51419842E-03   3.80364805E-03   4.52540815E-03   4.92892414E-03   4.91755456E-03   5.70370257E-03   4.47148085E-03   5.93298674E-03   5.26719540E-03   3.82940471E-03   3.13288718E-03   1.98855996E-04  -2.46466696E-03  -4.69650328E-03  -8.42555612E-03  -8.16983730E-03  -8.87093693E-03  -1.31204426E-02  -8.19357485E-03
        1080   24.6739998     10:33:04.633   5.82279749E-02   4.30764109E-02   5.02425134E-02   4.90499213E-02   4.45729718E-02   4.38891202E-02   4.25442830E-02   4.46324125E-02   3.80067043E-02   3.85872237E-02   3.66190486E-02   3.70357744E-02   3.22872289E-02   3.31072472E-02   3.25092599E-02   2.99965478E-02   2.89909467E-02   2.83200145E-02   2.83584781E-02   2.68371813E-02   2.67142039E-02   2.67627295E-02   2.45092735E-02   2.57432815E-02   2.49002054E-02   2.46282220E-02   2.27007959E-02   2.38688681E-02   2.35104933E-02   2.14785319E-02   2.35871114E-02   2.18146518E-02   2.15758458E-02   2.18725055E-02   2.10290719E-02   2.09159069E-02   2.02880017E-02   2.03736406E-02   1.98983382E-02   1.93643458E-02   1.99049246E-02   1.90465078E-02   1.84617229E-02   1.95470676E-02   1.83796156E-02   1.84890255E-02   1.84329078E-02   1.75178573E-02   1.74448900E-02   1.62617099E-02   1.66117977E-02   1.64058041E-02   1.55793764E-02   1.65044814E-02   1.61609836E-02   1.57683380E-02   1.58216022E-02   1.61744859E-02   1.62404925E-02   1.53042702E-02   1.64396726E-02   1.50246713E-02   1.44399526E-02   1.54855028E-02   1.43318512E-02   1.49435457E-02   1.65520906E-02   1.31418174E-02   1.57560334E-02   1.53943384E-02   1.21777412E-02   1.55483726E-02   1.43631045E-02   1.28179165E-02   1.62075087E-02   1.14373546E-02   1.19708255E-02   1.12497425E-02   6.52246084E-03   7.64476974E-03   7.27671478E-03  -999.000000       4.44025965E-03  -999.000000      -999.000000       1.79518643E-03  -999.000000      -999.000000      -999.000000      -999.000000      -999.000000      -999.000000      -999.000000      -999.000000      -999.000000      -999.000000      -999.000000      -999.000000      -999.000000      -999.000000      -999.000000      -999.000000      -999.000000      -999.000000      -999.000000      -999.000000      -999.000000      -999.000000      -999.000000      -999.000000      -999.000000      -999.000000      -999.000000      -7.12168962E-02  -6.87976703E-02  -6.53530583E-02  -6.18424751E-02  -5.93698099E-02  -5.70639893E-02  -5.38774133E-02  -5.22845536E-02  -4.89199013E-02  -4.62722033E-02  -4.46465462E-02  -4.14946750E-02  -3.95701751E-02  -3.78218144E-02  -3.55304591E-02  -3.41815986E-02  -3.11201289E-02  -3.16838659E-02  -2.98157595E-02  -2.86470205E-02  -2.70323940E-02  -2.57380642E-02  -2.42382549E-02  -2.34480761E-02  -2.18509808E-02  -2.02900171E-02  -1.83780640E-02  -1.67954639E-02  -1.56398304E-02  -1.36475638E-02  -1.24241225E-02  -1.09180659E-02  -9.82469320E-03  -8.45965743E-03  -6.93057477E-03  -5.89826703E-03  -4.87613678E-03  -3.71194631E-03  -2.39360332E-03  -1.22599304E-03   7.18235970E-05   1.80896372E-03   1.83598697E-03   2.86541879E-03   4.06720489E-03   3.94080579E-03   4.97961044E-03   4.73602861E-03   4.51417267E-03   5.03624231E-03   3.93123180E-03   3.63440067E-03   3.16902250E-03  -2.83405185E-04  -2.95519084E-03  -3.56482714E-03  -8.93218815E-03  -9.08487290E-03  -1.02642924E-02  -1.21625960E-02  -9.51536000E-03
        1081   24.7989998     10:33:04.882   6.51480407E-02   3.08764912E-02   5.00225797E-02   4.80099842E-02   4.10229750E-02   4.02691402E-02   4.28843461E-02   4.17124331E-02   3.62467058E-02   3.69972177E-02   3.64990644E-02   3.82857583E-02   2.90372185E-02   3.37972455E-02   3.15592438E-02   2.89665330E-02   2.86709350E-02   2.85900235E-02   2.75584795E-02   2.50771828E-02   2.66342219E-02   2.47727390E-02   2.38092784E-02   2.46732906E-02   2.35302243E-02   2.34782510E-02   2.30008326E-02   2.40689106E-02   2.09105443E-02   2.12085880E-02   2.26171687E-02   1.96847040E-02   2.14258898E-02   2.08325330E-02   1.99191011E-02   2.00259294E-02   1.99280214E-02   1.99936703E-02   1.88283529E-02   1.93743594E-02   1.92049369E-02   1.82565171E-02   1.82317477E-02   2.11271252E-02   2.11397242E-02   2.12292224E-02   1.97532177E-02   2.00282875E-02   1.95554756E-02   1.76324453E-02   1.85826216E-02   1.82665978E-02   1.85900778E-02   1.90950483E-02   1.75514128E-02   1.79186389E-02   1.74417794E-02   1.77245792E-02   1.70705076E-02   1.72842443E-02   1.73796434E-02   1.52446823E-02   1.73800178E-02   1.56756155E-02   1.54919745E-02   1.68136451E-02   1.57721210E-02   1.58017948E-02   1.80259775E-02   1.42242899E-02   1.69277266E-02   1.71284191E-02   1.34033002E-02   1.74783170E-02   1.26682036E-02   1.44284768E-02   1.50025496E-02   1.01021500E-02   1.05156628E-02   1.01090688E-02   2.39215046E-03   7.85531849E-03   2.46871216E-03  -999.000000       5.26068546E-03  -999.000000      -999.000000      -999.000000      -999.000000      -999.000000      -999.000000      -999.000000      -999.000000      -999.000000      -999.000000      -999.000000      -999.000000      -999.000000      -999.000000      -999.000000      -999.000000      -999.000000      -999.000000      -999.000000      -999.000000      -999.000000      -999.000000      -999.000000      -999.000000      -999.000000      -999.000000      -999.000000      -999.000000      -7.33390003E-02  -7.04197809E-02  -6.65851459E-02  -6.41945526E-02  -6.13518916E-02  -5.80860674E-02  -5.60295135E-02  -5.34766614E-02  -5.08320034E-02  -4.88943234E-02  -4.60186526E-02  -4.39367741E-02  -4.15822864E-02  -3.99039239E-02  -3.77325751E-02  -3.57437246E-02  -3.30422521E-02  -3.18759531E-02  -3.05578001E-02  -2.92189829E-02  -2.74142474E-02  -2.64498033E-02  -2.50898302E-02  -2.39294991E-02  -2.21323073E-02  -2.05213353E-02  -1.85294636E-02  -1.71669833E-02  -1.56614967E-02  -1.38593651E-02  -1.30660534E-02  -1.11000910E-02  -9.94679332E-03  -8.58180225E-03  -7.36273825E-03  -6.18041307E-03  -5.04821539E-03  -3.76398116E-03  -2.34561414E-03  -6.78025186E-04   1.19738281E-04   1.13683194E-03   2.23380327E-03   2.66322494E-03   3.61505151E-03   3.23870778E-03   4.32762504E-03   4.62421775E-03   4.45262343E-03   4.82507050E-03   4.80060279E-03   3.76439840E-03   3.11977416E-03  -1.02157891E-03  -1.08221173E-03  -4.78038937E-03  -8.51660967E-03  -8.37822258E-03  -1.08465254E-02  -1.23640895E-02  -8.72658938E-03
        1082   24.9270000     10:33:05.137   5.99583685E-02   4.58168238E-02   4.64129001E-02   5.28601855E-02   4.51930836E-02   4.50892337E-02   4.26945277E-02   4.66525145E-02   3.96067165E-02   3.98772322E-02   3.77490409E-02   3.96056399E-02   3.37471776E-02   3.50172259E-02   3.42891961E-02   3.21464390E-02   3.15708853E-02   3.06599941E-02   3.02984510E-02   2.88271904E-02   2.96942312E-02   2.84527056E-02   2.73793302E-02   2.72833351E-02   2.72202753E-02   2.67583281E-02   2.54609510E-02   2.66590603E-02   2.51307264E-02   2.36087982E-02   2.57273819E-02   2.33749226E-02   2.43260339E-02   2.35926472E-02   2.33192202E-02   2.28360090E-02   2.27480996E-02   2.21637450E-02   2.13283971E-02   2.15944033E-02   2.15349458E-02   2.10865345E-02   2.07318254E-02   2.05673426E-02   2.10601836E-02   2.05200594E-02   1.93744898E-02   1.88901071E-02   1.88879371E-02   1.76855493E-02   1.83460899E-02   1.75599623E-02   1.76230669E-02   1.80874523E-02   1.76032428E-02   1.71899218E-02   1.75625589E-02   1.69349834E-02   1.70005709E-02   1.67241395E-02   1.72095075E-02   1.65947191E-02   1.64502934E-02   1.64260995E-02   1.58624891E-02   1.79840568E-02   1.68922283E-02   1.71816666E-02   1.73957217E-02   1.64140407E-02   1.65876187E-02   1.69685576E-02   1.49540566E-02   1.73299275E-02   1.57610439E-02   1.35431252E-02   1.47797540E-02   1.12622464E-02   1.10891238E-02   1.05071887E-02   4.01509786E-03   6.21441705E-03   1.89446006E-03   2.07982468E-03   2.74427980E-03   4.71929321E-04  -999.000000      -999.000000      -999.000000      -999.000000      -999.000000      -999.000000      -999.000000      -999.000000      -999.000000      -999.000000      -999.000000      -999.000000      -999.000000      -999.000000      -999.000000      -999.000000      -999.000000      -999.000000      -999.000000      -999.000000      -999.000000      -999.000000      -999.000000      -999.000000      -999.000000      -999.000000      -999.000000      -7.32923225E-02  -7.02831075E-02  -6.68784082E-02  -6.43477812E-02  -6.14751093E-02  -5.90792894E-02  -5.64827658E-02  -5.34799807E-02  -5.04353270E-02  -4.85876761E-02  -4.62520197E-02  -4.37201411E-02  -4.16456461E-02  -4.00373228E-02  -3.76260094E-02  -3.58771421E-02  -3.35256793E-02  -3.12892050E-02  -2.99108401E-02  -2.81916521E-02  -2.68565565E-02  -2.58615538E-02  -2.40709037E-02  -2.27199681E-02  -2.14222968E-02  -1.99313313E-02  -1.80598050E-02  -1.66878402E-02  -1.48229674E-02  -1.32013857E-02  -1.21086091E-02  -1.06830448E-02  -9.55009460E-03  -7.78532028E-03  -6.48631901E-03  -5.57388365E-03  -4.34143096E-03  -3.34697962E-03  -1.85853243E-03  -5.31017780E-04   3.26521695E-04   1.24336779E-03   2.74014473E-03   2.73951143E-03   3.56142968E-03   4.23533469E-03   4.43473458E-03   4.49209660E-03   5.33159822E-03   5.47559559E-03   3.98337096E-03   4.03986871E-03   2.42847204E-03   3.01681459E-04  -1.22404844E-03  -5.54598123E-03  -7.40742683E-03  -9.62448865E-03  -1.08080581E-02  -1.02923363E-02  -9.63374227E-03
        1083   25.0499992     10:33:05.385   5.50785735E-02   4.92669903E-02   5.01730479E-02   5.11302575E-02   4.83131371E-02   4.87892479E-02   4.70846221E-02   4.63125482E-02   4.50266860E-02   4.24472056E-02   4.07289751E-02   4.01655547E-02   3.77170965E-02   3.78171727E-02   3.60391065E-02   3.46563458E-02   3.40707973E-02   3.33099291E-02   3.21683958E-02   3.17471549E-02   3.08941826E-02   3.04326508E-02   3.03793177E-02   2.98133250E-02   2.90602520E-02   2.85783317E-02   2.79309787E-02   2.70091090E-02   2.69908011E-02   2.65288968E-02   2.64574811E-02   2.55750250E-02   2.58460902E-02   2.52226796E-02   2.50892490E-02   2.51960177E-02   2.42981110E-02   2.42637508E-02   2.33783852E-02   2.34443881E-02   2.30849013E-02   2.26464886E-02   2.19918340E-02   2.12074295E-02   2.05904357E-02   2.02905610E-02   1.99152920E-02   1.96512789E-02   1.91895477E-02   1.84176043E-02   1.74284130E-02   1.78622324E-02   1.74751077E-02   1.72891021E-02   1.74145121E-02   1.70008224E-02   1.74331069E-02   1.70552731E-02   1.68706272E-02   1.69840753E-02   1.65994111E-02   1.60347316E-02   1.59904659E-02   1.59764029E-02   1.58128161E-02   1.63743142E-02   1.57122761E-02   1.65115409E-02   1.69554856E-02   1.53937824E-02   1.61774326E-02   1.50985084E-02   1.53443990E-02   1.45408241E-02   1.35827456E-02   1.28460294E-02   1.25843659E-02   1.11888042E-02   1.03279557E-02   6.70916867E-03   5.03033958E-03   2.33382732E-03   1.27840601E-03  -999.000000       3.13708209E-04   8.31095967E-05   2.07952550E-03  -999.000000      -999.000000      -999.000000      -999.000000      -999.000000      -999.000000      -999.000000      -999.000000      -999.000000      -999.000000      -999.000000      -999.000000      -999.000000      -999.000000      -999.000000      -999.000000      -999.000000      -999.000000      -999.000000      -999.000000      -999.000000      -999.000000      -999.000000      -999.000000      -999.000000      -999.000000      -7.28377923E-02  -6.99985698E-02  -6.71638176E-02  -6.38331771E-02  -6.14505112E-02  -5.88046908E-02  -5.60781769E-02  -5.36654517E-02  -5.11407927E-02  -4.89031672E-02  -4.67575043E-02  -4.37256321E-02  -4.17911336E-02  -3.96728292E-02  -3.74715403E-02  -3.55126932E-02  -3.29512171E-02  -3.14646475E-02  -3.02661359E-02  -2.88366899E-02  -2.70813368E-02  -2.59659886E-02  -2.44448669E-02  -2.33335122E-02  -2.14954987E-02  -1.98445208E-02  -1.83232091E-02  -1.68115832E-02  -1.48771144E-02  -1.35058984E-02  -1.23734996E-02  -1.07582211E-02  -9.52549279E-03  -8.47084820E-03  -6.90190494E-03  -5.60941547E-03  -4.81682271E-03  -3.59220058E-03  -1.75371766E-03  -8.86231661E-04  -8.87364149E-06   7.77810812E-04   2.05442309E-03   2.82373279E-03   3.10571492E-03   3.29974294E-03   4.43944335E-03   4.45728004E-03   4.51749563E-03   4.74253297E-03   3.89181823E-03   3.50010395E-03   2.45090574E-03   5.87187707E-04  -1.71525031E-03  -4.82293218E-03  -7.28110969E-03  -8.74504447E-03  -1.05053112E-02  -1.18272156E-02  -7.75775313E-03
        1084   25.1779995     10:33:05.634   5.16082533E-02   4.74067405E-02   5.29128164E-02   4.54801135E-02   4.75530475E-02   4.54491712E-02   4.52444367E-02   4.35524508E-02   4.08266634E-02   3.97972018E-02   3.85889784E-02   3.55056226E-02   3.47071402E-02   3.50071862E-02   3.12391613E-02   3.12064141E-02   3.03708408E-02   2.91899517E-02   2.78684143E-02   2.80071404E-02   2.76641753E-02   2.59826574E-02   2.64292695E-02   2.52432711E-02   2.51902081E-02   2.39382554E-02   2.45208722E-02   2.45389659E-02   2.33306270E-02   2.37186961E-02   2.31972802E-02   2.21148208E-02   2.28959527E-02   2.17925701E-02   2.05791406E-02   2.16459408E-02   2.15580314E-02   2.08936781E-02   2.03483347E-02   2.08343435E-02   2.04448923E-02   1.93564743E-02   1.98017526E-02   1.89872291E-02   1.86100136E-02   1.87997911E-02   1.83641221E-02   1.69896092E-02   1.73172969E-02   1.72947664E-02   1.60952397E-02   1.67091656E-02   1.68923791E-02   1.59669127E-02   1.66528430E-02   1.58496499E-02   1.59023982E-02   1.59249064E-02   1.65205710E-02   1.57041717E-02   1.57195367E-02   1.57546978E-02   1.50002129E-02   1.49759650E-02   1.60023458E-02   1.40039362E-02   1.64721739E-02   1.59216505E-02   1.43957147E-02   1.62540041E-02   1.50475185E-02   1.45383701E-02   1.55936917E-02   1.27693312E-02   1.48501284E-02   1.26417596E-02   1.14277704E-02   1.12595707E-02   9.05565172E-03   7.43261725E-03   6.98938780E-03   2.24726554E-03   1.90578308E-03   2.07041437E-03  -999.000000       1.14123756E-03   2.40748981E-03  -999.000000      -999.000000      -999.000000      -999.000000      -999.000000      -999.000000      -999.000000      -999.000000      -999.000000      -999.000000      -999.000000      -999.000000      -999.000000      -999.000000      -999.000000      -999.000000      -999.000000      -999.000000      -999.000000      -999.000000      -999.000000      -999.000000      -999.000000      -999.000000      -999.000000      -999.000000      -7.36659616E-02  -7.02667534E-02  -6.80420771E-02  -6.47214428E-02  -6.20787814E-02  -5.90529516E-02  -5.65564260E-02  -5.48236370E-02  -5.19589782E-02  -4.96213213E-02  -4.71756533E-02  -4.49437797E-02  -4.32192869E-02  -4.07509506E-02  -3.86196375E-02  -3.66007835E-02  -3.45193185E-02  -3.16028856E-02  -2.95845829E-02  -2.82254666E-02  -2.70604677E-02  -2.56756060E-02  -2.46251002E-02  -2.31343098E-02  -2.13267244E-02  -1.98557451E-02  -1.85341127E-02  -1.69320144E-02  -1.52569786E-02  -1.38652697E-02  -1.24223754E-02  -1.10867247E-02  -9.94370133E-03  -8.53886455E-03  -7.15985894E-03  -5.69746643E-03  -4.59509343E-03  -4.01068479E-03  -2.61227041E-03  -1.05473399E-03  -4.57145274E-04   1.47975236E-03   1.87654793E-03   2.84589827E-03   2.81777233E-03   3.60158086E-03   4.00083512E-03   4.47799265E-03   4.50719893E-03   4.87081707E-03   4.04804200E-03   4.09387797E-03   1.36172771E-03   4.33854759E-04  -1.05303526E-03  -4.83642519E-03  -7.92896003E-03  -1.00670457E-02  -1.12016276E-02  -9.46649909E-03  -9.18802619E-03
        1085   25.3069992     10:33:05.883   6.80083185E-02   5.79667464E-02   4.71028201E-02   5.71601428E-02   5.15330508E-02   4.97091971E-02   4.74244729E-02   5.05725071E-02   4.72467095E-02   4.57872301E-02   4.23690192E-02   4.37356532E-02   4.20671813E-02   3.95072214E-02   4.04191911E-02   3.81164476E-02   3.70008796E-02   3.64599824E-02   3.57584544E-02   3.44071835E-02   3.36742103E-02   3.39527018E-02   3.32593024E-02   3.23233157E-02   3.24602462E-02   3.18783000E-02   3.07909083E-02   3.17490138E-02   3.09506729E-02   2.96987407E-02   3.08773313E-02   2.97548659E-02   3.02059893E-02   3.00926156E-02   2.88491827E-02   2.89559774E-02   2.80880742E-02   2.77237203E-02   2.74783745E-02   2.71343868E-02   2.68949308E-02   2.67165117E-02   2.67017968E-02   1.84372794E-02   1.88500732E-02   1.85698681E-02   1.83642097E-02   1.72897168E-02   1.70174129E-02   1.65648963E-02   1.62553657E-02   1.64192691E-02   1.60724577E-02   1.69169623E-02   1.62428748E-02   1.58496629E-02   1.64224058E-02   1.57949068E-02   1.60605628E-02   1.58341657E-02   1.58295352E-02   1.52547071E-02   1.52302347E-02   1.54659934E-02   1.49723794E-02   1.55339679E-02   1.63821969E-02   1.56416818E-02   1.70257576E-02   1.51240667E-02   1.53976101E-02   1.63584910E-02   1.42538529E-02   1.52095398E-02   1.44003965E-02   1.40220989E-02   1.33981965E-02   1.06500890E-02   7.86627457E-03   1.05033778E-02   3.12029012E-03   3.29834549E-03   5.10702841E-03  -999.000000       4.55278438E-04   1.57249626E-03  -999.000000      -999.000000      -999.000000      -999.000000      -999.000000      -999.000000      -999.000000      -999.000000      -999.000000      -999.000000      -999.000000      -999.000000      -999.000000      -999.000000      -999.000000      -999.000000      -999.000000      -999.000000      -999.000000      -999.000000      -999.000000      -999.000000      -999.000000      -999.000000      -999.000000      -999.000000      -999.000000      -7.41186962E-02  -7.15394765E-02  -6.78747967E-02  -6.52841553E-02  -6.24314956E-02  -5.94056845E-02  -5.68791479E-02  -5.39263561E-02  -5.17516956E-02  -5.00540435E-02  -4.70083803E-02  -4.50764932E-02  -4.30420078E-02  -4.07736786E-02  -3.88123579E-02  -3.68634872E-02  -3.44320238E-02  -3.24755907E-02  -3.02072838E-02  -2.93381624E-02  -2.76531316E-02  -2.62582563E-02  -2.48077400E-02  -2.34969221E-02  -2.22593509E-02  -2.08483860E-02  -1.88667811E-02  -1.74247026E-02  -1.56896934E-02  -1.40580088E-02  -1.28551200E-02  -1.17194727E-02  -1.06564537E-02  -9.13163275E-03  -7.61261582E-03  -6.60020858E-03  -5.51781803E-03  -4.12340462E-03  -2.73499638E-03  -1.54744089E-03   2.01389194E-05   8.07039440E-04   1.47384405E-03   2.50321627E-03   3.72510403E-03   4.43894416E-03   5.06824255E-03   4.39544022E-03   5.24470955E-03   4.77838516E-03   4.36568260E-03   4.30162251E-03   2.18956172E-03  -4.81605530E-05  -5.34921885E-04  -5.90811670E-03  -7.23053515E-03  -8.15851986E-03  -1.13730431E-02  -1.00979507E-02  -9.27956402E-03
        1086   25.4389992     10:33:06.143   6.03086278E-02   6.08870797E-02   6.31630868E-02   6.15903102E-02   6.17931746E-02   6.21792786E-02   6.30246401E-02   6.12025671E-02   5.97767197E-02   5.83872460E-02   5.62690124E-02   5.46455719E-02   5.27071245E-02   5.28072044E-02   5.15191332E-02   5.04663698E-02   4.99808267E-02   4.96099703E-02   4.90884334E-02   4.79571968E-02   4.70242240E-02   4.69326861E-02   4.59893569E-02   4.54133637E-02   4.62902933E-02   4.47583832E-02   4.45210300E-02   4.41991650E-02   4.29808535E-02   4.27489616E-02   4.24575433E-02   4.22250815E-02   4.15061414E-02   4.16127294E-02   4.07392941E-02   4.07660641E-02   4.06581573E-02   4.01838049E-02   3.96384262E-02   3.96044329E-02   3.88749428E-02   3.82265337E-02   3.86418849E-02   3.56274992E-02   3.48105207E-02   3.47206816E-02   3.39454524E-02   3.31814848E-02   3.25498097E-02   3.20579186E-02   3.14687453E-02   3.18925343E-02   3.10453530E-02   3.09792943E-02   3.14546488E-02   3.04909125E-02   3.03231552E-02   3.02752946E-02   3.00706215E-02   2.97740623E-02   2.98594013E-02   2.94447467E-02   2.94705033E-02   2.88664624E-02   2.83428822E-02   2.87743695E-02   2.95623094E-02   2.88715642E-02   2.84255147E-02   2.85838302E-02   2.80275140E-02   2.77586356E-02   2.76646037E-02   2.49811225E-02   2.72431783E-02   2.48866379E-02   2.48452146E-02   2.26799157E-02   2.16493662E-02   1.90409943E-02   1.75925940E-02   1.23766195E-02   1.42417541E-02   1.24797225E-02   9.21760686E-03   1.29070757E-02   1.37033779E-02  -999.000000      -999.000000      -999.000000      -999.000000      -999.000000      -999.000000      -999.000000      -999.000000      -999.000000      -999.000000      -999.000000      -999.000000      -999.000000      -999.000000      -999.000000      -999.000000      -999.000000      -999.000000      -999.000000      -999.000000      -999.000000      -999.000000      -999.000000      -999.000000      -999.000000      -999.000000      -7.39755109E-02  -7.01863021E-02  -6.74015582E-02  -6.43308908E-02  -6.18782230E-02  -5.98424152E-02  -5.62959090E-02  -5.43531850E-02  -5.15885279E-02  -4.97309007E-02  -4.72152382E-02  -4.47633639E-02  -4.26688716E-02  -4.08305600E-02  -3.84392701E-02  -3.65304239E-02  -3.45489420E-02  -3.19323577E-02  -3.00338306E-02  -2.87143476E-02  -2.71789655E-02  -2.59035565E-02  -2.40323767E-02  -2.28909776E-02  -2.19629370E-02  -2.01819800E-02  -1.84507109E-02  -1.67791471E-02  -1.55147389E-02  -1.36135668E-02  -1.23711973E-02  -1.12159625E-02  -9.80326533E-03  -8.77863914E-03  -7.38968700E-03  -6.32717460E-03  -5.20455837E-03  -3.69989872E-03  -3.05141509E-03  -1.21393800E-03  -5.56588173E-04   1.06007606E-03   1.63669139E-03   2.55599618E-03   3.56800854E-03   3.40208411E-03   4.45185602E-03   4.59977984E-03   4.77011502E-03   5.41532040E-03   4.47481126E-03   3.99335474E-03   2.46442854E-03  -2.08877027E-04  -1.53086334E-03  -4.71802056E-03  -8.26577842E-03  -9.97935981E-03  -1.11692995E-02  -1.27510279E-02  -6.32157177E-03
        1087   25.5680008     10:33:06.391   6.31486699E-02   7.41771236E-02   6.73431531E-02   6.90003261E-02   7.05631748E-02   7.00292736E-02   6.98046610E-02   6.55025616E-02   6.36666864E-02   5.96172325E-02   5.49989901E-02   5.21555506E-02   5.16670831E-02   4.92771678E-02   4.78591099E-02   4.65763249E-02   4.60307971E-02   4.50799465E-02   4.38884087E-02   4.32871841E-02   4.24642079E-02   4.10526581E-02   4.09793481E-02   4.01733443E-02   3.96502838E-02   3.90383750E-02   3.89010236E-02   3.72191705E-02   3.71408723E-02   3.66489850E-02   3.57975662E-02   3.56650986E-02   3.53961475E-02   3.46427262E-02   3.39392945E-02   3.37460525E-02   3.40381525E-02   3.29737924E-02   3.27184089E-02   3.24444212E-02   3.17149237E-02   3.18865106E-02   3.12518738E-02   2.86475159E-02   2.77705863E-02   2.79708244E-02   2.75756828E-02   2.72118300E-02   2.65002903E-02   2.56485324E-02   2.63094455E-02   2.56632250E-02   2.54259780E-02   2.50398051E-02   2.52550356E-02   2.57311873E-02   2.54233256E-02   2.54853852E-02   2.54106428E-02   2.54940428E-02   2.51593720E-02   2.50047464E-02   2.45605540E-02   2.49465518E-02   2.50829756E-02   2.56844424E-02   2.51823161E-02   2.59815175E-02   2.50854343E-02   2.47737393E-02   2.55674385E-02   2.48585977E-02   2.42846813E-02   2.49313638E-02   2.30436586E-02   2.36774795E-02   2.22965740E-02   2.04618666E-02   1.92120094E-02   1.68945938E-02   1.65871866E-02   1.30524775E-02   1.16390046E-02   9.59769636E-03   1.07465526E-02   9.97657981E-03   1.29730012E-02  -999.000000      -999.000000      -999.000000      -999.000000      -999.000000      -999.000000      -999.000000      -999.000000      -999.000000      -999.000000      -999.000000      -999.000000      -999.000000      -999.000000      -999.000000      -999.000000      -999.000000      -999.000000      -999.000000      -999.000000      -999.000000      -999.000000      -999.000000      -8.02102238E-02  -7.59320334E-02  -7.33801872E-02  -6.99669644E-02  -6.71177581E-02  -6.41029999E-02  -6.06723279E-02  -5.86496592E-02  -5.66838421E-02  -5.30873537E-02  -5.13046384E-02  -4.88199852E-02  -4.67223711E-02  -4.43367064E-02  -4.17248234E-02  -3.98603305E-02  -3.82620394E-02  -3.55407558E-02  -3.39119025E-02  -3.14704254E-02  -3.21238041E-02  -3.07352468E-02  -2.92556770E-02  -2.74102129E-02  -2.62346938E-02  -2.44933888E-02  -2.35918425E-02  -2.19437182E-02  -2.08227411E-02  -1.90015435E-02  -1.72600597E-02  -1.63757801E-02  -1.43047124E-02  -1.35924742E-02  -1.21373162E-02  -1.04946941E-02  -9.12010670E-03  -7.50118494E-03  -6.94864988E-03  -4.88598645E-03  -4.47128713E-03  -3.22278589E-03  -1.55533105E-03  -2.08035111E-04   7.28584826E-04   1.31516159E-03   2.40444392E-03   2.82645971E-03   3.64057720E-03   3.23043019E-03   4.15848941E-03   4.40905243E-03   4.48455662E-03   4.32450324E-03   2.56359577E-03   3.45533341E-03   9.32969153E-04  -2.58803368E-03  -4.36385721E-03  -8.96065682E-03  -9.99327749E-03  -1.10822096E-02  -1.20731592E-02  -1.10334307E-02
        1088   25.7159996     10:33:06.640   4.67190892E-02   5.08774742E-02   5.33434562E-02   4.51004878E-02   4.86432947E-02   4.77093495E-02   4.71948758E-02   4.36326526E-02   4.56366949E-02   4.33872156E-02   4.20489497E-02   3.83854210E-02   4.02370095E-02   3.82271297E-02   3.67190279E-02   3.71762142E-02   3.60407270E-02   3.56599018E-02   3.47683690E-02   3.45871858E-02   3.26442085E-02   3.27826254E-02   3.20893861E-02   3.24133933E-02   3.28603238E-02   3.18784527E-02   3.18611376E-02   3.06393206E-02   3.06710582E-02   3.00592091E-02   2.86677890E-02   3.00753266E-02   2.85963025E-02   2.88128443E-02   2.86294129E-02   2.82861274E-02   2.82482263E-02   2.72638723E-02   2.76284516E-02   2.68944558E-02   2.71249246E-02   2.62365118E-02   2.58319508E-02   2.78477445E-02   2.74610780E-02   2.73417383E-02   2.71070916E-02   2.60038450E-02   2.67230254E-02   2.52019931E-02   2.55333222E-02   2.55769901E-02   2.55993214E-02   2.57625021E-02   2.50470899E-02   2.52726302E-02   2.51342021E-02   2.51658428E-02   2.49307174E-02   2.54039299E-02   2.52192225E-02   2.52447873E-02   2.45408565E-02   2.46770848E-02   2.46535465E-02   2.46449020E-02   2.53524296E-02   2.45713647E-02   2.55751293E-02   2.57134344E-02   2.49172859E-02   2.49687117E-02   2.53154784E-02   2.29531135E-02   2.45967750E-02   2.22226121E-02   2.18545571E-02   2.14530807E-02   1.90669876E-02   1.81747787E-02   1.60727706E-02   1.24949403E-02   1.36389211E-02   9.00141336E-03   1.07952859E-02   1.28279738E-02   1.11846607E-02  -999.000000      -999.000000      -999.000000      -999.000000      -999.000000      -999.000000      -999.000000      -999.000000      -999.000000      -999.000000      -999.000000      -999.000000      -999.000000      -999.000000      -999.000000      -999.000000      -999.000000      -999.000000      -999.000000      -999.000000      -999.000000      -999.000000      -999.000000      -999.000000      -999.000000      -999.000000      -7.55402818E-02  -7.26310685E-02  -6.98762238E-02  -6.63955212E-02  -6.39928654E-02  -6.11470416E-02  -5.85705712E-02  -5.65179400E-02  -5.36432937E-02  -5.13457134E-02  -4.91000488E-02  -4.60481606E-02  -4.44236808E-02  -4.24554199E-02  -4.02241834E-02  -3.82253192E-02  -3.56938541E-02  -2.99170278E-02  -2.79382430E-02  -2.68182717E-02  -2.54323855E-02  -2.44862586E-02  -2.29441822E-02  -2.13719681E-02  -2.04032958E-02  -1.89523175E-02  -1.68715045E-02  -1.55705884E-02  -1.41369924E-02  -1.28765479E-02  -1.12649053E-02  -1.04002133E-02  -8.50796700E-03  -6.89361244E-03  -5.90474904E-03  -4.63210046E-03  -3.54917347E-03  -2.74420530E-03  -1.35564059E-03   8.17477703E-05   1.27877295E-03   1.67513639E-03   3.05146724E-03   3.40068340E-03   4.26281244E-03   4.93718684E-03   4.27757949E-03   5.78647107E-03   5.15824556E-03   5.09551167E-03   5.09797037E-03   4.04006243E-03   2.37541646E-03   1.49812549E-03  -2.96737999E-03  -4.94621694E-03  -6.69766963E-03  -1.23951957E-02  -1.19287819E-02  -1.12760141E-02  -1.15850493E-02
        1089   25.8780003     10:33:06.888   4.35990505E-02   5.90674095E-02   6.19333982E-02   4.97704782E-02   5.40632643E-02   5.13993278E-02   5.52848317E-02   4.44426164E-02   4.89366762E-02   4.61771898E-02   4.60789017E-02   3.94853950E-02   4.02169786E-02   4.06471007E-02   3.62889878E-02   3.66461724E-02   3.59706841E-02   3.54098640E-02   3.36983167E-02   3.33971344E-02   3.21041606E-02   3.12625729E-02   3.17193270E-02   3.12633365E-02   3.06202751E-02   2.96483971E-02   2.96610855E-02   2.92592682E-02   2.77910028E-02   2.91091520E-02   2.78577376E-02   2.72352770E-02   2.79162526E-02   2.64227949E-02   2.64893658E-02   2.63760872E-02   2.58681811E-02   2.51638182E-02   2.54284050E-02   2.45844107E-02   2.42448803E-02   2.44364645E-02   2.37118956E-02   2.26276778E-02   2.27210000E-02   2.14616265E-02   2.13069580E-02   2.20836848E-02   2.06228271E-02   2.02817675E-02   2.00930890E-02   1.88167859E-02   2.03491580E-02   1.94223821E-02   1.93270072E-02   1.94825809E-02   1.92441754E-02   1.94658339E-02   1.94207262E-02   1.96339414E-02   1.88192278E-02   1.90147758E-02   1.91508252E-02   1.78770367E-02   1.94635000E-02   1.85548589E-02   1.93323996E-02   2.04213336E-02   1.90550871E-02   1.80933736E-02   1.95671953E-02   1.69085767E-02   1.93952806E-02   1.86028406E-02   1.71264056E-02   1.84721164E-02   1.40238944E-02   1.49122402E-02   1.48159452E-02   1.07734576E-02   8.98115896E-03   9.17297602E-03   3.24659050E-03   3.82893579E-03   6.81265071E-03   1.11535541E-03   6.19217614E-03  -999.000000      -999.000000      -999.000000      -999.000000      -999.000000      -999.000000      -999.000000      -999.000000      -999.000000      -999.000000      -999.000000      -999.000000      -999.000000      -999.000000      -999.000000      -999.000000      -999.000000      -999.000000      -999.000000      -999.000000      -999.000000      -999.000000      -999.000000      -999.000000      -999.000000      -999.000000      -7.32470304E-02  -6.92178160E-02  -6.68729693E-02  -6.35522753E-02  -6.02196008E-02  -5.80937862E-02  -5.55573255E-02  -5.31446934E-02  -5.06700277E-02  -4.79224585E-02  -4.56667952E-02  -4.32149172E-02  -4.08604145E-02  -3.91721576E-02  -3.71609256E-02  -3.49120721E-02  -3.26706022E-02  -3.08037922E-02  -2.86050178E-02  -2.80650668E-02  -2.65592113E-02  -2.52831168E-02  -2.36810856E-02  -2.25788951E-02  -2.14402340E-02  -1.99492499E-02  -1.81583762E-02  -1.62174329E-02  -1.50738023E-02  -1.33333094E-02  -1.22516453E-02  -1.07169226E-02  -9.38466936E-03  -8.02031159E-03  -6.78145140E-03  -5.75881451E-03  -4.18591499E-03  -3.39096040E-03  -1.71239674E-03  -5.75006008E-04  -1.79633498E-05   9.28387046E-04   1.94472820E-03   2.88391858E-03   3.30601633E-03   3.63036245E-03   3.86068970E-03   5.37952781E-03   4.27119434E-03   4.96833771E-03   4.49065864E-03   3.30257416E-03   2.83773988E-03   9.40166414E-04  -1.25562400E-03  -5.82484156E-03  -7.29653239E-03  -8.19429010E-03  -1.29280612E-02  -1.26653835E-02  -8.41433555E-03
        1090   26.0450001     10:33:07.141   8.12588781E-02   5.77872433E-02   6.76532835E-02   6.57003969E-02   5.93232140E-02   5.81293218E-02   5.68047650E-02   5.88525869E-02   5.22066988E-02   5.24272062E-02   5.06289564E-02   5.02854846E-02   4.40170541E-02   4.56271470E-02   4.41790596E-02   4.15762663E-02   4.03607562E-02   3.99199128E-02   3.92583795E-02   3.70471627E-02   3.73241901E-02   3.53526361E-02   3.51793468E-02   3.46333496E-02   3.46002877E-02   3.36183906E-02   3.27910669E-02   3.28592286E-02   3.14909443E-02   3.08090691E-02   3.21176574E-02   2.98351906E-02   3.05762067E-02   2.97827683E-02   2.87693348E-02   2.83460803E-02   2.89081745E-02   2.83138137E-02   2.73984168E-02   2.76744217E-02   2.73649115E-02   2.61564944E-02   2.70918943E-02   2.07175985E-02   2.08207965E-02   2.05212180E-02   1.98362973E-02   2.03327183E-02   1.90414991E-02   1.85900703E-02   1.89411752E-02   1.80049110E-02   1.86574813E-02   1.81610193E-02   1.76359676E-02   1.79218408E-02   1.78337228E-02   1.77955963E-02   1.76906809E-02   1.80039927E-02   1.74593013E-02   1.70947611E-02   1.79706831E-02   1.64767876E-02   1.71432290E-02   1.71046425E-02   1.58623606E-02   1.75014399E-02   1.72452815E-02   1.68735832E-02   1.81173440E-02   1.61386132E-02   1.49849933E-02   1.75820962E-02   1.45749971E-02   1.43497139E-02   1.47000812E-02   1.13668162E-02   1.22886430E-02   1.00135580E-02   6.37856266E-03   7.94693828E-03   6.56808726E-04   1.57721806E-03   3.08834738E-03   3.79607547E-04   3.21618700E-03  -999.000000      -999.000000      -999.000000      -999.000000      -999.000000      -999.000000      -999.000000      -999.000000      -999.000000      -999.000000      -999.000000      -999.000000      -999.000000      -999.000000      -999.000000      -999.000000      -999.000000      -999.000000      -999.000000      -999.000000      -999.000000      -999.000000      -999.000000      -999.000000      -999.000000      -999.000000      -7.37595558E-02  -7.02403337E-02  -6.77755401E-02  -6.44448549E-02  -6.09021932E-02  -5.82363643E-02  -5.59898913E-02  -5.33572175E-02  -5.07025570E-02  -4.88749519E-02  -4.62792888E-02  -4.39774282E-02  -4.20829393E-02  -3.97046432E-02  -3.78733836E-02  -3.52945365E-02  -3.31930593E-02  -2.95463428E-02  -2.82376856E-02  -2.67379507E-02  -2.56122909E-02  -2.43465006E-02  -2.25848407E-02  -2.13630013E-02  -2.00446211E-02  -1.83236413E-02  -1.67926140E-02  -1.53513886E-02  -1.43074095E-02  -1.25366151E-02  -1.13646537E-02  -9.85968858E-03  -8.51724297E-03  -7.95277208E-03  -6.25386089E-03  -5.98128885E-03  -4.66851145E-03  -3.57368588E-03  -2.24515796E-03  -9.17732716E-04   2.69442797E-04   7.45944679E-04   2.16241181E-03   3.17165256E-03   3.08371335E-03   3.97793204E-03   4.25801426E-03   4.82644886E-03   5.15754521E-03   4.93383408E-03   3.18489969E-03   3.85533273E-03   2.49867886E-03  -7.51420856E-04  -4.59939241E-04  -5.14266640E-03  -8.31706077E-03  -8.98738205E-03  -1.17738843E-02  -1.06031448E-02  -7.75282085E-03
        1091   26.2070007     10:33:07.390   5.05592413E-02   5.03175855E-02   4.76235785E-02   4.77106050E-02   4.75433432E-02   4.59894016E-02   4.36549559E-02   4.33826745E-02   4.24167030E-02   4.00872044E-02   3.84489298E-02   3.60353664E-02   3.62769626E-02   3.40171158E-02   3.28290015E-02   3.17961536E-02   3.13206911E-02   2.99798883E-02   2.87583396E-02   2.85571776E-02   2.86742132E-02   2.75926087E-02   2.75993980E-02   2.61034090E-02   2.64403410E-02   2.57784817E-02   2.51811966E-02   2.50693895E-02   2.43911520E-02   2.43993122E-02   2.44878978E-02   2.40054391E-02   2.34063733E-02   2.34328937E-02   2.29394659E-02   2.26761680E-02   2.27482598E-02   2.24639028E-02   2.22384650E-02   2.14444771E-02   2.12149229E-02   2.13965103E-02   2.10519861E-02   2.09678523E-02   2.05913167E-02   2.04521641E-02   2.00677551E-02   1.92048028E-02   1.94243230E-02   1.87236276E-02   1.84551571E-02   1.88587718E-02   1.81809049E-02   1.85337774E-02   1.87680647E-02   1.76133160E-02   1.85046159E-02   1.83160584E-02   1.82707552E-02   1.80838741E-02   1.77791510E-02   1.79248024E-02   1.77309997E-02   1.79173369E-02   1.78938154E-02   1.75551157E-02   1.85724851E-02   1.75712947E-02   1.80249829E-02   1.77332908E-02   1.74172148E-02   1.75187662E-02   1.71558559E-02   1.74139403E-02   1.64082497E-02   1.56050399E-02   1.55883338E-02   1.32383863E-02   1.12040741E-02   1.26943290E-02   7.21487310E-03   4.62030340E-03   3.92780267E-03   4.31209430E-03   5.78340609E-04   4.76229377E-03   8.79103318E-04  -999.000000      -999.000000      -999.000000      -999.000000      -999.000000      -999.000000      -999.000000      -999.000000      -999.000000      -999.000000      -999.000000      -999.000000      -999.000000      -999.000000      -999.000000      -999.000000      -999.000000      -999.000000      -999.000000      -999.000000      -999.000000      -999.000000      -999.000000      -999.000000      -999.000000      -7.73967281E-02  -7.45334029E-02  -7.09041953E-02  -6.76593184E-02  -6.42686039E-02  -6.12559319E-02  -5.87401129E-02  -5.67036644E-02  -5.43510765E-02  -5.15564233E-02  -4.92088497E-02  -4.68831956E-02  -4.48113158E-02  -4.27568331E-02  -4.01685946E-02  -3.78473587E-02  -3.57084982E-02  -3.33470404E-02  -3.24901305E-02  -3.12912241E-02  -2.97510475E-02  -2.80249827E-02  -2.67385691E-02  -2.50461213E-02  -2.45335773E-02  -2.20346600E-02  -2.10336968E-02  -1.90530494E-02  -1.81424133E-02  -1.64591335E-02  -1.42189711E-02  -1.35076344E-02  -1.22631416E-02  -1.07810870E-02  -8.71682167E-03  -7.73800164E-03  -6.72531873E-03  -5.02225757E-03  -4.18715924E-03  -2.74855644E-03  -1.31119788E-03  -3.84300947E-04   4.71919775E-04   1.13815069E-03   2.69734114E-03   2.89952010E-03   3.62402946E-03   3.46466154E-03   4.32396680E-03   4.90629673E-03   4.94439900E-03   3.59804183E-03   2.99155712E-03   2.65862048E-03   7.83734024E-04  -1.84918195E-03  -4.58471477E-03  -7.95362145E-03  -1.06287152E-02  -1.15298033E-02  -1.15953013E-02  -8.62370431E-03
        1092   26.3640003     10:33:07.639   5.19598946E-02   5.15581965E-02   5.13141081E-02   5.04609086E-02   5.00035435E-02   4.85795327E-02   4.83652726E-02   4.79928106E-02   4.46466915E-02   4.43172269E-02   4.15088423E-02   4.08751778E-02   3.78168300E-02   3.82970460E-02   3.61188613E-02   3.59559543E-02   3.42905484E-02   3.42498198E-02   3.30482833E-02   3.24871764E-02   3.17242071E-02   3.08025293E-02   3.07594612E-02   3.00834682E-02   2.93404087E-02   2.95586176E-02   2.87013873E-02   2.82196514E-02   2.76214760E-02   2.72197053E-02   2.73582917E-02   2.64358316E-02   2.64566336E-02   2.65030917E-02   2.52896547E-02   2.48062983E-02   2.48083919E-02   2.46340334E-02   2.45085321E-02   2.40545385E-02   2.35449243E-02   2.33465098E-02   2.28521135E-02   2.15882435E-02   2.20821686E-02   2.10737437E-02   2.08501946E-02   2.08082926E-02   1.98090747E-02   2.00596321E-02   1.84718873E-02   1.93853062E-02   1.90267172E-02   1.80784669E-02   1.81416254E-02   1.80958267E-02   1.83861367E-02   1.80068500E-02   1.77608877E-02   1.78136807E-02   1.75788850E-02   1.75848678E-02   1.71515271E-02   1.66382566E-02   1.75148062E-02   1.69059057E-02   1.84226800E-02   1.76110286E-02   1.77244525E-02   1.79327540E-02   1.65069420E-02   1.68189518E-02   1.64272264E-02   1.57169607E-02   1.64036453E-02   1.31739322E-02   1.34421755E-02   1.51878381E-02   9.43005923E-03   8.32935888E-03   9.24927741E-03   2.33665574E-03   4.00709547E-03  -999.000000       1.12296268E-03   4.42154892E-03  -999.000000      -999.000000      -999.000000      -999.000000      -999.000000      -999.000000      -999.000000      -999.000000      -999.000000      -999.000000      -999.000000      -999.000000      -999.000000      -999.000000      -999.000000      -999.000000      -999.000000      -999.000000      -999.000000      -999.000000      -999.000000      -999.000000      -999.000000      -999.000000      -999.000000      -999.000000      -999.000000      -7.62769058E-02  -7.37176910E-02  -7.00926781E-02  -6.71418980E-02  -6.42792359E-02  -6.11434057E-02  -5.85570410E-02  -5.65445684E-02  -5.41299060E-02  -5.11424243E-02  -4.96067554E-02  -4.65548858E-02  -4.44903895E-02  -4.21722084E-02  -4.05910648E-02  -3.82621996E-02  -3.59307379E-02  -3.29435021E-02  -3.09041999E-02  -2.96932980E-02  -2.80064903E-02  -2.64690220E-02  -2.52052732E-02  -2.43415423E-02  -2.24516913E-02  -2.09707133E-02  -1.90507323E-02  -1.73410922E-02  -1.62289925E-02  -1.42198801E-02  -1.36895925E-02  -1.22959018E-02  -1.06244981E-02  -9.87065583E-03  -8.14196467E-03  -7.01906532E-03  -5.97554445E-03  -4.89999354E-03  -3.47125530E-03  -2.19403952E-03  -4.87595797E-04  -4.31835651E-04   1.64400041E-03   2.27304548E-03   1.99542195E-03   2.99039483E-03   4.32195514E-03   4.51270491E-03   4.20714915E-03   5.32826781E-03   4.01627272E-03   3.73499095E-03   1.77833438E-03   4.22306359E-04  -1.79110467E-03  -4.14450467E-03  -8.06408376E-03  -8.87034088E-03  -1.19021907E-02  -1.08211786E-02  -9.85741615E-03
        1093   26.5149994     10:33:07.888   5.26605248E-02   4.51788008E-02   4.75446172E-02   4.98612374E-02   4.57837097E-02   4.55496423E-02   4.39355820E-02   4.48329113E-02   4.08266596E-02   4.01871912E-02   3.75287645E-02   3.82049307E-02   3.45166847E-02   3.36169414E-02   3.33886966E-02   3.18057165E-02   3.07903849E-02   2.99697183E-02   2.98481695E-02   2.81771403E-02   2.82941591E-02   2.73024254E-02   2.67094821E-02   2.58134902E-02   2.58504301E-02   2.51986980E-02   2.43115462E-02   2.45098732E-02   2.39517577E-02   2.36200597E-02   2.44186427E-02   2.32261829E-02   2.30268575E-02   2.26832479E-02   2.17598174E-02   2.14163885E-02   2.14684829E-02   2.14841217E-02   2.06385553E-02   2.08245665E-02   2.06748825E-02   1.97464656E-02   1.98721979E-02   2.06485838E-02   2.02729665E-02   2.04452518E-02   1.97625495E-02   1.92116890E-02   1.85337011E-02   1.80755109E-02   1.78184956E-02   1.78117361E-02   1.77224521E-02   1.78531036E-02   1.79751590E-02   1.74683202E-02   1.70776471E-02   1.77376475E-02   1.72810275E-02   1.70734879E-02   1.70986224E-02   1.71549264E-02   1.64120328E-02   1.71891525E-02   1.64857637E-02   1.69366691E-02   1.73828527E-02   1.65107325E-02   1.82438791E-02   1.69921648E-02   1.67565905E-02   1.66790299E-02   1.54884513E-02   1.68097876E-02   1.55887892E-02   1.38725005E-02   1.49256065E-02   1.31767858E-02   1.03054401E-02   1.05836410E-02   7.19278492E-03   4.59193392E-03   4.71515115E-03   1.92595180E-04   1.02623925E-03   3.25951469E-03   1.23739103E-03  -999.000000      -999.000000      -999.000000      -999.000000      -999.000000      -999.000000      -999.000000      -999.000000      -999.000000      -999.000000      -999.000000      -999.000000      -999.000000      -999.000000      -999.000000      -999.000000      -999.000000      -999.000000      -999.000000      -999.000000      -999.000000      -999.000000      -999.000000      -999.000000      -999.000000      -999.000000      -7.46176988E-02  -7.14084953E-02  -6.89733475E-02  -6.57624975E-02  -6.26098290E-02  -5.93140088E-02  -5.72376996E-02  -5.54453582E-02  -5.23507148E-02  -5.04732877E-02  -4.73576188E-02  -4.54257503E-02  -4.33412530E-02  -4.14731428E-02  -3.92920524E-02  -3.77631932E-02  -3.52717414E-02  -3.31941731E-02  -3.15344818E-02  -3.04728821E-02  -2.91353539E-02  -2.75968499E-02  -2.61717886E-02  -2.43968815E-02  -2.32861154E-02  -2.12851241E-02  -2.02557780E-02  -1.85370892E-02  -1.69461742E-02  -1.49980970E-02  -1.39788575E-02  -1.21459439E-02  -1.09051988E-02  -9.56173986E-03  -8.13319534E-03  -7.23010302E-03  -5.51613420E-03  -4.44013625E-03  -3.62127274E-03  -2.11417675E-03  -5.48183918E-04   4.47101891E-04   1.26254559E-03   2.41141766E-03   2.77397782E-03   2.95937061E-03   4.23182547E-03   5.13397902E-03   4.87048924E-03   4.61457670E-03   4.13685292E-03   4.19070572E-03   1.96021050E-03   6.32874668E-04  -1.46117061E-03  -5.32262027E-03  -6.75299019E-03  -9.01050866E-03  -1.08131468E-02  -1.13156587E-02  -8.72963667E-03
        1094   26.6660004     10:33:08.140   5.47509603E-02   5.31391241E-02   5.67349605E-02   5.33114187E-02   5.30038364E-02   5.13797216E-02   5.15757911E-02   4.81530167E-02   4.64066826E-02   4.48472165E-02   4.34487350E-02   4.15748544E-02   3.88566218E-02   3.96369323E-02   3.69186364E-02   3.65656242E-02   3.55303250E-02   3.47696915E-02   3.34181599E-02   3.25671658E-02   3.16241905E-02   3.11824195E-02   3.05495467E-02   3.02735604E-02   2.95404848E-02   2.93588042E-02   2.88916864E-02   2.86900532E-02   2.75219772E-02   2.74703167E-02   2.68588979E-02   2.63664424E-02   2.65370309E-02   2.61933859E-02   2.60499567E-02   2.55564861E-02   2.47385837E-02   2.44142246E-02   2.40586214E-02   2.43646223E-02   2.36249045E-02   2.36564893E-02   2.30823029E-02   2.19088513E-02   2.20035035E-02   2.15462223E-02   2.06940193E-02   2.07337867E-02   2.00365335E-02   1.92790814E-02   1.95724834E-02   1.94555987E-02   1.95358749E-02   1.90258622E-02   1.87372528E-02   1.83697864E-02   1.86685361E-02   1.90681070E-02   1.86311007E-02   1.79833695E-02   1.84084680E-02   1.80249698E-02   1.80423521E-02   1.81497075E-02   1.80763602E-02   1.84971485E-02   1.80529840E-02   1.82705969E-02   1.83535982E-02   1.78918950E-02   1.78264901E-02   1.66892186E-02   1.76893547E-02   1.72416791E-02   1.66020952E-02   1.52378865E-02   1.44739263E-02   1.34584233E-02   1.08009391E-02   1.12544838E-02   6.51916396E-03   6.46536704E-03   4.76620626E-03   3.20751872E-03   1.64625351E-03   2.48217746E-03   1.47024402E-03  -999.000000      -999.000000      -999.000000      -999.000000      -999.000000      -999.000000      -999.000000      -999.000000      -999.000000      -999.000000      -999.000000      -999.000000      -999.000000      -999.000000      -999.000000      -999.000000      -999.000000      -999.000000      -999.000000      -999.000000      -999.000000      -999.000000      -999.000000      -999.000000      -999.000000      -999.000000      -7.56076351E-02  -7.28684291E-02  -6.99232072E-02  -6.65223151E-02  -6.34996518E-02  -6.05238304E-02  -5.80075532E-02  -5.57053015E-02  -5.30506447E-02  -5.10032475E-02  -4.88075912E-02  -4.64757159E-02  -4.45912220E-02  -4.21331525E-02  -4.01521027E-02  -3.80532444E-02  -3.57117839E-02  -3.17640156E-02  -3.03840972E-02  -2.89420560E-02  -2.75141113E-02  -2.62349769E-02  -2.44391412E-02  -2.39235312E-02  -2.19322219E-02  -2.02112384E-02  -1.86322927E-02  -1.70142055E-02  -1.57839842E-02  -1.39665380E-02  -1.29979178E-02  -1.17854699E-02  -1.02051049E-02  -8.89188796E-03  -7.85340369E-03  -6.53020293E-03  -5.40596247E-03  -4.17968631E-03  -2.86073983E-03  -2.04373151E-03  -4.80115414E-05   1.24701858E-03   1.73222274E-03   2.08104402E-03   2.73372978E-03   3.52941453E-03   3.79242003E-03   4.19545919E-03   4.66322154E-03   4.11911309E-03   4.53396887E-03   3.71091068E-03   2.74412334E-03  -6.17973506E-04  -1.79640949E-03  -4.04065847E-03  -7.16558844E-03  -8.86790454E-03  -1.06551275E-02  -1.29738897E-02  -8.78664851E-03
        1095   26.8150005     10:33:08.388   4.95105907E-02   5.19487970E-02   5.05846590E-02   4.73512299E-02   4.79137041E-02   4.61696312E-02   4.47855778E-02   4.32928801E-02   4.28166352E-02   4.04371582E-02   3.88386995E-02   3.69848721E-02   3.59466299E-02   3.42868865E-02   3.28286327E-02   3.18756476E-02   3.09603252E-02   3.00596636E-02   2.90081166E-02   2.84370817E-02   2.82841045E-02   2.73823682E-02   2.64994279E-02   2.61034444E-02   2.54403725E-02   2.52786595E-02   2.51715034E-02   2.45998371E-02   2.33917348E-02   2.37000417E-02   2.37486288E-02   2.32961737E-02   2.26468313E-02   2.23832205E-02   2.22797822E-02   2.20163427E-02   2.17784382E-02   2.10440792E-02   2.08685044E-02   2.04345174E-02   2.08248198E-02   1.96664035E-02   1.97121501E-02   2.14385614E-02   2.13029869E-02   2.06853449E-02   2.05427371E-02   1.97519828E-02   1.94341354E-02   1.91160887E-02   1.86891742E-02   1.85524225E-02   1.90930851E-02   1.86836310E-02   1.87955741E-02   1.85486171E-02   1.83278378E-02   1.86077505E-02   1.82310585E-02   1.83534771E-02   1.75185930E-02   1.84349176E-02   1.80620681E-02   1.74292270E-02   1.79258455E-02   1.70067307E-02   1.83228403E-02   1.82006527E-02   1.79137532E-02   1.84420124E-02   1.74164306E-02   1.64388902E-02   1.82483997E-02   1.64798759E-02   1.53290983E-02   1.54431593E-02   1.35967704E-02   1.39885331E-02   1.07178744E-02   9.39702801E-03   8.64716433E-03   3.58758355E-03   2.79221218E-03   1.74042326E-03   1.60513120E-03   7.69090839E-04   2.71720579E-03  -999.000000      -999.000000      -999.000000      -999.000000      -999.000000      -999.000000      -999.000000      -999.000000      -999.000000      -999.000000      -999.000000      -999.000000      -999.000000      -999.000000      -999.000000      -999.000000      -999.000000      -999.000000      -999.000000      -999.000000      -999.000000      -999.000000      -999.000000      -999.000000      -999.000000      -999.000000      -7.56249577E-02  -7.26457536E-02  -6.97805956E-02  -6.66397363E-02  -6.37370646E-02  -6.12212420E-02  -5.82049415E-02  -5.63026145E-02  -5.36379628E-02  -5.07005528E-02  -4.88448963E-02  -4.64330167E-02  -4.39185239E-02  -4.21304218E-02  -4.00393419E-02  -3.81204970E-02  -3.57790403E-02  -3.17014419E-02  -3.01617235E-02  -2.86700279E-02  -2.64624357E-02  -2.62738205E-02  -2.41486207E-02  -2.32035778E-02  -2.19126865E-02  -1.97416767E-02  -1.82323679E-02  -1.69837810E-02  -1.56829767E-02  -1.33550167E-02  -1.27458796E-02  -1.10830665E-02  -9.70239192E-03  -8.59899074E-03  -6.95046037E-03  -5.89735806E-03  -4.29335982E-03  -3.60731035E-03  -2.36843526E-03  -1.37136132E-03   3.54573131E-04   1.47980452E-03   2.20517814E-03   3.15401703E-03   3.75656039E-03   3.79198045E-03   4.94450331E-03   4.78677452E-03   4.74346429E-03   4.91784513E-03   5.20056486E-03   3.45495343E-03   2.63512135E-03   8.18721950E-04  -1.93432719E-03  -4.97447699E-03  -6.84384257E-03  -9.63037461E-03  -1.05619207E-02  -1.03135556E-02  -9.89715755E-03
        1096   26.9540005     10:33:08.637   5.54597937E-02   5.44580594E-02   4.63839509E-02   5.24608418E-02   4.92034778E-02   4.79994491E-02   4.45651636E-02   4.72727269E-02   4.32866178E-02   4.16271351E-02   3.89187708E-02   3.87251303E-02   3.65867689E-02   3.60769704E-02   3.47887911E-02   3.33658941E-02   3.16304900E-02   3.17897387E-02   3.13582011E-02   2.96570845E-02   2.94941086E-02   2.86324490E-02   2.81593502E-02   2.69733518E-02   2.72102952E-02   2.67484933E-02   2.62312498E-02   2.58995034E-02   2.56513190E-02   2.36095395E-02   2.42281333E-02   2.40056776E-02   2.36365013E-02   2.34229695E-02   2.30195336E-02   2.27561779E-02   2.20682733E-02   2.16439161E-02   2.14084256E-02   2.04344355E-02   2.06748247E-02   1.98964030E-02   1.93219837E-02   1.75580606E-02   1.75119080E-02   1.70833580E-02   1.69796664E-02   1.66175868E-02   1.63381565E-02   1.58385336E-02   1.51007092E-02   1.54542103E-02   1.56657770E-02   1.52277388E-02   1.50010940E-02   1.51754618E-02   1.46559253E-02   1.51267545E-02   1.52508924E-02   1.51537247E-02   1.44789247E-02   1.45648364E-02   1.40514057E-02   1.40780676E-02   1.53846014E-02   1.43057341E-02   1.47925913E-02   1.46509856E-02   1.45044159E-02   1.52726732E-02   1.41067635E-02   1.35686407E-02   1.36066545E-02   1.30960587E-02   1.30422954E-02   1.26619516E-02   1.09993387E-02   1.13940462E-02   8.24516919E-03   6.69295248E-03   7.30129937E-03  -999.000000       2.70505389E-03   2.10496318E-03  -999.000000      -999.000000       2.79439939E-03  -999.000000      -999.000000      -999.000000      -999.000000      -999.000000      -999.000000      -999.000000      -999.000000      -999.000000      -999.000000      -999.000000      -999.000000      -999.000000      -999.000000      -999.000000      -999.000000      -999.000000      -999.000000      -999.000000      -999.000000      -999.000000      -999.000000      -999.000000      -999.000000      -999.000000      -999.000000      -7.41688013E-02  -7.10396022E-02  -6.86846077E-02  -6.55438304E-02  -6.26411736E-02  -5.99153489E-02  -5.72189540E-02  -5.51664643E-02  -5.22218198E-02  -5.03743142E-02  -4.77186590E-02  -4.55867723E-02  -4.27222960E-02  -4.10441123E-02  -3.93529423E-02  -3.74940895E-02  -3.46726365E-02  -3.21654528E-02  -2.98062228E-02  -2.85054594E-02  -2.70787664E-02  -2.60514878E-02  -2.44379416E-02  -2.27444023E-02  -2.10646801E-02  -1.96436644E-02  -1.79835260E-02  -1.66536868E-02  -1.52013786E-02  -1.41420998E-02  -1.22516453E-02  -1.09778270E-02  -9.80632007E-03  -8.44241679E-03  -7.52373040E-03  -6.78087771E-03  -5.41745871E-03  -4.32197750E-03  -2.61328369E-03  -1.90603733E-03  -1.09523535E-04   7.26282597E-04   1.42215937E-03   2.85117328E-03   3.08346003E-03   3.18830460E-03   4.13965434E-03   4.48010117E-03   4.33413684E-03   3.88471037E-03   3.95194441E-03   4.10977006E-03   2.13204324E-03  -3.95476818E-04  -1.48046017E-03  -4.36588377E-03  -7.22696632E-03  -9.18461382E-03  -9.63777304E-03  -1.29975453E-02  -9.00389254E-03
        1097   27.0809994     10:33:08.886   4.77798171E-02   5.31181097E-02   4.54040170E-02   4.83608358E-02   4.61334996E-02   4.45894822E-02   4.36751954E-02   4.26427461E-02   4.08666320E-02   3.95371802E-02   3.71788181E-02   3.47751491E-02   3.40768099E-02   3.18769962E-02   3.11188251E-02   3.03259175E-02   2.88805068E-02   2.81297732E-02   2.78782248E-02   2.69971043E-02   2.61441320E-02   2.54124701E-02   2.47693807E-02   2.46633887E-02   2.42003202E-02   2.38485187E-02   2.23212838E-02   2.22895388E-02   2.28813551E-02   2.16595791E-02   2.17881687E-02   2.10157093E-02   2.08165329E-02   2.03729980E-02   1.99895669E-02   1.96562130E-02   1.98583025E-02   1.88639481E-02   1.91284493E-02   1.81344599E-02   1.87348500E-02   1.80264339E-02   1.72820166E-02   2.05681026E-02   2.05919575E-02   2.00534165E-02   1.96097344E-02   1.89776756E-02   1.85282659E-02   1.76386535E-02   1.80808213E-02   1.79543085E-02   1.80558600E-02   1.78477913E-02   1.79011263E-02   1.75354853E-02   1.75759364E-02   1.73367560E-02   1.75408851E-02   1.77337192E-02   1.74189210E-02   1.68148428E-02   1.70914233E-02   1.68080945E-02   1.62446294E-02   1.70057602E-02   1.68126114E-02   1.65810045E-02   1.78344436E-02   1.70327183E-02   1.67168267E-02   1.66787244E-02   1.48167759E-02   1.58662181E-02   1.61325056E-02   1.38622299E-02   1.32996999E-02   1.37744974E-02   9.88572184E-03   9.79364105E-03   6.05213363E-03   6.30770624E-03   3.98623850E-03   8.06213357E-04  -999.000000       2.32815160E-03   2.24559708E-03  -999.000000      -999.000000      -999.000000      -999.000000      -999.000000      -999.000000      -999.000000      -999.000000      -999.000000      -999.000000      -999.000000      -999.000000      -999.000000      -999.000000      -999.000000      -999.000000      -999.000000      -999.000000      -999.000000      -999.000000      -999.000000      -999.000000      -999.000000      -999.000000      -999.000000      -999.000000      -7.51414672E-02  -7.22222552E-02  -6.87472597E-02  -6.55264780E-02  -6.31938204E-02  -6.03479967E-02  -5.80416098E-02  -5.52891269E-02  -5.25844768E-02  -5.06169759E-02  -4.81413119E-02  -4.54194285E-02  -4.32549454E-02  -4.07767668E-02  -3.90155911E-02  -3.74467373E-02  -3.48152779E-02  -3.19681019E-02  -3.07488628E-02  -2.98080854E-02  -2.81513780E-02  -2.69540735E-02  -2.51405202E-02  -2.40269676E-02  -2.21872292E-02  -2.09662281E-02  -1.87561139E-02  -1.73963010E-02  -1.59240142E-02  -1.41347498E-02  -1.31043047E-02  -1.14705041E-02  -1.01790130E-02  -8.73509794E-03  -7.62639940E-03  -6.14355505E-03  -5.12012094E-03  -3.28463316E-03  -2.36592442E-03  -1.24868006E-03  -2.02171504E-04   9.23641026E-04   1.97950006E-03   3.14853340E-03   4.00084257E-03   3.68570536E-03   4.74708527E-03   4.84757870E-03   5.13166189E-03   5.68228960E-03   4.50959802E-03   3.81751359E-03   4.06988710E-03  -3.97488475E-04  -1.89234316E-03  -5.59758395E-03  -8.30855221E-03  -8.79608840E-03  -1.05591640E-02  -1.12589225E-02  -9.85531509E-03
        1098   27.2110004     10:33:09.137   5.57997450E-02   6.20580465E-02   4.25839648E-02   5.56008145E-02   5.18834628E-02   5.09494767E-02   4.55751643E-02   4.86127511E-02   4.66466583E-02   4.26871814E-02   3.95488366E-02   3.98751684E-02   3.90168428E-02   3.57970223E-02   3.60188484E-02   3.48359533E-02   3.32905352E-02   3.14397924E-02   3.23482417E-02   3.10371276E-02   2.92941537E-02   2.98725031E-02   2.86393911E-02   2.81434059E-02   2.74003297E-02   2.71285269E-02   2.64112931E-02   2.54195407E-02   2.60013435E-02   2.43895613E-02   2.49681510E-02   2.41556857E-02   2.33965218E-02   2.34930031E-02   2.30895616E-02   2.30562184E-02   2.22183112E-02   2.16339547E-02   2.21684650E-02   2.08244771E-02   2.12948751E-02   2.06064563E-02   2.10520271E-02   2.03280933E-02   2.04319023E-02   1.99033003E-02   1.92995425E-02   1.91273801E-02   1.85978562E-02   1.79881286E-02   1.76502299E-02   1.72537137E-02   1.73553210E-02   1.74973588E-02   1.69607885E-02   1.74052436E-02   1.69857927E-02   1.73966791E-02   1.69408675E-02   1.67437345E-02   1.65489446E-02   1.63348429E-02   1.63013823E-02   1.60180144E-02   1.57145467E-02   1.66556928E-02   1.66126080E-02   1.65810473E-02   1.63545161E-02   1.68327969E-02   1.60168968E-02   1.58087630E-02   1.57267191E-02   1.49560263E-02   1.47721078E-02   1.42515246E-02   1.20985508E-02   1.14828432E-02   1.12234773E-02   8.53057951E-03   6.19822089E-03   4.12270892E-03   7.60051887E-04   2.42940546E-03   2.25238223E-03   1.07001117E-03   9.47348308E-04  -999.000000      -999.000000      -999.000000      -999.000000      -999.000000      -999.000000      -999.000000      -999.000000      -999.000000      -999.000000      -999.000000      -999.000000      -999.000000      -999.000000      -999.000000      -999.000000      -999.000000      -999.000000      -999.000000      -999.000000      -999.000000      -999.000000      -999.000000      -999.000000      -999.000000      -999.000000      -7.44445324E-02  -7.20853209E-02  -6.93103522E-02  -6.58995658E-02  -6.29768968E-02  -5.96610792E-02  -5.75846881E-02  -5.57221919E-02  -5.25875390E-02  -5.04200272E-02  -4.81143706E-02  -4.52224948E-02  -4.33280058E-02  -4.11898158E-02  -3.94286513E-02  -3.69497985E-02  -3.52383330E-02  -3.32211666E-02  -3.05119827E-02  -2.98612602E-02  -2.80746259E-02  -2.63574086E-02  -2.55839713E-02  -2.42105313E-02  -2.29008868E-02  -2.09898837E-02  -1.96397193E-02  -1.82198323E-02  -1.66574419E-02  -1.46280825E-02  -1.37775317E-02  -1.26936585E-02  -1.07021034E-02  -9.07816738E-03  -7.49944150E-03  -6.47659600E-03  -4.93320078E-03  -3.93777341E-03  -2.01907754E-03  -1.44182146E-03  -5.52609563E-05   8.60601664E-04   1.38650090E-03   2.85556167E-03   3.30785662E-03   3.34268063E-03   4.07399237E-03   4.63435799E-03   4.37827408E-03   5.02863526E-03   4.11555171E-03   3.69301438E-03   2.50481814E-03   7.66634941E-04  -2.97908485E-03  -3.98541242E-03  -8.02724063E-03  -9.18558985E-03  -9.42956656E-03  -1.08599812E-02  -6.28661364E-03
        1099   27.3400002     10:33:09.386   5.68194650E-02   5.16777523E-02   5.88237345E-02   5.24106957E-02   5.25334068E-02   5.10794334E-02   5.11850491E-02   4.87827100E-02   4.62366976E-02   4.49872054E-02   4.34488952E-02   4.00353074E-02   3.91869321E-02   3.91670950E-02   3.60289440E-02   3.54260840E-02   3.44906375E-02   3.40898521E-02   3.16883065E-02   3.18271667E-02   3.16341966E-02   2.99325641E-02   2.99794041E-02   2.93034129E-02   2.88603418E-02   2.89785080E-02   2.85112411E-02   2.82294601E-02   2.68112347E-02   2.67894194E-02   2.66279988E-02   2.59755421E-02   2.61564329E-02   2.56829411E-02   2.53895093E-02   2.45961919E-02   2.40682885E-02   2.44939271E-02   2.36784760E-02   2.33644843E-02   2.30849106E-02   2.28764955E-02   2.24620104E-02   1.89879518E-02   1.94115490E-02   1.88826099E-02   1.85284447E-02   1.76757947E-02   1.68756787E-02   1.70853455E-02   1.59870870E-02   1.67906508E-02   1.61425844E-02   1.63951311E-02   1.64490920E-02   1.55040454E-02   1.57750566E-02   1.57262888E-02   1.53307961E-02   1.44338217E-02   1.52390730E-02   1.47648193E-02   1.41611490E-02   1.53375957E-02   1.48640973E-02   1.43353399E-02   1.56825352E-02   1.42312087E-02   1.53948162E-02   1.54331187E-02   1.35771111E-02   1.55087886E-02   1.31362136E-02   1.26547674E-02   1.52297523E-02   1.20675461E-02   1.06322607E-02   1.28039271E-02   6.75149588E-03   8.31435621E-03   6.13760203E-03   1.16647314E-03   3.30771180E-03  -999.000000      -999.000000       1.16802612E-03   9.05011315E-04  -999.000000      -999.000000      -999.000000      -999.000000      -999.000000      -999.000000      -999.000000      -999.000000      -999.000000      -999.000000      -999.000000      -999.000000      -999.000000      -999.000000      -999.000000      -999.000000      -999.000000      -999.000000      -999.000000      -999.000000      -999.000000      -999.000000      -999.000000      -999.000000      -999.000000      -999.000000      -7.34549984E-02  -7.03657940E-02  -6.70908689E-02  -6.44701347E-02  -6.15774654E-02  -5.84716499E-02  -5.65952286E-02  -5.42926714E-02  -5.17780110E-02  -4.87404764E-02  -4.67148125E-02  -4.42529358E-02  -4.21884395E-02  -4.00602184E-02  -3.78390215E-02  -3.57401557E-02  -3.38186845E-02  -3.15016843E-02  -3.02126743E-02  -2.83422880E-02  -2.66660042E-02  -2.60292925E-02  -2.39964761E-02  -2.26635784E-02  -2.09843926E-02  -2.02234201E-02  -1.82829648E-02  -1.64326020E-02  -1.51896775E-02  -1.36598125E-02  -1.22087710E-02  -1.08045042E-02  -9.49264318E-03  -8.20849836E-03  -6.72972947E-03  -5.55697829E-03  -4.60378826E-03  -3.34856659E-03  -1.89992040E-03  -8.12597573E-04   3.24167311E-04   1.43025070E-03   2.52636522E-03   2.83549726E-03   4.04773653E-03   3.77237052E-03   4.44325805E-03   4.55296785E-03   5.42590767E-03   5.26487827E-03   4.04977053E-03   4.49478626E-03   1.50365382E-03   1.34132057E-03  -1.62886083E-03  -5.71089983E-03  -5.84711879E-03  -8.14965367E-03  -9.33805853E-03  -7.98162818E-03  -8.44939798E-03
        1100   27.4589996     10:33:09.635   5.36892302E-02   6.07576109E-02   4.66235615E-02   5.21305613E-02   5.04833236E-02   4.86693867E-02   4.46149223E-02   4.72026542E-02   4.46766838E-02   4.29772064E-02   4.07489017E-02   4.13153656E-02   3.84969488E-02   3.64670977E-02   3.61889824E-02   3.50861326E-02   3.44106629E-02   3.28498557E-02   3.26983146E-02   3.18471491E-02   3.07741761E-02   3.02325748E-02   3.01893670E-02   2.93033738E-02   2.94403005E-02   2.82784533E-02   2.86111627E-02   2.73793526E-02   2.73511074E-02   2.60992795E-02   2.63678636E-02   2.62953974E-02   2.58463379E-02   2.55928673E-02   2.48594340E-02   2.47461386E-02   2.41482295E-02   2.44138725E-02   2.39884332E-02   2.39844471E-02   2.39448994E-02   2.27964818E-02   2.31719539E-02   2.19878070E-02   2.23212522E-02   2.14620791E-02   2.13076454E-02   2.05046590E-02   2.06941385E-02   1.99834220E-02   1.95449367E-02   1.99385695E-02   1.91007368E-02   1.93636511E-02   1.89279672E-02   1.84232574E-02   1.88645832E-02   1.87360439E-02   1.86307598E-02   1.86238848E-02   1.91391557E-02   1.83547921E-02   1.78309735E-02   1.86072960E-02   1.78237762E-02   1.85250826E-02   1.95724610E-02   1.84912775E-02   1.88349634E-02   1.96932591E-02   1.74171571E-02   1.82586778E-02   1.75657161E-02   1.73137337E-02   1.73179545E-02   1.55146252E-02   1.62877608E-02   1.49976369E-02   9.86312330E-03   1.33731002E-02   7.32335821E-03   5.74842934E-03   6.52555749E-03   1.43968035E-03   3.22573259E-03   4.89964336E-03   4.00653249E-03  -999.000000      -999.000000      -999.000000      -999.000000      -999.000000      -999.000000      -999.000000      -999.000000      -999.000000      -999.000000      -999.000000      -999.000000      -999.000000      -999.000000      -999.000000      -999.000000      -999.000000      -999.000000      -999.000000      -999.000000      -999.000000      -999.000000      -999.000000      -999.000000      -999.000000      -999.000000      -7.44182542E-02  -7.07190409E-02  -6.81841671E-02  -6.49734586E-02  -6.21307790E-02  -5.94949573E-02  -5.68985231E-02  -5.45559153E-02  -5.17212674E-02  -4.97537032E-02  -4.68280390E-02  -4.48761582E-02  -4.22916710E-02  -4.06134278E-02  -3.82822081E-02  -3.67033556E-02  -3.46518867E-02  -3.18849906E-02  -3.02661024E-02  -2.94059515E-02  -2.75598951E-02  -2.64935121E-02  -2.45511271E-02  -2.33786106E-02  -2.22597122E-02  -2.00087205E-02  -1.88280530E-02  -1.71273649E-02  -1.57040544E-02  -1.41338594E-02  -1.27424784E-02  -1.09879747E-02  -9.71590728E-03  -8.83164257E-03  -6.97281212E-03  -5.88013977E-03  -4.72709537E-03  -3.78202647E-03  -2.24342197E-03  -1.36605650E-03   2.60852277E-04   1.02709234E-03   1.66331232E-03   3.12248617E-03   3.27464938E-03   4.27911431E-03   4.14972752E-03   4.53895330E-03   4.93121892E-03   5.55919856E-03   4.00269777E-03   3.14605236E-03   2.98292190E-03  -3.42227519E-04  -9.15430486E-04  -4.87133861E-03  -5.95051050E-03  -8.16587359E-03  -9.06717777E-03  -1.02727488E-02  -8.80117714E-03
        1101   27.5720005     10:33:09.883   4.70592827E-02   5.43876514E-02   5.28335758E-02   5.01605943E-02   4.99233529E-02   4.87893783E-02   4.80049625E-02   4.46726531E-02   4.46266681E-02   4.21472043E-02   4.19388972E-02   3.88653204E-02   3.79269309E-02   3.60770784E-02   3.52189578E-02   3.43061015E-02   3.38006504E-02   3.22298519E-02   3.10783070E-02   3.05471476E-02   3.04341670E-02   2.97725629E-02   2.89293677E-02   2.83433795E-02   2.82803029E-02   2.74184588E-02   2.67911647E-02   2.67293714E-02   2.61811279E-02   2.53293030E-02   2.52278857E-02   2.55854297E-02   2.47063562E-02   2.42528748E-02   2.39094421E-02   2.32661441E-02   2.33382359E-02   2.29938775E-02   2.23884340E-02   2.21344437E-02   2.22348869E-02   2.12364718E-02   2.14519519E-02   2.05678344E-02   2.02713236E-02   1.93522181E-02   1.96878631E-02   1.84449647E-02   1.82245690E-02   1.79239567E-02   1.70755461E-02   1.78091619E-02   1.72212683E-02   1.72340795E-02   1.78782996E-02   1.70034915E-02   1.76847242E-02   1.68661214E-02   1.70007721E-02   1.68638695E-02   1.70691330E-02   1.64547991E-02   1.57510191E-02   1.61073804E-02   1.62838623E-02   1.64051484E-02   1.71924736E-02   1.69812441E-02   1.60949063E-02   1.74631961E-02   1.60471164E-02   1.57286748E-02   1.58158131E-02   1.58939734E-02   1.52284093E-02   1.38353948E-02   1.32389776E-02   1.32393632E-02   9.40544344E-03   8.74624401E-03   6.56735478E-03   4.03351337E-03   3.29182949E-03   6.56256452E-06   1.71342306E-03   1.42778037E-03   5.14741521E-04  -999.000000      -999.000000      -999.000000      -999.000000      -999.000000      -999.000000      -999.000000      -999.000000      -999.000000      -999.000000      -999.000000      -999.000000      -999.000000      -999.000000      -999.000000      -999.000000      -999.000000      -999.000000      -999.000000      -999.000000      -999.000000      -999.000000      -999.000000      -999.000000      -999.000000      -999.000000      -7.36972392E-02  -7.05080330E-02  -6.78731501E-02  -6.42724261E-02  -6.18197545E-02  -5.94439432E-02  -5.63775003E-02  -5.36049195E-02  -5.09902574E-02  -4.91927043E-02  -4.66670319E-02  -4.37251665E-02  -4.21806760E-02  -4.00324427E-02  -3.77412215E-02  -3.56223658E-02  -3.36209051E-02  -3.27039734E-02  -3.14350501E-02  -3.04348394E-02  -2.88187116E-02  -2.67922282E-02  -2.57397182E-02  -2.45071054E-02  -2.28781141E-02  -2.08771303E-02  -1.92764997E-02  -1.75959133E-02  -1.63027048E-02  -1.47126094E-02  -1.31713301E-02  -1.21068954E-02  -1.04948729E-02  -9.27066058E-03  -8.09184462E-03  -6.74914569E-03  -5.91605902E-03  -4.09094244E-03  -3.04234028E-03  -2.41498649E-03  -1.05811656E-03   1.98073685E-04   1.17425621E-03   1.67340785E-03   2.52558291E-03   3.23009491E-03   3.70077789E-03   4.86013293E-03   5.02258539E-03   5.22084534E-03   4.47472930E-03   3.97855043E-03   2.34598666E-03  -1.98349357E-04  -1.79069489E-03  -4.33549285E-03  -7.40380585E-03  -8.42835754E-03  -1.08287781E-02  -9.67375189E-03  -7.08195567E-03
        1102   27.6870003     10:33:10.141   5.26393540E-02   5.26277088E-02   4.73536439E-02   5.00006601E-02   4.80133854E-02   4.80394028E-02   4.51750122E-02   4.60627005E-02   4.40667123E-02   4.15272266E-02   3.78789231E-02   3.81553583E-02   3.61569636E-02   3.47471014E-02   3.44289839E-02   3.34461369E-02   3.21606696E-02   3.14598829E-02   3.04583479E-02   3.00971866E-02   2.91142184E-02   2.77525969E-02   2.78494079E-02   2.78434157E-02   2.70103533E-02   2.71285027E-02   2.62212232E-02   2.65594348E-02   2.53811963E-02   2.43893713E-02   2.57179569E-02   2.36054957E-02   2.43264120E-02   2.40329262E-02   2.36094967E-02   2.35661902E-02   2.28182860E-02   2.30639260E-02   2.26984844E-02   2.22844910E-02   2.25449316E-02   2.12265141E-02   2.15220042E-02   2.11979095E-02   2.08214391E-02   2.06023864E-02   1.99980959E-02   1.97452791E-02   1.95049737E-02   1.88844521E-02   1.85160767E-02   1.85196623E-02   1.81216970E-02   1.82644203E-02   1.84385460E-02   1.81336533E-02   1.81148183E-02   1.76061653E-02   1.78807694E-02   1.73438489E-02   1.75591130E-02   1.78448111E-02   1.64510719E-02   1.69174615E-02   1.72139518E-02   1.63952261E-02   1.78225115E-02   1.72912590E-02   1.79149210E-02   1.85232256E-02   1.65871903E-02   1.69088021E-02   1.69260595E-02   1.47843705E-02   1.54990070E-02   1.47262756E-02   1.38902478E-02   1.33310631E-02   1.05076432E-02   9.19913314E-03   8.72095488E-03   4.60801413E-03   3.31727555E-03   1.02461781E-04   2.38988851E-03   2.54445802E-03   2.91131623E-03  -999.000000      -999.000000      -999.000000      -999.000000      -999.000000      -999.000000      -999.000000      -999.000000      -999.000000      -999.000000      -999.000000      -999.000000      -999.000000      -999.000000      -999.000000      -999.000000      -999.000000      -999.000000      -999.000000      -999.000000      -999.000000      -999.000000      -999.000000      -999.000000      -999.000000      -999.000000      -7.28240013E-02  -6.95847869E-02  -6.66698962E-02  -6.28591701E-02  -6.02864996E-02  -5.80906793E-02  -5.53742424E-02  -5.27916625E-02  -5.00170179E-02  -4.75094616E-02  -4.54338044E-02  -4.32519205E-02  -4.08374257E-02  -3.91092002E-02  -3.65779884E-02  -3.54091190E-02  -3.25876623E-02  -3.13606970E-02  -2.99317539E-02  -2.87214778E-02  -2.73153000E-02  -2.53387429E-02  -2.45361179E-02  -2.32034139E-02  -2.15243697E-02  -2.00633965E-02  -1.84828490E-02  -1.67923495E-02  -1.54492408E-02  -1.36692226E-02  -1.23380125E-02  -1.09836310E-02  -9.85167176E-03  -8.30747187E-03  -7.01865554E-03  -5.70594519E-03  -4.68282402E-03  -2.96766311E-03  -1.96903199E-03  -6.91704452E-04   3.05145979E-04   8.31298530E-04   2.13747472E-03   3.14664096E-03   3.70885432E-03   4.49342281E-03   4.30418551E-03   5.08368760E-03   5.39632142E-03   5.79483062E-03   4.85906750E-03   4.05329466E-03   3.03120911E-03   3.37541103E-04  -2.01407820E-03  -5.40797412E-03  -7.32558221E-03  -9.06949490E-03  -1.02193356E-02  -1.00139529E-02  -8.15207511E-03
        1103   27.7980003     10:33:10.390   5.09096161E-02   5.67279309E-02   5.50338700E-02   5.04508168E-02   5.14034517E-02   5.10294661E-02   5.10051399E-02   4.77427691E-02   4.77067009E-02   4.44672182E-02   4.25788611E-02   3.99052575E-02   3.95168997E-02   3.85970809E-02   3.66489179E-02   3.56060378E-02   3.43806036E-02   3.40798385E-02   3.31482962E-02   3.21971662E-02   3.21141966E-02   3.09925582E-02   2.94794347E-02   2.97734328E-02   2.95403656E-02   2.82685552E-02   2.86012962E-02   2.77495366E-02   2.74413340E-02   2.70495322E-02   2.69381218E-02   2.69156545E-02   2.56865155E-02   2.59630010E-02   2.56695691E-02   2.50362363E-02   2.52683293E-02   2.41939705E-02   2.44485009E-02   2.33545098E-02   2.43349206E-02   2.36665010E-02   2.26120539E-02   1.98580679E-02   1.90917999E-02   1.94330662E-02   1.89091545E-02   1.82168018E-02   1.82870515E-02   1.76170822E-02   1.70590281E-02   1.70925371E-02   1.75642520E-02   1.70864854E-02   1.68301165E-02   1.69847626E-02   1.70454960E-02   1.73865166E-02   1.70008317E-02   1.67437643E-02   1.66689940E-02   1.66748408E-02   1.63013022E-02   1.59378666E-02   1.67443827E-02   1.66555680E-02   1.74225923E-02   1.70111340E-02   1.66846700E-02   1.74629744E-02   1.62570439E-02   1.61888562E-02   1.56666245E-02   1.61456559E-02   1.53113296E-02   1.47201307E-02   1.31562734E-02   1.33295562E-02   9.17900540E-03   9.64446645E-03   5.99041022E-03   6.91272039E-03   2.03767838E-03   2.36578053E-03   3.94706335E-03   1.32370368E-03   4.06080671E-03  -999.000000      -999.000000      -999.000000      -999.000000      -999.000000      -999.000000      -999.000000      -999.000000      -999.000000      -999.000000      -999.000000      -999.000000      -999.000000      -999.000000      -999.000000      -999.000000      -999.000000      -999.000000      -999.000000      -999.000000      -999.000000      -999.000000      -999.000000      -999.000000      -999.000000      -999.000000      -7.38526732E-02  -7.08134621E-02  -6.79385141E-02  -6.46777526E-02  -6.20150976E-02  -5.96292764E-02  -5.66328689E-02  -5.41003421E-02  -5.10156937E-02  -4.94381636E-02  -4.71525043E-02  -4.45706286E-02  -4.26061340E-02  -4.04779315E-02  -3.84867527E-02  -3.66778933E-02  -3.38564217E-02  -3.18293311E-02  -3.03502008E-02  -2.82796063E-02  -2.69531123E-02  -2.56460942E-02  -2.43728869E-02  -2.31196694E-02  -2.06502154E-02  -1.99992321E-02  -1.78589635E-02  -1.63188912E-02  -1.50363110E-02  -1.33467466E-02  -1.27360150E-02  -1.09819695E-02  -9.98029858E-03  -8.73627514E-03  -6.82754070E-03  -5.64473867E-03  -4.28140163E-03  -3.27605754E-03  -2.24737078E-03  -8.70086253E-04  -5.34579158E-05   1.47249550E-03   1.89849734E-03   3.20759416E-03   3.64989787E-03   3.93466651E-03   4.70581651E-03   4.76595759E-03   4.53950465E-03   4.51934338E-03   4.24549729E-03   3.08200717E-03   2.68267840E-03  -5.27098775E-04  -1.96453929E-03  -3.27309221E-03  -8.25662911E-03  -7.77664036E-03  -9.88239050E-03  -1.11741051E-02  -8.44124705E-03
        1104   27.9039993     10:33:10.638   4.81302142E-02   5.29484898E-02   5.30443601E-02   4.93710674E-02   5.11436313E-02   4.95995805E-02   4.84654382E-02   4.55528721E-02   4.65567075E-02   4.42372225E-02   4.16888446E-02   3.88751179E-02   3.94268110E-02   3.63970399E-02   3.54788266E-02   3.45659032E-02   3.36205177E-02   3.26798148E-02   3.13382670E-02   3.17471921E-02   3.02242208E-02   2.97525320E-02   2.96995174E-02   2.88135223E-02   2.81804483E-02   2.77086943E-02   2.77514923E-02   2.62697879E-02   2.67216340E-02   2.65398920E-02   2.52984799E-02   2.59760153E-02   2.47767624E-02   2.47031953E-02   2.45697647E-02   2.36263741E-02   2.34884638E-02   2.28341110E-02   2.32285801E-02   2.25145891E-02   2.19049416E-02   2.24865284E-02   2.14421935E-02   2.22284328E-02   2.17725523E-02   2.09144279E-02   2.11612284E-02   2.05097571E-02   2.04110425E-02   2.04421151E-02   1.91246588E-02   1.96879767E-02   1.99490823E-02   1.98403690E-02   1.95430685E-02   1.96968392E-02   1.95867419E-02   1.93471685E-02   2.00909376E-02   1.94435958E-02   1.92187782E-02   1.94148999E-02   1.87617503E-02   1.89686473E-02   1.94052216E-02   1.88462418E-02   2.02027764E-02   1.93309411E-02   1.84542686E-02   2.07125824E-02   2.00168919E-02   1.76391024E-02   2.08378825E-02   1.63883008E-02   1.85959712E-02   1.73876975E-02   1.54279731E-02   1.59159359E-02   1.48708317E-02   8.51383060E-03   1.36475824E-02   5.85984439E-03   5.34556061E-03   4.60913032E-03   3.25760292E-03   4.60799225E-03   8.56538489E-03  -999.000000      -999.000000      -999.000000      -999.000000      -999.000000      -999.000000      -999.000000      -999.000000      -999.000000      -999.000000      -999.000000      -999.000000      -999.000000      -999.000000      -999.000000      -999.000000      -999.000000      -999.000000      -999.000000      -999.000000      -999.000000      -999.000000      -999.000000      -999.000000      -999.000000      -999.000000      -7.34487474E-02  -7.08895326E-02  -6.75844625E-02  -6.44436479E-02  -6.15209863E-02  -5.92151657E-02  -5.62088229E-02  -5.39064109E-02  -5.10117561E-02  -4.85642888E-02  -4.69286144E-02  -4.39667515E-02  -4.17122506E-02  -3.94740999E-02  -3.79329734E-02  -3.55641134E-02  -3.32026370E-02  -3.14252637E-02  -3.07058133E-02  -2.90246159E-02  -2.70375162E-02  -2.62796022E-02  -2.45853104E-02  -2.33311020E-02  -2.19408795E-02  -2.05299184E-02  -1.89502165E-02  -1.70509778E-02  -1.62593722E-02  -1.41607076E-02  -1.30208358E-02  -1.15874708E-02  -1.03363320E-02  -9.23264772E-03  -7.52399862E-03  -6.34102523E-03  -4.85730916E-03  -4.03156877E-03  -2.67277658E-03  -9.55611467E-04  -9.93534923E-05   9.56222415E-04   1.73190981E-03   2.55089253E-03   3.51337343E-03   3.50854546E-03   4.25049663E-03   4.24185395E-03   4.60719317E-03   4.28956747E-03   4.41934913E-03   3.21022421E-03   3.73611599E-03  -2.46286392E-04  -2.50580162E-03  -4.19425219E-03  -9.31002945E-03  -7.83269107E-03  -1.07807964E-02  -1.06872469E-02  -1.00026503E-02
        1105   28.0000000     10:33:10.888   5.99809028E-02   5.77490665E-02   5.92448562E-02   5.68814054E-02   5.51938415E-02   5.35397194E-02   5.33557646E-02   5.23930080E-02   4.93166745E-02   4.72372174E-02   4.54687476E-02   4.57748584E-02   4.07266468E-02   4.17869426E-02   4.13886607E-02   3.91456485E-02   3.81903499E-02   3.76397111E-02   3.67381647E-02   3.51271592E-02   3.52541916E-02   3.46924290E-02   3.41295488E-02   3.32735479E-02   3.27404924E-02   3.30387950E-02   3.19316722E-02   3.21100242E-02   3.14819440E-02   3.02102752E-02   3.11288610E-02   3.02363988E-02   2.96570044E-02   2.97833718E-02   2.87699383E-02   2.85064746E-02   2.80085746E-02   2.80142166E-02   2.77786180E-02   2.70546209E-02   2.68849097E-02   2.59964969E-02   2.65422910E-02   2.52388138E-02   2.45334189E-02   2.41360608E-02   2.39437688E-02   2.37134155E-02   2.35060379E-02   2.31184475E-02   2.22617760E-02   2.27449052E-02   2.21352559E-02   2.17353608E-02   2.19368730E-02   2.18495186E-02   2.15583704E-02   2.18280219E-02   2.17210837E-02   2.19033901E-02   2.16984972E-02   2.08649617E-02   2.12923009E-02   2.09296141E-02   2.07962561E-02   2.10970659E-02   2.09129658E-02   2.15406287E-02   2.19436586E-02   2.02019587E-02   2.13965289E-02   2.01592110E-02   1.97292194E-02   2.07113735E-02   1.81515422E-02   1.82169639E-02   1.82024762E-02   1.47863794E-02   1.50382034E-02   1.20707899E-02   9.45447944E-03   1.20794112E-02   7.31887389E-03   3.24948505E-03   8.27728771E-03   3.58270388E-03   8.11070949E-03  -999.000000      -999.000000      -999.000000      -999.000000      -999.000000      -999.000000      -999.000000      -999.000000      -999.000000      -999.000000      -999.000000      -999.000000      -999.000000      -999.000000      -999.000000      -999.000000      -999.000000      -999.000000      -999.000000      -999.000000      -999.000000      -999.000000      -999.000000      -999.000000      -999.000000      -7.66057521E-02  -7.40020946E-02  -7.06128851E-02  -6.79776818E-02  -6.45967945E-02  -6.23841397E-02  -5.89683168E-02  -5.61120361E-02  -5.40097579E-02  -5.15251085E-02  -4.91277054E-02  -4.64220420E-02  -4.45401631E-02  -4.22156714E-02  -4.03376073E-02  -3.82065438E-02  -3.63276787E-02  -3.39062177E-02  -3.18585001E-02  -2.95586288E-02  -2.84366496E-02  -2.70587914E-02  -2.58497559E-02  -2.46340595E-02  -2.36985907E-02  -2.18473785E-02  -2.01564059E-02  -1.88773796E-02  -1.71291791E-02  -1.55688375E-02  -1.37312934E-02  -1.26125440E-02  -1.13000199E-02  -9.86958295E-03  -8.67632776E-03  -7.17782974E-03  -6.37464225E-03  -5.28044999E-03  -4.17421013E-03  -2.58528441E-03  -1.40826404E-03  -2.49594450E-06   8.72582197E-04   2.03783810E-03   2.87667662E-03   3.43932956E-03   4.06496972E-03   3.61789018E-03   4.40076739E-03   4.24831361E-03   5.13388962E-03   4.93828207E-03   3.93466651E-03   2.48721987E-03   1.54174864E-04  -2.59526074E-03  -3.98080796E-03  -5.50672412E-03  -1.05799660E-02  -9.97820497E-03  -1.03076473E-02  -8.63065571E-03
        1106   28.1009998     10:33:11.143   5.50912023E-02   5.32993861E-02   4.68551479E-02   4.98015322E-02   4.88639064E-02   4.72997539E-02   4.47258987E-02   4.44630347E-02   4.39266525E-02   4.26271819E-02   3.90786678E-02   3.87447327E-02   3.72065231E-02   3.57068628E-02   3.52185443E-02   3.42155099E-02   3.31002399E-02   3.21496278E-02   3.13480794E-02   3.14771160E-02   2.98641399E-02   2.98523456E-02   2.96995342E-02   2.87235379E-02   2.85604745E-02   2.82988101E-02   2.76517197E-02   2.70101130E-02   2.70820651E-02   2.67104302E-02   2.60390211E-02   2.62165628E-02   2.61570979E-02   2.52934266E-02   2.46399939E-02   2.45864987E-02   2.41385922E-02   2.41942331E-02   2.40586028E-02   2.38246098E-02   2.32348591E-02   2.30264440E-02   2.27723122E-02   2.15989593E-02   2.20937952E-02   2.17868108E-02   2.07749661E-02   2.05851570E-02   2.00484283E-02   1.94214899E-02   1.93452127E-02   1.93782710E-02   1.89182647E-02   1.98377986E-02   1.89387333E-02   1.86208375E-02   1.85391754E-02   1.80984437E-02   1.85511652E-02   1.81732941E-02   1.88583583E-02   1.83549840E-02   1.83325559E-02   1.78800672E-02   1.75767466E-02   1.81974526E-02   1.82230398E-02   1.80604514E-02   1.94633231E-02   1.82816014E-02   1.79162789E-02   1.84791721E-02   1.77797657E-02   1.65627394E-02   1.69641059E-02   1.48813082E-02   1.56793557E-02   1.37361400E-02   1.19013265E-02   1.18485671E-02   8.13707989E-03   7.61817489E-03   6.07433775E-03   1.75840687E-03   4.15081577E-03   3.35877831E-03   4.82718507E-03  -999.000000      -999.000000      -999.000000      -999.000000      -999.000000      -999.000000      -999.000000      -999.000000      -999.000000      -999.000000      -999.000000      -999.000000      -999.000000      -999.000000      -999.000000      -999.000000      -999.000000      -999.000000      -999.000000      -999.000000      -999.000000      -999.000000      -999.000000      -999.000000      -999.000000      -999.000000      -7.46451095E-02  -7.23258927E-02  -6.87006190E-02  -6.53897077E-02  -6.25470430E-02  -5.97812198E-02  -5.75749762E-02  -5.45527712E-02  -5.23781106E-02  -5.00007570E-02  -4.74350899E-02  -4.55432162E-02  -4.29087207E-02  -4.10806835E-02  -3.85896564E-02  -3.66308093E-02  -3.44293490E-02  -3.10114548E-02  -2.98213772E-02  -2.84490325E-02  -2.62407921E-02  -2.56612264E-02  -2.43748575E-02  -2.32287496E-02  -2.12170519E-02  -2.00860575E-02  -1.79173462E-02  -1.67696550E-02  -1.55599229E-02  -1.39528997E-02  -1.20547116E-02  -1.10526085E-02  -9.86251980E-03  -8.30945373E-03  -7.09103793E-03  -5.63775748E-03  -4.57333773E-03  -3.20687145E-03  -2.05788016E-03  -8.10921192E-04   9.14596021E-04   1.67943537E-03   2.66446918E-03   3.09321284E-03   4.05595452E-03   4.88179922E-03   5.05515933E-03   4.97874618E-03   5.08736074E-03   4.88448143E-03   4.67110425E-03   4.09016013E-03   2.41591781E-03   1.74343586E-05  -2.23711133E-03  -4.28640097E-03  -7.76748359E-03  -9.90614295E-03  -9.28950310E-03  -9.45547968E-03  -8.93721730E-03
        1107   28.1970005     10:33:11.391   5.54311387E-02   4.75592948E-02   5.13751023E-02   5.03215492E-02   4.86238822E-02   4.77697439E-02   4.75858748E-02   4.64529991E-02   4.45266403E-02   4.23271395E-02   3.91686521E-02   3.93347181E-02   3.64665166E-02   3.58868502E-02   3.50585170E-02   3.37754935E-02   3.28502096E-02   3.24196145E-02   3.16280648E-02   3.05670910E-02   2.99641136E-02   2.91923191E-02   2.89095007E-02   2.77435016E-02   2.78804414E-02   2.73287743E-02   2.64016725E-02   2.62600705E-02   2.53720172E-02   2.52403785E-02   2.56389715E-02   2.39965152E-02   2.45470610E-02   2.42533926E-02   2.38299593E-02   2.32664682E-02   2.37085558E-02   2.25342009E-02   2.27685701E-02   2.24345773E-02   2.27048341E-02   2.19364166E-02   2.15222668E-02   2.11289041E-02   2.03537084E-02   2.01366805E-02   2.00047791E-02   1.90649070E-02   1.91380978E-02   1.85911041E-02   1.75947901E-02   1.80278700E-02   1.75779201E-02   1.77875329E-02   1.79685354E-02   1.76107045E-02   1.73190981E-02   1.70184076E-02   1.74211655E-02   1.67433117E-02   1.67483706E-02   1.62749775E-02   1.58325117E-02   1.68800000E-02   1.59766749E-02   1.67273935E-02   1.71230119E-02   1.69404391E-02   1.70633197E-02   1.62915830E-02   1.62962303E-02   1.64990798E-02   1.60795823E-02   1.52224377E-02   1.53336450E-02   1.38806235E-02   1.40183615E-02   1.23247998E-02   9.70958639E-03   1.05162738E-02   7.34421751E-03   4.81459126E-03   2.84999050E-03   1.75369065E-03   2.53564399E-03   5.73421828E-04   3.16189276E-03  -999.000000      -999.000000      -999.000000      -999.000000      -999.000000      -999.000000      -999.000000      -999.000000      -999.000000      -999.000000      -999.000000      -999.000000      -999.000000      -999.000000      -999.000000      -999.000000      -999.000000      -999.000000      -999.000000      -999.000000      -999.000000      -999.000000      -999.000000      -999.000000      -999.000000      -999.000000      -7.44609237E-02  -7.19617158E-02  -6.82564452E-02  -6.53155297E-02  -6.25028610E-02  -5.96370399E-02  -5.72207868E-02  -5.51585779E-02  -5.24539314E-02  -5.04965633E-02  -4.77809012E-02  -4.45390306E-02  -4.37145345E-02  -4.05764878E-02  -3.97354662E-02  -3.64866108E-02  -3.50551568E-02  -3.07772942E-02  -2.93372311E-02  -2.79649459E-02  -2.61067487E-02  -2.51672454E-02  -2.39409506E-02  -2.26849131E-02  -2.09232718E-02  -1.91922523E-02  -1.79735012E-02  -1.61557272E-02  -1.51359215E-02  -1.34388506E-02  -1.20105967E-02  -1.10384226E-02  -9.68830287E-03  -8.07522982E-03  -7.15680420E-03  -5.88354468E-03  -4.96916473E-03  -3.17272544E-03  -2.70374119E-03  -1.46677345E-03   1.28768384E-04   1.25362724E-03   2.06866860E-03   2.30741501E-03   2.78013200E-03   3.81593406E-03   4.39921021E-03   4.57270443E-03   5.52117079E-03   4.81808186E-03   4.27443534E-03   3.98316979E-03   2.14854628E-03   3.39522958E-04  -1.96559727E-03  -4.50561941E-03  -8.36726278E-03  -9.47643071E-03  -1.14402771E-02  -9.33654606E-03  -7.61836022E-03
        1108   28.2919998     10:33:11.639   4.46516238E-02   4.94197346E-02   5.06154597E-02   4.44317795E-02   4.67940234E-02   4.56098393E-02   4.62461151E-02   4.26631160E-02   4.27866541E-02   4.12871800E-02   3.87186185E-02   3.61746103E-02   3.59264351E-02   3.58468220E-02   3.26384641E-02   3.32053900E-02   3.19201536E-02   3.10295913E-02   3.00080553E-02   2.96371244E-02   2.90341489E-02   2.76722983E-02   2.75695771E-02   2.77635753E-02   2.70105153E-02   2.63488926E-02   2.63218433E-02   2.50702761E-02   2.51022745E-02   2.49106791E-02   2.39092689E-02   2.43968144E-02   2.38772687E-02   2.35035587E-02   2.36901194E-02   2.31265835E-02   2.22186781E-02   2.20143162E-02   2.19286457E-02   2.15146542E-02   2.18348615E-02   2.13164501E-02   2.11323909E-02   2.11992096E-02   2.09043343E-02   2.09978018E-02   2.03864872E-02   1.97473355E-02   1.90713815E-02   1.88952275E-02   1.89693980E-02   1.83923263E-02   1.88518725E-02   1.85407083E-02   1.82509478E-02   1.86623950E-02   1.81801151E-02   1.77389383E-02   1.81512460E-02   1.76931694E-02   1.76381953E-02   1.74050294E-02   1.69628821E-02   1.74106434E-02   1.76773611E-02   1.78179443E-02   1.75531637E-02   1.80902909E-02   1.76130030E-02   1.73812807E-02   1.74161233E-02   1.67693049E-02   1.71406381E-02   1.70746408E-02   1.53274862E-02   1.46768615E-02   1.50779849E-02   1.25082554E-02   1.16874985E-02   1.04003549E-02   6.66468963E-03   6.49320288E-03   2.88739800E-03   3.33555904E-03   3.44337267E-03   7.54188281E-04   4.88286791E-03  -999.000000      -999.000000      -999.000000      -999.000000      -999.000000      -999.000000      -999.000000      -999.000000      -999.000000      -999.000000      -999.000000      -999.000000      -999.000000      -999.000000      -999.000000      -999.000000      -999.000000      -999.000000      -999.000000      -999.000000      -999.000000      -999.000000      -999.000000      -999.000000      -999.000000      -999.000000      -7.29199424E-02  -6.94307312E-02  -6.74453825E-02  -6.36644214E-02  -6.06317520E-02  -5.86059391E-02  -5.55797219E-02  -5.34676127E-02  -5.05829565E-02  -4.84556407E-02  -4.65599746E-02  -4.42081019E-02  -4.18136045E-02  -3.96356098E-02  -3.78946289E-02  -3.57457623E-02  -3.38943005E-02  -3.10962088E-02  -2.92458832E-02  -2.76930965E-02  -2.61144079E-02  -2.49041766E-02  -2.38169767E-02  -2.21101493E-02  -2.08778828E-02  -1.92668773E-02  -1.73985846E-02  -1.53115131E-02  -1.48225129E-02  -1.33061521E-02  -1.23386085E-02  -1.09569877E-02  -8.95731896E-03  -7.92450458E-03  -6.74616545E-03  -5.36277145E-03  -4.62805480E-03  -3.44130397E-03  -2.06223130E-03  -7.35349953E-04   3.59885395E-04   8.84421170E-04   2.02920288E-03   2.69788504E-03   3.30074877E-03   3.96688282E-03   4.35081869E-03   4.88531590E-03   4.20523435E-03   4.41424549E-03   4.83357161E-03   3.45587730E-03   2.98553705E-03   5.12547791E-04  -3.01611423E-03  -3.93784791E-03  -7.63314962E-03  -9.34631377E-03  -9.67396051E-03  -1.02059171E-02  -7.36632198E-03
        1109   28.3859997     10:33:11.888   5.26417978E-02   4.69498746E-02   5.23356050E-02   4.90818545E-02   4.80840914E-02   4.62298729E-02   4.62461933E-02   4.39831503E-02   4.12066430E-02   4.05871719E-02   3.88386026E-02   3.76145318E-02   3.44664007E-02   3.47568020E-02   3.30984108E-02   3.21453139E-02   3.12201064E-02   3.09495684E-02   2.89280154E-02   2.87271105E-02   2.83741318E-02   2.69022770E-02   2.73695756E-02   2.60035880E-02   2.58305091E-02   2.55789105E-02   2.55618840E-02   2.46903375E-02   2.49323472E-02   2.42207721E-02   2.36693639E-02   2.29769014E-02   2.33373232E-02   2.29835920E-02   2.27301586E-02   2.21566074E-02   2.22986974E-02   2.14143433E-02   2.13986523E-02   2.09046565E-02   2.06748508E-02   2.01364327E-02   2.03524176E-02   1.97793003E-02   1.98045522E-02   1.91282146E-02   1.83771309E-02   1.82282683E-02   1.83126610E-02   1.69168506E-02   1.70212220E-02   1.70341078E-02   1.72834601E-02   1.75019968E-02   1.64919309E-02   1.69930849E-02   1.60005391E-02   1.62191596E-02   1.60812866E-02   1.62631217E-02   1.63781196E-02   1.58350430E-02   1.57530196E-02   1.54308919E-02   1.56876259E-02   1.60181578E-02   1.55032082E-02   1.57702006E-02   1.70628373E-02   1.50811076E-02   1.60960164E-02   1.57093145E-02   1.46409627E-02   1.48754036E-02   1.46088898E-02   1.23192091E-02   1.32916784E-02   1.04034767E-02   1.01245008E-02   8.26982129E-03   6.29671384E-03   3.62848677E-03   2.25622626E-03  -999.000000       1.57642888E-03  -999.000000       5.64742414E-03  -999.000000      -999.000000      -999.000000      -999.000000      -999.000000      -999.000000      -999.000000      -999.000000      -999.000000      -999.000000      -999.000000      -999.000000      -999.000000      -999.000000      -999.000000      -999.000000      -999.000000      -999.000000      -999.000000      -999.000000      -999.000000      -999.000000      -999.000000      -999.000000      -999.000000      -999.000000      -7.34569952E-02  -7.06177875E-02  -6.76823929E-02  -6.47514164E-02  -6.12687618E-02  -5.88729344E-02  -5.61067499E-02  -5.38846590E-02  -5.12500033E-02  -4.91327010E-02  -4.65070419E-02  -4.40051630E-02  -4.21606787E-02  -3.97826992E-02  -3.80717367E-02  -3.57828736E-02  -3.41314189E-02  -3.10632288E-02  -2.99727991E-02  -2.83598192E-02  -2.72209272E-02  -2.55904198E-02  -2.41128653E-02  -2.31056921E-02  -2.18931735E-02  -2.00521648E-02  -1.83140412E-02  -1.67372301E-02  -1.57085508E-02  -1.36024766E-02  -1.26752369E-02  -1.07338354E-02  -9.48432833E-03  -8.89162719E-03  -7.52334297E-03  -6.01989031E-03  -4.72505391E-03  -4.12818044E-03  -2.58906186E-03  -1.49221718E-03   1.92895532E-04   1.08729303E-03   1.78197026E-03   2.62060761E-03   3.38350981E-03   3.25975567E-03   3.96393985E-03   5.17882407E-03   4.25930321E-03   4.37913090E-03   4.09965217E-03   3.33335996E-03   2.85473466E-03   7.41481781E-05  -2.81189382E-03  -3.45033407E-03  -7.10310787E-03  -9.35383141E-03  -1.05388910E-02  -1.21290460E-02  -7.59882480E-03
        1110   28.4780006     10:33:12.134   5.96320815E-02   4.64401357E-02   4.86958213E-02   5.32719567E-02   4.66941558E-02   4.61099073E-02   4.41863313E-02   4.60431911E-02   4.15166430E-02   4.10971455E-02   3.78885604E-02   4.03944366E-02   3.72363478E-02   3.57767679E-02   3.49683575E-02   3.33452299E-02   3.30400430E-02   3.10895313E-02   3.07979882E-02   3.02870907E-02   2.96741296E-02   2.90922355E-02   2.86395904E-02   2.73436066E-02   2.82805320E-02   2.77189650E-02   2.73719560E-02   2.70204339E-02   2.67224759E-02   2.55109277E-02   2.55495161E-02   2.61470620E-02   2.47074291E-02   2.47036703E-02   2.44202334E-02   2.40766536E-02   2.37787496E-02   2.29043849E-02   2.29986664E-02   2.16546729E-02   2.36248393E-02   2.26464216E-02   2.16724593E-02   2.23894510E-02   2.22448930E-02   2.14688480E-02   2.14781184E-02   2.08896864E-02   1.99745931E-02   1.96592957E-02   1.97839718E-02   1.91767812E-02   1.96258370E-02   1.90339182E-02   1.84133947E-02   1.84941180E-02   1.86611619E-02   1.84094831E-02   1.84913445E-02   1.84330400E-02   1.76580139E-02   1.77450683E-02   1.73432361E-02   1.73412636E-02   1.73980258E-02   1.72684770E-02   1.87632870E-02   1.72500871E-02   1.84626114E-02   1.75808780E-02   1.71258878E-02   1.75093729E-02   1.65214986E-02   1.61466114E-02   1.57910623E-02   1.47728147E-02   1.36673078E-02   1.29613969E-02   1.06950952E-02   1.09341154E-02   6.90483861E-03   4.83150501E-03   4.88454383E-03   3.94723052E-03   1.89104164E-03   3.46509553E-03   1.62417162E-03  -999.000000      -999.000000      -999.000000      -999.000000      -999.000000      -999.000000      -999.000000      -999.000000      -999.000000      -999.000000      -999.000000      -999.000000      -999.000000      -999.000000      -999.000000      -999.000000      -999.000000      -999.000000      -999.000000      -999.000000      -999.000000      -999.000000      -999.000000      -999.000000      -999.000000      -999.000000      -7.32186809E-02  -7.05694631E-02  -6.77640289E-02  -6.48030117E-02  -6.20403513E-02  -5.91845252E-02  -5.65883592E-02  -5.44263273E-02  -5.11016734E-02  -4.96144071E-02  -4.69987467E-02  -4.42768671E-02  -4.22123857E-02  -4.03044298E-02  -3.82434949E-02  -3.59446332E-02  -3.40031721E-02  -3.24648507E-02  -3.04342508E-02  -2.91009732E-02  -2.74517834E-02  -2.59508416E-02  -2.43227556E-02  -2.31551006E-02  -2.19321921E-02  -2.00511813E-02  -1.85333304E-02  -1.64069161E-02  -1.54387243E-02  -1.34030916E-02  -1.25162825E-02  -1.11751929E-02  -9.63597745E-03  -8.57343525E-03  -7.34519958E-03  -5.79166412E-03  -4.84663993E-03  -3.58957052E-03  -2.28039920E-03  -1.03361905E-03  -4.78714705E-04   6.45510852E-04   1.53002143E-03   2.10859627E-03   3.20158154E-03   3.12802196E-03   3.70258093E-03   4.56803292E-03   4.06938046E-03   4.23044711E-03   4.48274612E-03   2.36859173E-03   2.28253752E-03   9.15557146E-04  -1.62659585E-03  -3.94007564E-03  -6.67901337E-03  -9.42613184E-03  -1.02574006E-02  -1.07848719E-02  -9.53373313E-03
        1111   28.5720005     10:33:12.384   5.05424403E-02   5.32404594E-02   5.12061231E-02   4.97221388E-02   4.82342653E-02   4.63399887E-02   4.47464921E-02   4.47032526E-02   4.19566296E-02   4.09971438E-02   3.82985286E-02   3.71043123E-02   3.52962464E-02   3.51267122E-02   3.39082591E-02   3.19451094E-02   3.09199523E-02   3.05594746E-02   2.96279266E-02   2.85170861E-02   2.81641055E-02   2.73721870E-02   2.72696130E-02   2.67736278E-02   2.63205580E-02   2.58690193E-02   2.55520437E-02   2.47805640E-02   2.46626418E-02   2.38811318E-02   2.44097225E-02   2.34572664E-02   2.38675624E-02   2.30537672E-02   2.28003263E-02   2.23767124E-02   2.18488015E-02   2.12544445E-02   2.17886847E-02   2.14447007E-02   2.05148235E-02   2.06064060E-02   1.97925176E-02   1.93796568E-02   1.94053575E-02   1.95997152E-02   1.79994646E-02   1.75516289E-02   1.77972410E-02   1.66226532E-02   1.69577375E-02   1.68404467E-02   1.63590983E-02   1.68565512E-02   1.66954063E-02   1.59655325E-02   1.66720226E-02   1.62899364E-02   1.59614198E-02   1.60029326E-02   1.63978636E-02   1.56750996E-02   1.56035256E-02   1.61517765E-02   1.50085781E-02   1.61389150E-02   1.59433875E-02   1.53199267E-02   1.68422963E-02   1.59405544E-02   1.53557025E-02   1.70794353E-02   1.39122214E-02   1.47982491E-02   1.38040250E-02   1.33077288E-02   1.23049915E-02   1.19222235E-02   9.20958165E-03   8.85367021E-03   6.72964752E-03   4.87301033E-03   2.34331377E-03  -999.000000       2.87845824E-03   8.85155983E-04   2.97454325E-03  -999.000000      -999.000000      -999.000000      -999.000000      -999.000000      -999.000000      -999.000000      -999.000000      -999.000000      -999.000000      -999.000000      -999.000000      -999.000000      -999.000000      -999.000000      -999.000000      -999.000000      -999.000000      -999.000000      -999.000000      -999.000000      -999.000000      -999.000000      -999.000000      -999.000000      -999.000000      -7.39593804E-02  -7.06801713E-02  -6.74646571E-02  -6.48036152E-02  -6.17909543E-02  -5.91151193E-02  -5.58590069E-02  -5.41070551E-02  -5.13923913E-02  -4.92851585E-02  -4.70995009E-02  -4.48676273E-02  -4.18331288E-02  -4.06152233E-02  -3.84543203E-02  -3.58154662E-02  -3.41740064E-02  -3.11755054E-02  -2.92746797E-02  -2.84310021E-02  -2.65114009E-02  -2.53898799E-02  -2.36910395E-02  -2.26427205E-02  -2.09692866E-02  -1.98282599E-02  -1.84507854E-02  -1.63949281E-02  -1.48173906E-02  -1.33123435E-02  -1.23161227E-02  -1.10354945E-02  -9.36663896E-03  -8.07432830E-03  -7.00616091E-03  -5.92251867E-03  -4.35724109E-03  -3.63991410E-03  -2.26068497E-03  -1.64396316E-03   2.00688839E-04   1.26463920E-03   2.31892616E-03   2.36741453E-03   3.25050205E-03   3.58720124E-03   3.22225690E-03   4.99853492E-03   4.53104824E-03   4.86381352E-03   4.29853797E-03   3.97730619E-03   2.37475336E-03   1.01274252E-03  -2.11409479E-03  -5.25073707E-03  -6.04446977E-03  -7.97662139E-03  -1.19526535E-02  -1.07464641E-02  -1.12940595E-02
        1112   28.6700001     10:33:12.632   6.76323324E-02   3.89503539E-02   4.80460636E-02   5.20521142E-02   4.46242355E-02   4.28099856E-02   4.38864529E-02   4.61432338E-02   3.84466425E-02   3.89571562E-02   3.78785431E-02   3.84543613E-02   3.23762707E-02   3.47067267E-02   3.30982879E-02   3.09951343E-02   2.99799833E-02   2.98694950E-02   2.87679546E-02   2.81770974E-02   2.79941242E-02   2.66321991E-02   2.64096111E-02   2.55136210E-02   2.56505609E-02   2.50990130E-02   2.46920362E-02   2.52605472E-02   2.29526144E-02   2.30011009E-02   2.38296892E-02   2.22672299E-02   2.32575387E-02   2.25337576E-02   2.18303166E-02   2.14967057E-02   2.19188035E-02   2.15744432E-02   2.07186881E-02   2.02847011E-02   2.08348315E-02   2.01364197E-02   1.99525170E-02   1.97796207E-02   1.93252638E-02   1.88895427E-02   1.86191835E-02   1.84612181E-02   1.79466736E-02   1.79519318E-02   1.76069308E-02   1.69896483E-02   1.73183884E-02   1.77959800E-02   1.71149615E-02   1.67752206E-02   1.73818320E-02   1.72098354E-02   1.70214046E-02   1.72129497E-02   1.69478953E-02   1.65550970E-02   1.65334661E-02   1.62616689E-02   1.65784601E-02   1.72088239E-02   1.73533708E-02   1.69999674E-02   1.74323767E-02   1.64906383E-02   1.72557645E-02   1.68594476E-02   1.58820953E-02   1.63979307E-02   1.53434211E-02   1.49867088E-02   1.41833732E-02   1.23599265E-02   1.12464949E-02   9.41948593E-03   7.71432649E-03   5.98624023E-03   2.96496181E-03   3.38055240E-03   1.92820339E-03   2.54430040E-03   2.77359178E-03  -999.000000      -999.000000      -999.000000      -999.000000      -999.000000      -999.000000      -999.000000      -999.000000      -999.000000      -999.000000      -999.000000      -999.000000      -999.000000      -999.000000      -999.000000      -999.000000      -999.000000      -999.000000      -999.000000      -999.000000      -999.000000      -999.000000      -999.000000      -999.000000      -999.000000      -999.000000      -7.18373656E-02  -6.93681538E-02  -6.59326538E-02  -6.35016263E-02  -6.03489578E-02  -5.74131310E-02  -5.49770035E-02  -5.22150360E-02  -4.98403721E-02  -4.77431267E-02  -4.51774783E-02  -4.30955999E-02  -4.09211032E-02  -3.91831845E-02  -3.67822796E-02  -3.45534235E-02  -3.24419700E-02  -3.11634988E-02  -2.90327296E-02  -2.78291255E-02  -2.61296257E-02  -2.50082165E-02  -2.39395499E-02  -2.30213664E-02  -2.12280527E-02  -1.95770413E-02  -1.81494765E-02  -1.63834952E-02  -1.51858293E-02  -1.34606659E-02  -1.25643015E-02  -1.07135773E-02  -9.82464105E-03  -8.48227739E-03  -7.39409029E-03  -5.92046976E-03  -4.39524651E-03  -3.61798704E-03  -2.21875310E-03  -9.02019441E-04  -2.27309763E-04   1.04670972E-03   2.31103599E-03   2.71954387E-03   3.60260159E-03   3.61924618E-03   4.22421098E-03   4.47031111E-03   4.99258190E-03   4.41498309E-03   4.38918918E-03   4.13730741E-03   2.48400867E-03   9.70937312E-04  -1.60705298E-03  -5.98518550E-03  -6.44004345E-03  -9.81326401E-03  -1.02304742E-02  -8.80510360E-03  -7.70299137E-03
        1113   28.7759991     10:33:12.880   5.61227351E-02   4.61707115E-02   4.64363135E-02   4.96422984E-02   4.52043563E-02   4.48000468E-02   4.49366607E-02   4.46433276E-02   4.15066294E-02   3.95171456E-02   3.73685025E-02   3.83042619E-02   3.31862010E-02   3.33666913E-02   3.32782269E-02   3.12450267E-02   3.03299148E-02   3.01394574E-02   3.00179217E-02   2.77870931E-02   2.78841276E-02   2.66121700E-02   2.70896517E-02   2.63836645E-02   2.61305980E-02   2.59690937E-02   2.48821527E-02   2.56306920E-02   2.30428036E-02   2.37013176E-02   2.49099080E-02   2.21074484E-02   2.34776884E-02   2.27538627E-02   2.24304311E-02   2.14867815E-02   2.14688778E-02   2.08745133E-02   2.07887329E-02   2.05047410E-02   2.02748422E-02   2.00564209E-02   1.97125860E-02   1.94598399E-02   1.92557368E-02   1.89704094E-02   1.93905234E-02   1.81531366E-02   1.78792737E-02   1.71352178E-02   1.65406056E-02   1.70632210E-02   1.64815560E-02   1.63885336E-02   1.69069022E-02   1.64765883E-02   1.65926553E-02   1.66802648E-02   1.62314735E-02   1.58528425E-02   1.60577521E-02   1.57151334E-02   1.57337524E-02   1.57121737E-02   1.59090050E-02   1.55592561E-02   1.63534787E-02   1.58798248E-02   1.58420913E-02   1.57803576E-02   1.57256275E-02   1.64195653E-02   1.52628664E-02   1.37796029E-02   1.48963928E-02   1.34915886E-02   1.29009560E-02   1.07805729E-02   9.21070576E-03   9.06863157E-03   5.85858757E-03   5.48701594E-03   3.64279794E-03   4.41987067E-04   1.11437659E-03   8.29789788E-05   3.19250952E-03  -999.000000      -999.000000      -999.000000      -999.000000      -999.000000      -999.000000      -999.000000      -999.000000      -999.000000      -999.000000      -999.000000      -999.000000      -999.000000      -999.000000      -999.000000      -999.000000      -999.000000      -999.000000      -999.000000      -999.000000      -999.000000      -999.000000      -999.000000      -999.000000      -999.000000      -999.000000      -7.29676709E-02  -7.02284724E-02  -6.68928996E-02  -6.39618337E-02  -6.11891560E-02  -5.83433285E-02  -5.60572483E-02  -5.35653457E-02  -5.08806929E-02  -4.85934839E-02  -4.63978127E-02  -4.39959466E-02  -4.23314571E-02  -3.96735594E-02  -3.77326906E-02  -3.59838456E-02  -3.36323790E-02  -3.18137258E-02  -3.00327502E-02  -2.84187458E-02  -2.74288468E-02  -2.59268619E-02  -2.46774703E-02  -2.27086470E-02  -2.15748325E-02  -2.01938152E-02  -1.87766142E-02  -1.70711763E-02  -1.52141564E-02  -1.43595599E-02  -1.24337897E-02  -1.10234916E-02  -9.83492285E-03  -8.54277611E-03  -6.77466393E-03  -6.03092462E-03  -4.59545106E-03  -3.46792489E-03  -2.33864039E-03  -1.18198246E-03  -1.67518854E-04   8.46251845E-04   1.75036490E-03   2.33880430E-03   3.19198519E-03   4.12888080E-03   4.07434255E-03   4.64124978E-03   4.72466648E-03   5.03872335E-03   4.66530025E-03   4.00628150E-03   2.36640126E-03  -1.41851604E-04  -1.72466785E-03  -4.50617820E-03  -6.80593401E-03  -1.02343559E-02  -1.13165155E-02  -1.10676214E-02  -9.32434201E-03
        1114   28.8829994     10:33:13.137   4.88333553E-02   4.45812531E-02   5.21668307E-02   4.64425944E-02   4.70745228E-02   4.60101478E-02   4.69369218E-02   4.18934040E-02   4.27365787E-02   4.14270945E-02   3.84583697E-02   3.59540060E-02   3.49960253E-02   3.40965763E-02   3.28980237E-02   3.21347676E-02   3.11197210E-02   3.06693334E-02   2.96477787E-02   2.88070254E-02   2.81740520E-02   2.69820336E-02   2.73796506E-02   2.62836590E-02   2.63305940E-02   2.53691562E-02   2.57522706E-02   2.43208800E-02   2.49330513E-02   2.36216411E-02   2.34202258E-02   2.32977755E-02   2.23378856E-02   2.27539930E-02   2.22805589E-02   2.16368474E-02   2.15489380E-02   2.09545810E-02   2.09387261E-02   1.98947378E-02   2.01147720E-02   1.98263489E-02   1.94026455E-02   1.89001486E-02   1.86165012E-02   1.86518785E-02   1.73028409E-02   1.77764911E-02   1.71238631E-02   1.64110623E-02   1.62371881E-02   1.60596464E-02   1.61272995E-02   1.58231836E-02   1.55804558E-02   1.59590971E-02   1.54041816E-02   1.57410726E-02   1.56116225E-02   1.53826615E-02   1.52274882E-02   1.56951826E-02   1.52042517E-02   1.42530585E-02   1.55099491E-02   1.52100082E-02   1.53936343E-02   1.60895064E-02   1.45414826E-02   1.63697172E-02   1.38652129E-02   1.43695623E-02   1.43239871E-02   1.32023105E-02   1.33414045E-02   1.36100138E-02   1.21242311E-02   1.21993590E-02   8.14591721E-03   6.88273972E-03   6.39191642E-03   3.84211494E-03   1.14068389E-03   2.65644398E-03  -999.000000       1.69097423E-03   1.62118860E-03  -999.000000      -999.000000      -999.000000      -999.000000      -999.000000      -999.000000      -999.000000      -999.000000      -999.000000      -999.000000      -999.000000      -999.000000      -999.000000      -999.000000      -999.000000      -999.000000      -999.000000      -999.000000      -999.000000      -999.000000      -999.000000      -999.000000      -999.000000      -999.000000      -999.000000      -999.000000      -7.43663087E-02  -7.07871020E-02  -6.86414093E-02  -6.49202764E-02  -6.21375963E-02  -5.89917675E-02  -5.65057434E-02  -5.46139702E-02  -5.16693220E-02  -4.95021790E-02  -4.71065193E-02  -4.46646474E-02  -4.28401493E-02  -4.07523327E-02  -3.81715260E-02  -3.65226902E-02  -3.45812328E-02  -3.17022651E-02  -3.06308977E-02  -2.92961858E-02  -2.73555703E-02  -2.60025449E-02  -2.49618515E-02  -2.36118548E-02  -2.17670985E-02  -2.03460529E-02  -1.86694786E-02  -1.71549916E-02  -1.61291361E-02  -1.47855841E-02  -1.28808506E-02  -1.17913410E-02  -1.02834180E-02  -9.21167433E-03  -7.24370033E-03  -6.39979541E-03  -5.13386726E-03  -3.95590067E-03  -2.64647603E-03  -1.10995770E-03  -2.85945833E-04   2.07349658E-04   1.88104808E-03   2.70932913E-03   3.21266800E-03   3.57997417E-03   4.77630645E-03   5.06459177E-03   4.27004695E-03   4.62706387E-03   5.77791780E-03   3.18399817E-03   3.09027731E-03   7.60726631E-04  -2.66273320E-03  -4.37226892E-03  -7.80286640E-03  -1.01324916E-02  -9.64540243E-03  -1.01999491E-02  -9.63430852E-03
        1115   28.9890003     10:33:13.385   5.16234599E-02   4.46114168E-02   5.17069101E-02   4.79226485E-02   4.66245525E-02   4.57301848E-02   4.70870174E-02   4.36034277E-02   4.23766002E-02   4.01871130E-02   3.84083502E-02   3.64239514E-02   3.48660052E-02   3.51365618E-02   3.27180102E-02   3.21347341E-02   3.09396926E-02   3.08393314E-02   2.94677783E-02   2.85270363E-02   2.85640638E-02   2.69920230E-02   2.75696740E-02   2.66836826E-02   2.66206041E-02   2.57691797E-02   2.50723138E-02   2.53509339E-02   2.40331218E-02   2.34417170E-02   2.37503089E-02   2.32978575E-02   2.30279397E-02   2.27540359E-02   2.27206014E-02   2.21668743E-02   2.13989653E-02   2.11146120E-02   2.07887478E-02   2.02047583E-02   1.99647732E-02   1.98963527E-02   1.94826722E-02   1.93802360E-02   1.89366713E-02   1.86521951E-02   1.81533266E-02   1.76271815E-02   1.72748081E-02   1.60522461E-02   1.66785177E-02   1.61909312E-02   1.61484405E-02   1.65541060E-02   1.55611513E-02   1.63395926E-02   1.61744822E-02   1.58712249E-02   1.52116483E-02   1.52626196E-02   1.54874390E-02   1.47851966E-02   1.52343577E-02   1.46332402E-02   1.44101456E-02   1.59901679E-02   1.51036773E-02   1.48194581E-02   1.52813829E-02   1.38296206E-02   1.42351696E-02   1.46496128E-02   1.27942758E-02   1.49729261E-02   1.22524928E-02   1.17717907E-02   1.16269849E-02   9.03321803E-03   1.04210656E-02   6.95967022E-03   3.76069685E-03   6.06324617E-03  -999.000000      -999.000000       1.12426595E-03  -999.000000       1.81884598E-03  -999.000000      -999.000000      -999.000000      -999.000000      -999.000000      -999.000000      -999.000000      -999.000000      -999.000000      -999.000000      -999.000000      -999.000000      -999.000000      -999.000000      -999.000000      -999.000000      -999.000000      -999.000000      -999.000000      -999.000000      -999.000000      -999.000000      -999.000000      -999.000000      -999.000000      -999.000000      -7.52169341E-02  -7.15077445E-02  -6.86120018E-02  -6.62108585E-02  -6.28081933E-02  -6.03523590E-02  -5.77763468E-02  -5.53445965E-02  -5.31699508E-02  -5.01628220E-02  -4.80971709E-02  -4.54652905E-02  -4.29407954E-02  -4.14929837E-02  -3.92021947E-02  -3.69133539E-02  -3.51519026E-02  -3.30128595E-02  -3.12714130E-02  -2.95265578E-02  -2.85058059E-02  -2.70425715E-02  -2.54616141E-02  -2.48613954E-02  -2.31164545E-02  -2.15854123E-02  -1.94989666E-02  -1.82346851E-02  -1.64590478E-02  -1.52657144E-02  -1.42211840E-02  -1.27418190E-02  -1.09540448E-02  -9.49236751E-03  -7.89442658E-03  -7.10047781E-03  -6.05446100E-03  -4.72640991E-03  -3.00695002E-03  -1.70045346E-03  -7.26543367E-04   7.66664743E-05   1.32028759E-03   1.03853643E-03   2.66191363E-03   2.86933035E-03   3.77583504E-03   4.13440913E-03   3.77029181E-03   4.00790572E-03   3.92960757E-03   4.03673947E-03   1.88424438E-03   6.26437366E-04  -2.49513984E-03  -4.05227393E-03  -7.63106346E-03  -9.82891768E-03  -1.07900500E-02  -1.22533217E-02  -9.89726931E-03
        1116   29.1070004     10:33:13.635   4.28833477E-02   6.40413091E-02   4.84168343E-02   5.03626354E-02   5.20045310E-02   5.06201647E-02   4.83769625E-02   4.31334339E-02   4.63466085E-02   4.27071191E-02   4.25883904E-02   3.76640111E-02   3.99160422E-02   3.74565758E-02   3.50080431E-02   3.58447805E-02   3.46497297E-02   3.40693444E-02   3.21277976E-02   3.24670523E-02   3.17240804E-02   3.03020608E-02   3.08396798E-02   2.98736840E-02   2.92206090E-02   2.92491764E-02   2.90722996E-02   2.82209106E-02   2.76130885E-02   2.81716697E-02   2.62802616E-02   2.70678084E-02   2.66079083E-02   2.60340236E-02   2.55105812E-02   2.53168698E-02   2.57789623E-02   2.49346010E-02   2.46587489E-02   2.39647590E-02   2.38447916E-02   2.34963708E-02   2.36326717E-02   2.45301872E-02   2.39865519E-02   2.35919561E-02   2.29529403E-02   2.25066245E-02   2.20240355E-02   2.21112613E-02   2.09874082E-02   2.14398429E-02   2.15974692E-02   2.11933143E-02   2.14705486E-02   2.10591629E-02   2.05542203E-02   2.05010865E-02   2.03916188E-02   1.99426506E-02   1.97474826E-02   2.01651901E-02   1.98042747E-02   1.90430954E-02   1.95299890E-02   1.92700420E-02   1.89236514E-02   2.02395152E-02   1.87914949E-02   1.91897377E-02   1.94452461E-02   1.78096276E-02   1.97341014E-02   1.71524845E-02   1.76216643E-02   1.70703866E-02   1.44847622E-02   1.58400629E-02   1.45968217E-02   1.00839185E-02   1.02233831E-02   6.64394163E-03   5.70288906E-03   4.28882660E-03   2.82018539E-03   3.09364288E-03   6.78380206E-03  -999.000000      -999.000000      -999.000000      -999.000000      -999.000000      -999.000000      -999.000000      -999.000000      -999.000000      -999.000000      -999.000000      -999.000000      -999.000000      -999.000000      -999.000000      -999.000000      -999.000000      -999.000000      -999.000000      -999.000000      -999.000000      -999.000000      -999.000000      -999.000000      -999.000000      -999.000000      -7.39734396E-02  -7.06142262E-02  -6.82785138E-02  -6.46773726E-02  -6.14047050E-02  -5.93388826E-02  -5.60828596E-02  -5.40810898E-02  -5.13864383E-02  -4.90493029E-02  -4.71336395E-02  -4.47817668E-02  -4.23872694E-02  -4.07194458E-02  -3.80186550E-02  -3.62698026E-02  -3.37983556E-02  -3.15693654E-02  -3.03079933E-02  -2.92032622E-02  -2.75926180E-02  -2.63195671E-02  -2.48888247E-02  -2.37087943E-02  -2.21040249E-02  -1.97029859E-02  -1.90264359E-02  -1.71619877E-02  -1.61661692E-02  -1.43426545E-02  -1.31279454E-02  -1.20684505E-02  -1.02205649E-02  -9.04881209E-03  -7.73084164E-03  -6.77692890E-03  -5.50098717E-03  -4.46299464E-03  -2.85357982E-03  -1.61705166E-03  -4.53069806E-04   1.20222569E-04   1.73392147E-03   2.43218988E-03   2.58554518E-03   2.78289616E-03   3.27926874E-03   4.83759493E-03   4.05315310E-03   4.42026556E-03   4.52124327E-03   2.08750367E-03   3.00396979E-03   1.37469918E-03  -2.82847881E-03  -3.63765657E-03  -5.85797429E-03  -9.91734862E-03  -8.57002288E-03  -1.16944388E-02  -9.43880528E-03
        1117   29.2460003     10:33:13.884   5.05536608E-02   5.19615337E-02   5.12670465E-02   4.90027778E-02   4.81946319E-02   4.69102263E-02   4.58670929E-02   4.29034904E-02   4.27666232E-02   4.08571288E-02   3.91883850E-02   3.84039469E-02   3.62559892E-02   3.58765721E-02   3.41480076E-02   3.28147262E-02   3.17997038E-02   3.13593447E-02   3.00078057E-02   2.98170689E-02   2.85441075E-02   2.81420611E-02   2.80597247E-02   2.73537394E-02   2.74006613E-02   2.60492582E-02   2.63124034E-02   2.56110393E-02   2.50132419E-02   2.49018501E-02   2.43904442E-02   2.39979886E-02   2.40880381E-02   2.35741213E-02   2.27906834E-02   2.22169440E-02   2.31090393E-02   2.20046770E-02   2.23987997E-02   2.12048069E-02   2.16748118E-02   2.06063967E-02   2.02527493E-02   2.20703688E-02   2.19369121E-02   2.13226117E-02   2.08639316E-02   2.08280310E-02   2.02159379E-02   1.98236518E-02   1.94700733E-02   1.89424213E-02   1.91697497E-02   1.86751429E-02   1.92319397E-02   1.89801361E-02   1.89448074E-02   1.87013913E-02   1.85116678E-02   1.79425683E-02   1.84973795E-02   1.79652218E-02   1.78244915E-02   1.87234655E-02   1.79503877E-02   1.83303598E-02   1.84937436E-02   1.81594323E-02   1.81613136E-02   1.82395689E-02   1.79952011E-02   1.80097744E-02   1.79347321E-02   1.77437793E-02   1.65339056E-02   1.56140216E-02   1.60503518E-02   1.31878676E-02   1.05772028E-02   1.08878640E-02   9.35102068E-03   7.71628227E-03   4.40030405E-03   3.52881732E-03   4.46354412E-03   2.01874017E-03   5.34900371E-03  -999.000000      -999.000000      -999.000000      -999.000000      -999.000000      -999.000000      -999.000000      -999.000000      -999.000000      -999.000000      -999.000000      -999.000000      -999.000000      -999.000000      -999.000000      -999.000000      -999.000000      -999.000000      -999.000000      -999.000000      -999.000000      -999.000000      -999.000000      -999.000000      -999.000000      -999.000000      -7.45947659E-02  -7.06655532E-02  -6.80798069E-02  -6.52286336E-02  -6.18859753E-02  -5.93501516E-02  -5.71641475E-02  -5.40624261E-02  -5.18077761E-02  -4.90706563E-02  -4.68350090E-02  -4.49131280E-02  -4.22486328E-02  -4.00408469E-02  -3.81700583E-02  -3.60712223E-02  -3.34797576E-02  -3.30506489E-02  -3.14791054E-02  -2.97840871E-02  -2.84131579E-02  -2.72597000E-02  -2.55984403E-02  -2.46279463E-02  -2.29228213E-02  -2.17417814E-02  -1.96255147E-02  -1.80414580E-02  -1.64261013E-02  -1.50929987E-02  -1.35587119E-02  -1.20795369E-02  -1.10218972E-02  -9.21031088E-03  -8.14238191E-03  -6.91837817E-03  -6.05224818E-03  -4.79408354E-03  -3.37460637E-03  -2.25813687E-03  -1.39432400E-03  -1.71229243E-04   1.10233575E-03   1.49057806E-03   2.75401026E-03   2.72155553E-03   3.27830017E-03   4.04722989E-03   4.35361266E-03   4.50193882E-03   4.46464866E-03   3.74296308E-03   1.22190267E-03   1.24610960E-03  -1.64330751E-03  -4.56769764E-03  -5.85435331E-03  -7.17026740E-03  -9.47937369E-03  -8.77130032E-03  -7.82487541E-03
        1118   29.3880005     10:33:14.137   5.36838509E-02   4.75317426E-02   6.62272200E-02   4.72328663E-02   5.24746925E-02   5.03102615E-02   5.61072193E-02   4.55035344E-02   4.72565927E-02   4.61271144E-02   4.80983444E-02   4.06638533E-02   4.08059284E-02   4.32865322E-02   3.83379497E-02   3.81646380E-02   3.71196307E-02   3.73692922E-02   3.46377566E-02   3.52870524E-02   3.48940790E-02   3.32520083E-02   3.32297273E-02   3.30837406E-02   3.19506712E-02   3.16692777E-02   3.12424470E-02   3.14811096E-02   2.87633352E-02   3.18419673E-02   2.89205629E-02   2.80781090E-02   2.95081120E-02   2.82041710E-02   2.81007327E-02   2.78369728E-02   2.78590638E-02   2.63547003E-02   2.63988003E-02   2.65948121E-02   2.55547892E-02   2.58363746E-02   2.59127691E-02   2.50804890E-02   2.50971969E-02   2.39831582E-02   2.40347888E-02   2.36592721E-02   2.30076406E-02   2.22758129E-02   2.23625060E-02   2.20747925E-02   2.20218673E-02   2.16068663E-02   2.14132499E-02   2.12710612E-02   2.10253727E-02   2.10916866E-02   2.09917221E-02   2.07525007E-02   2.06772834E-02   2.00252403E-02   2.05346756E-02   1.97937936E-02   2.03707404E-02   2.03906428E-02   2.02738028E-02   2.10193172E-02   2.01610923E-02   2.01993361E-02   2.08950490E-02   1.94997769E-02   1.83551498E-02   2.08947863E-02   1.78157631E-02   1.89471394E-02   1.68852638E-02   1.47848157E-02   1.56265274E-02   1.24304760E-02   8.81704129E-03   1.12066492E-02   6.35539554E-03   6.57634251E-03   6.95429835E-03   3.72125418E-03   9.44176409E-03  -999.000000      -999.000000      -999.000000      -999.000000      -999.000000      -999.000000      -999.000000      -999.000000      -999.000000      -999.000000      -999.000000      -999.000000      -999.000000      -999.000000      -999.000000      -999.000000      -999.000000      -999.000000      -999.000000      -999.000000      -999.000000      -999.000000      -999.000000      -999.000000      -999.000000      -999.000000      -7.50868395E-02  -7.22876266E-02  -6.91218153E-02  -6.65506274E-02  -6.33879602E-02  -6.08221404E-02  -5.81661612E-02  -5.55944927E-02  -5.30198440E-02  -5.07627577E-02  -4.86270972E-02  -4.62052226E-02  -4.38207351E-02  -4.12229523E-02  -4.01622020E-02  -3.69933583E-02  -3.50519009E-02  -3.29926834E-02  -3.17809880E-02  -2.98857056E-02  -2.85845175E-02  -2.74906717E-02  -2.54789330E-02  -2.43980028E-02  -2.29325294E-02  -2.13814974E-02  -2.00854428E-02  -1.81317404E-02  -1.65168270E-02  -1.53940953E-02  -1.39402002E-02  -1.21913105E-02  -1.08239055E-02  -9.74246860E-03  -8.32460076E-03  -7.08053261E-03  -6.40425086E-03  -5.25590777E-03  -3.57638299E-03  -2.68995762E-03  -1.03631616E-03  -4.93384898E-04   5.50016761E-04   1.99819356E-03   2.48169899E-03   3.14938277E-03   3.82646173E-03   3.15590203E-03   3.59304249E-03   3.45246494E-03   3.28673422E-03   3.70695442E-03   1.54817849E-03   9.45590436E-04  -4.30382788E-04  -5.77034056E-03  -4.43361700E-03  -8.68629664E-03  -1.19719729E-02  -7.62148201E-03  -8.11418891E-03
        1119   29.5270004     10:33:14.387   5.68238497E-02   4.72017415E-02   4.71771844E-02   5.04028574E-02   4.59646583E-02   4.59902510E-02   4.64971997E-02   4.53334972E-02   4.08965871E-02   3.92571017E-02   3.72283272E-02   3.78538519E-02   3.18259187E-02   3.43665294E-02   3.22079360E-02   3.03946342E-02   3.02696377E-02   2.92692985E-02   2.83177495E-02   2.76270397E-02   2.72540618E-02   2.59519946E-02   2.55397130E-02   2.51237191E-02   2.52606440E-02   2.50092521E-02   2.45124195E-02   2.38610860E-02   2.23233085E-02   2.32719369E-02   2.26105303E-02   2.17080787E-02   2.24980898E-02   2.15641484E-02   2.13907119E-02   2.11969521E-02   2.07390469E-02   2.07446851E-02   1.99587848E-02   1.99847966E-02   1.93547755E-02   1.90363582E-02   1.94127522E-02   2.01804545E-02   1.97271444E-02   1.90530643E-02   1.84646677E-02   1.80890933E-02   1.79574043E-02   1.69355292E-02   1.70421898E-02   1.69944931E-02   1.64316054E-02   1.65066589E-02   1.65630952E-02   1.60909537E-02   1.60053074E-02   1.60816573E-02   1.59617178E-02   1.63225122E-02   1.54472925E-02   1.56352334E-02   1.53146470E-02   1.58537440E-02   1.56706888E-02   1.57905985E-02   1.65237859E-02   1.55593166E-02   1.55411027E-02   1.56693384E-02   1.58450343E-02   1.59797333E-02   1.41750453E-02   1.54845975E-02   1.44454595E-02   1.28266700E-02   1.34845655E-02   1.19638573E-02   9.81526915E-03   8.88880435E-03   4.44494095E-03   4.96400613E-03   2.48217490E-03  -999.000000       3.73041769E-03  -999.000000       1.68773625E-03  -999.000000      -999.000000      -999.000000      -999.000000      -999.000000      -999.000000      -999.000000      -999.000000      -999.000000      -999.000000      -999.000000      -999.000000      -999.000000      -999.000000      -999.000000      -999.000000      -999.000000      -999.000000      -999.000000      -999.000000      -999.000000      -999.000000      -999.000000      -999.000000      -999.000000      -999.000000      -7.40652382E-02  -7.02560395E-02  -6.78202286E-02  -6.46090508E-02  -6.19263798E-02  -5.92005514E-02  -5.71245700E-02  -5.41728958E-02  -5.16682528E-02  -4.94411662E-02  -4.65554968E-02  -4.48136181E-02  -4.24991287E-02  -4.04613577E-02  -3.82806025E-02  -3.67417522E-02  -3.47903110E-02  -3.21310833E-02  -3.04994211E-02  -2.94041708E-02  -2.73430273E-02  -2.64492184E-02  -2.51775421E-02  -2.35566609E-02  -2.20312364E-02  -2.01601833E-02  -1.88641064E-02  -1.73803531E-02  -1.60053857E-02  -1.44626126E-02  -1.30886659E-02  -1.16297305E-02  -1.04823112E-02  -9.40084457E-03  -7.94297457E-03  -7.21892715E-03  -5.87265939E-03  -4.70433384E-03  -3.33481282E-03  -2.34838575E-03  -8.34733248E-04   4.78215516E-04   9.31635499E-04   1.78982317E-03   2.62328982E-03   2.99095362E-03   3.12798470E-03   3.79735231E-03   4.53439355E-03   4.16365266E-03   3.72774899E-03   3.56771052E-03   2.51864642E-03   1.02564692E-03  -1.32074952E-03  -5.79125434E-03  -5.07494807E-03  -8.41800869E-03  -1.02040991E-02  -8.72386247E-03  -9.25664604E-03
        1120   29.6639996     10:33:14.635   5.23140766E-02   5.30619584E-02   4.78074253E-02   4.92829643E-02   4.80447337E-02   4.76002917E-02   4.59273085E-02   4.61235605E-02   4.22165990E-02   4.12771106E-02   3.83083150E-02   3.82637978E-02   3.53158712E-02   3.51165123E-02   3.44478898E-02   3.22245583E-02   3.18195783E-02   3.05892676E-02   2.98277251E-02   2.92870533E-02   2.86640786E-02   2.76619736E-02   2.73797438E-02   2.77637504E-02   2.66206786E-02   2.56693158E-02   2.52625141E-02   2.47811992E-02   2.42034476E-02   2.37921141E-02   2.38206983E-02   2.41682511E-02   2.36382037E-02   2.28342414E-02   2.26408001E-02   2.21570153E-02   2.24491078E-02   2.12547481E-02   2.11688187E-02   2.13648304E-02   2.13747844E-02   2.09963676E-02   2.00328138E-02   2.08106246E-02   2.02775057E-02   2.02237256E-02   1.94756780E-02   1.93805378E-02   1.90093610E-02   1.85579974E-02   1.82749499E-02   1.75971724E-02   1.85239799E-02   1.78185683E-02   1.77445486E-02   1.75619740E-02   1.77959241E-02   1.74219757E-02   1.77617706E-02   1.72224287E-02   1.72971878E-02   1.76052619E-02   1.77348629E-02   1.67741273E-02   1.79210976E-02   1.75309256E-02   1.82938743E-02   1.84892174E-02   1.70208961E-02   1.79291368E-02   1.83549449E-02   1.67698376E-02   1.81756429E-02   1.54858734E-02   1.58977155E-02   1.55803598E-02   1.46302814E-02   1.36418696E-02   1.11659570E-02   9.07319319E-03   1.09731667E-02   4.44711931E-03   3.82057251E-03   6.41392265E-03   3.55049619E-04   3.05370544E-03   4.85439692E-03  -999.000000      -999.000000      -999.000000      -999.000000      -999.000000      -999.000000      -999.000000      -999.000000      -999.000000      -999.000000      -999.000000      -999.000000      -999.000000      -999.000000      -999.000000      -999.000000      -999.000000      -999.000000      -999.000000      -999.000000      -999.000000      -999.000000      -999.000000      -999.000000      -999.000000      -999.000000      -7.38569945E-02  -7.04877824E-02  -6.80219382E-02  -6.43007159E-02  -6.18480556E-02  -5.94222322E-02  -5.59462681E-02  -5.39446585E-02  -5.11600077E-02  -4.90829423E-02  -4.70672771E-02  -4.40753996E-02  -4.22409177E-02  -4.07931730E-02  -3.82124372E-02  -3.64635848E-02  -3.37521397E-02  -3.28927934E-02  -3.08409594E-02  -3.00254039E-02  -2.84139663E-02  -2.67697200E-02  -2.56075040E-02  -2.36161426E-02  -2.26303302E-02  -2.08292976E-02  -1.91934854E-02  -1.70801468E-02  -1.65856555E-02  -1.48033164E-02  -1.29998028E-02  -1.17611960E-02  -1.05940402E-02  -9.10273939E-03  -7.59493560E-03  -6.81079179E-03  -5.54432720E-03  -4.62581962E-03  -3.19624692E-03  -1.60986930E-03  -9.16406512E-04   2.86363065E-04   9.79617238E-04   1.85775012E-03   2.45131552E-03   3.62917781E-03   3.39657068E-03   4.36654687E-03   3.61444801E-03   4.89496440E-03   4.18083370E-03   2.98293680E-03   2.61643529E-03  -2.72929668E-04  -1.12544000E-03  -4.20100242E-03  -8.70086253E-03  -9.10034031E-03  -1.00826547E-02  -1.06697753E-02  -7.84169137E-03
        1121   29.7999992     10:33:14.884   4.60443273E-02   6.00121878E-02   5.67575991E-02   5.22630587E-02   5.39848022E-02   5.37703186E-02   5.26274145E-02   4.83235754E-02   4.99765389E-02   4.71270792E-02   4.64582443E-02   4.21236604E-02   4.40557711E-02   4.04064320E-02   3.84777859E-02   3.87844183E-02   3.72194722E-02   3.66991833E-02   3.51776332E-02   3.55769806E-02   3.49940136E-02   3.31518911E-02   3.35397087E-02   3.21037173E-02   3.10706459E-02   3.17693092E-02   3.08825243E-02   3.02612334E-02   3.09435148E-02   2.97922008E-02   2.84107961E-02   2.91183442E-02   2.82882452E-02   2.77542565E-02   2.80308183E-02   2.75370013E-02   2.69690957E-02   2.64247376E-02   2.59487815E-02   2.53447965E-02   2.54847202E-02   2.52962988E-02   2.47327946E-02   2.27107089E-02   2.24077683E-02   2.21842676E-02   2.15565488E-02   2.06818320E-02   1.99211519E-02   1.94602907E-02   1.95875652E-02   1.94297340E-02   2.00462881E-02   1.96004510E-02   1.86359920E-02   1.90930013E-02   1.90065540E-02   1.94123145E-02   1.89018380E-02   1.83823630E-02   1.87370796E-02   1.79652758E-02   1.81850493E-02   1.80344675E-02   1.77614596E-02   1.83612127E-02   1.79439150E-02   1.86890550E-02   1.87506024E-02   1.87888164E-02   1.78746916E-02   1.76997297E-02   1.71159599E-02   1.67368073E-02   1.65395439E-02   1.56935398E-02   1.42253898E-02   1.46191763E-02   1.25858299E-02   1.05466209E-02   8.90028197E-03   7.36894598E-03   1.88754406E-03   4.35356097E-03   2.75828503E-03   2.10898300E-03   7.29007227E-03  -999.000000      -999.000000      -999.000000      -999.000000      -999.000000      -999.000000      -999.000000      -999.000000      -999.000000      -999.000000      -999.000000      -999.000000      -999.000000      -999.000000      -999.000000      -999.000000      -999.000000      -999.000000      -999.000000      -999.000000      -999.000000      -999.000000      -999.000000      -999.000000      -999.000000      -999.000000      -7.39558414E-02  -7.05966502E-02  -6.77707344E-02  -6.50395006E-02  -6.25068173E-02  -5.92710003E-02  -5.66050708E-02  -5.43435067E-02  -5.14388606E-02  -4.93818149E-02  -4.71861623E-02  -4.42642793E-02  -4.26897928E-02  -4.06920724E-02  -3.87313738E-02  -3.65425423E-02  -3.42910849E-02  -3.28916088E-02  -3.09196264E-02  -2.96638049E-02  -2.76120640E-02  -2.64074169E-02  -2.48146839E-02  -2.36428380E-02  -2.27266438E-02  -2.08955705E-02  -1.92399956E-02  -1.73370317E-02  -1.62330009E-02  -1.48310736E-02  -1.32279843E-02  -1.19496956E-02  -1.03828013E-02  -9.52167809E-03  -8.01391900E-03  -6.80971146E-03  -6.04308397E-03  -4.91439551E-03  -2.86477059E-03  -1.83846056E-03  -8.65176320E-04   6.47395849E-04   1.31046772E-03   1.79852545E-03   1.99213624E-03   2.73013115E-03   3.63787264E-03   4.46835905E-03   4.07706946E-03   3.96874547E-03   4.47630137E-03   2.72043049E-03   2.89639831E-03   1.13050640E-03  -2.75825709E-03  -3.98904085E-03  -6.43522292E-03  -9.14113224E-03  -9.07965750E-03  -9.61405039E-03  -6.89491630E-03
        1122   29.9389992     10:33:15.137   5.75345233E-02   5.63423410E-02   4.67877612E-02   5.37032150E-02   5.07248528E-02   5.02003729E-02   4.47175391E-02   4.72936258E-02   4.60665412E-02   4.22970839E-02   3.99282128E-02   4.12635989E-02   3.97157446E-02   3.68264131E-02   3.68777514E-02   3.56743708E-02   3.48194391E-02   3.36291716E-02   3.36776227E-02   3.18169929E-02   3.17940116E-02   3.16418819E-02   3.14297341E-02   3.05437446E-02   3.08006667E-02   2.98293531E-02   2.99425945E-02   2.84813307E-02   2.95036249E-02   2.72223335E-02   2.74209268E-02   2.81084776E-02   2.63783354E-02   2.69343313E-02   2.65508909E-02   2.56970543E-02   2.49591488E-02   2.56847888E-02   2.54288130E-02   2.41248216E-02   2.44647302E-02   2.36463100E-02   2.41028443E-02   2.28708461E-02   2.25680508E-02   2.18747780E-02   2.14873403E-02   2.05329601E-02   2.03826725E-02   2.02722140E-02   1.99697111E-02   2.00018156E-02   1.97281409E-02   1.98819395E-02   1.91071182E-02   1.93137936E-02   1.91370323E-02   1.96825601E-02   1.88418776E-02   1.93022992E-02   1.90169960E-02   1.84752978E-02   1.86452232E-02   1.85447633E-02   1.76717788E-02   1.94614679E-02   1.88339800E-02   1.88989770E-02   1.95704456E-02   1.86386630E-02   1.88646261E-02   1.70998164E-02   1.87364314E-02   1.67378075E-02   1.71813052E-02   1.69764161E-02   1.48698427E-02   1.46354176E-02   1.29241506E-02   9.47781932E-03   9.36446246E-03   7.90692586E-03   3.85963824E-03   5.76774543E-03   2.02522194E-03   3.81735619E-03   8.05856753E-03  -999.000000      -999.000000      -999.000000      -999.000000      -999.000000      -999.000000      -999.000000      -999.000000      -999.000000      -999.000000      -999.000000      -999.000000      -999.000000      -999.000000      -999.000000      -999.000000      -999.000000      -999.000000      -999.000000      -999.000000      -999.000000      -999.000000      -999.000000      -999.000000      -999.000000      -999.000000      -7.45065585E-02  -7.16573521E-02  -6.87114000E-02  -6.57801479E-02  -6.22974709E-02  -5.95716387E-02  -5.70657440E-02  -5.51142246E-02  -5.18495627E-02  -5.00325561E-02  -4.77668941E-02  -4.50350158E-02  -4.31805216E-02  -4.09728326E-02  -3.89621481E-02  -3.71933058E-02  -3.49418633E-02  -3.20722796E-02  -3.09401639E-02  -2.96141058E-02  -2.79621407E-02  -2.66871564E-02  -2.50939988E-02  -2.37017758E-02  -2.23052986E-02  -2.13442296E-02  -1.89288631E-02  -1.75262243E-02  -1.59825608E-02  -1.44809820E-02  -1.32982209E-02  -1.15601942E-02  -1.02435127E-02  -9.48249549E-03  -7.79478252E-03  -6.80050999E-03  -4.92373109E-03  -4.05491143E-03  -2.99523771E-03  -1.81896240E-03  -4.45820391E-04   5.86591661E-04   1.82955712E-03   2.05755234E-03   2.54125148E-03   3.13939899E-03   3.84743512E-03   4.33838367E-03   4.02776152E-03   5.38041443E-03   4.08937037E-03   2.70516425E-03   2.10312009E-03   4.40046191E-04  -2.31570005E-03  -2.93260813E-03  -7.53584504E-03  -8.99892300E-03  -9.66454297E-03  -1.09069124E-02  -8.39711726E-03
        1123   30.0790005     10:33:15.390   7.01350346E-02   7.20527992E-02   5.81181869E-02   6.40134811E-02   6.10550456E-02   5.95204830E-02   5.54577932E-02   5.62637448E-02   5.62065765E-02   5.25471196E-02   4.95782271E-02   5.08834757E-02   4.85456735E-02   4.54164073E-02   4.56976965E-02   4.48542610E-02   4.38793823E-02   4.13691700E-02   4.15176265E-02   4.08070423E-02   3.92540582E-02   3.96118723E-02   3.82498242E-02   3.84138450E-02   3.68107744E-02   3.67995016E-02   3.60227972E-02   3.52615789E-02   3.46139222E-02   3.38226743E-02   3.33312675E-02   3.42488140E-02   3.23285796E-02   3.26945223E-02   3.19410786E-02   3.16772014E-02   3.05992942E-02   3.07849310E-02   3.05089075E-02   2.96649151E-02   2.96847746E-02   2.92963590E-02   2.83429958E-02   2.66711917E-02   2.58787423E-02   2.49260161E-02   2.51992159E-02   2.38256156E-02   2.41362602E-02   2.28867196E-02   2.27747373E-02   2.35666726E-02   2.24524327E-02   2.30553932E-02   2.25497372E-02   2.18256265E-02   2.21081357E-02   2.19131317E-02   2.20519640E-02   2.11221427E-02   2.26668008E-02   2.09153537E-02   2.10756306E-02   2.19054688E-02   2.03725342E-02   2.14820746E-02   2.20641568E-02   1.92488246E-02   2.19001174E-02   2.23083571E-02   1.96645390E-02   2.23301053E-02   1.89476274E-02   1.98402572E-02   2.05555465E-02   1.58432759E-02   1.88603960E-02   1.65901445E-02   1.39437327E-02   1.47441206E-02   1.11477245E-02   8.42905231E-03   1.03813317E-02   4.34428500E-03   4.34810854E-03   9.59350914E-03   2.22489983E-03  -999.000000      -999.000000      -999.000000      -999.000000      -999.000000      -999.000000      -999.000000      -999.000000      -999.000000      -999.000000      -999.000000      -999.000000      -999.000000      -999.000000      -999.000000      -999.000000      -999.000000      -999.000000      -999.000000      -999.000000      -999.000000      -999.000000      -999.000000      -999.000000      -999.000000      -999.000000      -7.48796910E-02  -7.25704953E-02  -6.91544414E-02  -6.61131367E-02  -6.37504682E-02  -6.12046309E-02  -5.85287735E-02  -5.58473617E-02  -5.29126972E-02  -5.06657362E-02  -4.85900789E-02  -4.57781926E-02  -4.39937077E-02  -4.20360640E-02  -3.96854244E-02  -3.81165780E-02  -3.54051329E-02  -3.08752991E-02  -2.98528932E-02  -2.80162990E-02  -2.63337791E-02  -2.48180106E-02  -2.37538777E-02  -2.20307782E-02  -2.11036280E-02  -1.96225829E-02  -1.76777355E-02  -1.60458311E-02  -1.47630647E-02  -1.31722689E-02  -1.21802911E-02  -1.07828304E-02  -9.12663341E-03  -7.89592415E-03  -6.63828850E-03  -5.36386669E-03  -4.15673852E-03  -3.26756388E-03  -2.12778896E-03  -7.51622021E-04   5.41187823E-04   1.33327395E-03   1.97593868E-03   3.09389085E-03   3.84774059E-03   4.00625914E-03   4.04501706E-03   5.20708412E-03   4.37805802E-03   5.19298762E-03   4.20518219E-03   3.41486931E-03   1.41748786E-03   1.37097389E-03  -2.59771198E-03  -3.60559672E-03  -7.64193386E-03  -1.12585127E-02  -1.09273940E-02  -9.82509553E-03  -9.16381180E-03
        1124   30.2110004     10:33:15.634   4.63953130E-02   6.06130622E-02   5.68783879E-02   5.16235940E-02   5.36551178E-02   5.15505336E-02   5.20579293E-02   4.78537902E-02   4.86765727E-02   4.70071062E-02   4.57981899E-02   4.23534028E-02   4.33656126E-02   4.16363701E-02   3.98376361E-02   3.90541852E-02   3.74693200E-02   3.67591381E-02   3.58075909E-02   3.51170301E-02   3.41340601E-02   3.38218473E-02   3.36298458E-02   3.22838575E-02   3.27408016E-02   3.17595564E-02   3.19228694E-02   3.11916824E-02   3.02940533E-02   3.08128353E-02   2.90714297E-02   2.87989769E-02   2.95086857E-02   2.79045999E-02   2.84711607E-02   2.76872478E-02   2.77093388E-02   2.73449812E-02   2.67089345E-02   2.65149456E-02   2.56347768E-02   2.52963547E-02   2.51230448E-02   2.51613483E-02   2.49290876E-02   2.42966600E-02   2.39602085E-02   2.32070424E-02   2.33881995E-02   2.24291738E-02   2.19674911E-02   2.30593458E-02   2.18948107E-02   2.23073103E-02   2.17511989E-02   2.13466547E-02   2.14887597E-02   2.17634570E-02   2.13820171E-02   2.16120593E-02   2.11666934E-02   2.04253830E-02   2.04458423E-02   2.03658435E-02   2.04029381E-02   2.10123993E-02   2.08142344E-02   2.01687105E-02   2.07898971E-02   2.08981335E-02   1.95244215E-02   2.00701710E-02   1.89381838E-02   1.95414834E-02   1.86377428E-02   1.76669024E-02   1.76460464E-02   1.47380903E-02   1.51443509E-02   1.23684378E-02   9.50587727E-03   9.66209359E-03   5.21967048E-03   5.85532701E-03   4.49272804E-03   4.89003211E-03   8.16162489E-03  -999.000000      -999.000000      -999.000000      -999.000000      -999.000000      -999.000000      -999.000000      -999.000000      -999.000000      -999.000000      -999.000000      -999.000000      -999.000000      -999.000000      -999.000000      -999.000000      -999.000000      -999.000000      -999.000000      -999.000000      -999.000000      -999.000000      -999.000000      -999.000000      -999.000000      -999.000000      -7.40573928E-02  -7.08581954E-02  -6.81320876E-02  -6.52807504E-02  -6.21580854E-02  -5.93122616E-02  -5.68064228E-02  -5.40350601E-02  -5.14203981E-02  -4.89234626E-02  -4.65978011E-02  -4.43659276E-02  -4.18414325E-02  -4.02938090E-02  -3.82332169E-02  -3.57243605E-02  -3.39629091E-02  -3.10429521E-02  -3.01603787E-02  -2.85334736E-02  -2.71506794E-02  -2.61344723E-02  -2.49997936E-02  -2.39162147E-02  -2.24986859E-02  -2.11176388E-02  -1.91330537E-02  -1.78815648E-02  -1.65392756E-02  -1.50989108E-02  -1.39973611E-02  -1.22602358E-02  -1.09943077E-02  -9.76374000E-03  -8.11617076E-03  -7.17166811E-03  -5.93436509E-03  -4.91499901E-03  -3.31517309E-03  -2.16905028E-03  -9.76443291E-04   2.25462019E-04   7.57969916E-04   2.46585160E-03   2.53979862E-03   3.06849182E-03   3.65761667E-03   3.90028208E-03   4.24211472E-03   3.80828232E-03   3.84227186E-03   4.20408696E-03   1.63927674E-03   1.23638660E-03  -2.05840915E-03  -5.02133369E-03  -4.96385247E-03  -8.16681236E-03  -8.25188309E-03  -8.21694732E-03  -7.21475482E-03
        1125   30.3430004     10:33:15.883   5.43854125E-02   5.79831563E-02   5.50884791E-02   5.41436113E-02   5.29951453E-02   5.15905768E-02   5.09279966E-02   4.88438159E-02   4.95065972E-02   4.76771221E-02   4.53681611E-02   4.38733809E-02   4.32856046E-02   4.10163663E-02   4.06376161E-02   3.89441550E-02   3.84393074E-02   3.72791328E-02   3.64275724E-02   3.54770273E-02   3.46940607E-02   3.44018340E-02   3.40098664E-02   3.29738818E-02   3.26308087E-02   3.22495736E-02   3.13529000E-02   3.11817229E-02   3.04941051E-02   3.00428942E-02   3.03114913E-02   2.88090371E-02   2.85087228E-02   2.82846242E-02   2.75811888E-02   2.72372682E-02   2.72693578E-02   2.70349979E-02   2.60289442E-02   2.55049542E-02   2.54047774E-02   2.53663529E-02   2.45730635E-02   2.20714081E-02   2.16192212E-02   2.21068971E-02   2.13305764E-02   2.04675682E-02   2.05289237E-02   1.93900820E-02   1.88985094E-02   1.96503364E-02   1.88856944E-02   1.91980172E-02   1.86217353E-02   1.84470378E-02   1.81489903E-02   1.83635782E-02   1.82320401E-02   1.78420320E-02   1.81866530E-02   1.75253917E-02   1.72859225E-02   1.73559859E-02   1.65830851E-02   1.75225176E-02   1.78242642E-02   1.73886735E-02   1.87998153E-02   1.70680527E-02   1.70443822E-02   1.66102033E-02   1.69983916E-02   1.66719425E-02   1.49185611E-02   1.44382510E-02   1.41581446E-02   1.36010386E-02   1.04982890E-02   1.10537447E-02   7.98260421E-03   6.23062905E-03   3.94016365E-03   1.54682482E-03   3.26554058E-03   4.07354254E-03   1.90520845E-03  -999.000000      -999.000000      -999.000000      -999.000000      -999.000000      -999.000000      -999.000000      -999.000000      -999.000000      -999.000000      -999.000000      -999.000000      -999.000000      -999.000000      -999.000000      -999.000000      -999.000000      -999.000000      -999.000000      -999.000000      -999.000000      -999.000000      -999.000000      -999.000000      -999.000000      -999.000000      -7.36484751E-02  -7.06292689E-02  -6.74331486E-02  -6.41518086E-02  -6.13191351E-02  -5.83132990E-02  -5.55174835E-02  -5.37861362E-02  -5.14914766E-02  -4.86245416E-02  -4.63788956E-02  -4.40270118E-02  -4.19025235E-02  -3.98149192E-02  -3.74643169E-02  -3.55354734E-02  -3.28840204E-02  -3.17840092E-02  -3.05213854E-02  -2.90743746E-02  -2.74914540E-02  -2.61450969E-02  -2.51002088E-02  -2.30064616E-02  -2.19587758E-02  -2.02377290E-02  -1.84332505E-02  -1.67319104E-02  -1.54398084E-02  -1.41695924E-02  -1.22782066E-02  -1.07312053E-02  -9.16537642E-03  -8.49488378E-03  -6.75732642E-03  -5.74278831E-03  -3.92542034E-03  -3.25597823E-03  -1.82612985E-03  -5.60022891E-04  -2.27496028E-04   1.58435106E-03   2.41680443E-03   3.13464552E-03   3.97862494E-03   4.48740274E-03   4.34666127E-03   4.19953465E-03   5.35170734E-03   5.14833629E-03   3.18296254E-03   4.30557877E-03   2.18170881E-03  -8.79831612E-04  -9.73187387E-04  -4.63426113E-03  -8.03539157E-03  -8.97701085E-03  -9.94068384E-03  -1.13147497E-02  -1.06722340E-02
        1126   30.4780006     10:33:16.136   5.33555001E-02   5.01131900E-02   5.01585044E-02   5.04136384E-02   4.88051623E-02   4.78305742E-02   4.83980104E-02   4.61238213E-02   4.43765670E-02   4.22170907E-02   4.04981486E-02   3.90133411E-02   3.59555855E-02   3.50263529E-02   3.44275981E-02   3.29941250E-02   3.24092805E-02   3.18691209E-02   3.02475709E-02   2.94270292E-02   2.88140532E-02   2.87018269E-02   2.77498569E-02   2.76438668E-02   2.71907952E-02   2.70295721E-02   2.64129136E-02   2.60917414E-02   2.52941269E-02   2.49029212E-02   2.44015176E-02   2.37690601E-02   2.44687367E-02   2.35746372E-02   2.33111978E-02   2.29672696E-02   2.22093668E-02   2.26150043E-02   2.24689431E-02   2.19049510E-02   2.15247683E-02   2.09163427E-02   2.01830734E-02   2.14414354E-02   2.08292902E-02   2.03870367E-02   2.02507898E-02   1.96178779E-02   1.95393451E-02   1.87906194E-02   1.84491184E-02   1.84409264E-02   1.82462204E-02   1.82484537E-02   1.78820658E-02   1.78272724E-02   1.79391298E-02   1.76936537E-02   1.78220533E-02   1.74920149E-02   1.73766296E-02   1.74653959E-02   1.69059690E-02   1.72060654E-02   1.72431748E-02   1.71725843E-02   1.82242785E-02   1.76386423E-02   1.71997566E-02   1.80779919E-02   1.67943388E-02   1.65501982E-02   1.60584915E-02   1.65921841E-02   1.59990191E-02   1.52090210E-02   1.46593638E-02   1.29727647E-02   1.19306110E-02   8.83688871E-03   6.93659717E-03   5.66571439E-03   3.95643059E-03   3.73369828E-03   3.75322765E-03   2.13168212E-03   4.12341673E-03  -999.000000      -999.000000      -999.000000      -999.000000      -999.000000      -999.000000      -999.000000      -999.000000      -999.000000      -999.000000      -999.000000      -999.000000      -999.000000      -999.000000      -999.000000      -999.000000      -999.000000      -999.000000      -999.000000      -999.000000      -999.000000      -999.000000      -999.000000      -999.000000      -999.000000      -999.000000      -7.40754828E-02  -7.09462687E-02  -6.80201426E-02  -6.48787916E-02  -6.18761182E-02  -5.93502931E-02  -5.65444827E-02  -5.41831404E-02  -5.19484915E-02  -4.96515632E-02  -4.71159071E-02  -4.46540266E-02  -4.28895354E-02  -4.08619232E-02  -3.86313461E-02  -3.67624946E-02  -3.44710387E-02  -3.25310081E-02  -3.06283385E-02  -2.93712728E-02  -2.84182876E-02  -2.69518234E-02  -2.57368200E-02  -2.39129625E-02  -2.27652043E-02  -2.05841549E-02  -1.86397135E-02  -1.74284577E-02  -1.60564743E-02  -1.38263628E-02  -1.30050704E-02  -1.12081319E-02  -9.94237512E-03  -8.59191269E-03  -7.32436031E-03  -6.40981644E-03  -5.11238724E-03  -3.89292091E-03  -2.54306942E-03  -1.41697377E-03  -3.94478440E-04   1.24732405E-03   1.65972114E-03   2.79756635E-03   2.98155099E-03   3.31036747E-03   3.36971134E-03   3.83272022E-03   3.84505838E-03   4.78196144E-03   3.94699723E-03   3.30008566E-03   2.51678377E-03  -7.43970275E-04  -1.12646073E-03  -3.94644588E-03  -6.99669123E-03  -9.06752050E-03  -9.11033899E-03  -1.19837597E-02  -9.09104943E-03
        1127   30.6149998     10:33:16.393   5.12655713E-02   5.06032892E-02   5.43285869E-02   4.91637141E-02   5.06451838E-02   4.85305861E-02   4.97880690E-02   4.65738513E-02   4.53965738E-02   4.36970964E-02   4.22081277E-02   3.78033221E-02   3.83255519E-02   3.75363268E-02   3.44975702E-02   3.41140814E-02   3.30092572E-02   3.23091000E-02   3.09675429E-02   3.10870223E-02   2.99540386E-02   2.87917908E-02   2.91998573E-02   2.89038792E-02   2.80707963E-02   2.79995874E-02   2.70729288E-02   2.56117694E-02   2.56341696E-02   2.62829792E-02   2.36515664E-02   2.50291191E-02   2.43287738E-02   2.38746572E-02   2.30012219E-02   2.27472801E-02   2.31893752E-02   2.23150160E-02   2.20889393E-02   2.19049510E-02   2.14447509E-02   2.09163297E-02   2.09730808E-02   1.98614858E-02   1.90194193E-02   1.85872838E-02   1.84711851E-02   1.77084506E-02   1.72201209E-02   1.70816090E-02   1.62602309E-02   1.69320181E-02   1.66271888E-02   1.66492350E-02   1.63126644E-02   1.58876907E-02   1.56793892E-02   1.62737872E-02   1.60720777E-02   1.56519841E-02   1.58565845E-02   1.60554051E-02   1.54360533E-02   1.49262128E-02   1.62833352E-02   1.49827134E-02   1.59043036E-02   1.67585891E-02   1.59796551E-02   1.63978804E-02   1.62542686E-02   1.50601957E-02   1.62886791E-02   1.39726400E-02   1.46398637E-02   1.34404423E-02   1.14016049E-02   1.37759373E-02   8.95486865E-03   7.45265000E-03   5.94392093E-03   4.06502699E-03   3.30790319E-03   8.62842426E-05  -999.000000      -999.000000       4.68841195E-03  -999.000000      -999.000000      -999.000000      -999.000000      -999.000000      -999.000000      -999.000000      -999.000000      -999.000000      -999.000000      -999.000000      -999.000000      -999.000000      -999.000000      -999.000000      -999.000000      -999.000000      -999.000000      -999.000000      -999.000000      -999.000000      -999.000000      -999.000000      -999.000000      -999.000000      -999.000000      -7.55949989E-02  -7.31857792E-02  -7.00596347E-02  -6.61582649E-02  -6.35555983E-02  -6.04297742E-02  -5.74939623E-02  -5.51926494E-02  -5.23580089E-02  -5.06810844E-02  -4.83254343E-02  -4.56535481E-02  -4.38990705E-02  -4.16114628E-02  -3.90508957E-02  -3.73220406E-02  -3.49505991E-02  -3.09505016E-02  -2.95877680E-02  -2.77005732E-02  -2.61374786E-02  -2.48408467E-02  -2.35056244E-02  -2.21015513E-02  -2.09536403E-02  -1.88725851E-02  -1.81982629E-02  -1.60271600E-02  -1.48553625E-02  -1.34654269E-02  -1.14543065E-02  -1.06975138E-02  -9.37186927E-03  -8.21147114E-03  -6.68395311E-03  -5.27937710E-03  -4.71186638E-03  -2.98231095E-03  -1.33243948E-03  -5.66355884E-04   3.26037407E-04   1.23775750E-03   2.37011164E-03   3.08790803E-03   4.00192291E-03   4.14080173E-03   4.21029329E-03   4.36353683E-03   3.89622152E-03   4.33363020E-03   3.77938151E-03   3.16333026E-03   2.64107436E-03   4.41797078E-04  -2.38911808E-03  -3.85707617E-03  -7.65576959E-03  -8.35510343E-03  -8.98634642E-03  -1.02586970E-02  -8.38556886E-03
        1128   30.7380009     10:33:16.634   6.48659766E-02   5.10436632E-02   4.97189760E-02   5.48739322E-02   4.94153090E-02   4.85706665E-02   4.63482589E-02   4.77139354E-02   4.36365716E-02   4.29870896E-02   3.95681113E-02   4.12331857E-02   3.71154733E-02   3.61462981E-02   3.61974947E-02   3.42039689E-02   3.30791734E-02   3.19290571E-02   3.22275087E-02   3.01570185E-02   3.02240420E-02   2.97517665E-02   2.79299114E-02   2.81239264E-02   2.74808500E-02   2.74996702E-02   2.64030583E-02   2.62619443E-02   2.68243831E-02   2.44732331E-02   2.51318254E-02   2.50393711E-02   2.40889471E-02   2.37947907E-02   2.38313545E-02   2.31173728E-02   2.23494638E-02   2.23751068E-02   2.17689872E-02   2.18149964E-02   2.17547622E-02   2.13163458E-02   2.13631727E-02   1.98617410E-02   1.89299583E-02   1.92082785E-02   1.77827068E-02   1.84006337E-02   1.76630840E-02   1.65153500E-02   1.73444171E-02   1.65060740E-02   1.61007978E-02   1.70521419E-02   1.63748730E-02   1.54392458E-02   1.57503262E-02   1.60142779E-02   1.58121586E-02   1.57918595E-02   1.53064197E-02   1.53654460E-02   1.56063847E-02   1.53267933E-02   1.50739532E-02   1.58832092E-02   1.49944313E-02   1.58784296E-02   1.59793347E-02   1.50775649E-02   1.50641240E-02   1.58403404E-02   1.38595682E-02   1.54945608E-02   1.36432629E-02   1.24860192E-02   1.22302594E-02   1.00780809E-02   9.57107265E-03   1.01944730E-02   4.42156661E-03   6.22009393E-03   2.69100675E-03  -999.000000      -999.000000       1.08198938E-03  -999.000000      -999.000000      -999.000000      -999.000000      -999.000000      -999.000000      -999.000000      -999.000000      -999.000000      -999.000000      -999.000000      -999.000000      -999.000000      -999.000000      -999.000000      -999.000000      -999.000000      -999.000000      -999.000000      -999.000000      -999.000000      -999.000000      -999.000000      -999.000000      -999.000000      -999.000000      -999.000000      -7.52258748E-02  -7.29466528E-02  -6.90804124E-02  -6.63690120E-02  -6.34763539E-02  -6.10405169E-02  -5.79947606E-02  -5.54535165E-02  -5.27288727E-02  -5.04619926E-02  -4.80863452E-02  -4.55944650E-02  -4.36899811E-02  -4.16624211E-02  -3.94818895E-02  -3.77830453E-02  -3.51815857E-02  -3.24812755E-02  -3.04683112E-02  -2.97906697E-02  -2.80371159E-02  -2.65898146E-02  -2.52037793E-02  -2.44189836E-02  -2.24204883E-02  -2.03994438E-02  -1.84655227E-02  -1.66750439E-02  -1.58839859E-02  -1.39147118E-02  -1.27942488E-02  -1.13879368E-02  -1.00627020E-02  -8.77255201E-03  -7.61511177E-03  -6.14040345E-03  -4.89262491E-03  -3.99278104E-03  -2.25280970E-03  -1.03683770E-03   5.30481339E-06   5.16727567E-04   1.87882036E-03   1.81655586E-03   2.95068324E-03   3.44987214E-03   4.05992568E-03   4.53409553E-03   3.15809995E-03   4.96737659E-03   3.97583842E-03   2.55303085E-03   3.37468088E-03  -6.89104199E-04  -2.24410743E-03  -2.99451500E-03  -8.15743953E-03  -7.72129744E-03  -9.84680653E-03  -1.22151673E-02  -7.10070133E-03
        1129   30.8589993     10:33:16.883   3.87062021E-02   5.63837923E-02   5.10290973E-02   4.53839973E-02   4.82053533E-02   4.54907194E-02   4.72783446E-02   3.96539569E-02   4.33665551E-02   3.97870876E-02   4.04180810E-02   3.40531170E-02   3.54654193E-02   3.59462686E-02   3.11674438E-02   3.20238955E-02   3.06691341E-02   2.95190327E-02   2.82774772E-02   2.82370076E-02   2.78140344E-02   2.59417314E-02   2.66899168E-02   2.57039256E-02   2.59408504E-02   2.46997029E-02   2.50831023E-02   2.39519998E-02   2.26744525E-02   2.43933201E-02   2.24419143E-02   2.22694632E-02   2.27990020E-02   2.20148284E-02   2.16913950E-02   2.08273921E-02   2.11094860E-02   2.03651246E-02   2.00389903E-02   2.04450060E-02   1.94347519E-02   1.93563309E-02   1.89331863E-02   1.80418305E-02   1.83101650E-02   1.71786714E-02   1.63133200E-02   1.68815181E-02   1.60242934E-02   1.59868877E-02   1.56761482E-02   1.45577537E-02   1.53322946E-02   1.55533599E-02   1.47758015E-02   1.51598966E-02   1.50707243E-02   1.50744868E-02   1.50021948E-02   1.48418099E-02   1.44063514E-02   1.42654600E-02   1.47165153E-02   1.37670245E-02   1.42642027E-02   1.51234083E-02   1.34544745E-02   1.61983520E-02   1.57291833E-02   1.33974105E-02   1.52640278E-02   1.51303569E-02   1.29498802E-02   1.53352953E-02   1.25646014E-02   1.21982535E-02   1.32437637E-02   8.85302480E-03   9.66770016E-03   8.06342810E-03   1.80293387E-03   4.54453705E-03   1.58784911E-04   2.92975456E-04   3.18165333E-03  -999.000000      -999.000000      -999.000000      -999.000000      -999.000000      -999.000000      -999.000000      -999.000000      -999.000000      -999.000000      -999.000000      -999.000000      -999.000000      -999.000000      -999.000000      -999.000000      -999.000000      -999.000000      -999.000000      -999.000000      -999.000000      -999.000000      -999.000000      -999.000000      -999.000000      -999.000000      -999.000000      -999.000000      -7.58144334E-02  -7.30752274E-02  -6.88389465E-02  -6.66775256E-02  -6.39148653E-02  -6.06690310E-02  -5.83832785E-02  -5.51220924E-02  -5.36574274E-02  -5.14805838E-02  -4.88349162E-02  -4.61230502E-02  -4.41285558E-02  -4.17010151E-02  -4.01704982E-02  -3.81116644E-02  -3.58102098E-02  -3.24298143E-02  -3.06967385E-02  -2.93789059E-02  -2.82451734E-02  -2.67776065E-02  -2.56912373E-02  -2.45061219E-02  -2.34473795E-02  -2.08063237E-02  -1.98225789E-02  -1.77123509E-02  -1.64616108E-02  -1.50725879E-02  -1.42224133E-02  -1.22263059E-02  -1.12812296E-02  -9.96118039E-03  -8.42379034E-03  -7.07903504E-03  -6.37112558E-03  -5.27117401E-03  -3.75118107E-03  -2.58522481E-03  -1.09320879E-03  -4.31910157E-04   8.40082765E-04   7.47777522E-04   2.07196176E-03   2.80124694E-03   3.76154482E-03   3.50605696E-03   4.15059924E-03   4.56067175E-03   2.48024613E-03   4.07878309E-03   2.14203447E-03   4.10534441E-04  -1.06202811E-03  -5.56931645E-03  -5.85984439E-03  -7.03140348E-03  -1.16645098E-02  -1.08311698E-02  -9.27611440E-03
        1130   30.9829998     10:33:17.143   6.34463578E-02   3.87039632E-02   5.66892326E-02   5.19140661E-02   4.61054072E-02   4.44307365E-02   4.82184254E-02   4.76439893E-02   3.95665728E-02   4.07170914E-02   3.96980606E-02   4.12030816E-02   3.22453864E-02   3.73062417E-02   3.41073982E-02   3.19438428E-02   3.06590926E-02   3.07090003E-02   2.97474526E-02   2.76769996E-02   2.88140289E-02   2.74817124E-02   2.66799275E-02   2.61839293E-02   2.58308593E-02   2.55797189E-02   2.47831494E-02   2.59020589E-02   2.40445323E-02   2.34334189E-02   2.45820154E-02   2.20395662E-02   2.22490653E-02   2.23848782E-02   2.13014409E-02   2.10474208E-02   2.14695185E-02   2.14951523E-02   1.95590034E-02   2.05050148E-02   2.02747434E-02   1.92663204E-02   1.92432161E-02   2.10419279E-02   2.06703916E-02   2.08490919E-02   1.89339798E-02   1.85624640E-02   1.90255772E-02   1.71885155E-02   1.85279753E-02   1.82095375E-02   1.72938835E-02   1.81746390E-02   1.75367799E-02   1.71205886E-02   1.72811411E-02   1.74247045E-02   1.64322332E-02   1.70917567E-02   1.76162794E-02   1.58554781E-02   1.63766574E-02   1.69372763E-02   1.49944695E-02   1.80436186E-02   1.70545261E-02   1.54782711E-02   1.91990286E-02   1.47572514E-02   1.56139387E-02   1.87303890E-02   1.40002323E-02   1.63960867E-02   1.40060391E-02   1.24906413E-02   1.52774993E-02   1.14982929E-02   8.86474736E-03   1.24229398E-02   2.56500114E-03   7.91986566E-03   5.30765066E-03  -999.000000       5.18472400E-03   1.12934946E-03   1.91770028E-04  -999.000000      -999.000000      -999.000000      -999.000000      -999.000000      -999.000000      -999.000000      -999.000000      -999.000000      -999.000000      -999.000000      -999.000000      -999.000000      -999.000000      -999.000000      -999.000000      -999.000000      -999.000000      -999.000000      -999.000000      -999.000000      -999.000000      -999.000000      -999.000000      -999.000000      -999.000000      -7.35555217E-02  -7.01363236E-02  -6.73700124E-02  -6.41585737E-02  -6.21658936E-02  -5.84800728E-02  -5.62643483E-02  -5.32931834E-02  -5.07785268E-02  -4.87016886E-02  -4.62960340E-02  -4.37441617E-02  -4.18996662E-02  -3.94521430E-02  -3.75516489E-02  -3.56028154E-02  -3.40113565E-02  -3.27208824E-02  -3.16076912E-02  -3.04696634E-02  -2.86757350E-02  -2.80278735E-02  -2.59511396E-02  -2.45556980E-02  -2.34067142E-02  -2.15056613E-02  -1.95920765E-02  -1.83121264E-02  -1.71816908E-02  -1.55529827E-02  -1.39030926E-02  -1.24571919E-02  -1.08423010E-02  -9.72237438E-03  -8.57500732E-03  -6.79019094E-03  -6.26216084E-03  -5.24207950E-03  -3.80204618E-03  -2.46614218E-03  -1.38425082E-03  -5.33081591E-04   8.08797777E-04   1.51646137E-03   2.45069712E-03   2.31009722E-03   3.12064588E-03   4.16555256E-03   4.08066064E-03   4.37156111E-03   4.05232608E-03   2.70226598E-03   3.13722342E-03  -8.61860812E-04  -1.35182589E-03  -3.62579525E-03  -8.37379694E-03  -9.59289819E-03  -9.99348611E-03  -1.06283501E-02  -9.12268460E-03
        1131   31.1040001     10:33:17.392   6.52065054E-02   4.54741046E-02   5.28093204E-02   5.37441783E-02   4.92554381E-02   4.82207574E-02   4.84784916E-02   5.01540303E-02   4.38265465E-02   4.28670906E-02   4.12180237E-02   4.08630222E-02   3.57953496E-02   3.83462235E-02   3.59273665E-02   3.48137952E-02   3.33290659E-02   3.22989821E-02   3.14374380E-02   3.08170021E-02   3.02240215E-02   2.96616927E-02   2.91999374E-02   2.87139527E-02   2.80708764E-02   2.73197554E-02   2.71631889E-02   2.75821164E-02   2.51946077E-02   2.63635032E-02   2.53920965E-02   2.38396507E-02   2.46191211E-02   2.34949216E-02   2.32314803E-02   2.25174483E-02   2.29595434E-02   2.25451831E-02   2.16190144E-02   2.15850286E-02   2.10547373E-02   2.04463210E-02   2.02632435E-02   1.87520161E-02   1.86305735E-02   1.80394258E-02   1.73144974E-02   1.71132032E-02   1.69965867E-02   1.59897916E-02   1.54894022E-02   1.62209254E-02   1.58951133E-02   1.58356372E-02   1.50375376E-02   1.49711203E-02   1.52114676E-02   1.50348721E-02   1.52122630E-02   1.51917171E-02   1.53662218E-02   1.49054909E-02   1.45167680E-02   1.48174716E-02   1.40846800E-02   1.55437896E-02   1.49345677E-02   1.43682165E-02   1.59489196E-02   1.44871417E-02   1.53038828E-02   1.49604296E-02   1.33905252E-02   1.40567319E-02   1.28271878E-02   1.15925316E-02   1.21004395E-02   1.00024212E-02   8.19026399E-03   8.01037531E-03   2.97442591E-03   5.78182237E-03   1.62354205E-04  -999.000000       3.12267081E-03   3.82752623E-05  -999.000000      -999.000000      -999.000000      -999.000000      -999.000000      -999.000000      -999.000000      -999.000000      -999.000000      -999.000000      -999.000000      -999.000000      -999.000000      -999.000000      -999.000000      -999.000000      -999.000000      -999.000000      -999.000000      -999.000000      -999.000000      -999.000000      -999.000000      -999.000000      -999.000000      -999.000000      -999.000000      -7.36906305E-02  -7.03614354E-02  -6.72850981E-02  -6.42336458E-02  -6.19409643E-02  -5.85751459E-02  -5.67994341E-02  -5.33882864E-02  -5.05936369E-02  -4.86668199E-02  -4.62311581E-02  -4.36992943E-02  -4.20847982E-02  -3.98372933E-02  -3.78968045E-02  -3.56779620E-02  -3.38565186E-02  -3.12459692E-02  -3.03626955E-02  -2.87245177E-02  -2.74504274E-02  -2.67523490E-02  -2.50453316E-02  -2.39596404E-02  -2.26804614E-02  -2.07793936E-02  -1.91859677E-02  -1.82262175E-02  -1.70560367E-02  -1.55075416E-02  -1.41578801E-02  -1.20521486E-02  -1.11174062E-02  -9.67755169E-03  -8.36022198E-03  -7.30536133E-03  -5.96723706E-03  -4.80706245E-03  -3.45699489E-03  -2.70111114E-03  -1.01932138E-03   1.41754746E-04   1.48354471E-03   1.79117173E-03   2.32545286E-03   3.43494862E-03   3.70569527E-03   3.82091850E-03   4.23648208E-03   4.20800596E-03   4.02970612E-03   4.25074995E-03   8.87036324E-04   1.11983716E-03  -1.55812502E-03  -4.69952822E-03  -6.83551282E-03  -9.11279023E-03  -9.44140553E-03  -9.91488993E-03  -7.64875859E-03
        1132   31.2290001     10:33:17.640   5.57965301E-02   4.96741310E-02   5.22493757E-02   5.24641946E-02   4.81254682E-02   4.76607792E-02   4.75885309E-02   4.62640300E-02   4.44765650E-02   4.20670770E-02   4.15280238E-02   3.82830203E-02   3.52453403E-02   3.68362255E-02   3.45873572E-02   3.37637849E-02   3.23890485E-02   3.20389830E-02   3.07074413E-02   3.04570049E-02   2.90840231E-02   2.90816911E-02   2.84299385E-02   2.83239484E-02   2.77708899E-02   2.66397670E-02   2.67932005E-02   2.61821356E-02   2.53746305E-02   2.56835334E-02   2.44921260E-02   2.43096780E-02   2.43191440E-02   2.31949314E-02   2.35214941E-02   2.30374578E-02   2.24295575E-02   2.20751967E-02   2.20090188E-02   2.16650367E-02   2.12847367E-02   2.09963229E-02   2.08932534E-02   2.16020420E-02   2.13806406E-02   2.12495476E-02   2.05646846E-02   1.97134670E-02   1.99369453E-02   1.88102461E-02   1.88299119E-02   1.91014186E-02   1.82755589E-02   1.86659899E-02   1.84978042E-02   1.83113124E-02   1.80915818E-02   1.81549340E-02   1.80322733E-02   1.80016998E-02   1.74362045E-02   1.78054962E-02   1.74068101E-02   1.75875425E-02   1.72747560E-02   1.75638478E-02   1.72745828E-02   1.80181954E-02   1.83788780E-02   1.83571018E-02   1.63838621E-02   1.79204457E-02   1.65306292E-02   1.65769607E-02   1.58275962E-02   1.41532067E-02   1.44114895E-02   1.37138953E-02   1.14122322E-02   1.05930287E-02   8.59778840E-03   6.91608991E-03   2.76760058E-03   3.06549389E-03   1.79907423E-03   4.21503186E-03   5.92758739E-03  -999.000000      -999.000000      -999.000000      -999.000000      -999.000000      -999.000000      -999.000000      -999.000000      -999.000000      -999.000000      -999.000000      -999.000000      -999.000000      -999.000000      -999.000000      -999.000000      -999.000000      -999.000000      -999.000000      -999.000000      -999.000000      -999.000000      -999.000000      -999.000000      -999.000000      -999.000000      -7.30571672E-02  -7.02079684E-02  -6.69916272E-02  -6.35301620E-02  -6.13874905E-02  -5.87616637E-02  -5.57759553E-02  -5.33048250E-02  -5.06901816E-02  -4.78133634E-02  -4.58377078E-02  -4.27858308E-02  -4.06013355E-02  -3.90238352E-02  -3.65533605E-02  -3.46145108E-02  -3.20230648E-02  -3.27024870E-02  -3.15091945E-02  -2.97309533E-02  -2.87168138E-02  -2.72686519E-02  -2.52115354E-02  -2.39657648E-02  -2.28265114E-02  -2.12654434E-02  -1.98820680E-02  -1.80023946E-02  -1.66923068E-02  -1.50638893E-02  -1.39642991E-02  -1.25086382E-02  -1.11039355E-02  -9.79411602E-03  -8.37679207E-03  -7.63191283E-03  -5.93375415E-03  -4.92354482E-03  -3.49347293E-03  -2.49760598E-03  -1.33583695E-03  -5.84803522E-04   7.56956637E-04   2.27458030E-03   3.21886688E-03   3.10841203E-03   3.68921459E-03   3.85455787E-03   4.00026888E-03   4.61202860E-03   3.40404361E-03   3.84550542E-03   2.00226903E-03   2.15724111E-04  -1.26150995E-03  -4.80197370E-03  -8.18728656E-03  -8.80386680E-03  -1.07518137E-02  -8.89480114E-03  -8.99848342E-03
        1133   31.3680000     10:33:17.889   4.84570749E-02   5.27346767E-02   4.87597920E-02   5.06044514E-02   4.92056422E-02   4.86808755E-02   4.88388091E-02   4.61441278E-02   4.49265502E-02   4.14970778E-02   4.02079634E-02   3.88528518E-02   3.67652364E-02   3.58761624E-02   3.42972539E-02   3.41036171E-02   3.23689394E-02   3.21989357E-02   3.07773761E-02   3.08970064E-02   2.95540206E-02   2.87816301E-02   2.81200055E-02   2.79240124E-02   2.70709340E-02   2.66198814E-02   2.63033733E-02   2.58923601E-02   2.55449098E-02   2.51638722E-02   2.37324666E-02   2.42300183E-02   2.33993623E-02   2.29650997E-02   2.28616595E-02   2.25175712E-02   2.19896678E-02   2.17753034E-02   2.17790753E-02   2.05050893E-02   2.11347416E-02   2.01263186E-02   1.97033659E-02   2.01723818E-02   1.97313633E-02   1.95308942E-02   1.86367501E-02   1.84864346E-02   1.73909795E-02   1.77753381E-02   1.71556287E-02   1.68969650E-02   1.68204866E-02   1.70199685E-02   1.70008261E-02   1.65734366E-02   1.60828680E-02   1.62956063E-02   1.59023833E-02   1.60015356E-02   1.57459807E-02   1.59355551E-02   1.49072567E-02   1.50183253E-02   1.59155969E-02   1.55645190E-02   1.56747513E-02   1.60179716E-02   1.56484302E-02   1.49566513E-02   1.60936378E-02   1.44106150E-02   1.63818058E-02   1.43195372E-02   1.35621894E-02   1.40507668E-02   1.08332485E-02   1.02004157E-02   1.00242961E-02   5.49276406E-03   8.64547491E-03   2.47391453E-03   2.46398151E-04   3.87989148E-03  -999.000000       6.80743717E-04   1.76369259E-03  -999.000000      -999.000000      -999.000000      -999.000000      -999.000000      -999.000000      -999.000000      -999.000000      -999.000000      -999.000000      -999.000000      -999.000000      -999.000000      -999.000000      -999.000000      -999.000000      -999.000000      -999.000000      -999.000000      -999.000000      -999.000000      -999.000000      -999.000000      -999.000000      -999.000000      -999.000000      -7.49456137E-02  -7.18563944E-02  -6.94799349E-02  -6.56884313E-02  -6.32657558E-02  -6.04699329E-02  -5.76442741E-02  -5.50932661E-02  -5.30186109E-02  -5.02518490E-02  -4.83561829E-02  -4.55443189E-02  -4.38198224E-02  -4.15623784E-02  -3.92719507E-02  -3.69831175E-02  -3.52216661E-02  -3.34408060E-02  -3.17671783E-02  -3.00883241E-02  -2.86035575E-02  -2.73745172E-02  -2.60562710E-02  -2.42894851E-02  -2.30494477E-02  -2.13883929E-02  -2.01655701E-02  -1.87567323E-02  -1.70976594E-02  -1.54001266E-02  -1.36414319E-02  -1.25464499E-02  -1.09023154E-02  -1.01428181E-02  -8.68561119E-03  -7.16058165E-03  -6.41202182E-03  -5.00141084E-03  -3.45124304E-03  -2.50546634E-03  -5.44108450E-04   1.96546316E-04   1.22797489E-03   1.47546828E-03   2.17992812E-03   3.20986658E-03   3.38146091E-03   4.58803028E-03   3.96552682E-03   4.23987210E-03   4.25557792E-03   2.63145566E-03   3.08354199E-03   7.94515014E-04  -2.26466358E-03  -4.24482673E-03  -7.45222718E-03  -8.93133134E-03  -1.04214102E-02  -1.19688958E-02  -1.02407709E-02
        1134   31.5079994     10:33:18.143   5.02072796E-02   5.57748228E-02   5.73100075E-02   4.97145392E-02   5.28457016E-02   5.03509231E-02   5.22989035E-02   4.57041711E-02   4.68465649E-02   4.45970856E-02   4.19079550E-02   3.89427915E-02   4.02151980E-02   3.81961465E-02   3.54372077E-02   3.53935473E-02   3.41888927E-02   3.30689028E-02   3.27473618E-02   3.18170041E-02   3.10440324E-02   2.98016071E-02   3.03500164E-02   2.89940275E-02   2.86409575E-02   2.74899118E-02   2.77334340E-02   2.63424441E-02   2.65350193E-02   2.61039995E-02   2.51325928E-02   2.55701374E-02   2.43094526E-02   2.37051621E-02   2.37417258E-02   2.32476126E-02   2.27197092E-02   2.30453480E-02   2.24490985E-02   2.13451125E-02   2.16647387E-02   2.06763204E-02   2.08034106E-02   1.93825066E-02   1.90216415E-02   1.89813972E-02   1.75575279E-02   1.78775452E-02   1.73124857E-02   1.64472535E-02   1.64377689E-02   1.61890406E-02   1.59823336E-02   1.65414549E-02   1.57219656E-02   1.54542401E-02   1.58833545E-02   1.58858597E-02   1.54824238E-02   1.56014692E-02   1.57058947E-02   1.47855738E-02   1.41274240E-02   1.48386173E-02   1.43359108E-02   1.48247723E-02   1.53048132E-02   1.43978884E-02   1.53882615E-02   1.48064848E-02   1.33735528E-02   1.52006773E-02   1.45622492E-02   1.40605038E-02   1.32939098E-02   1.22836009E-02   1.21776592E-02   9.23661049E-03   8.92257039E-03   8.15391541E-03   4.56960779E-03   2.94184824E-03   3.50845233E-03  -999.000000      -999.000000       5.69135416E-04   1.06223067E-03  -999.000000      -999.000000      -999.000000      -999.000000      -999.000000      -999.000000      -999.000000      -999.000000      -999.000000      -999.000000      -999.000000      -999.000000      -999.000000      -999.000000      -999.000000      -999.000000      -999.000000      -999.000000      -999.000000      -999.000000      -999.000000      -999.000000      -999.000000      -999.000000      -999.000000      -999.000000      -7.55422786E-02  -7.25130737E-02  -6.96665719E-02  -6.66350424E-02  -6.40823618E-02  -6.09465390E-02  -5.85609004E-02  -5.61999269E-02  -5.33352867E-02  -5.11985347E-02  -4.92528826E-02  -4.63210121E-02  -4.43365201E-02  -4.25390974E-02  -3.99386883E-02  -3.83398533E-02  -3.56784016E-02  -3.35174426E-02  -3.17936800E-02  -3.06545980E-02  -2.88796090E-02  -2.73802206E-02  -2.59015635E-02  -2.50443965E-02  -2.34340690E-02  -2.15130039E-02  -2.02603824E-02  -1.79918706E-02  -1.67831741E-02  -1.51959807E-02  -1.38876215E-02  -1.23728886E-02  -1.06689632E-02  -9.28960741E-03  -8.18242878E-03  -6.86732680E-03  -5.89862466E-03  -4.49787825E-03  -3.43764573E-03  -2.11193413E-03  -7.70717859E-04   9.97930765E-05   1.00108981E-03   2.27855891E-03   3.00307572E-03   2.85314769E-03   3.38504463E-03   4.35207039E-03   4.17024642E-03   4.24556434E-03   4.22265381E-03   3.13019007E-03   2.63427198E-03   9.28044319E-04  -2.98810005E-03  -3.70440632E-03  -7.27886707E-03  -9.26513225E-03  -8.32228363E-03  -1.04677156E-02  -7.24887103E-03
        1135   31.6450005     10:33:18.392   4.11375090E-02   6.42150268E-02   5.10501377E-02   4.62246761E-02   5.21157570E-02   4.88609672E-02   4.76090163E-02   4.11742255E-02   4.52365503E-02   4.19470891E-02   4.00279388E-02   3.51926982E-02   3.88851650E-02   3.50861140E-02   3.29671614E-02   3.28934826E-02   3.23888473E-02   3.10888886E-02   2.96973363E-02   3.08369938E-02   2.87340209E-02   2.77215894E-02   2.79400367E-02   2.60740425E-02   2.67009754E-02   2.56599523E-02   2.64134966E-02   2.50725206E-02   2.47351173E-02   2.57841200E-02   2.25127097E-02   2.32102666E-02   2.31795330E-02   2.22252235E-02   2.26417817E-02   2.20776480E-02   2.19197478E-02   2.07153820E-02   2.10891161E-02   2.07451247E-02   1.97247379E-02   2.00563148E-02   1.96334478E-02   1.87526308E-02   1.86219085E-02   1.78018939E-02   1.83283016E-02   1.75686572E-02   1.67139992E-02   1.72491595E-02   1.59099102E-02   1.65511239E-02   1.72541793E-02   1.59929469E-02   1.59531012E-02   1.57750342E-02   1.54338395E-02   1.59561113E-02   1.62124690E-02   1.55214090E-02   1.58558134E-02   1.57955959E-02   1.46575905E-02   1.44389095E-02   1.57462247E-02   1.44050214E-02   1.55948736E-02   1.67578030E-02   1.52380904E-02   1.70263108E-02   1.65334586E-02   1.27507281E-02   1.67726744E-02   1.26314517E-02   1.32856146E-02   1.39664169E-02   1.29520483E-02   1.11827832E-02   1.22508211E-02   5.27504273E-03   8.11371673E-03   3.06975935E-03   3.10482923E-04   3.97817604E-03   2.13470589E-03  -999.000000       3.85079114E-03  -999.000000      -999.000000      -999.000000      -999.000000      -999.000000      -999.000000      -999.000000      -999.000000      -999.000000      -999.000000      -999.000000      -999.000000      -999.000000      -999.000000      -999.000000      -999.000000      -999.000000      -999.000000      -999.000000      -999.000000      -999.000000      -999.000000      -999.000000      -999.000000      -999.000000      -999.000000      -7.49429315E-02  -7.12337196E-02  -6.93671852E-02  -6.55256212E-02  -6.30229488E-02  -6.04471266E-02  -5.73715121E-02  -5.46305850E-02  -5.28159253E-02  -5.01692183E-02  -4.78335544E-02  -4.55816835E-02  -4.31871898E-02  -4.09997925E-02  -3.92994061E-02  -3.66605595E-02  -3.44891027E-02  -3.23180519E-02  -3.06441598E-02  -2.94448435E-02  -2.82396190E-02  -2.67098993E-02  -2.51708291E-02  -2.38132775E-02  -2.22526491E-02  -2.05815919E-02  -1.89091899E-02  -1.72809847E-02  -1.58926584E-02  -1.41858123E-02  -1.28377825E-02  -1.17832944E-02  -1.01895854E-02  -9.04035568E-03  -7.33321905E-03  -6.48806244E-03  -5.25921583E-03  -3.81831080E-03  -2.45805085E-03  -1.20237470E-03  -2.01299787E-04   6.09055161E-04   1.71022862E-03   2.52765417E-03   3.04222852E-03   3.13244760E-03   4.10462916E-03   4.32211161E-03   4.99096513E-03   5.16723096E-03   4.22573090E-03   4.04492021E-03   1.32099539E-03   8.77581537E-04  -1.07553601E-03  -5.16798347E-03  -6.48947805E-03  -7.04291463E-03  -1.07971281E-02  -7.36048818E-03  -5.83094358E-03
        1136   31.7770004     10:33:18.640   4.77783158E-02   4.73057181E-02   5.31207807E-02   4.63550687E-02   4.72859889E-02   4.52111140E-02   4.54194173E-02   4.32943702E-02   4.16665599E-02   4.00970802E-02   3.85578610E-02   3.75924744E-02   3.48749869E-02   3.52460444E-02   3.30870040E-02   3.23032513E-02   3.05786915E-02   3.06588076E-02   2.88172550E-02   2.89770011E-02   2.83540264E-02   2.67015118E-02   2.66801175E-02   2.67741326E-02   2.58310493E-02   2.53701191E-02   2.50737313E-02   2.47828383E-02   2.40255091E-02   2.42245924E-02   2.35931836E-02   2.31407359E-02   2.27898490E-02   2.21554618E-02   2.21320186E-02   2.20878124E-02   2.09499002E-02   2.08855402E-02   2.10991930E-02   2.05152035E-02   2.00447328E-02   1.93463191E-02   1.90836042E-02   1.85931046E-02   1.87829304E-02   1.82037894E-02   1.77812241E-02   1.74228419E-02   1.67896841E-02   1.60763469E-02   1.52179655E-02   1.62389427E-02   1.52711328E-02   1.58485603E-02   1.56473629E-02   1.51680354E-02   1.50156533E-02   1.52270617E-02   1.52126290E-02   1.51111698E-02   1.49554964E-02   1.47056729E-02   1.44482246E-02   1.49700167E-02   1.41774081E-02   1.51759684E-02   1.51351122E-02   1.46474857E-02   1.50174573E-02   1.50756752E-02   1.43231452E-02   1.56209674E-02   1.36243328E-02   1.34650879E-02   1.39320940E-02   1.17270816E-02   1.22786388E-02   9.97608993E-03   8.34194757E-03   8.17699358E-03   4.24688542E-03   4.23722761E-03   3.60342860E-03   4.39031515E-04   1.83598755E-03  -999.000000       2.11815489E-03  -999.000000      -999.000000      -999.000000      -999.000000      -999.000000      -999.000000      -999.000000      -999.000000      -999.000000      -999.000000      -999.000000      -999.000000      -999.000000      -999.000000      -999.000000      -999.000000      -999.000000      -999.000000      -999.000000      -999.000000      -999.000000      -999.000000      -999.000000      -999.000000      -999.000000      -999.000000      -7.46710375E-02  -7.15618208E-02  -6.87551349E-02  -6.53134957E-02  -6.30008131E-02  -5.99649958E-02  -5.71294576E-02  -5.47586828E-02  -5.19240424E-02  -4.97373939E-02  -4.76217344E-02  -4.58398610E-02  -4.33353819E-02  -4.13880460E-02  -3.94177437E-02  -3.76189053E-02  -3.50974500E-02  -3.08160000E-02  -2.91416347E-02  -2.75114588E-02  -2.61453576E-02  -2.47943811E-02  -2.29337141E-02  -2.11847462E-02  -2.04130262E-02  -1.87019594E-02  -1.64903440E-02  -1.52733289E-02  -1.39164180E-02  -1.23808309E-02  -1.12140775E-02  -9.43054259E-03  -8.44761729E-03  -6.93885982E-03  -5.96188754E-03  -5.03648072E-03  -3.56708467E-03  -2.70563364E-03  -1.81521475E-03  -1.42968446E-03  -2.89171934E-04   3.30626965E-04   9.91329551E-04   2.21858174E-03   3.10341269E-03   2.98418105E-03   2.74747610E-03   3.96668911E-03   3.71807069E-03   3.94798070E-03   3.66167724E-03   3.78711522E-03   1.66068971E-03   1.77867711E-04  -1.71387941E-03  -3.91178578E-03  -6.16212934E-03  -8.50498676E-03  -8.99813324E-03  -1.00537539E-02  -6.10161573E-03
        1137   31.9009991     10:33:18.889   5.82482964E-02   5.14157601E-02   5.10207862E-02   5.19450791E-02   4.94759716E-02   4.86811064E-02   4.66593876E-02   4.81743626E-02   4.33865413E-02   4.35470566E-02   4.00878191E-02   4.08924446E-02   3.64749432E-02   3.61560099E-02   3.66669670E-02   3.37431915E-02   3.37686613E-02   3.18387598E-02   3.17572132E-02   3.10869683E-02   3.06839757E-02   2.95414645E-02   2.91900765E-02   2.84040887E-02   2.83510219E-02   2.82900762E-02   2.71636955E-02   2.75628082E-02   2.66354773E-02   2.50645634E-02   2.63731629E-02   2.51107104E-02   2.49998178E-02   2.43154299E-02   2.36619953E-02   2.36177780E-02   2.36198716E-02   2.29755025E-02   2.26091575E-02   2.27351747E-02   2.19046921E-02   2.14562751E-02   2.15135626E-02   2.27830671E-02   2.23329086E-02   2.21937876E-02   2.17312463E-02   2.04028971E-02   2.04697773E-02   2.01564878E-02   1.95181463E-02   1.96191389E-02   1.94113199E-02   1.96387228E-02   1.86674986E-02   1.89381409E-02   1.86257195E-02   1.86270997E-02   1.82626434E-02   1.86611693E-02   1.85354874E-02   1.77856665E-02   1.82082262E-02   1.72500294E-02   1.79874226E-02   1.82059780E-02   1.77850947E-02   1.81574393E-02   1.88273881E-02   1.81155894E-02   1.83630437E-02   1.69908553E-02   1.73842348E-02   1.71850156E-02   1.54820718E-02   1.48771480E-02   1.52688399E-02   1.22664534E-02   1.22725051E-02   1.04578212E-02   8.21799692E-03   5.36870398E-03   2.95533333E-03   4.11117729E-03   2.50849803E-03   4.27134801E-04   2.48109316E-03  -999.000000      -999.000000      -999.000000      -999.000000      -999.000000      -999.000000      -999.000000      -999.000000      -999.000000      -999.000000      -999.000000      -999.000000      -999.000000      -999.000000      -999.000000      -999.000000      -999.000000      -999.000000      -999.000000      -999.000000      -999.000000      -999.000000      -999.000000      -999.000000      -999.000000      -999.000000      -7.24238306E-02  -6.93646297E-02  -6.63079172E-02  -6.31462857E-02  -6.05036169E-02  -5.74377924E-02  -5.53622544E-02  -5.29314950E-02  -5.02768420E-02  -4.81902063E-02  -4.56045456E-02  -4.32226621E-02  -4.12581824E-02  -3.91008556E-02  -3.67305651E-02  -3.53717282E-02  -3.34202796E-02  -3.07988115E-02  -2.94144377E-02  -2.81242244E-02  -2.69381292E-02  -2.55271159E-02  -2.46964023E-02  -2.33973935E-02  -2.19656304E-02  -2.01245472E-02  -1.88729279E-02  -1.67859420E-02  -1.57190673E-02  -1.42235123E-02  -1.30467862E-02  -1.16432756E-02  -1.00303665E-02  -8.70162994E-03  -7.43467361E-03  -6.14927709E-03  -4.95986640E-03  -4.05839831E-03  -2.38797814E-03  -1.60245597E-03  -6.61969185E-04   6.07810915E-04   1.54849142E-03   2.29573250E-03   2.80053169E-03   3.52130085E-03   4.27459180E-03   4.11382318E-03   4.28525358E-03   5.11522591E-03   4.45904583E-03   3.76462191E-03   1.80838257E-03  -1.04181468E-04  -1.31563842E-03  -4.15316969E-03  -8.07321072E-03  -8.12578201E-03  -1.00585446E-02  -9.78385657E-03  -5.29152155E-03
        1138   32.0239983     10:33:19.137   5.40384240E-02   5.69058768E-02   5.42409010E-02   5.32151312E-02   5.29760122E-02   5.10011390E-02   4.90794517E-02   4.66743596E-02   4.64265123E-02   4.47170213E-02   4.22777794E-02   4.16623913E-02   3.92749198E-02   3.81759778E-02   3.67969237E-02   3.57531384E-02   3.45286094E-02   3.34187299E-02   3.23071852E-02   3.25469337E-02   3.15239653E-02   3.03814281E-02   3.10300626E-02   2.95740739E-02   2.91310139E-02   2.95500793E-02   2.80237086E-02   2.72728316E-02   2.79755220E-02   2.60146223E-02   2.66932156E-02   2.62907725E-02   2.53098477E-02   2.52154488E-02   2.49320101E-02   2.45177839E-02   2.40698773E-02   2.33555119E-02   2.33691465E-02   2.32051630E-02   2.27646772E-02   2.26362552E-02   2.16735695E-02   2.16831174E-02   2.14630552E-02   2.07840726E-02   2.03417055E-02   1.95735563E-02   1.89106911E-02   1.88276544E-02   1.83494594E-02   1.84804238E-02   1.82124730E-02   1.85396522E-02   1.82382092E-02   1.76686458E-02   1.78860277E-02   1.77672617E-02   1.82326753E-02   1.76111367E-02   1.77154336E-02   1.65156722E-02   1.69383232E-02   1.70802046E-02   1.68776102E-02   1.72761250E-02   1.83951221E-02   1.64773725E-02   1.81272570E-02   1.72254518E-02   1.61329452E-02   1.74908359E-02   1.61544345E-02   1.55655295E-02   1.68530419E-02   1.39587978E-02   1.40814586E-02   1.36001706E-02   8.73750728E-03   1.06346002E-02   5.69661800E-03   5.89967752E-03   4.89886943E-03   1.15603395E-03   2.89511681E-03   5.18473610E-03   2.13885261E-03  -999.000000      -999.000000      -999.000000      -999.000000      -999.000000      -999.000000      -999.000000      -999.000000      -999.000000      -999.000000      -999.000000      -999.000000      -999.000000      -999.000000      -999.000000      -999.000000      -999.000000      -999.000000      -999.000000      -999.000000      -999.000000      -999.000000      -999.000000      -999.000000      -999.000000      -999.000000      -7.35263228E-02  -7.12371245E-02  -6.76403865E-02  -6.46287352E-02  -6.19960651E-02  -5.90502359E-02  -5.68847135E-02  -5.45539781E-02  -5.15893251E-02  -4.97827083E-02  -4.75070514E-02  -4.45951819E-02  -4.26206924E-02  -4.09133695E-02  -3.83730866E-02  -3.67042534E-02  -3.43228132E-02  -3.16912830E-02  -3.02368291E-02  -2.87064947E-02  -2.73902416E-02  -2.63690092E-02  -2.49880515E-02  -2.38088071E-02  -2.25968398E-02  -2.09957436E-02  -1.94442570E-02  -1.76474489E-02  -1.69908144E-02  -1.47854723E-02  -1.39489509E-02  -1.30456015E-02  -1.16828382E-02  -1.00841746E-02  -8.96724313E-03  -7.61181116E-03  -6.46231323E-03  -5.63076138E-03  -4.02030349E-03  -2.57482380E-03  -1.35441869E-03  -6.24738634E-04   7.45862722E-04   1.38306618E-03   2.34789401E-03   2.78873742E-03   3.09220701E-03   3.98170203E-03   3.92354280E-03   3.95410508E-03   4.12876159E-03   2.96536088E-03   2.32035667E-03  -2.00465322E-04  -1.49004161E-03  -3.59518826E-03  -6.97340816E-03  -8.66420567E-03  -8.86511803E-03  -1.00990832E-02  -8.47627223E-03
        1139   32.1479988     10:33:19.386   5.08984290E-02   4.97958548E-02   5.27508259E-02   4.73050773E-02   4.85460088E-02   4.65111136E-02   4.69194278E-02   4.40543704E-02   4.35565189E-02   4.17070463E-02   3.94777916E-02   3.65123712E-02   3.68749090E-02   3.45659778E-02   3.30469273E-02   3.23531404E-02   3.18686143E-02   3.12587321E-02   3.00671794E-02   2.96969339E-02   2.86239553E-02   2.74414252E-02   2.78500579E-02   2.69540716E-02   2.66109966E-02   2.59500761E-02   2.63237003E-02   2.47828215E-02   2.47455090E-02   2.40546037E-02   2.26732008E-02   2.37707533E-02   2.25598421E-02   2.20654383E-02   2.22720020E-02   2.18577776E-02   2.16198657E-02   2.08755024E-02   2.14791428E-02   2.01251544E-02   1.99646708E-02   1.98162496E-02   1.94835588E-02   1.94631033E-02   1.91830266E-02   1.89040247E-02   1.87116265E-02   1.71334483E-02   1.71005372E-02   1.67474672E-02   1.62992496E-02   1.63402259E-02   1.66623015E-02   1.57995168E-02   1.61981061E-02   1.57685708E-02   1.55559843E-02   1.56872403E-02   1.56226698E-02   1.56011404E-02   1.53754419E-02   1.52956722E-02   1.52383065E-02   1.50201740E-02   1.54175777E-02   1.50260990E-02   1.52051151E-02   1.57673731E-02   1.54672693E-02   1.58954598E-02   1.50229447E-02   1.55908205E-02   1.48043791E-02   1.42454244E-02   1.31228603E-02   1.33885108E-02   1.21510206E-02   1.04195634E-02   9.99670383E-03   6.00352418E-03   6.14525890E-03   5.40796155E-03   1.02676358E-03   4.13737725E-04   9.12568765E-04   7.32061453E-04   2.31617922E-03  -999.000000      -999.000000      -999.000000      -999.000000      -999.000000      -999.000000      -999.000000      -999.000000      -999.000000      -999.000000      -999.000000      -999.000000      -999.000000      -999.000000      -999.000000      -999.000000      -999.000000      -999.000000      -999.000000      -999.000000      -999.000000      -999.000000      -999.000000      -999.000000      -999.000000      -7.56764561E-02  -7.22512975E-02  -6.93820864E-02  -6.58653527E-02  -6.30837232E-02  -6.03010431E-02  -5.72552085E-02  -5.46896905E-02  -5.21989465E-02  -4.95442934E-02  -4.71876711E-02  -4.50820252E-02  -4.21001539E-02  -4.01756540E-02  -3.77483517E-02  -3.56580503E-02  -3.33392285E-02  -3.14477682E-02  -3.33462618E-02  -3.17018293E-02  -3.03514935E-02  -2.83852704E-02  -2.67440826E-02  -2.59631574E-02  -2.45039389E-02  -2.28120014E-02  -2.13809125E-02  -1.97294019E-02  -1.83925629E-02  -1.67158917E-02  -1.52705088E-02  -1.40339658E-02  -1.25705898E-02  -1.11577958E-02  -9.98912007E-03  -8.81218910E-03  -7.52677023E-03  -6.31728768E-03  -5.10574877E-03  -3.55531275E-03  -2.48979777E-03  -1.45938993E-03   1.30303204E-04   8.60899687E-04   1.85811520E-03   2.44291872E-03   2.99376994E-03   3.29719484E-03   3.97665799E-03   4.10842150E-03   3.82888317E-03   3.79342586E-03   3.15987319E-03   2.44466960E-03   1.42357498E-03  -2.14628875E-03  -4.88180667E-03  -6.17029518E-03  -9.77135450E-03  -9.41251218E-03  -9.87666100E-03  -9.35392827E-03
        1140   32.2690010     10:33:19.635   5.22884727E-02   4.57658619E-02   5.66909201E-02   4.64651026E-02   4.77060191E-02   4.62211259E-02   4.88194786E-02   4.26143743E-02   4.26065139E-02   4.20870297E-02   3.98477875E-02   3.71023603E-02   3.55548970E-02   3.64659801E-02   3.33369114E-02   3.29631418E-02   3.16986032E-02   3.15287411E-02   2.97171809E-02   2.90569514E-02   2.92939655E-02   2.79314369E-02   2.77400743E-02   2.70540882E-02   2.68010180E-02   2.58500949E-02   2.60237288E-02   2.56228521E-02   2.42855493E-02   2.55046505E-02   2.40832455E-02   2.32908018E-02   2.41698679E-02   2.30554678E-02   2.24920288E-02   2.20777895E-02   2.21398901E-02   2.15655211E-02   2.16291621E-02   2.13751681E-02   2.06746813E-02   2.01362614E-02   2.01935824E-02   2.00131517E-02   2.01231111E-02   1.94541719E-02   1.91018581E-02   1.87237747E-02   1.77109800E-02   1.85080208E-02   1.73198674E-02   1.80408191E-02   1.73728224E-02   1.65699329E-02   1.72884222E-02   1.70387961E-02   1.72061175E-02   1.68373063E-02   1.70926787E-02   1.66111216E-02   1.60354171E-02   1.67656802E-02   1.59683581E-02   1.59402583E-02   1.71576720E-02   1.55961737E-02   1.78551376E-02   1.73273608E-02   1.56872328E-02   1.86754260E-02   1.52629372E-02   1.57508589E-02   1.60645340E-02   1.37257297E-02   1.57633908E-02   1.56393610E-02   1.24323219E-02   1.39613748E-02   1.02491090E-02   7.26675056E-03   9.68933851E-03   2.00312259E-03   4.95309569E-03   4.69065877E-03  -999.000000       6.72014244E-03   3.80427530E-03  -999.000000      -999.000000      -999.000000      -999.000000      -999.000000      -999.000000      -999.000000      -999.000000      -999.000000      -999.000000      -999.000000      -999.000000      -999.000000      -999.000000      -999.000000      -999.000000      -999.000000      -999.000000      -999.000000      -999.000000      -999.000000      -999.000000      -999.000000      -999.000000      -999.000000      -999.000000      -7.52383843E-02  -7.13891834E-02  -6.92924485E-02  -6.57507852E-02  -6.28081113E-02  -6.02822825E-02  -5.74267656E-02  -5.54060452E-02  -5.30513823E-02  -5.00847772E-02  -4.87591140E-02  -4.57872376E-02  -4.34627458E-02  -4.12254408E-02  -3.86251733E-02  -3.72563228E-02  -3.48148793E-02  -3.34733389E-02  -3.23588587E-02  -3.06384712E-02  -2.91221738E-02  -2.76308805E-02  -2.63998397E-02  -2.54105255E-02  -2.33985223E-02  -2.19574198E-02  -2.03259699E-02  -1.84292234E-02  -1.71526559E-02  -1.57273747E-02  -1.43709257E-02  -1.30676329E-02  -1.14048794E-02  -1.02862567E-02  -9.01933014E-03  -7.90388137E-03  -6.66436553E-03  -5.47278672E-03  -4.02233005E-03  -2.67684460E-03  -1.38646364E-03  -3.76813114E-04  -1.16236508E-04   1.70094520E-03   2.15580314E-03   2.48668343E-03   3.66019458E-03   3.55979055E-03   3.63175571E-03   4.18251753E-03   3.86744738E-03   4.35435027E-03   1.68973207E-03  -3.40551138E-04  -1.42957270E-03  -4.27396595E-03  -6.40162826E-03  -9.21189040E-03  -1.02622434E-02  -9.61583853E-03  -9.13290679E-03
        1141   32.3880005     10:33:19.884   6.41284510E-02   4.10658494E-02   5.62608652E-02   5.31351566E-02   4.80960123E-02   4.65111285E-02   4.82494719E-02   4.87943850E-02   4.16565016E-02   4.28770259E-02   3.97777781E-02   4.19423729E-02   3.45549099E-02   3.67959775E-02   3.56669165E-02   3.37531380E-02   3.28286029E-02   3.21887396E-02   3.11671812E-02   2.94169448E-02   3.00139710E-02   2.91714352E-02   2.78200731E-02   2.82240771E-02   2.71810070E-02   2.78000850E-02   2.63037216E-02   2.69228444E-02   2.57455409E-02   2.44646445E-02   2.57232357E-02   2.34507937E-02   2.40798648E-02   2.40254588E-02   2.29320228E-02   2.31177881E-02   2.23598778E-02   2.29155160E-02   2.11591516E-02   2.18151640E-02   2.16046739E-02   2.09162515E-02   2.08135769E-02   2.07331423E-02   2.03630906E-02   1.99241471E-02   1.88718159E-02   1.94137227E-02   1.88209061E-02   1.75779220E-02   1.84697658E-02   1.73307173E-02   1.73927415E-02   1.81798693E-02   1.70183759E-02   1.73087586E-02   1.68160964E-02   1.68372970E-02   1.66526809E-02   1.66411251E-02   1.68854203E-02   1.63656771E-02   1.66283473E-02   1.61702428E-02   1.52476551E-02   1.68561600E-02   1.61151327E-02   1.69973597E-02   1.72072370E-02   1.55054275E-02   1.74229331E-02   1.70308463E-02   1.48444967E-02   1.77856684E-02   1.41232871E-02   1.25392061E-02   1.45420898E-02   1.06010605E-02   1.09386947E-02   1.04062017E-02   4.15864820E-03   7.59225152E-03   2.95203784E-03  -999.000000       4.41898033E-03   7.38809817E-04   5.09294821E-03  -999.000000      -999.000000      -999.000000      -999.000000      -999.000000      -999.000000      -999.000000      -999.000000      -999.000000      -999.000000      -999.000000      -999.000000      -999.000000      -999.000000      -999.000000      -999.000000      -999.000000      -999.000000      -999.000000      -999.000000      -999.000000      -999.000000      -999.000000      -999.000000      -999.000000      -7.64530376E-02  -7.44878724E-02  -7.17286617E-02  -6.85919300E-02  -6.67202771E-02  -6.31776080E-02  -6.12617731E-02  -5.93162552E-02  -5.64855188E-02  -5.47208674E-02  -5.13642505E-02  -4.99586016E-02  -4.75967154E-02  -4.51922379E-02  -4.37649265E-02  -4.17146422E-02  -3.90258096E-02  -3.70343626E-02  -3.28728110E-02  -3.13783586E-02  -2.98779719E-02  -2.83016898E-02  -2.72304155E-02  -2.56393962E-02  -2.46000960E-02  -2.29680948E-02  -2.12069899E-02  -1.97155401E-02  -1.81487799E-02  -1.67321935E-02  -1.52668916E-02  -1.39804184E-02  -1.25571117E-02  -1.16143674E-02  -9.96573269E-03  -8.39880854E-03  -7.53335655E-03  -5.58385253E-03  -4.86226380E-03  -3.48182023E-03  -2.31633335E-03  -6.45950437E-04   2.23718584E-04   1.03428215E-03   2.20149010E-03   2.75631249E-03   2.64719129E-03   4.09068912E-03   3.67026031E-03   4.23219055E-03   4.77289408E-03   2.66775489E-03   3.98459285E-03   2.29988247E-03  -1.18055195E-03  -5.29691577E-04  -4.57426906E-03  -9.00205970E-03  -7.51245022E-03  -1.05829388E-02  -1.17266327E-02  -8.16371292E-03
        1142   32.5070000     10:33:20.137   6.27684295E-02   4.87458296E-02   4.86209057E-02   5.34651168E-02   4.78059985E-02   4.73011248E-02   4.62094620E-02   4.86343727E-02   4.16165069E-02   4.25970331E-02   4.00777720E-02   4.11123857E-02   3.51949185E-02   3.64359692E-02   3.63069251E-02   3.41031440E-02   3.33486125E-02   3.21987420E-02   3.25271823E-02   3.02569382E-02   3.01139578E-02   2.94514298E-02   2.84100678E-02   2.88040880E-02   2.85510030E-02   2.78000813E-02   2.70637125E-02   2.79328376E-02   2.59155314E-02   2.56646294E-02   2.63732262E-02   2.43107788E-02   2.49198508E-02   2.46154498E-02   2.40420122E-02   2.38577835E-02   2.37798803E-02   2.35155150E-02   2.24491507E-02   2.26651616E-02   2.22946722E-02   2.22462546E-02   2.16735713E-02   2.10431255E-02   2.02030707E-02   1.96840931E-02   1.94917433E-02   1.91036128E-02   1.87507626E-02   1.80777423E-02   1.80395599E-02   1.83105245E-02   1.75925605E-02   1.77097283E-02   1.68882627E-02   1.70686822E-02   1.71460509E-02   1.67772733E-02   1.70326754E-02   1.64811332E-02   1.67454276E-02   1.59356762E-02   1.61283296E-02   1.58002153E-02   1.52176246E-02   1.70161370E-02   1.63151249E-02   1.63273662E-02   1.73172522E-02   1.58154443E-02   1.59729403E-02   1.70208383E-02   1.36844553E-02   1.49855781E-02   1.40231252E-02   1.29289366E-02   1.48116695E-02   1.03304684E-02   9.27790627E-03   9.95513797E-03   4.64729918E-03   6.49054116E-03   2.95993360E-03   4.17197589E-04   3.19641782E-03   7.26103550E-04   3.61022586E-03  -999.000000      -999.000000      -999.000000      -999.000000      -999.000000      -999.000000      -999.000000      -999.000000      -999.000000      -999.000000      -999.000000      -999.000000      -999.000000      -999.000000      -999.000000      -999.000000      -999.000000      -999.000000      -999.000000      -999.000000      -999.000000      -999.000000      -999.000000      -999.000000      -999.000000      -999.000000      -7.66948462E-02  -7.32156411E-02  -7.03389123E-02  -6.81172609E-02  -6.47845715E-02  -6.21687621E-02  -5.95632344E-02  -5.63425049E-02  -5.42378500E-02  -5.20712249E-02  -4.98555601E-02  -4.76536900E-02  -4.51192111E-02  -4.28619049E-02  -4.12116088E-02  -3.88027839E-02  -3.65713239E-02  -3.25197987E-02  -3.13553438E-02  -3.00149880E-02  -2.84287296E-02  -2.68374830E-02  -2.57464945E-02  -2.38872468E-02  -2.27852650E-02  -2.09741667E-02  -1.98926888E-02  -1.73358917E-02  -1.63392797E-02  -1.46239437E-02  -1.35274529E-02  -1.17741153E-02  -1.03413537E-02  -9.16268677E-03  -8.07575881E-03  -7.05032051E-03  -5.44083118E-03  -4.47927415E-03  -2.85881758E-03  -1.46333128E-03  -3.32936645E-04   7.56748021E-04   1.73733383E-03   2.09452957E-03   2.97936797E-03   3.31021845E-03   3.46369296E-03   3.99322808E-03   4.12508845E-03   4.38569486E-03   3.96043062E-03   3.68710607E-03   1.45220011E-03  -3.78489494E-04  -7.47933984E-04  -4.01288271E-03  -7.07096606E-03  -7.79161602E-03  -8.49238783E-03  -9.98624414E-03  -9.63341445E-03
        1143   32.6250000     10:33:20.386   5.82384281E-02   5.67958131E-02   4.97408397E-02   5.48751019E-02   5.14460132E-02   5.09611107E-02   4.74294312E-02   4.98743542E-02   4.69865352E-02   4.41870540E-02   4.12177816E-02   4.20324057E-02   3.85749377E-02   3.77759822E-02   3.65269445E-02   3.55631672E-02   3.49786244E-02   3.30487452E-02   3.23772021E-02   3.21669467E-02   3.07439715E-02   3.08714490E-02   3.01500782E-02   2.90740840E-02   2.95210108E-02   2.87600793E-02   2.79137064E-02   2.78428309E-02   2.60855146E-02   2.62646023E-02   2.67832018E-02   2.49407552E-02   2.53798440E-02   2.50654425E-02   2.42620055E-02   2.39877794E-02   2.41398755E-02   2.29655113E-02   2.32891534E-02   2.21151691E-02   2.21346859E-02   2.15362590E-02   2.12835688E-02   2.07331087E-02   2.02830117E-02   1.98439863E-02   2.00315639E-02   1.90233625E-02   1.86004117E-02   1.77972931E-02   1.70490593E-02   1.77000277E-02   1.75121203E-02   1.76493693E-02   1.76879950E-02   1.73184872E-02   1.72159318E-02   1.67872123E-02   1.69126634E-02   1.63711458E-02   1.61554478E-02   1.62956696E-02   1.62482951E-02   1.60601512E-02   1.67175531E-02   1.62360799E-02   1.71851162E-02   1.68273933E-02   1.60473026E-02   1.63654964E-02   1.65529791E-02   1.53008457E-02   1.57143790E-02   1.44653786E-02   1.54827535E-02   1.35883000E-02   1.23306634E-02   1.20990407E-02   9.91598330E-03   6.88253017E-03   7.78398197E-03   1.93632115E-03   2.33472651E-03   3.24148056E-03   1.76001806E-03   1.68932974E-03   1.03392173E-04  -999.000000      -999.000000      -999.000000      -999.000000      -999.000000      -999.000000      -999.000000      -999.000000      -999.000000      -999.000000      -999.000000      -999.000000      -999.000000      -999.000000      -999.000000      -999.000000      -999.000000      -999.000000      -999.000000      -999.000000      -999.000000      -999.000000      -999.000000      -999.000000      -999.000000      -999.000000      -7.54723400E-02  -7.29931369E-02  -6.96964115E-02  -6.65547699E-02  -6.38220981E-02  -6.11662716E-02  -5.78907579E-02  -5.56799993E-02  -5.34053557E-02  -5.12387231E-02  -4.87830639E-02  -4.63711843E-02  -4.39367108E-02  -4.18793857E-02  -3.94391045E-02  -3.80702689E-02  -3.59188169E-02  -3.35073061E-02  -3.12328823E-02  -3.01725827E-02  -2.91463658E-02  -2.72052176E-02  -2.54943222E-02  -2.44151652E-02  -2.30932608E-02  -2.12121755E-02  -1.97806470E-02  -1.83937736E-02  -1.69870630E-02  -1.54816508E-02  -1.41150802E-02  -1.26316771E-02  -1.18188635E-02  -1.02801844E-02  -8.77323747E-03  -7.25781918E-03  -5.94834983E-03  -4.83682007E-03  -3.66638601E-03  -2.47088075E-03  -4.10452485E-04   5.19260764E-04   6.79887831E-04   1.94710493E-03   2.20191479E-03   2.72274762E-03   3.22616100E-03   4.16558236E-03   4.12727892E-03   4.47766483E-03   4.05206531E-03   4.33836132E-03   1.00296736E-03   8.91625881E-04  -8.88541341E-04  -5.34440577E-03  -6.69320673E-03  -7.42451847E-03  -9.72602516E-03  -8.17041099E-03  -7.37775117E-03
        1144   32.7270012     10:33:20.635   5.78783341E-02   4.88657579E-02   5.08107953E-02   5.15350550E-02   4.81759869E-02   4.78811115E-02   4.72793952E-02   4.71743345E-02   4.22165208E-02   4.17670421E-02   4.03578095E-02   3.92324068E-02   3.64549309E-02   3.58659849E-02   3.46669480E-02   3.35831791E-02   3.17686424E-02   3.14987451E-02   3.09571978E-02   2.93269455E-02   2.91739665E-02   2.84914542E-02   2.78200619E-02   2.73440778E-02   2.68810056E-02   2.65300628E-02   2.52436791E-02   2.59727873E-02   2.44754665E-02   2.46445555E-02   2.47331522E-02   2.27307044E-02   2.36998070E-02   2.29754150E-02   2.26319768E-02   2.24377625E-02   2.25898586E-02   2.14754939E-02   2.13991459E-02   2.06651557E-02   2.08246764E-02   2.01362614E-02   1.97835527E-02   1.94630530E-02   1.96529049E-02   1.89037938E-02   1.81812607E-02   1.79629307E-02   1.72498301E-02   1.68365613E-02   1.66582391E-02   1.69892311E-02   1.68714132E-02   1.63488034E-02   1.63475629E-02   1.59881860E-02   1.55057507E-02   1.61071140E-02   1.58426482E-02   1.55311702E-02   1.59354825E-02   1.60756651E-02   1.49682276E-02   1.50400344E-02   1.54174305E-02   1.52059849E-02   1.62450857E-02   1.56674236E-02   1.57573596E-02   1.61255542E-02   1.58330016E-02   1.51508115E-02   1.48041975E-02   1.38049945E-02   1.41220745E-02   1.20172016E-02   1.26589611E-02   1.20866541E-02   8.73280410E-03   7.89825432E-03   6.23856857E-03   2.54945690E-03   1.66629255E-03  -999.000000       1.39746349E-04   1.53851043E-03   1.01252692E-03  -999.000000      -999.000000      -999.000000      -999.000000      -999.000000      -999.000000      -999.000000      -999.000000      -999.000000      -999.000000      -999.000000      -999.000000      -999.000000      -999.000000      -999.000000      -999.000000      -999.000000      -999.000000      -999.000000      -999.000000      -999.000000      -999.000000      -999.000000      -999.000000      -999.000000      -999.000000      -7.54602477E-02  -7.27510452E-02  -6.95243403E-02  -6.64927065E-02  -6.38700351E-02  -6.05442077E-02  -5.81886694E-02  -5.56479096E-02  -5.31432554E-02  -5.09766266E-02  -4.89109606E-02  -4.64090966E-02  -4.42545973E-02  -4.20772806E-02  -3.98169830E-02  -3.84981558E-02  -3.59167010E-02  -3.21952403E-02  -3.08508575E-02  -2.94406377E-02  -2.81845257E-02  -2.68134885E-02  -2.53827609E-02  -2.42537409E-02  -2.26119570E-02  -2.10908502E-02  -1.95892528E-02  -1.78022683E-02  -1.71154067E-02  -1.53098740E-02  -1.41031668E-02  -1.25296712E-02  -1.09467804E-02  -9.93804634E-03  -8.65109265E-03  -7.08568841E-03  -5.57628274E-03  -4.67481464E-03  -3.32438946E-03  -2.24886835E-03  -9.38370824E-04   2.91384757E-04   7.52046704E-04   1.80927664E-03   2.99406797E-03   2.18484551E-03   3.60814482E-03   3.15739214E-03   3.72883677E-03   3.98885459E-03   3.19273025E-03   3.13836336E-03   2.71223485E-03   5.09791076E-04  -2.38151848E-03  -3.97885591E-03  -7.49877840E-03  -8.43116641E-03  -1.01637617E-02  -9.66892391E-03  -9.91652161E-03
        1145   32.7890015     10:33:20.884   5.29982746E-02   4.62757163E-02   5.38107194E-02   4.77950200E-02   4.82159704E-02   4.68010977E-02   4.66793627E-02   4.47543487E-02   4.12065238E-02   4.04670388E-02   3.77878174E-02   3.59424278E-02   3.44349444E-02   3.46460082E-02   3.26169655E-02   3.20331976E-02   3.05786468E-02   2.96587590E-02   2.91772038E-02   2.82369442E-02   2.75139660E-02   2.58214585E-02   2.68700514E-02   2.56940704E-02   2.62210015E-02   2.49900520E-02   2.45936662E-02   2.43127756E-02   2.34854501E-02   2.35345270E-02   2.22731233E-02   2.20206752E-02   2.17897892E-02   2.12454088E-02   2.14519650E-02   2.11977568E-02   2.07298528E-02   2.01254878E-02   2.02491395E-02   1.91951543E-02   1.91046838E-02   1.93462651E-02   1.87735464E-02   2.01830287E-02   1.92528460E-02   1.85136776E-02   1.91810839E-02   1.77326724E-02   1.80694778E-02   1.72661133E-02   1.63877290E-02   1.64287370E-02   1.62709765E-02   1.67684425E-02   1.61472876E-02   1.59179941E-02   1.58956349E-02   1.58370547E-02   1.60926376E-02   1.50711862E-02   1.52055016E-02   1.56556610E-02   1.40181882E-02   1.58499684E-02   1.53273586E-02   1.46559235E-02   1.61350779E-02   1.49674453E-02   1.50474049E-02   1.60956010E-02   1.38230305E-02   1.52508095E-02   1.53841078E-02   1.27047813E-02   1.53016839E-02   1.11165466E-02   9.89793241E-03   1.11152027E-02   6.21085800E-03   8.64562392E-03   6.18522894E-03   2.51521263E-03   2.33106641E-03   1.83652597E-03  -999.000000       1.39174610E-03   2.11571390E-03  -999.000000      -999.000000      -999.000000      -999.000000      -999.000000      -999.000000      -999.000000      -999.000000      -999.000000      -999.000000      -999.000000      -999.000000      -999.000000      -999.000000      -999.000000      -999.000000      -999.000000      -999.000000      -999.000000      -999.000000      -999.000000      -999.000000      -999.000000      -999.000000      -999.000000      -7.54648671E-02  -7.21497387E-02  -7.00705275E-02  -6.73438311E-02  -6.34422079E-02  -6.14895225E-02  -5.81237040E-02  -5.55781685E-02  -5.33773825E-02  -5.05627394E-02  -4.83560972E-02  -4.63804454E-02  -4.32685763E-02  -4.13540751E-02  -3.94967571E-02  -3.73664498E-02  -3.58976126E-02  -3.37161645E-02  -3.31147164E-02  -3.18103768E-02  -2.95302197E-02  -2.84441523E-02  -2.68032029E-02  -2.55525820E-02  -2.40536407E-02  -2.24919170E-02  -2.12908313E-02  -1.95891820E-02  -1.76121183E-02  -1.60051696E-02  -1.48395449E-02  -1.31627694E-02  -1.18592158E-02  -1.05962679E-02  -9.46749747E-03  -7.67053664E-03  -6.97515905E-03  -5.93576580E-03  -4.64433432E-03  -2.82392651E-03  -2.08839029E-03  -7.27869570E-04   8.51914287E-04   6.32628798E-04   2.50986964E-03   2.87463516E-03   2.80538946E-03   3.46861035E-03   3.98774445E-03   4.32903320E-03   4.55882400E-03   3.20236385E-03   3.04763019E-03   2.33101845E-03   9.17904079E-04  -9.64134932E-04  -5.33240288E-03  -6.19299710E-03  -7.58608431E-03  -1.06894001E-02  -7.60506839E-03  -6.65282458E-03
        1146   32.8510017     10:33:21.136   5.19382395E-02   5.37356846E-02   5.58807068E-02   5.05150035E-02   5.22559620E-02   5.03910817E-02   5.09093702E-02   4.59143408E-02   4.66765352E-02   4.40570600E-02   4.20478284E-02   3.89524475E-02   3.83249596E-02   3.68360095E-02   3.55469733E-02   3.51332165E-02   3.33986580E-02   3.28087695E-02   3.20272073E-02   3.14469561E-02   3.01139690E-02   2.96214689E-02   2.96700560E-02   2.85040755E-02   2.81510018E-02   2.73800455E-02   2.79236604E-02   2.66327672E-02   2.63554323E-02   2.58545130E-02   2.51331106E-02   2.47006621E-02   2.44697779E-02   2.40154024E-02   2.39719618E-02   2.32577492E-02   2.28098426E-02   2.23754849E-02   2.20691394E-02   2.15151552E-02   2.15146914E-02   2.11462695E-02   2.05735452E-02   2.01730169E-02   1.95728075E-02   1.90636069E-02   1.90309752E-02   1.78125147E-02   1.77792590E-02   1.77758448E-02   1.60974283E-02   1.67684406E-02   1.72207132E-02   1.67482309E-02   1.62871256E-02   1.60478763E-02   1.62255652E-02   1.62270181E-02   1.56926308E-02   1.56611912E-02   1.56655125E-02   1.59156565E-02   1.48481671E-02   1.56399291E-02   1.49573153E-02   1.53058898E-02   1.64150670E-02   1.44674601E-02   1.63474344E-02   1.67156328E-02   1.41930515E-02   1.59508102E-02   1.57740563E-02   1.21146599E-02   1.53014576E-02   1.25761600E-02   1.14073250E-02   1.20943421E-02   8.74970108E-03   7.52405589E-03   6.73323870E-03   3.11267748E-03   1.66794006E-03   2.52309581E-03   1.29512511E-04   1.26768672E-03   1.92162441E-03  -999.000000      -999.000000      -999.000000      -999.000000      -999.000000      -999.000000      -999.000000      -999.000000      -999.000000      -999.000000      -999.000000      -999.000000      -999.000000      -999.000000      -999.000000      -999.000000      -999.000000      -999.000000      -999.000000      -999.000000      -999.000000      -999.000000      -999.000000      -999.000000      -999.000000      -7.79753849E-02  -7.40602538E-02  -7.13110343E-02  -6.88343570E-02  -6.52927235E-02  -6.30200505E-02  -6.02142140E-02  -5.78286834E-02  -5.55178933E-02  -5.23732454E-02  -5.04866093E-02  -4.83209491E-02  -4.61290739E-02  -4.36245911E-02  -4.15372588E-02  -3.98569480E-02  -3.77681181E-02  -3.60266715E-02  -3.32152322E-02  -3.17409150E-02  -2.95507833E-02  -2.80447453E-02  -2.69638412E-02  -2.53432840E-02  -2.40244046E-02  -2.28127241E-02  -2.08316371E-02  -1.97999589E-02  -1.82828531E-02  -1.66658498E-02  -1.48601905E-02  -1.37733594E-02  -1.20897591E-02  -1.05367824E-02  -9.11799073E-03  -7.98103213E-03  -6.51565939E-03  -5.32630086E-03  -4.24488634E-03  -3.43447179E-03  -1.23894215E-03  -7.68408179E-04   2.71424651E-04   9.22143459E-04   1.42938644E-03   2.41415948E-03   3.10488045E-03   3.19806486E-03   4.37714905E-03   4.20834124E-03   4.80798632E-03   3.18135321E-03   2.97635794E-03   3.03947181E-03   3.35969031E-04  -2.49650329E-03  -3.85530293E-03  -7.09636509E-03  -8.35982710E-03  -9.68356431E-03  -1.00895390E-02  -7.99742341E-03
        1147   32.9129982     10:33:21.385   4.49782424E-02   5.80756664E-02   5.35707213E-02   4.96749915E-02   5.13959602E-02   4.99310866E-02   4.92093489E-02   4.51043472E-02   4.67365310E-02   4.25570533E-02   4.17678133E-02   3.83524485E-02   3.95849831E-02   3.73260118E-02   3.56369875E-02   3.48732173E-02   3.34086679E-02   3.28187756E-02   3.16572189E-02   3.12469620E-02   3.04939859E-02   2.96314768E-02   2.98600681E-02   2.91940793E-02   2.80510075E-02   2.83600558E-02   2.76336651E-02   2.68127676E-02   2.68954337E-02   2.67945118E-02   2.52131056E-02   2.52506603E-02   2.47797817E-02   2.40854025E-02   2.44819634E-02   2.37677544E-02   2.36298516E-02   2.26754863E-02   2.28291489E-02   2.22751591E-02   2.15946957E-02   2.16162764E-02   2.14435458E-02   2.00930107E-02   1.92527957E-02   1.95335727E-02   1.97909158E-02   1.82724167E-02   1.84391290E-02   1.81356668E-02   1.70372240E-02   1.77482478E-02   1.64105296E-02   1.72380786E-02   1.68770105E-02   1.61277931E-02   1.61655154E-02   1.68969892E-02   1.68826245E-02   1.57511979E-02   1.65055227E-02   1.63156576E-02   1.47281550E-02   1.64199006E-02   1.56772863E-02   1.54958703E-02   1.80350672E-02   1.46874767E-02   1.60174631E-02   1.79256592E-02   1.34530794E-02   1.66308302E-02   1.60940457E-02   1.22546013E-02   1.53913293E-02   1.17059341E-02   1.33869499E-02   1.32337976E-02   6.92895893E-03   8.64304136E-03   8.27193726E-03  -999.000000       5.55587839E-03   2.34082574E-03  -999.000000       6.12496492E-03  -999.000000      -999.000000      -999.000000      -999.000000      -999.000000      -999.000000      -999.000000      -999.000000      -999.000000      -999.000000      -999.000000      -999.000000      -999.000000      -999.000000      -999.000000      -999.000000      -999.000000      -999.000000      -999.000000      -999.000000      -999.000000      -999.000000      -999.000000      -999.000000      -999.000000      -999.000000      -999.000000      -7.63012618E-02  -7.40820467E-02  -7.11153746E-02  -6.73537478E-02  -6.47010803E-02  -6.20952472E-02  -5.89396954E-02  -5.74689135E-02  -5.43142632E-02  -5.23176193E-02  -5.07519618E-02  -4.76200879E-02  -4.57455963E-02  -4.38582674E-02  -4.16479632E-02  -3.99691239E-02  -3.78076732E-02  -3.21962573E-02  -3.08819450E-02  -2.91018374E-02  -2.74258256E-02  -2.63749547E-02  -2.51044184E-02  -2.41955817E-02  -2.22039446E-02  -2.05428526E-02  -1.96711533E-02  -1.76140256E-02  -1.63769871E-02  -1.45912915E-02  -1.34744272E-02  -1.25608072E-02  -1.11478120E-02  -9.90901142E-03  -8.81204009E-03  -7.59666413E-03  -6.24731928E-03  -4.91591543E-03  -3.18551809E-03  -2.01998651E-03  -9.99413431E-04   3.00422311E-04   1.09115243E-03   1.82840973E-03   2.54318118E-03   3.29388678E-03   2.58705020E-03   4.15609032E-03   3.84721905E-03   4.06678766E-03   4.06001508E-03   2.39486992E-03   2.62777507E-03   8.84011388E-04  -2.11874396E-03  -3.78791988E-03  -6.52924180E-03  -8.30299407E-03  -1.03270262E-02  -9.82323289E-03  -7.73119181E-03
        1148   33.0029984     10:33:21.634   5.02079576E-02   6.67754561E-02   4.88504879E-02   5.02048656E-02   5.41658811E-02   5.17610349E-02   4.76292185E-02   4.60742861E-02   4.66865040E-02   4.39270176E-02   4.15378287E-02   3.72725166E-02   3.95949893E-02   3.60760093E-02   3.57970037E-02   3.47732753E-02   3.37486900E-02   3.24687734E-02   3.13672237E-02   3.10469307E-02   3.05739623E-02   2.97314748E-02   2.94600073E-02   2.85940319E-02   2.88409535E-02   2.82699857E-02   2.77335662E-02   2.64426470E-02   2.60852929E-02   2.61043478E-02   2.53829397E-02   2.53304951E-02   2.47796625E-02   2.32553054E-02   2.35818662E-02   2.33176816E-02   2.33197752E-02   2.22954117E-02   2.16790922E-02   2.20451076E-02   2.14346666E-02   2.12262459E-02   2.07334682E-02   1.98528413E-02   1.97324585E-02   1.96829811E-02   1.91000309E-02   1.77311674E-02   1.75574422E-02   1.76435504E-02   1.71748642E-02   1.69959627E-02   1.72885172E-02   1.69764664E-02   1.66957863E-02   1.63969360E-02   1.64349936E-02   1.62567254E-02   1.65725872E-02   1.56312697E-02   1.61556117E-02   1.66856255E-02   1.55479610E-02   1.54895680E-02   1.61669292E-02   1.52755817E-02   1.65449828E-02   1.61975436E-02   1.59076098E-02   1.66357979E-02   1.45731065E-02   1.50506757E-02   1.69134624E-02   1.37134278E-02   1.41193122E-02   1.41526815E-02   1.07119642E-02   1.19968522E-02   9.19973291E-03   6.05066167E-03   7.10628834E-03   4.27120691E-03   1.00158667E-03   2.49426137E-03  -999.000000       1.21392240E-03   5.38774999E-03  -999.000000      -999.000000      -999.000000      -999.000000      -999.000000      -999.000000      -999.000000      -999.000000      -999.000000      -999.000000      -999.000000      -999.000000      -999.000000      -999.000000      -999.000000      -999.000000      -999.000000      -999.000000      -999.000000      -999.000000      -999.000000      -999.000000      -999.000000      -999.000000      -999.000000      -7.66765177E-02  -7.36314431E-02  -7.03122318E-02  -6.74555898E-02  -6.43939897E-02  -6.14713132E-02  -5.87354861E-02  -5.57099245E-02  -5.41390926E-02  -5.19344397E-02  -4.97177765E-02  -4.78621200E-02  -4.52402458E-02  -4.35457602E-02  -4.16484065E-02  -3.94980721E-02  -3.75392474E-02  -3.55677865E-02  -3.31364833E-02  -3.11723053E-02  -2.98124589E-02  -2.80766971E-02  -2.69462019E-02  -2.49161422E-02  -2.45377012E-02  -2.28263661E-02  -2.10052654E-02  -1.95233338E-02  -1.81158446E-02  -1.63183957E-02  -1.49723217E-02  -1.32450983E-02  -1.19711980E-02  -1.08079836E-02  -9.29906219E-03  -8.25203210E-03  -6.83674961E-03  -5.81755489E-03  -4.69630957E-03  -3.26597691E-03  -1.92037970E-03  -6.69673085E-04   8.03321600E-05   1.57118589E-03   1.72848254E-03   2.94316560E-03   3.55369598E-03   3.72651964E-03   4.06503677E-03   4.18541580E-03   4.18391079E-03   3.76559794E-03   4.07864153E-03   1.31936371E-03   2.05252320E-03  -8.53553414E-04  -6.59697503E-03  -5.65151870E-03  -9.76834446E-03  -1.05055422E-02  -8.46388191E-03  -8.98253173E-03
        1149   33.1800003     10:33:21.883   5.64873517E-02   4.82048988E-02   5.20900376E-02   5.31045534E-02   4.97556850E-02   4.86709028E-02   4.70189080E-02   4.77541275E-02   4.32064869E-02   4.20669951E-02   3.91378440E-02   4.00226451E-02   3.67650799E-02   3.60360444E-02   3.57370973E-02   3.38134095E-02   3.28887850E-02   3.23687978E-02   3.14972475E-02   3.01568937E-02   3.01039144E-02   2.97314990E-02   2.90899146E-02   2.80139372E-02   2.82508601E-02   2.71098241E-02   2.67733485E-02   2.73823645E-02   2.60049514E-02   2.49739513E-02   2.56325491E-02   2.38301065E-02   2.42293868E-02   2.36350931E-02   2.31516566E-02   2.34775264E-02   2.31696237E-02   2.28252597E-02   2.21490022E-02   2.12650113E-02   2.17546318E-02   2.07562111E-02   2.08133124E-02   1.96224395E-02   1.90916359E-02   1.97614972E-02   1.84877627E-02   1.75879356E-02   1.79130733E-02   1.72580518E-02   1.70287155E-02   1.72400232E-02   1.65432487E-02   1.70322228E-02   1.64725669E-02   1.61846820E-02   1.59736313E-02   1.65660195E-02   1.62324756E-02   1.60814561E-02   1.58758499E-02   1.53155606E-02   1.54274656E-02   1.48687139E-02   1.49160158E-02   1.55348452E-02   1.54347830E-02   1.53777525E-02   1.68680437E-02   1.57362130E-02   1.54832620E-02   1.53703950E-02   1.31020742E-02   1.51405167E-02   1.32042244E-02   1.28043983E-02   1.24091674E-02   1.04789454E-02   1.02658840E-02   6.38858695E-03   6.51569199E-03   4.67975019E-03   2.78396532E-04  -999.000000       1.54044817E-03  -999.000000       3.36395577E-04  -999.000000      -999.000000      -999.000000      -999.000000      -999.000000      -999.000000      -999.000000      -999.000000      -999.000000      -999.000000      -999.000000      -999.000000      -999.000000      -999.000000      -999.000000      -999.000000      -999.000000      -999.000000      -999.000000      -999.000000      -999.000000      -999.000000      -999.000000      -999.000000      -999.000000      -999.000000      -7.53987730E-02  -7.22395703E-02  -6.89530522E-02  -6.66515157E-02  -6.35388270E-02  -6.13230057E-02  -5.82473762E-02  -5.56064323E-02  -5.36017865E-02  -5.12550622E-02  -4.90394011E-02  -4.67275269E-02  -4.45030369E-02  -4.22656238E-02  -4.05752324E-02  -3.84264030E-02  -3.61449718E-02  -3.35239656E-02  -3.17101441E-02  -3.05409655E-02  -2.87858695E-02  -2.76563168E-02  -2.67874524E-02  -2.51300931E-02  -2.33995914E-02  -2.16984712E-02  -2.05559209E-02  -1.89675316E-02  -1.75589770E-02  -1.57719553E-02  -1.45337731E-02  -1.32291690E-02  -1.16653442E-02  -1.01560578E-02  -9.18892771E-03  -8.18381459E-03  -6.72506541E-03  -5.40425628E-03  -3.63402069E-03  -2.57830322E-03  -1.71718001E-03  -7.26766884E-04   6.54436648E-04   1.03182346E-03   2.05630064E-03   1.95639580E-03   3.00836563E-03   2.86554545E-03   3.76398861E-03   3.66969407E-03   2.93740630E-03   3.32570076E-03   1.97071582E-03   8.95820558E-04  -7.68899918E-04  -5.42332977E-03  -5.11635095E-03  -7.37117231E-03  -8.85668397E-03  -9.33080167E-03  -5.84135205E-03
        1150   33.3610001     10:33:22.141   5.50875738E-02   5.26150763E-02   4.87102419E-02   5.11246957E-02   4.87257689E-02   4.85009775E-02   4.73190509E-02   4.46242541E-02   4.47165705E-02   4.17971052E-02   3.92979383E-02   3.82426903E-02   3.61251384E-02   3.60461287E-02   3.48471627E-02   3.30434702E-02   3.22988555E-02   3.10488828E-02   3.11373454E-02   2.98870131E-02   2.89840288E-02   2.82015894E-02   2.78300568E-02   2.76440643E-02   2.73909941E-02   2.67299879E-02   2.59235278E-02   2.59825680E-02   2.47451644E-02   2.33441778E-02   2.37327684E-02   2.34503169E-02   2.30895691E-02   2.30452586E-02   2.21818145E-02   2.14676820E-02   2.17597745E-02   2.17754096E-02   2.09391322E-02   2.08151434E-02   2.05847491E-02   1.98963266E-02   2.01034732E-02   1.87426805E-02   1.84620135E-02   1.85920782E-02   1.81685761E-02   1.71190444E-02   1.71645172E-02   1.63698047E-02   1.62306279E-02   1.64718144E-02   1.55647919E-02   1.64734405E-02   1.62534695E-02   1.56452954E-02   1.60139930E-02   1.54361874E-02   1.52324783E-02   1.50713865E-02   1.55057833E-02   1.45856049E-02   1.46776522E-02   1.51390145E-02   1.41163338E-02   1.44351106E-02   1.60449017E-02   1.41477836E-02   1.50580471E-02   1.52762765E-02   1.41534610E-02   1.49807846E-02   1.35428626E-02   1.38618257E-02   1.44762434E-02   1.03474250E-02   1.28735825E-02   9.33491718E-03   8.21364857E-03   8.67883023E-03   4.48850216E-03   4.58580628E-03   2.87789060E-03  -999.000000       1.26369437E-03   2.14697630E-03  -999.000000      -999.000000      -999.000000      -999.000000      -999.000000      -999.000000      -999.000000      -999.000000      -999.000000      -999.000000      -999.000000      -999.000000      -999.000000      -999.000000      -999.000000      -999.000000      -999.000000      -999.000000      -999.000000      -999.000000      -999.000000      -999.000000      -999.000000      -999.000000      -999.000000      -999.000000      -999.000000      -7.51185343E-02  -7.20593333E-02  -6.90627769E-02  -6.59112185E-02  -6.33785501E-02  -6.02927133E-02  -5.78571111E-02  -5.57362065E-02  -5.25815561E-02  -5.10448292E-02  -4.83291671E-02  -4.57872935E-02  -4.37128134E-02  -4.18654121E-02  -3.99950370E-02  -3.78362015E-02  -3.51847485E-02  -3.37536521E-02  -3.18197235E-02  -3.05003300E-02  -2.92250216E-02  -2.74951868E-02  -2.66959667E-02  -2.49583125E-02  -2.35575810E-02  -2.16465183E-02  -2.03841999E-02  -1.86061040E-02  -1.71779096E-02  -1.51411630E-02  -1.41132623E-02  -1.27188563E-02  -1.13052055E-02  -9.94601101E-03  -8.65890086E-03  -7.62370974E-03  -6.33481145E-03  -5.19386679E-03  -3.81358713E-03  -2.72790343E-03  -1.44690275E-03  -3.56592238E-04   1.32454187E-03   1.19196624E-03   2.75656581E-03   3.18685174E-03   3.13913822E-03   4.37676907E-03   3.92586738E-03   4.05245274E-03   3.91141325E-03   2.76115537E-03   2.74790078E-03  -8.45715404E-05  -1.79667771E-03  -3.62783670E-03  -7.85835832E-03  -8.27085972E-03  -8.47411901E-03  -1.03968382E-02  -7.13709742E-03
        1151   33.5379982     10:33:22.390   4.73978259E-02   6.13452569E-02   4.65003811E-02   5.28148226E-02   5.08258455E-02   4.94710170E-02   4.73191477E-02   4.62642796E-02   4.51765582E-02   4.23170850E-02   4.11578976E-02   3.79926339E-02   3.81351039E-02   3.51061001E-02   3.49071026E-02   3.41733955E-02   3.30587924E-02   3.19388509E-02   3.13973092E-02   3.03370003E-02   2.93440297E-02   2.87615582E-02   2.85900682E-02   2.81040706E-02   2.75710076E-02   2.67000049E-02   2.67735776E-02   2.55126338E-02   2.57252529E-02   2.53342874E-02   2.45628823E-02   2.47004312E-02   2.37796400E-02   2.37953085E-02   2.36018728E-02   2.26577092E-02   2.28798036E-02   2.16954425E-02   2.17691436E-02   2.14251522E-02   2.12847330E-02   2.09863186E-02   2.02635024E-02   2.12027952E-02   2.03622673E-02   2.02325657E-02   1.98793355E-02   1.87301356E-02   1.89060159E-02   1.84517056E-02   1.80527586E-02   1.86838899E-02   1.78666450E-02   1.71949398E-02   1.81146096E-02   1.70061011E-02   1.69044826E-02   1.69864502E-02   1.66525263E-02   1.65613219E-02   1.63856987E-02   1.69856232E-02   1.57178175E-02   1.62393041E-02   1.69666447E-02   1.61753595E-02   1.75149571E-02   1.70776900E-02   1.57178659E-02   1.76160820E-02   1.58033464E-02   1.60008110E-02   1.62132625E-02   1.44727435E-02   1.44779095E-02   1.32901976E-02   1.28779281E-02   1.29610430E-02   9.97185241E-03   8.68991017E-03   6.65256241E-03   3.60367121E-03   4.85988194E-03  -999.000000       2.05060258E-03   3.56539129E-03   4.99884179E-03  -999.000000      -999.000000      -999.000000      -999.000000      -999.000000      -999.000000      -999.000000      -999.000000      -999.000000      -999.000000      -999.000000      -999.000000      -999.000000      -999.000000      -999.000000      -999.000000      -999.000000      -999.000000      -999.000000      -999.000000      -999.000000      -999.000000      -999.000000      -999.000000      -999.000000      -999.000000      -7.55011365E-02  -7.18219206E-02  -6.93153366E-02  -6.62637427E-02  -6.39110804E-02  -6.07552528E-02  -5.85296676E-02  -5.58187962E-02  -5.29741347E-02  -5.10674492E-02  -4.86317836E-02  -4.62999120E-02  -4.40054312E-02  -4.21280526E-02  -3.97676900E-02  -3.75888571E-02  -3.55774090E-02  -3.43462005E-02  -3.29421498E-02  -3.15325223E-02  -2.99169980E-02  -2.87968218E-02  -2.72971839E-02  -2.59491429E-02  -2.40681209E-02  -2.26370618E-02  -2.10449286E-02  -1.92871429E-02  -1.73293203E-02  -1.63329281E-02  -1.40953586E-02  -1.30112097E-02  -1.14077628E-02  -9.81869549E-03  -8.87162238E-03  -7.00638443E-03  -6.23734295E-03  -5.21624088E-03  -3.31592560E-03  -2.10029632E-03  -4.29421663E-04   6.20737672E-04   1.09174103E-03   2.37910450E-03   2.53377110E-03   2.72418559E-03   3.44675779E-03   3.80485505E-03   3.73461843E-03   4.09215689E-03   4.68249619E-03   3.07390839E-03   2.68263370E-03  -1.37031078E-04  -1.45610422E-03  -4.16340679E-03  -6.39093667E-03  -8.10064375E-03  -7.86091387E-03  -9.47153568E-03  -6.55107200E-03
        1152   33.6949997     10:33:22.639   5.61379232E-02   5.04954308E-02   5.13504632E-02   5.16948588E-02   4.92558666E-02   4.86810394E-02   4.77292053E-02   4.78043072E-02   4.43165451E-02   4.31570858E-02   3.99278700E-02   4.13425677E-02   3.59150581E-02   3.65360640E-02   3.56570669E-02   3.41833383E-02   3.27187516E-02   3.18288244E-02   3.14972848E-02   3.03369891E-02   3.01040057E-02   2.88715307E-02   2.88000740E-02   2.80140843E-02   2.79610045E-02   2.72000320E-02   2.66736075E-02   2.63426825E-02   2.48253178E-02   2.48843655E-02   2.55529583E-02   2.39205100E-02   2.45396923E-02   2.37153377E-02   2.32219044E-02   2.28777286E-02   2.27998178E-02   2.25254539E-02   2.21491475E-02   2.15051603E-02   2.14447211E-02   2.07563080E-02   2.07335167E-02   1.96228717E-02   1.94124542E-02   1.85129140E-02   1.86398756E-02   1.70509219E-02   1.74670778E-02   1.68230589E-02   1.64442882E-02   1.69053804E-02   1.61279682E-02   1.60160102E-02   1.64054316E-02   1.59166809E-02   1.64748318E-02   1.61666330E-02   1.61525588E-02   1.53412791E-02   1.56656392E-02   1.54356342E-02   1.52579304E-02   1.56495087E-02   1.50368614E-02   1.50755327E-02   1.63449980E-02   1.53476195E-02   1.51677281E-02   1.57359429E-02   1.46932602E-02   1.55608244E-02   1.43935364E-02   1.48933837E-02   1.46590862E-02   1.20121632E-02   1.28310146E-02   1.04954019E-02   9.73769743E-03   9.34781041E-03   5.76259289E-03   4.15641908E-03   2.91558029E-03  -999.000000      -999.000000       2.32570944E-03   2.06930703E-03  -999.000000      -999.000000      -999.000000      -999.000000      -999.000000      -999.000000      -999.000000      -999.000000      -999.000000      -999.000000      -999.000000      -999.000000      -999.000000      -999.000000      -999.000000      -999.000000      -999.000000      -999.000000      -999.000000      -999.000000      -999.000000      -999.000000      -999.000000      -999.000000      -999.000000      -999.000000      -7.67846927E-02  -7.37655014E-02  -7.06888735E-02  -6.77072704E-02  -6.48745969E-02  -6.21387661E-02  -5.98431937E-02  -5.70523590E-02  -5.44777140E-02  -5.23810238E-02  -4.99053746E-02  -4.73635048E-02  -4.56490032E-02  -4.32316512E-02  -4.13113087E-02  -3.92024666E-02  -3.68010141E-02  -3.32197435E-02  -3.18956003E-02  -3.03858072E-02  -2.88001187E-02  -2.77897008E-02  -2.61997618E-02  -2.46614479E-02  -2.34102122E-02  -2.15591453E-02  -1.98971666E-02  -1.82996094E-02  -1.69620551E-02  -1.49758905E-02  -1.39485598E-02  -1.24745965E-02  -1.12012997E-02  -9.95232165E-03  -8.43528658E-03  -7.21000880E-03  -6.37085736E-03  -5.29966503E-03  -3.71930748E-03  -2.55370885E-03  -1.04295462E-03  -2.32897699E-04   1.04802102E-03   1.60534680E-03   1.59004331E-03   2.73056328E-03   3.35333496E-03   2.88176537E-03   3.27199697E-03   4.21022624E-03   3.09154391E-03   3.09413671E-03   2.72428244E-03   1.06655061E-04  -1.31028146E-03  -4.61482257E-03  -6.72023743E-03  -8.54790956E-03  -9.16604698E-03  -9.87516344E-03  -7.53417611E-03
        1153   33.8030014     10:33:22.888   5.57783432E-02   5.21457493E-02   5.35708033E-02   5.31750955E-02   5.03460057E-02   4.93611209E-02   5.05594015E-02   4.84643951E-02   4.59265672E-02   4.51270901E-02   4.17378619E-02   4.10924889E-02   3.86449806E-02   3.76760401E-02   3.65169980E-02   3.48332450E-02   3.47787030E-02   3.42088006E-02   3.23672518E-02   3.27070057E-02   3.14940326E-02   2.99715139E-02   3.03201210E-02   2.94641256E-02   2.96010654E-02   2.87501197E-02   2.79037375E-02   2.77428497E-02   2.67955195E-02   2.75546014E-02   2.58632004E-02   2.58807484E-02   2.56098565E-02   2.52054688E-02   2.45420281E-02   2.45778188E-02   2.41399109E-02   2.41755508E-02   2.37491988E-02   2.31252089E-02   2.29147375E-02   2.20763218E-02   2.17436086E-02   2.15231143E-02   2.13129483E-02   2.06338186E-02   2.05712691E-02   2.00228989E-02   1.94297619E-02   1.86064430E-02   1.87780689E-02   1.84790436E-02   1.78712178E-02   1.76086277E-02   1.77874155E-02   1.71480775E-02   1.78256743E-02   1.75070688E-02   1.71326287E-02   1.69711672E-02   1.71254929E-02   1.63156744E-02   1.62982326E-02   1.66800339E-02   1.67174246E-02   1.71159822E-02   1.70451179E-02   1.72474850E-02   1.69774573E-02   1.73056778E-02   1.64731480E-02   1.77109800E-02   1.59543678E-02   1.40351495E-02   1.59421936E-02   1.26172369E-02   1.32988673E-02   1.37764039E-02   8.96236207E-03   9.29754227E-03   7.62757659E-03   4.15809732E-03   3.62449489E-03   1.23018818E-03   2.11726525E-03   1.82568072E-03   4.13948065E-03  -999.000000      -999.000000      -999.000000      -999.000000      -999.000000      -999.000000      -999.000000      -999.000000      -999.000000      -999.000000      -999.000000      -999.000000      -999.000000      -999.000000      -999.000000      -999.000000      -999.000000      -999.000000      -999.000000      -999.000000      -999.000000      -999.000000      -999.000000      -999.000000      -999.000000      -999.000000      -999.000000      -7.49103501E-02  -7.14136586E-02  -6.81420267E-02  -6.58093467E-02  -6.31935224E-02  -6.00179993E-02  -5.78672290E-02  -5.49525768E-02  -5.29259294E-02  -5.08102663E-02  -4.80684042E-02  -4.64539081E-02  -4.41665910E-02  -4.19062823E-02  -3.97674441E-02  -3.82559896E-02  -3.35845277E-02  -3.17301638E-02  -3.06199640E-02  -2.86838599E-02  -2.77328566E-02  -2.63621770E-02  -2.49231979E-02  -2.35614516E-02  -2.14403979E-02  -2.04187855E-02  -1.84717923E-02  -1.67349093E-02  -1.49793327E-02  -1.40425861E-02  -1.22890696E-02  -1.09861493E-02  -9.89740342E-03  -8.43042880E-03  -7.37502426E-03  -5.87560982E-03  -4.59415466E-03  -3.65373492E-03  -2.29821354E-03  -1.10770017E-03   6.20931387E-05   7.22788274E-04   1.47005171E-03   2.55487114E-03   2.48565525E-03   3.48897278E-03   4.14820760E-03   4.25961614E-03   3.82957608E-03   3.48334014E-03   2.64885277E-03   2.64252722E-03  -1.10156834E-04  -1.82177126E-03  -3.35947424E-03  -7.68969208E-03  -7.75242597E-03  -9.79542732E-03  -7.42097944E-03  -6.39880449E-03
        1154   33.9099998     10:33:23.141   5.51081859E-02   5.96755780E-02   5.04606664E-02   5.15349582E-02   5.12259156E-02   5.05610593E-02   4.75592874E-02   4.71242890E-02   4.51264568E-02   4.29769941E-02   4.06177640E-02   3.98624055E-02   3.90749052E-02   3.55659500E-02   3.63369100E-02   3.52331549E-02   3.33286040E-02   3.25687043E-02   3.22971456E-02   3.09868827E-02   2.96338964E-02   2.92313881E-02   2.88899709E-02   2.84039918E-02   2.77509112E-02   2.75799613E-02   2.69635674E-02   2.55926717E-02   2.61653345E-02   2.56744139E-02   2.52130106E-02   2.53405701E-02   2.41596941E-02   2.40153205E-02   2.34418809E-02   2.31776722E-02   2.28797682E-02   2.25153975E-02   2.23790631E-02   2.13450789E-02   2.10446082E-02   2.09861882E-02   2.01734472E-02   1.97729059E-02   1.83026660E-02   1.91334169E-02   1.81007329E-02   1.79622062E-02   1.79888792E-02   1.68954004E-02   1.69569701E-02   1.71680376E-02   1.55803785E-02   1.60879847E-02   1.61369536E-02   1.59177706E-02   1.53755099E-02   1.60469972E-02   1.55126415E-02   1.49112158E-02   1.53455269E-02   1.43456347E-02   1.48081062E-02   1.57598425E-02   1.43572222E-02   1.51958084E-02   1.62850134E-02   1.43274069E-02   1.51173696E-02   1.56555288E-02   1.35028921E-02   1.64405797E-02   1.35437027E-02   1.32641625E-02   1.53907724E-02   1.10352319E-02   1.18760690E-02   1.21727306E-02   5.50768385E-03   8.57148413E-03   7.48008862E-03   1.18812546E-04   5.54335210E-03  -999.000000      -999.000000       3.61242797E-03  -999.000000      -999.000000      -999.000000      -999.000000      -999.000000      -999.000000      -999.000000      -999.000000      -999.000000      -999.000000      -999.000000      -999.000000      -999.000000      -999.000000      -999.000000      -999.000000      -999.000000      -999.000000      -999.000000      -999.000000      -999.000000      -999.000000      -999.000000      -999.000000      -999.000000      -999.000000      -999.000000      -7.36237988E-02  -7.05745965E-02  -6.77479133E-02  -6.41262904E-02  -6.20736144E-02  -5.91977872E-02  -5.59022389E-02  -5.45114540E-02  -5.09468056E-02  -4.87201661E-02  -4.67945114E-02  -4.37826402E-02  -4.24881466E-02  -4.05008122E-02  -3.77205126E-02  -3.65916826E-02  -3.40402424E-02  -3.46788391E-02  -3.25045325E-02  -3.06744426E-02  -2.91584693E-02  -2.82476246E-02  -2.63371430E-02  -2.52983309E-02  -2.35466771E-02  -2.21855454E-02  -2.03438029E-02  -1.88466124E-02  -1.74195319E-02  -1.59938037E-02  -1.48969106E-02  -1.30332708E-02  -1.09802634E-02  -1.03314668E-02  -8.94451886E-03  -7.82915950E-03  -6.68984652E-03  -5.74845821E-03  -3.73806059E-03  -2.96252966E-03  -1.38195604E-03  -9.42125916E-04   5.78589737E-04   1.34580582E-03   1.94052607E-03   1.95118040E-03   2.62426585E-03   3.22319567E-03   2.96422839E-03   3.74366343E-03   3.52669507E-03   1.85138732E-03   2.84410268E-03   2.80052423E-04  -2.92299688E-03  -2.05253810E-03  -7.14410841E-03  -8.54805112E-03  -9.23217833E-03  -9.47832316E-03  -4.07612324E-03
        1155   34.0180016     10:33:23.390   4.91383858E-02   6.49457648E-02   4.39908057E-02   5.35350367E-02   5.20859547E-02   5.03710806E-02   4.53494005E-02   4.66243327E-02   4.64664623E-02   4.42069992E-02   4.02277522E-02   3.99623364E-02   4.03548814E-02   3.57759334E-02   3.57768759E-02   3.50430943E-02   3.36685702E-02   3.18286791E-02   3.13671343E-02   3.09668761E-02   2.99938973E-02   2.99913771E-02   2.94599943E-02   2.83840168E-02   2.82409452E-02   2.71800160E-02   2.79236306E-02   2.61527561E-02   2.71654427E-02   2.57645398E-02   2.50431355E-02   2.58906949E-02   2.43897773E-02   2.43053827E-02   2.42619403E-02   2.36177184E-02   2.27198116E-02   2.27454416E-02   2.26790830E-02   2.20450982E-02   2.15146169E-02   2.20961887E-02   2.08134968E-02   1.97030231E-02   1.91029273E-02   1.89839005E-02   1.92614738E-02   1.75832715E-02   1.75603293E-02   1.76972300E-02   1.63890142E-02   1.70100238E-02   1.68121383E-02   1.63094047E-02   1.63080320E-02   1.55885275E-02   1.57759674E-02   1.54672377E-02   1.58426818E-02   1.50911547E-02   1.54854469E-02   1.53156584E-02   1.41282678E-02   1.51501214E-02   1.63175259E-02   1.40460497E-02   1.59050748E-02   1.58073325E-02   1.45372134E-02   1.73453763E-02   1.42728202E-02   1.40906489E-02   1.54841375E-02   1.19351000E-02   1.37624349E-02   1.35879526E-02   1.05402935E-02   1.19286552E-02   8.98559112E-03   6.51213201E-03   7.13357795E-03   1.42592471E-03  -999.000000       4.51216940E-04  -999.000000       3.08946869E-03   1.39375962E-03  -999.000000      -999.000000      -999.000000      -999.000000      -999.000000      -999.000000      -999.000000      -999.000000      -999.000000      -999.000000      -999.000000      -999.000000      -999.000000      -999.000000      -999.000000      -999.000000      -999.000000      -999.000000      -999.000000      -999.000000      -999.000000      -999.000000      -999.000000      -999.000000      -999.000000      -7.61511400E-02  -7.35759810E-02  -6.97767884E-02  -6.72600716E-02  -6.36984184E-02  -6.05657361E-02  -5.86699173E-02  -5.53443879E-02  -5.30836433E-02  -5.07489927E-02  -4.84123714E-02  -4.63367030E-02  -4.39148359E-02  -4.17903475E-02  -4.00830358E-02  -3.74927483E-02  -3.59639265E-02  -3.36624831E-02  -3.25309746E-02  -3.06765512E-02  -2.94662490E-02  -2.83100531E-02  -2.66188867E-02  -2.52380073E-02  -2.41588280E-02  -2.23768987E-02  -2.10457817E-02  -1.93142220E-02  -1.76073425E-02  -1.69606246E-02  -1.49152130E-02  -1.35386288E-02  -1.25652477E-02  -1.10524371E-02  -1.00337565E-02  -8.24683160E-03  -7.27143139E-03  -5.91196865E-03  -5.19044697E-03  -3.71001661E-03  -2.40451097E-03  -9.74096358E-04  -3.54379416E-04   5.26212156E-04   1.81338936E-03   1.96816027E-03   2.99894810E-03   3.01232934E-03   3.60170752E-03   3.63337249E-03   3.41372192E-03   4.20810282E-03   3.62437218E-03   8.78982246E-04   1.19762123E-03  -1.09256059E-03  -4.60841507E-03  -5.27717918E-03  -8.45844299E-03  -8.58977437E-03  -7.61396438E-03  -4.42111492E-03
        1156   34.1310005     10:33:23.639   5.75189665E-02   5.42362966E-02   5.06112799E-02   5.42953685E-02   5.10761552E-02   4.98512350E-02   4.71797287E-02   4.73544709E-02   4.55065258E-02   4.29970510E-02   4.05677408E-02   4.06022370E-02   3.72748226E-02   3.69959287E-02   3.57268229E-02   3.39830033E-02   3.25985178E-02   3.20986994E-02   3.18471454E-02   3.06169465E-02   3.01939733E-02   2.93513890E-02   2.86901370E-02   2.76141446E-02   2.70610675E-02   2.72902027E-02   2.68638823E-02   2.63430569E-02   2.48257928E-02   2.50649452E-02   2.51335427E-02   2.32010912E-02   2.39200722E-02   2.34156158E-02   2.30821762E-02   2.24378984E-02   2.24299934E-02   2.23856289E-02   2.12392155E-02   2.10452285E-02   2.01946869E-02   2.00462658E-02   2.01836899E-02   1.93834491E-02   1.96537469E-02   1.89853385E-02   1.80236399E-02   1.81263350E-02   1.74844470E-02   1.68423932E-02   1.67647675E-02   1.70655679E-02   1.63570456E-02   1.68533362E-02   1.64310113E-02   1.57406162E-02   1.62472185E-02   1.63178816E-02   1.59227755E-02   1.58309788E-02   1.64152253E-02   1.56557299E-02   1.54087432E-02   1.54709369E-02   1.53283952E-02   1.56967547E-02   1.71952844E-02   1.61571726E-02   1.62768606E-02   1.60550550E-02   1.45227648E-02   1.64710283E-02   1.52755715E-02   1.42279733E-02   1.39473621E-02   1.29858833E-02   1.21224467E-02   1.20255835E-02   8.20806995E-03   8.76229070E-03   4.64169588E-03   2.47416692E-03   4.32354445E-03   4.25896142E-04  -999.000000       3.44503461E-03   9.19475686E-04  -999.000000      -999.000000      -999.000000      -999.000000      -999.000000      -999.000000      -999.000000      -999.000000      -999.000000      -999.000000      -999.000000      -999.000000      -999.000000      -999.000000      -999.000000      -999.000000      -999.000000      -999.000000      -999.000000      -999.000000      -999.000000      -999.000000      -999.000000      -999.000000      -999.000000      -999.000000      -999.000000      -7.38775954E-02  -7.05207735E-02  -6.72490746E-02  -6.51763901E-02  -6.21805638E-02  -5.95150962E-02  -5.71744554E-02  -5.47898114E-02  -5.19832447E-02  -5.01875877E-02  -4.78557125E-02  -4.58112173E-02  -4.33439575E-02  -4.14837301E-02  -3.93948853E-02  -3.75234410E-02  -3.36916596E-02  -3.23468894E-02  -3.07659768E-02  -2.92091519E-02  -2.82170996E-02  -2.70550884E-02  -2.57449076E-02  -2.38722302E-02  -2.18811296E-02  -2.05401704E-02  -1.93841569E-02  -1.76284537E-02  -1.63039416E-02  -1.49582513E-02  -1.35255307E-02  -1.23832673E-02  -1.09749213E-02  -9.40809399E-03  -8.76250863E-03  -7.30264932E-03  -5.81072271E-03  -4.72017378E-03  -3.28477472E-03  -2.12474912E-03  -9.45426524E-04  -1.15133822E-04   1.24195963E-03   1.84695423E-03   2.36818939E-03   3.13238055E-03   3.75302881E-03   3.61654162E-03   3.94950807E-03   2.71759927E-03   3.57830524E-03   2.58824974E-03   8.43927264E-05  -1.29769742E-03  -4.95328009E-03  -6.41416758E-03  -8.46799463E-03  -8.48164409E-03  -6.71056658E-03  -6.86606020E-03
        1157   34.2700005     10:33:23.888   5.47391847E-02   4.80265468E-02   5.07314615E-02   5.18055148E-02   4.73462343E-02   4.75312993E-02   4.62498441E-02   4.59745303E-02   4.25565168E-02   4.11070511E-02   3.94377410E-02   3.88621651E-02   3.57047655E-02   3.60459201E-02   3.39367948E-02   3.27729359E-02   3.13984826E-02   3.07786781E-02   3.02271340E-02   2.96069551E-02   2.87939869E-02   2.87813731E-02   2.85101645E-02   2.74341702E-02   2.74811052E-02   2.69202497E-02   2.59139631E-02   2.65431646E-02   2.46559214E-02   2.48151012E-02   2.43936982E-02   2.42312495E-02   2.39301734E-02   2.37956978E-02   2.30822563E-02   2.22879536E-02   2.21300460E-02   2.18456816E-02   2.11492442E-02   2.10452620E-02   2.08946988E-02   2.05962770E-02   2.04237439E-02   1.99335981E-02   1.92540698E-02   1.85959227E-02   1.83345396E-02   1.81176104E-02   1.73361897E-02   1.72845870E-02   1.63972229E-02   1.67079475E-02   1.70391537E-02   1.62950363E-02   1.65023003E-02   1.64015200E-02   1.60477627E-02   1.58581678E-02   1.57228224E-02   1.58209018E-02   1.54851312E-02   1.57357529E-02   1.50789367E-02   1.55512728E-02   1.55387558E-02   1.54370470E-02   1.56053631E-02   1.56570859E-02   1.61266755E-02   1.62448790E-02   1.55126872E-02   1.51211228E-02   1.49261020E-02   1.42291095E-02   1.33093670E-02   1.31191611E-02   1.29475296E-02   1.03527065E-02   9.94757097E-03   6.55507855E-03   5.98789193E-03   4.85470705E-03   2.40878249E-03   1.24352146E-03   2.52592145E-04   1.10745919E-03   2.79203942E-03  -999.000000      -999.000000      -999.000000      -999.000000      -999.000000      -999.000000      -999.000000      -999.000000      -999.000000      -999.000000      -999.000000      -999.000000      -999.000000      -999.000000      -999.000000      -999.000000      -999.000000      -999.000000      -999.000000      -999.000000      -999.000000      -999.000000      -999.000000      -999.000000      -999.000000      -999.000000      -7.56490380E-02  -7.26998225E-02  -7.01629445E-02  -6.69112206E-02  -6.38485476E-02  -6.10527247E-02  -5.81172742E-02  -5.60466871E-02  -5.36020398E-02  -5.19154966E-02  -4.97198291E-02  -4.69379574E-02  -4.51634675E-02  -4.28062379E-02  -4.12960276E-02  -4.00871858E-02  -3.72157395E-02  -3.41138281E-02  -3.23189311E-02  -3.09377387E-02  -2.95806527E-02  -2.86782086E-02  -2.66357251E-02  -2.53951252E-02  -2.35120989E-02  -2.15610154E-02  -1.98603012E-02  -1.86246410E-02  -1.70093700E-02  -1.56552456E-02  -1.44999400E-02  -1.34674981E-02  -1.17254853E-02  -1.08172670E-02  -9.06048715E-03  -8.17483664E-03  -6.54480606E-03  -5.53271174E-03  -4.07211483E-03  -2.81677395E-03  -1.59690529E-03  -3.97749245E-04   3.23951244E-05   7.29456544E-04   1.64452195E-03   1.76591426E-03   2.58045644E-03   3.25165689E-03   3.26592475E-03   4.01999056E-03   2.82967836E-03   3.59229743E-03   1.92451477E-03   3.53872776E-04  -1.06476992E-03  -4.80593741E-03  -7.53343850E-03  -8.71404260E-03  -9.30436701E-03  -1.02309585E-02  -7.42568821E-03
        1158   34.4090004     10:33:24.138   5.78790754E-02   5.25864065E-02   5.18513694E-02   5.31754456E-02   5.05662039E-02   4.88412529E-02   4.70197648E-02   4.73344885E-02   4.46665064E-02   4.21770290E-02   3.95577215E-02   4.03721817E-02   3.66547816E-02   3.66359130E-02   3.56468000E-02   3.36429626E-02   3.28884907E-02   3.22686695E-02   3.16771157E-02   3.03369425E-02   2.97239646E-02   2.86613684E-02   2.84901336E-02   2.80041508E-02   2.79510692E-02   2.73002107E-02   2.65838988E-02   2.65330803E-02   2.57358309E-02   2.44649984E-02   2.54635941E-02   2.38411482E-02   2.45401002E-02   2.43156347E-02   2.28421967E-02   2.31779069E-02   2.27300003E-02   2.22256370E-02   2.14592163E-02   2.21252274E-02   2.13646758E-02   2.05962565E-02   2.07336918E-02   2.04134937E-02   1.97338592E-02   1.95355620E-02   1.84139926E-02   1.81968473E-02   1.82351489E-02   1.79432966E-02   1.71057787E-02   1.72165595E-02   1.74579322E-02   1.68440547E-02   1.65015552E-02   1.60709973E-02   1.63774528E-02   1.65680069E-02   1.61128007E-02   1.60209481E-02   1.58151835E-02   1.58957355E-02   1.56388190E-02   1.50610702E-02   1.59685370E-02   1.55368680E-02   1.59753095E-02   1.61971245E-02   1.63567644E-02   1.62049569E-02   1.47326952E-02   1.46010239E-02   1.59857385E-02   1.33083817E-02   1.39481258E-02   1.43771712E-02   1.13844788E-02   1.13284634E-02   9.55193862E-03   7.94752687E-03   6.07834896E-03   3.71263362E-03   3.69398133E-03   1.92734739E-03  -999.000000       1.92857278E-03   2.58312235E-03  -999.000000      -999.000000      -999.000000      -999.000000      -999.000000      -999.000000      -999.000000      -999.000000      -999.000000      -999.000000      -999.000000      -999.000000      -999.000000      -999.000000      -999.000000      -999.000000      -999.000000      -999.000000      -999.000000      -999.000000      -999.000000      -999.000000      -999.000000      -999.000000      -999.000000      -999.000000      -7.57498145E-02  -7.28706047E-02  -7.03337565E-02  -6.68320507E-02  -6.41593635E-02  -6.14535473E-02  -5.87780774E-02  -5.63374683E-02  -5.40228188E-02  -5.16062528E-02  -4.96406034E-02  -4.67787236E-02  -4.55142409E-02  -4.30469997E-02  -4.11767624E-02  -3.88979353E-02  -3.71364877E-02  -3.39146517E-02  -3.19098234E-02  -3.06588002E-02  -2.89218575E-02  -2.79396437E-02  -2.62474455E-02  -2.56370977E-02  -2.40242518E-02  -2.21031532E-02  -2.04922967E-02  -1.88764110E-02  -1.78408995E-02  -1.58565454E-02  -1.46510266E-02  -1.33184120E-02  -1.17462650E-02  -1.05579644E-02  -9.28117335E-03  -7.66553730E-03  -6.45561516E-03  -5.46363741E-03  -3.89306247E-03  -3.15769017E-03  -1.45772099E-03  -5.98475337E-04   5.71750104E-04   7.18832016E-04   1.75383687E-03   2.78512388E-03   2.72945315E-03   3.23031843E-03   3.92414629E-03   4.17754799E-03   3.51630896E-03   2.92780250E-03   2.64870375E-03  -2.53826380E-04  -1.41447037E-03  -3.90821695E-03  -6.33766502E-03  -9.68017429E-03  -9.21240449E-03  -8.77028704E-03  -6.83543086E-03
        1159   34.5460014     10:33:24.387   5.64690456E-02   5.12563735E-02   5.58213815E-02   5.18854111E-02   5.11461832E-02   4.93612401E-02   4.93497625E-02   4.64944802E-02   4.43665199E-02   4.39070277E-02   4.15077209E-02   3.96622084E-02   3.73547859E-02   3.72959189E-02   3.57267968E-02   3.44229713E-02   3.30384932E-02   3.26186754E-02   3.12971249E-02   3.10669392E-02   3.02839689E-02   2.89413817E-02   2.97601316E-02   2.84941476E-02   2.90310774E-02   2.78702080E-02   2.77238954E-02   2.77530793E-02   2.60758232E-02   2.64349822E-02   2.60335840E-02   2.54911371E-02   2.56100968E-02   2.50556320E-02   2.49221958E-02   2.44279038E-02   2.44299974E-02   2.42556352E-02   2.39692144E-02   2.33452246E-02   2.31446754E-02   2.35662553E-02   2.28436943E-02   1.94634851E-02   1.86238438E-02   1.87555198E-02   1.84939280E-02   1.75867453E-02   1.76350158E-02   1.67631153E-02   1.63255837E-02   1.69363599E-02   1.61377508E-02   1.64939128E-02   1.62214451E-02   1.58609226E-02   1.62274092E-02   1.57279801E-02   1.55127905E-02   1.52209541E-02   1.59451924E-02   1.52957356E-02   1.45588052E-02   1.51110440E-02   1.51685104E-02   1.46968458E-02   1.60453022E-02   1.56671349E-02   1.51667837E-02   1.58949792E-02   1.48127126E-02   1.51710287E-02   1.58357117E-02   1.29483053E-02   1.45879816E-02   1.28069185E-02   1.11540807E-02   1.19478945E-02   7.03117345E-03   9.27648786E-03   6.78702770E-03   1.94094609E-03   2.41189636E-03  -999.000000       5.02047595E-04   9.55854543E-04   1.48037961E-03  -999.000000      -999.000000      -999.000000      -999.000000      -999.000000      -999.000000      -999.000000      -999.000000      -999.000000      -999.000000      -999.000000      -999.000000      -999.000000      -999.000000      -999.000000      -999.000000      -999.000000      -999.000000      -999.000000      -999.000000      -999.000000      -999.000000      -999.000000      -999.000000      -999.000000      -999.000000      -7.43568093E-02  -7.16175959E-02  -6.91507533E-02  -6.55890405E-02  -6.29863665E-02  -5.99805415E-02  -5.68950847E-02  -5.50144538E-02  -5.19198179E-02  -5.00232577E-02  -4.75875922E-02  -4.51357216E-02  -4.33712304E-02  -4.13639806E-02  -3.92737612E-02  -3.71249244E-02  -3.48534733E-02  -3.35316509E-02  -3.22568417E-02  -2.96958275E-02  -2.87189186E-02  -2.69667357E-02  -2.56545693E-02  -2.44642459E-02  -2.27714442E-02  -2.13203579E-02  -1.96394734E-02  -1.82335638E-02  -1.69380046E-02  -1.53236128E-02  -1.40580684E-02  -1.25854388E-02  -1.09732524E-02  -9.86494869E-03  -8.24815035E-03  -6.95253164E-03  -6.21262193E-03  -4.76064533E-03  -3.34007293E-03  -2.47469544E-03  -9.14722681E-04  -3.15450132E-04   9.54784453E-04   1.94185972E-03   2.20686942E-03   2.48814374E-03   3.21245193E-03   3.73326987E-03   4.80703264E-03   4.40035760E-03   4.11897898E-03   3.38032097E-03   1.59101188E-03   4.48234379E-04  -1.66271627E-03  -3.75682116E-03  -6.13657385E-03  -8.07932764E-03  -1.03218332E-02  -8.70994478E-03  -6.25515729E-03
        1160   34.6819992     10:33:24.635   4.63690273E-02   5.73263764E-02   5.07713668E-02   4.93554249E-02   5.03961705E-02   4.84012403E-02   4.72597480E-02   4.43444699E-02   4.54865173E-02   4.24370244E-02   4.10477147E-02   3.73021886E-02   3.88747901E-02   3.57059129E-02   3.48267928E-02   3.43529619E-02   3.23584899E-02   3.18286680E-02   3.12971175E-02   3.00369337E-02   2.96439547E-02   2.79813670E-02   2.91801225E-02   2.81141438E-02   2.71610599E-02   2.74001993E-02   2.67738830E-02   2.58830693E-02   2.53658146E-02   2.49049701E-02   2.44735684E-02   2.46311259E-02   2.34700851E-02   2.29556225E-02   2.27721855E-02   2.25778930E-02   2.23599859E-02   2.15456244E-02   2.13092044E-02   2.11252179E-02   2.08946746E-02   2.05962509E-02   2.03436781E-02   2.08134707E-02   2.02038195E-02   1.99254882E-02   1.96438804E-02   1.91166811E-02   1.85349341E-02   1.76630169E-02   1.76354758E-02   1.83362626E-02   1.75976660E-02   1.74038447E-02   1.71013996E-02   1.68208908E-02   1.71073861E-02   1.73079707E-02   1.69827901E-02   1.65009573E-02   1.68451965E-02   1.65657327E-02   1.56587958E-02   1.59610268E-02   1.61284916E-02   1.58168301E-02   1.74852945E-02   1.65071320E-02   1.74567830E-02   1.64049715E-02   1.60627011E-02   1.74010023E-02   1.52756618E-02   1.53182261E-02   1.56778619E-02   1.19367437E-02   1.33138280E-02   1.20275579E-02   8.21073633E-03   1.05959130E-02   5.83631126E-03   3.69005185E-03   3.69081693E-03  -999.000000       4.10769135E-04   3.59453098E-03   7.39072915E-04  -999.000000      -999.000000      -999.000000      -999.000000      -999.000000      -999.000000      -999.000000      -999.000000      -999.000000      -999.000000      -999.000000      -999.000000      -999.000000      -999.000000      -999.000000      -999.000000      -999.000000      -999.000000      -999.000000      -999.000000      -999.000000      -999.000000      -999.000000      -999.000000      -999.000000      -999.000000      -7.36822784E-02  -7.10430741E-02  -6.75062239E-02  -6.41645193E-02  -6.19618483E-02  -5.84660172E-02  -5.63405603E-02  -5.43099344E-02  -5.13452813E-02  -4.95887175E-02  -4.68430668E-02  -4.37811874E-02  -4.22867052E-02  -3.95694561E-02  -3.75092290E-02  -3.56303938E-02  -3.33989486E-02  -3.40371244E-02  -3.21423151E-02  -3.04213241E-02  -2.90644132E-02  -2.81322598E-02  -2.64901072E-02  -2.55398154E-02  -2.38670222E-02  -2.18259245E-02  -2.01050155E-02  -1.90391019E-02  -1.75135210E-02  -1.57591254E-02  -1.44035444E-02  -1.27108991E-02  -1.16987228E-02  -9.94042307E-03  -8.34360719E-03  -7.36800581E-03  -5.90808690E-03  -4.91612405E-03  -3.40555608E-03  -2.51017511E-03  -8.40187073E-04  -7.09295273E-05   1.01930648E-03   1.74639374E-03   2.88138539E-03   2.91265547E-03   3.78695130E-03   4.74774837E-03   4.34145331E-03   4.76474315E-03   5.05329669E-03   3.49456072E-03   2.39516050E-03   9.32246447E-04  -2.63884664E-03  -4.18312103E-03  -6.18303567E-03  -8.49591196E-03  -9.47854668E-03  -6.46670908E-03  -6.74194843E-03
        1161   34.8100014     10:33:24.884   5.47290631E-02   5.62663786E-02   5.20613380E-02   5.10753803E-02   5.10161817E-02   4.92912307E-02   4.68097366E-02   4.65344973E-02   4.59665135E-02   4.34070304E-02   3.95477340E-02   3.96222062E-02   3.92747931E-02   3.65259089E-02   3.58867981E-02   3.47729623E-02   3.38384844E-02   3.29886787E-02   3.15771103E-02   3.04969326E-02   3.00839562E-02   2.99013648E-02   2.81901211E-02   2.87741330E-02   2.88310647E-02   2.78701987E-02   2.74438877E-02   2.65230704E-02   2.62558199E-02   2.57549752E-02   2.53735743E-02   2.52611302E-02   2.43800879E-02   2.44556293E-02   2.36621909E-02   2.39978936E-02   2.35499945E-02   2.28256285E-02   2.21392084E-02   2.24352181E-02   2.24546697E-02   2.14562491E-02   2.16736831E-02   2.00134777E-02   1.92538314E-02   1.89855099E-02   1.81039181E-02   1.81267392E-02   1.76350065E-02   1.69131104E-02   1.69655755E-02   1.71363633E-02   1.70277543E-02   1.64339170E-02   1.66214556E-02   1.60509255E-02   1.60374083E-02   1.62979811E-02   1.62327942E-02   1.62709542E-02   1.56851932E-02   1.59357339E-02   1.50587996E-02   1.48910405E-02   1.55085074E-02   1.51168425E-02   1.58752985E-02   1.53771285E-02   1.57967750E-02   1.65649615E-02   1.48926945E-02   1.52910054E-02   1.51056824E-02   1.43882716E-02   1.46779437E-02   1.23268785E-02   1.12940371E-02   1.14978496E-02   9.24112741E-03   8.59644171E-03   7.88697973E-03   2.05089990E-03   2.41185632E-03   2.66502751E-03   1.42039033E-04   1.64587260E-03   2.03042245E-03  -999.000000      -999.000000      -999.000000      -999.000000      -999.000000      -999.000000      -999.000000      -999.000000      -999.000000      -999.000000      -999.000000      -999.000000      -999.000000      -999.000000      -999.000000      -999.000000      -999.000000      -999.000000      -999.000000      -999.000000      -999.000000      -999.000000      -999.000000      -999.000000      -999.000000      -999.000000      -7.45867789E-02  -7.15275779E-02  -6.84607252E-02  -6.52590096E-02  -6.33163378E-02  -6.01305068E-02  -5.76850511E-02  -5.50444350E-02  -5.23997806E-02  -5.00032157E-02  -4.77775671E-02  -4.50956970E-02  -4.33612019E-02  -4.14439552E-02  -3.88437249E-02  -3.70748900E-02  -3.52934450E-02  -3.43116224E-02  -3.24268043E-02  -3.07658091E-02  -2.95888931E-02  -2.80367024E-02  -2.66745389E-02  -2.54142247E-02  -2.38614157E-02  -2.18803249E-02  -2.04694308E-02  -1.84135288E-02  -1.74179561E-02  -1.58235840E-02  -1.46880224E-02  -1.32953897E-02  -1.21532232E-02  -1.05749220E-02  -9.25812125E-03  -7.92250037E-03  -6.32259250E-03  -5.14060259E-03  -3.84005159E-03  -2.43466347E-03  -1.41468644E-03  -1.05433166E-04   2.64808536E-04   8.51877034E-04   2.01687962E-03   2.54816562E-03   3.27245146E-03   3.38327885E-03   3.30703706E-03   3.39034945E-03   3.93898040E-03   2.59031355E-03   2.40100175E-03  -1.77323818E-06  -2.61271745E-03  -2.37683952E-03  -7.37656653E-03  -7.74932653E-03  -8.51182640E-03  -8.90990347E-03  -8.66510719E-03
        1162   34.9360008     10:33:25.130   5.57693467E-02   5.52166589E-02   5.41916192E-02   5.26055954E-02   5.15563041E-02   5.01013324E-02   4.85299118E-02   4.71945815E-02   4.49665524E-02   4.45870496E-02   4.21577357E-02   3.94121371E-02   3.87247689E-02   3.81559208E-02   3.57867740E-02   3.57329026E-02   3.39984708E-02   3.32386792E-02   3.16571221E-02   3.17969732E-02   3.12339906E-02   2.95013823E-02   2.94501856E-02   2.94742100E-02   2.83311382E-02   2.80702934E-02   2.74240170E-02   2.64332294E-02   2.68860031E-02   2.59251874E-02   2.55437847E-02   2.52513383E-02   2.46902332E-02   2.38557477E-02   2.38823052E-02   2.33179890E-02   2.27200873E-02   2.25257203E-02   2.23792717E-02   2.21252851E-02   2.18347069E-02   2.16162894E-02   2.08837837E-02   2.11236961E-02   2.06042528E-02   2.02462487E-02   1.98850352E-02   1.91883165E-02   1.86171364E-02   1.78857855E-02   1.77085567E-02   1.73692387E-02   1.78802945E-02   1.76759586E-02   1.73229985E-02   1.71520114E-02   1.68580618E-02   1.66783184E-02   1.73828453E-02   1.68408602E-02   1.68650802E-02   1.66057684E-02   1.71190444E-02   1.66614633E-02   1.67489573E-02   1.69872083E-02   1.77254081E-02   1.74870417E-02   1.76465884E-02   1.75847933E-02   1.67226642E-02   1.78511981E-02   1.65164191E-02   1.69297587E-02   1.58604905E-02   1.50809791E-02   1.42403264E-02   1.42466119E-02   1.10527659E-02   1.03120562E-02   8.69671907E-03   7.72588514E-03   3.73250060E-03   5.76852821E-03   6.04928285E-03   5.58502134E-03   4.09965357E-03  -999.000000      -999.000000      -999.000000      -999.000000      -999.000000      -999.000000      -999.000000      -999.000000      -999.000000      -999.000000      -999.000000      -999.000000      -999.000000      -999.000000      -999.000000      -999.000000      -999.000000      -999.000000      -999.000000      -999.000000      -999.000000      -999.000000      -999.000000      -999.000000      -999.000000      -999.000000      -7.53217116E-02  -7.19525069E-02  -6.90955967E-02  -6.59538656E-02  -6.31211847E-02  -6.04653507E-02  -5.77299297E-02  -5.45993596E-02  -5.24947122E-02  -5.03481813E-02  -4.74925116E-02  -4.50006500E-02  -4.28561643E-02  -4.14889306E-02  -3.87587324E-02  -3.68599072E-02  -3.48884426E-02  -3.42564695E-02  -3.26914936E-02  -3.12701613E-02  -2.98829228E-02  -2.83302814E-02  -2.69775353E-02  -2.57167034E-02  -2.42635049E-02  -2.24124268E-02  -2.02618316E-02  -1.87863745E-02  -1.78513378E-02  -1.60274282E-02  -1.43623240E-02  -1.31600425E-02  -1.16481557E-02  -1.02700219E-02  -8.37326795E-03  -8.05755705E-03  -6.47743791E-03  -5.16526401E-03  -3.54463607E-03  -2.29930878E-03  -1.75952911E-03  -7.20463693E-04   1.18960440E-03   1.29663944E-03   2.16174871E-03   2.28324533E-03   3.35796922E-03   4.09946591E-03   3.16414982E-03   4.30883467E-03   3.90937924E-03   3.53302062E-03   2.13648379E-03   7.47598708E-04  -1.79917365E-03  -4.61795181E-03  -5.69362193E-03  -8.26250762E-03  -9.88103449E-03  -9.50638205E-03  -5.99072129E-03
        1163   35.0620003     10:33:25.379   5.02096005E-02   5.79469241E-02   5.25518171E-02   5.16156889E-02   5.20263501E-02   5.06613515E-02   4.84500453E-02   4.66445982E-02   4.58764881E-02   4.32770103E-02   4.14976478E-02   4.01119851E-02   3.90746482E-02   3.61058228E-02   3.56866494E-02   3.51227559E-02   3.35783437E-02   3.22785825E-02   3.19370367E-02   3.11469082E-02   2.97139324E-02   2.93312781E-02   2.92701572E-02   2.82941666E-02   2.87310928E-02   2.81702876E-02   2.71540396E-02   2.60532834E-02   2.70760879E-02   2.48053111E-02   2.55439058E-02   2.50214655E-02   2.37603020E-02   2.38557812E-02   2.31423378E-02   2.28079874E-02   2.22000871E-02   2.27557234E-02   2.23792382E-02   2.20552478E-02   2.11246442E-02   2.03562230E-02   2.06437763E-02   2.04138029E-02   1.96545776E-02   1.92169119E-02   1.93361025E-02   1.86598785E-02   1.82392858E-02   1.78785417E-02   1.72716752E-02   1.76423006E-02   1.64930411E-02   1.72681939E-02   1.70347132E-02   1.64732262E-02   1.68988071E-02   1.67787131E-02   1.66529231E-02   1.69507787E-02   1.65049508E-02   1.61557868E-02   1.60092711E-02   1.60818677E-02   1.64993964E-02   1.62375513E-02   1.78554654E-02   1.69968605E-02   1.76762566E-02   1.77344345E-02   1.71723906E-02   1.70511007E-02   1.63668394E-02   1.60809159E-02   1.68627314E-02   1.39048360E-02   1.46164857E-02   1.48753915E-02   1.19246067E-02   1.20981392E-02   6.61719497E-03   7.66197965E-03   6.34472305E-03   2.73392373E-03   3.71892471E-03   4.50705457E-03   3.77211906E-03  -999.000000      -999.000000      -999.000000      -999.000000      -999.000000      -999.000000      -999.000000      -999.000000      -999.000000      -999.000000      -999.000000      -999.000000      -999.000000      -999.000000      -999.000000      -999.000000      -999.000000      -999.000000      -999.000000      -999.000000      -999.000000      -999.000000      -999.000000      -999.000000      -999.000000      -999.000000      -7.57530928E-02  -7.31238946E-02  -6.96069226E-02  -6.70851469E-02  -6.34624660E-02  -6.09366447E-02  -5.83812445E-02  -5.59707507E-02  -5.34061007E-02  -5.10796010E-02  -4.87939455E-02  -4.65520620E-02  -4.40575816E-02  -4.25803959E-02  -4.04802226E-02  -3.80813964E-02  -3.59099470E-02  -3.36378142E-02  -3.17726545E-02  -3.06109935E-02  -2.87234262E-02  -2.76502781E-02  -2.58169211E-02  -2.50255018E-02  -2.33318508E-02  -2.15007402E-02  -2.00404413E-02  -1.81354284E-02  -1.74709335E-02  -1.55775137E-02  -1.46329366E-02  -1.30310133E-02  -1.18994415E-02  -1.01515129E-02  -8.64482671E-03  -7.87903368E-03  -6.54871017E-03  -4.94631380E-03  -4.34563309E-03  -3.03037465E-03  -1.37081742E-03  -6.61984086E-04   2.27876008E-04   8.94814730E-04   1.86998397E-03   2.42166221E-03   2.89677829E-03   3.64891440E-03   3.04456800E-03   4.11063433E-03   2.57320702E-03   3.92927229E-03   1.60565972E-03   3.50914896E-04  -2.52139568E-03  -3.36442888E-03  -7.02573359E-03  -8.36039335E-03  -8.91443342E-03  -8.43655318E-03  -8.62970203E-03
        1164   35.1910019     10:33:25.628   5.15897050E-02   5.73269874E-02   5.22518903E-02   5.14057390E-02   5.13063781E-02   5.07213585E-02   4.68700826E-02   4.70846184E-02   4.41664942E-02   4.36770208E-02   3.96876298E-02   3.83619703E-02   3.86446156E-02   3.59758176E-02   3.50866430E-02   3.36427391E-02   3.24483328E-02   3.11085824E-02   3.10270321E-02   3.09769195E-02   2.91639343E-02   2.81812772E-02   2.84001660E-02   2.75041796E-02   2.74611097E-02   2.70003062E-02   2.70640645E-02   2.56033186E-02   2.59061307E-02   2.49053594E-02   2.38939598E-02   2.46215183E-02   2.37803347E-02   2.34158076E-02   2.26323660E-02   2.20580082E-02   2.25801002E-02   2.17757374E-02   2.17692479E-02   2.12752651E-02   2.10546441E-02   2.05962267E-02   2.01037917E-02   2.08138544E-02   2.02046894E-02   2.03971099E-02   1.94164012E-02   1.87403038E-02   1.84698738E-02   1.79592706E-02   1.69424936E-02   1.79930907E-02   1.69237461E-02   1.74187552E-02   1.71751380E-02   1.66135225E-02   1.62589829E-02   1.65988076E-02   1.68429352E-02   1.55107537E-02   1.66449193E-02   1.55357942E-02   1.57993380E-02   1.63619835E-02   1.57295186E-02   1.59776490E-02   1.68854911E-02   1.45668332E-02   1.70161985E-02   1.56243769E-02   1.54023664E-02   1.70211382E-02   1.56870224E-02   1.35113019E-02   1.64034069E-02   1.06559368E-02   1.32881831E-02   1.14277732E-02   7.67777907E-03   9.82240587E-03   4.24259808E-03   2.52882903E-03   5.71312942E-03   4.23130579E-04  -999.000000       4.93785180E-03  -999.000000      -999.000000      -999.000000      -999.000000      -999.000000      -999.000000      -999.000000      -999.000000      -999.000000      -999.000000      -999.000000      -999.000000      -999.000000      -999.000000      -999.000000      -999.000000      -999.000000      -999.000000      -999.000000      -999.000000      -999.000000      -999.000000      -999.000000      -999.000000      -999.000000      -999.000000      -999.000000      -7.29691759E-02  -7.00399727E-02  -6.74829930E-02  -6.36912137E-02  -6.12585396E-02  -5.85827045E-02  -5.58873191E-02  -5.38968407E-02  -5.07721901E-02  -4.89256978E-02  -4.59600464E-02  -4.38781716E-02  -4.22636755E-02  -3.96564975E-02  -3.78963314E-02  -3.61975022E-02  -3.39160673E-02  -3.43838930E-02  -3.23286764E-02  -3.09569240E-02  -2.97892615E-02  -2.76160017E-02  -2.64324695E-02  -2.49109194E-02  -2.32171528E-02  -2.22260505E-02  -2.08658390E-02  -1.89609304E-02  -1.71965919E-02  -1.58433020E-02  -1.44188441E-02  -1.30070150E-02  -1.16455331E-02  -1.02176368E-02  -8.95097852E-03  -7.69516826E-03  -6.42477721E-03  -5.33232838E-03  -3.94161791E-03  -2.69638002E-03  -1.59688294E-03  -3.58112156E-04   5.71712852E-04   1.44864619E-03   2.58383155E-03   2.62555480E-03   2.58081406E-03   3.52311134E-03   3.25901061E-03   4.16545570E-03   3.93856317E-03   3.01526487E-03   1.91240758E-03   1.18874758E-03  -1.95242465E-03  -4.16401029E-03  -6.47414476E-03  -7.78777897E-03  -7.72069395E-03  -6.89204782E-03  -5.72492927E-03
        1165   35.3209991     10:33:25.877   9.04199705E-02   6.14672638E-02   5.80320992E-02   7.17859045E-02   6.06064610E-02   5.92914335E-02   5.51502071E-02   6.13646694E-02   5.33865020E-02   5.36470339E-02   5.03176153E-02   5.47918789E-02   4.65345792E-02   4.64157984E-02   4.71365936E-02   4.37726453E-02   4.22582813E-02   4.10685539E-02   4.08670045E-02   3.91069241E-02   3.79939340E-02   3.77712511E-02   3.61001976E-02   3.59442160E-02   3.58211435E-02   3.55303660E-02   3.36341560E-02   3.39634307E-02   3.36362757E-02   3.09755336E-02   3.23441327E-02   3.08516864E-02   2.97204554E-02   3.01458929E-02   2.86124535E-02   2.86380723E-02   2.77001634E-02   2.70958040E-02   2.62392797E-02   2.53352970E-02   2.58646533E-02   2.39562262E-02   2.44138557E-02   1.99340247E-02   1.90150570E-02   1.96977891E-02   1.92674398E-02   1.79018006E-02   1.79418884E-02   1.67118236E-02   1.72753520E-02   1.69258639E-02   1.62362102E-02   1.71907395E-02   1.63566507E-02   1.61445886E-02   1.59196258E-02   1.60491429E-02   1.54529903E-02   1.57106686E-02   1.68248061E-02   1.44858239E-02   1.54695632E-02   1.58323757E-02   1.43199395E-02   1.64379869E-02   1.59755759E-02   1.51667241E-02   1.64959822E-02   1.62041616E-02   1.49822636E-02   1.65912341E-02   1.30776279E-02   1.39626060E-02   1.35957208E-02   1.18597355E-02   1.44840879E-02   9.58605483E-03   8.69883504E-03   9.83729772E-03   3.60146491E-03   4.25276393E-03   1.83255272E-03  -999.000000       1.29507598E-03   1.63570070E-03   3.20989173E-04  -999.000000      -999.000000      -999.000000      -999.000000      -999.000000      -999.000000      -999.000000      -999.000000      -999.000000      -999.000000      -999.000000      -999.000000      -999.000000      -999.000000      -999.000000      -999.000000      -999.000000      -999.000000      -999.000000      -999.000000      -999.000000      -999.000000      -999.000000      -999.000000      -999.000000      -999.000000      -7.54394308E-02  -7.20602274E-02  -6.84731752E-02  -6.54413700E-02  -6.18387088E-02  -5.89828640E-02  -5.62675074E-02  -5.36570810E-02  -5.12524247E-02  -4.88859676E-02  -4.65603024E-02  -4.41884398E-02  -4.21539545E-02  -3.93867940E-02  -3.72966714E-02  -3.48078422E-02  -3.28463949E-02  -3.33740860E-02  -3.19286920E-02  -3.05266418E-02  -2.90386677E-02  -2.77949534E-02  -2.61908621E-02  -2.44688168E-02  -2.31146626E-02  -2.13335603E-02  -1.97336152E-02  -1.81691423E-02  -1.69653073E-02  -1.50324553E-02  -1.42184347E-02  -1.25469714E-02  -1.10357553E-02  -9.97803360E-03  -8.19142163E-03  -7.10552186E-03  -5.95494360E-03  -4.97229397E-03  -3.49154323E-03  -2.26635486E-03  -7.17043877E-04  -1.78471208E-04   8.81187618E-04   1.92806870E-03   2.76333839E-03   2.72527337E-03   2.78090686E-03   3.84382904E-03   3.14064324E-03   4.37836349E-03   4.01331484E-03   2.31223553E-03   2.11203843E-03   9.62123275E-04  -2.52499431E-03  -2.86142528E-03  -6.50765002E-03  -9.17749852E-03  -8.37653130E-03  -8.77512246E-03  -8.51710886E-03
        1166   35.4589996     10:33:26.142   6.06602468E-02   4.29574735E-02   5.43923303E-02   5.35860099E-02   4.87965420E-02   4.76514809E-02   4.82103750E-02   4.56947275E-02   4.16065119E-02   4.13770340E-02   4.02075760E-02   3.89018022E-02   3.42045352E-02   3.71957757E-02   3.41265351E-02   3.32225785E-02   3.20282243E-02   3.19385342E-02   3.01469862E-02   2.90369205E-02   2.92739477E-02   2.81112287E-02   2.71402374E-02   2.76242457E-02   2.70711705E-02   2.63304301E-02   2.60042436E-02   2.62635574E-02   2.41064280E-02   2.50657089E-02   2.53043100E-02   2.33518630E-02   2.50805691E-02   2.37959884E-02   2.33625453E-02   2.31681373E-02   2.27902289E-02   2.18358636E-02   2.25193147E-02   2.18153298E-02   2.11946592E-02   2.14562379E-02   2.12839190E-02   2.61142068E-02   2.58054268E-02   2.58784667E-02   2.52984874E-02   2.49232911E-02   2.44939197E-02   2.34043803E-02   2.37882137E-02   2.33186353E-02   2.35286690E-02   2.43527237E-02   2.32381541E-02   2.38656458E-02   2.35302672E-02   2.36194767E-02   2.35130470E-02   2.32405830E-02   2.35346965E-02   2.33558547E-02   2.32497901E-02   2.31527723E-02   2.32903622E-02   2.41383258E-02   2.42056660E-02   2.39266213E-02   2.45257653E-02   2.40339488E-02   2.43021734E-02   2.44013425E-02   2.24582404E-02   2.46239267E-02   2.18680557E-02   2.19235569E-02   2.16800123E-02   1.90443620E-02   2.05299109E-02   1.62522122E-02   1.31903579E-02   1.56767219E-02   9.63199418E-03   1.02475770E-02   1.13809900E-02   6.82353834E-03   1.27189998E-02  -999.000000      -999.000000      -999.000000      -999.000000      -999.000000      -999.000000      -999.000000      -999.000000      -999.000000      -999.000000      -999.000000      -999.000000      -999.000000      -999.000000      -999.000000      -999.000000      -999.000000      -999.000000      -999.000000      -999.000000      -999.000000      -999.000000      -999.000000      -999.000000      -999.000000      -999.000000      -7.67036900E-02  -7.30244815E-02  -7.01473802E-02  -6.75455555E-02  -6.40828758E-02  -6.17870465E-02  -5.94917089E-02  -5.68713360E-02  -5.44666797E-02  -5.24702445E-02  -5.00945896E-02  -4.79327217E-02  -4.51982282E-02  -4.40711081E-02  -4.20010053E-02  -3.95721681E-02  -3.70007269E-02  -3.38082761E-02  -3.20527293E-02  -3.07703651E-02  -2.92320736E-02  -2.80879177E-02  -2.66632661E-02  -2.51507238E-02  -2.35261694E-02  -2.20650770E-02  -2.05254182E-02  -1.88813657E-02  -1.74880326E-02  -1.55256279E-02  -1.46020576E-02  -1.29309222E-02  -1.15299895E-02  -1.03124231E-02  -8.90588015E-03  -7.82989711E-03  -6.76911324E-03  -4.97628003E-03  -3.69545817E-03  -2.37034261E-03  -1.02123618E-03  -1.28373504E-05   2.66656280E-04   2.05347687E-03   2.85885483E-03   2.97097862E-03   4.16699797E-03   4.10055369E-03   5.22826612E-03   4.46728617E-03   3.93407047E-03   3.65521014E-03   1.82769448E-03   1.06151402E-03  -1.74157321E-03  -4.80285287E-03  -4.62511927E-03  -8.86124372E-03  -8.76635313E-03  -9.53225791E-03  -8.43331963E-03
        1167   35.5909996     10:33:26.391   6.03004433E-02   5.08575998E-02   5.27224392E-02   5.48560731E-02   5.00965863E-02   5.00215031E-02   4.77804244E-02   4.99247387E-02   4.47465032E-02   4.32570130E-02   4.21275608E-02   4.21417654E-02   3.65244858E-02   3.85057554E-02   3.72464955E-02   3.59925106E-02   3.37281823E-02   3.45485024E-02   3.22869569E-02   3.13269161E-02   3.15039344E-02   3.01912054E-02   2.95302309E-02   3.02442405E-02   2.87211724E-02   2.87504457E-02   2.79142726E-02   2.87735965E-02   2.57264823E-02   2.63457838E-02   2.66943779E-02   2.46219411E-02   2.56906152E-02   2.46860199E-02   2.41025742E-02   2.38381512E-02   2.39902399E-02   2.29758751E-02   2.29793191E-02   2.25853305E-02   2.21446436E-02   2.21662223E-02   2.06439346E-02   2.10442767E-02   2.03655995E-02   2.01688092E-02   1.97290275E-02   1.88240670E-02   1.86949745E-02   1.83957312E-02   1.75797381E-02   1.78701151E-02   1.80299990E-02   1.78737994E-02   1.79189742E-02   1.70762241E-02   1.71106178E-02   1.71796605E-02   1.71730798E-02   1.70905422E-02   1.73046347E-02   1.71058662E-02   1.60699021E-02   1.63029749E-02   1.63805820E-02   1.66384988E-02   1.69957001E-02   1.66465472E-02   1.70256253E-02   1.69938039E-02   1.65520739E-02   1.65313408E-02   1.62185002E-02   1.52445538E-02   1.40592121E-02   1.38255022E-02   1.20630749E-02   1.31386966E-02   1.01557337E-02   8.60008970E-03   7.38036260E-03   3.26944841E-03   2.55767256E-03   2.08477722E-03   1.08020985E-03   1.70386629E-03   1.29948370E-03  -999.000000      -999.000000      -999.000000      -999.000000      -999.000000      -999.000000      -999.000000      -999.000000      -999.000000      -999.000000      -999.000000      -999.000000      -999.000000      -999.000000      -999.000000      -999.000000      -999.000000      -999.000000      -999.000000      -999.000000      -999.000000      -999.000000      -999.000000      -999.000000      -999.000000      -999.000000      -7.73332119E-02  -7.45640025E-02  -7.17568845E-02  -6.82750344E-02  -6.56523630E-02  -6.31465316E-02  -6.05811998E-02  -5.82008585E-02  -5.55062145E-02  -5.33197857E-02  -5.11741415E-02  -4.85322699E-02  -4.69077751E-02  -4.46206741E-02  -4.24105786E-02  -4.09217514E-02  -3.84103023E-02  -3.36877853E-02  -3.14121433E-02  -3.05596069E-02  -2.85811648E-02  -2.74567604E-02  -2.59418264E-02  -2.53789835E-02  -2.31742337E-02  -2.15931199E-02  -1.96936131E-02  -1.77297741E-02  -1.66667067E-02  -1.44545510E-02  -1.34912282E-02  -1.22702792E-02  -1.10794902E-02  -9.69202816E-03  -8.74549896E-03  -7.37947971E-03  -6.60860538E-03  -5.56565076E-03  -3.64479423E-03  -2.23970413E-03  -1.16070360E-03   3.07567418E-04   1.03696436E-03   1.30375475E-03   1.61916018E-03   2.54138559E-03   3.59761715E-03   2.80147046E-03   3.59966606E-03   3.74935567E-03   3.65713984E-03   4.31945175E-03   2.60335952E-03   7.19189644E-04  -1.31173432E-03  -6.33024424E-03  -7.58039951E-03  -9.41447914E-03  -1.08774528E-02  -1.01018250E-02  -6.34236634E-03
        1168   35.7150002     10:33:26.640   9.00604948E-02   7.01676458E-02   8.17724690E-02   8.28061104E-02   7.96866119E-02   7.97315091E-02   8.16404447E-02   7.67247602E-02   7.19464868E-02   6.76370114E-02   6.24575652E-02   6.06517307E-02   5.55244833E-02   5.57457507E-02   5.38264848E-02   5.20024933E-02   5.04681803E-02   4.95685078E-02   4.85969409E-02   4.72669117E-02   4.73839380E-02   4.55012023E-02   4.46102433E-02   4.40242551E-02   4.32311781E-02   4.30104546E-02   4.10542898E-02   4.14936207E-02   3.93765084E-02   3.89558114E-02   3.88444141E-02   3.69119644E-02   3.75906378E-02   3.73360366E-02   3.64425927E-02   3.58781591E-02   3.58102545E-02   3.42358872E-02   3.37693244E-02   3.36653367E-02   3.31846401E-02   3.24962214E-02   3.17939371E-02   2.42143050E-02   2.33656708E-02   2.36089285E-02   2.32092068E-02   2.23243311E-02   2.19353382E-02   2.17461828E-02   2.10802443E-02   2.17906144E-02   2.15204321E-02   2.17341539E-02   2.11792458E-02   2.05764137E-02   2.05807369E-02   2.05197223E-02   2.05530897E-02   2.05605272E-02   2.02946141E-02   2.06658710E-02   2.06799451E-02   2.02530455E-02   2.00906545E-02   2.05285586E-02   2.10457165E-02   2.16865242E-02   2.08255854E-02   2.14437600E-02   2.07720567E-02   2.04013549E-02   1.95786059E-02   1.86147820E-02   1.89596210E-02   1.81461759E-02   1.74841247E-02   1.77201722E-02   1.43977031E-02   1.39127420E-02   1.12637272E-02   9.54371504E-03   6.44292124E-03   7.24052172E-03   6.47661230E-03   7.83062354E-03   9.04627331E-03  -999.000000      -999.000000      -999.000000      -999.000000      -999.000000      -999.000000      -999.000000      -999.000000      -999.000000      -999.000000      -999.000000      -999.000000      -999.000000      -999.000000      -999.000000      -999.000000      -999.000000      -999.000000      -999.000000      -999.000000      -999.000000      -999.000000      -999.000000      -999.000000      -999.000000      -999.000000      -999.000000      -7.37565458E-02  -7.12194145E-02  -6.83075562E-02  -6.52248859E-02  -6.24090508E-02  -6.04237393E-02  -5.83734065E-02  -5.52887544E-02  -5.27723283E-02  -5.11866733E-02  -4.84348163E-02  -4.64703217E-02  -4.38632183E-02  -4.19631340E-02  -3.96543108E-02  -3.77328582E-02  -3.49103026E-02  -3.34946364E-02  -3.17320451E-02  -3.03435586E-02  -2.92790681E-02  -2.76040249E-02  -2.59611011E-02  -2.44962722E-02  -2.27651633E-02  -2.12157033E-02  -1.95319504E-02  -1.77089721E-02  -1.63668953E-02  -1.50036402E-02  -1.34527534E-02  -1.21020228E-02  -1.10045895E-02  -9.34807211E-03  -8.09203088E-03  -6.52112067E-03  -5.97813725E-03  -4.64727730E-03  -3.34220380E-03  -1.59322470E-03  -6.04972243E-04   3.54371965E-04   1.00114942E-03   2.00657547E-03   2.13883817E-03   3.28513235E-03   3.29910964E-03   4.06745076E-03   4.24738228E-03   3.34549695E-03   3.27819586E-03   2.21258402E-03   6.90892339E-05  -1.08113140E-03  -4.47873771E-03  -6.61817193E-03  -9.09159333E-03  -8.99386406E-03  -9.03772563E-03  -7.56811351E-03
        1169   35.8139992     10:33:26.888   5.61305657E-02   5.58977649E-02   4.70525287E-02   5.39761297E-02   4.99366149E-02   4.96415161E-02   4.60704826E-02   4.87247705E-02   4.53164950E-02   4.50069979E-02   4.25075479E-02   4.42217104E-02   4.10644487E-02   3.97457331E-02   3.98064665E-02   3.86724658E-02   3.77881490E-02   3.72384824E-02   3.68469283E-02   3.55369039E-02   3.57839279E-02   3.52111757E-02   3.41702364E-02   3.53842564E-02   3.46611850E-02   3.44604589E-02   3.38143036E-02   3.40436473E-02   3.42565365E-02   3.24258581E-02   3.42444517E-02   3.29820104E-02   3.22306603E-02   3.29060480E-02   3.22326124E-02   3.26281637E-02   3.17102596E-02   3.21359001E-02   3.14093232E-02   3.11153345E-02   3.13146338E-02   3.09362113E-02   3.00639514E-02   4.09543440E-02   4.02157605E-02   4.02591079E-02   3.98194939E-02   3.91647443E-02   3.87059003E-02   3.82469036E-02   3.78110558E-02   3.74814048E-02   3.75011414E-02   3.75747271E-02   3.74596864E-02   3.79367247E-02   3.71909253E-02   3.72698233E-02   3.65031064E-02   3.66205052E-02   3.62645797E-02   3.61458771E-02   3.58700044E-02   3.58831547E-02   3.56207751E-02   3.59486528E-02   3.56257372E-02   3.60664837E-02   3.55855152E-02   3.56836841E-02   3.51920016E-02   3.52413580E-02   3.48587446E-02   3.53651159E-02   3.27302404E-02   3.22372131E-02   3.17657590E-02   2.95124836E-02   2.84208059E-02   2.68969405E-02   2.35390589E-02   2.42304914E-02   2.00612694E-02   1.78796854E-02   2.08268445E-02   1.73214432E-02   1.75671782E-02  -999.000000      -999.000000      -999.000000      -999.000000      -999.000000      -999.000000      -999.000000      -999.000000      -999.000000      -999.000000      -999.000000      -999.000000      -999.000000      -999.000000      -999.000000      -999.000000      -999.000000      -999.000000      -999.000000      -999.000000      -999.000000      -999.000000      -999.000000      -999.000000      -999.000000      -999.000000      -7.78857768E-02  -7.47565702E-02  -7.21994191E-02  -6.97175637E-02  -6.63048849E-02  -6.33490533E-02  -6.14037439E-02  -5.82334287E-02  -5.59087768E-02  -5.39023727E-02  -5.14967218E-02  -4.89548482E-02  -4.66003455E-02  -4.44632508E-02  -4.32431884E-02  -4.06643562E-02  -3.80229130E-02  -3.58303264E-02  -3.38746049E-02  -3.32719199E-02  -3.07933427E-02  -2.94787288E-02  -2.84135304E-02  -2.71104686E-02  -2.57555246E-02  -2.38044076E-02  -2.19150260E-02  -2.02213898E-02  -1.93385519E-02  -1.70966014E-02  -1.58434808E-02  -1.43826678E-02  -1.32420287E-02  -1.13946497E-02  -1.01581365E-02  -8.72208923E-03  -7.61111826E-03  -6.49807602E-03  -4.77721542E-03  -3.74215096E-03  -1.63323432E-03  -6.95034862E-04   3.24279070E-04   1.43103302E-03   2.15647370E-03   3.37877125E-03   4.17519361E-03   4.02932614E-03   4.32792306E-03   5.29821217E-03   4.42685187E-03   3.64018977E-03   2.57533044E-03  -1.27084553E-04  -9.96172428E-04  -5.09228557E-03  -8.26059282E-03  -8.27292353E-03  -9.54407454E-03  -9.57715511E-03  -7.53723085E-03
        1170   35.9109993     10:33:27.137   5.12306690E-02   5.21278381E-02   5.17426282E-02   5.08262105E-02   5.08366525E-02   4.91715595E-02   4.77505699E-02   4.85348068E-02   4.46964838E-02   4.24169935E-02   3.99275161E-02   3.95316742E-02   3.72844078E-02   3.67957205E-02   3.61764207E-02   3.38824242E-02   3.24281231E-02   3.20584625E-02   3.20069082E-02   3.03169023E-02   3.02639231E-02   2.99011599E-02   2.86702421E-02   2.79942565E-02   2.77411845E-02   2.75904834E-02   2.68643443E-02   2.70036943E-02   2.59966068E-02   2.48859338E-02   2.56345347E-02   2.39120889E-02   2.43007094E-02   2.43060868E-02   2.30626464E-02   2.30281893E-02   2.28702817E-02   2.25959234E-02   2.20693294E-02   2.17353478E-02   2.16746274E-02   2.13062055E-02   2.06539743E-02   1.99444275E-02   1.91859417E-02   1.89194418E-02   1.84200052E-02   1.80554800E-02   1.75769087E-02   1.68581698E-02   1.62824858E-02   1.69527903E-02   1.69823747E-02   1.61857195E-02   1.60504393E-02   1.61372535E-02   1.55412443E-02   1.59399901E-02   1.62531361E-02   1.58104654E-02   1.54245254E-02   1.53958891E-02   1.49201136E-02   1.51333511E-02   1.47409821E-02   1.49488170E-02   1.65157747E-02   1.47464266E-02   1.62453949E-02   1.58635620E-02   1.39919380E-02   1.52613875E-02   1.52190262E-02   1.22857457E-02   1.35113671E-02   1.22390818E-02   1.13286767E-02   1.25265904E-02   7.65629811E-03   8.10434856E-03   5.35845570E-03   1.54242618E-03   2.57595116E-03  -999.000000      -999.000000      -999.000000       1.52622722E-03  -999.000000      -999.000000      -999.000000      -999.000000      -999.000000      -999.000000      -999.000000      -999.000000      -999.000000      -999.000000      -999.000000      -999.000000      -999.000000      -999.000000      -999.000000      -999.000000      -999.000000      -999.000000      -999.000000      -999.000000      -999.000000      -999.000000      -999.000000      -999.000000      -999.000000      -999.000000      -7.66008645E-02  -7.38516524E-02  -7.10244700E-02  -6.79525957E-02  -6.51699305E-02  -6.21140972E-02  -6.01588003E-02  -5.71785197E-02  -5.48738651E-02  -5.21374643E-02  -5.04718199E-02  -4.76699360E-02  -4.56854440E-02  -4.33883741E-02  -4.13483121E-02  -3.94994877E-02  -3.71680334E-02  -3.56453769E-02  -3.39995772E-02  -3.24467458E-02  -3.14080194E-02  -2.94631720E-02  -2.79776938E-02  -2.73343772E-02  -2.47892290E-02  -2.38281153E-02  -2.15388760E-02  -2.00554393E-02  -1.88028589E-02  -1.69511437E-02  -1.52482390E-02  -1.40576065E-02  -1.20771006E-02  -1.06397867E-02  -9.30333138E-03  -7.75721669E-03  -6.54615462E-03  -5.39301336E-03  -3.71212512E-03  -2.77707726E-03  -1.05827302E-03  -1.80169940E-04   1.30904466E-03   1.44577026E-03   3.16124409E-03   3.41364741E-03   4.16024774E-03   4.07470018E-03   4.71374393E-03   4.83468175E-03   4.39425558E-03   2.43867189E-03   2.56514549E-03   2.04600394E-04  -1.99245661E-03  -3.21598351E-03  -5.91233373E-03  -7.46279955E-03  -9.14196670E-03  -1.01136491E-02  -7.95326382E-03
        1171   36.0079994     10:33:27.385   5.71508296E-02   5.14679849E-02   5.38028181E-02   5.56962900E-02   5.16567118E-02   5.11215851E-02   4.99606431E-02   4.85748313E-02   4.71264720E-02   4.76469994E-02   4.53474894E-02   4.53816019E-02   4.23943922E-02   4.24256809E-02   4.16763835E-02   3.96923572E-02   3.97680812E-02   3.77584472E-02   3.72768864E-02   3.75668891E-02   3.58639061E-02   3.63511331E-02   3.58202606E-02   3.54742743E-02   3.52412015E-02   3.50405164E-02   3.41043845E-02   3.47937532E-02   3.42566818E-02   3.26860249E-02   3.34146209E-02   3.25821862E-02   3.23907770E-02   3.20861340E-02   3.19326892E-02   3.12882178E-02   3.15603130E-02   3.13859507E-02   3.06493454E-02   3.06553561E-02   3.04546207E-02   2.99961958E-02   2.97539961E-02   3.53145190E-02   3.49061489E-02   3.46798375E-02   3.40706296E-02   3.35763730E-02   3.25181223E-02   3.22697125E-02   3.20742130E-02   3.21644768E-02   3.18338722E-02   3.21369357E-02   3.16513628E-02   3.09979096E-02   3.15416381E-02   3.10301967E-02   3.07031740E-02   3.02804131E-02   3.04544568E-02   3.06659061E-02   2.96902489E-02   2.99135856E-02   3.02112326E-02   2.95290165E-02   3.06358226E-02   3.01363505E-02   3.01652458E-02   3.06634121E-02   2.89518517E-02   2.82814149E-02   3.01793553E-02   2.68064942E-02   2.84527261E-02   2.71513388E-02   2.48522069E-02   2.62515657E-02   2.07829550E-02   2.23333351E-02   2.34198589E-02   1.51569098E-02   1.68837737E-02   1.48352999E-02   1.17365932E-02   1.43133979E-02   1.70493908E-02  -999.000000      -999.000000      -999.000000      -999.000000      -999.000000      -999.000000      -999.000000      -999.000000      -999.000000      -999.000000      -999.000000      -999.000000      -999.000000      -999.000000      -999.000000      -999.000000      -999.000000      -999.000000      -999.000000      -999.000000      -999.000000      -999.000000      -999.000000      -999.000000      -999.000000      -999.000000      -7.61214495E-02  -7.38922432E-02  -7.03250319E-02  -6.75631464E-02  -6.47504702E-02  -6.18946403E-02  -5.94193563E-02  -5.71091063E-02  -5.42944595E-02  -5.23080863E-02  -5.00324294E-02  -4.71805558E-02  -4.54260632E-02  -4.37090062E-02  -4.09789644E-02  -3.88401337E-02  -3.68686914E-02  -3.48159447E-02  -3.32900435E-02  -3.20070200E-02  -3.04081030E-02  -2.89529823E-02  -2.75871605E-02  -2.63235457E-02  -2.46081650E-02  -2.30070427E-02  -2.15979628E-02  -1.96447931E-02  -1.82525031E-02  -1.68310665E-02  -1.56484395E-02  -1.36180073E-02  -1.23376623E-02  -1.11304596E-02  -9.92403179E-03  -8.66787881E-03  -7.49669969E-03  -5.61344624E-03  -4.93251532E-03  -3.13750654E-03  -2.13880837E-03  -7.70829618E-04  -1.71728432E-04   6.94960356E-04   9.50492918E-04   1.82300061E-03   2.26984918E-03   2.63466686E-03   3.06424499E-03   4.00596857E-03   2.92664766E-03   2.31241435E-03   3.30049545E-03   2.22325325E-05  -6.92367554E-04  -4.94278222E-03  -6.77672029E-03  -6.57487661E-03  -7.48167932E-03  -8.72164220E-03  -4.98068333E-03
        1172   36.1069984     10:33:27.634   6.09709844E-02   4.55781706E-02   5.83328977E-02   5.50863780E-02   5.02867512E-02   4.86216247E-02   5.16907163E-02   4.74748649E-02   4.31064740E-02   4.34469953E-02   4.20974828E-02   4.26515862E-02   3.56843509E-02   3.82256806E-02   3.57163623E-02   3.44023257E-02   3.34580615E-02   3.25984396E-02   3.10968813E-02   2.98168976E-02   3.06339227E-02   2.90311426E-02   2.88702808E-02   2.79842932E-02   2.81312279E-02   2.73805484E-02   2.63744425E-02   2.68038232E-02   2.53667720E-02   2.51461323E-02   2.57947240E-02   2.39922814E-02   2.43708473E-02   2.38561872E-02   2.36627497E-02   2.27982569E-02   2.32403520E-02   2.26759873E-02   2.16793641E-02   2.18153801E-02   2.13546362E-02   2.05862150E-02   2.04940401E-02   2.02546213E-02   1.96563620E-02   1.91502161E-02   1.81911960E-02   1.90471839E-02   1.72092151E-02   1.70210879E-02   1.74957495E-02   1.66659597E-02   1.69951897E-02   1.63779948E-02   1.59921646E-02   1.58884712E-02   1.56019852E-02   1.61303729E-02   1.58032030E-02   1.69603676E-02   1.50143988E-02   1.52359242E-02   1.58703718E-02   1.46237966E-02   1.51214618E-02   1.63492039E-02   1.45258717E-02   1.63263008E-02   1.66851431E-02   1.57433152E-02   1.64318215E-02   1.57714933E-02   1.33297136E-02   1.66072343E-02   1.26140108E-02   1.29834227E-02   1.38654197E-02   1.05060572E-02   1.00889318E-02   9.72136855E-03   2.48001888E-03   7.75978109E-03   1.96957309E-03   6.25899993E-05   2.37582438E-03  -999.000000       2.29970133E-03  -999.000000      -999.000000      -999.000000      -999.000000      -999.000000      -999.000000      -999.000000      -999.000000      -999.000000      -999.000000      -999.000000      -999.000000      -999.000000      -999.000000      -999.000000      -999.000000      -999.000000      -999.000000      -999.000000      -999.000000      -999.000000      -999.000000      -999.000000      -999.000000      -999.000000      -999.000000      -7.84011334E-02  -7.51319304E-02  -7.16046840E-02  -6.91027716E-02  -6.62300959E-02  -6.31442666E-02  -6.03690073E-02  -5.85187897E-02  -5.49641401E-02  -5.31477705E-02  -5.06921224E-02  -4.81602475E-02  -4.58157584E-02  -4.33487110E-02  -4.18386720E-02  -3.89298536E-02  -3.65384072E-02  -3.53155956E-02  -3.33795957E-02  -3.16764005E-02  -3.02173160E-02  -2.90419646E-02  -2.72958465E-02  -2.60019526E-02  -2.50163749E-02  -2.25552507E-02  -2.11563259E-02  -1.93933733E-02  -1.78813711E-02  -1.61801651E-02  -1.53177828E-02  -1.33375227E-02  -1.19273439E-02  -1.02802292E-02  -8.26382637E-03  -7.80762732E-03  -6.41632825E-03  -5.23297489E-03  -3.64202261E-03  -2.68703699E-03  -1.58844143E-03  -6.00568950E-04   5.98460436E-04   1.47512555E-03   2.34069675E-03   2.91332603E-03   3.22037935E-03   3.54553759E-03   3.48559767E-03   3.61800939E-03   2.70969421E-03   2.49665976E-03   2.36615539E-03  -8.10094178E-04  -6.72534108E-04  -3.38018686E-03  -7.64200836E-03  -6.07819855E-03  -8.56289268E-03  -9.37144458E-03  -6.58001751E-03
        1173   36.2099991     10:33:27.883   5.12310825E-02   5.31882122E-02   6.10129647E-02   5.00663891E-02   5.28467856E-02   5.07316329E-02   5.21007441E-02   4.58248630E-02   4.77764793E-02   4.38969918E-02   4.43674661E-02   3.88515294E-02   3.80443260E-02   3.98956500E-02   3.54263298E-02   3.53622772E-02   3.39880250E-02   3.30584049E-02   3.12968530E-02   3.11168805E-02   3.08439005E-02   2.91110985E-02   2.93402616E-02   2.82842834E-02   2.83112023E-02   2.82605458E-02   2.74144430E-02   2.69938409E-02   2.58867946E-02   2.72861682E-02   2.67847627E-02   2.51623224E-02   2.56708637E-02   2.47561950E-02   2.53627561E-02   2.40482539E-02   2.42803469E-02   2.40259841E-02   2.35793516E-02   2.37353668E-02   2.25246064E-02   2.27861889E-02   2.26940345E-02   2.38146521E-02   2.37564649E-02   2.34604217E-02   2.28315387E-02   2.21776795E-02   2.20899079E-02   2.13219747E-02   2.13167518E-02   2.20069457E-02   2.09360775E-02   2.15587150E-02   2.16727220E-02   2.07888670E-02   2.06022207E-02   2.04805005E-02   2.12832280E-02   2.01303400E-02   2.07943581E-02   2.01859269E-02   2.04204433E-02   2.01939289E-02   2.02516019E-02   2.07893122E-02   2.08858885E-02   2.11462416E-02   2.12350339E-02   2.05131918E-02   2.01617256E-02   2.04114560E-02   2.00498365E-02   1.97175927E-02   1.93347186E-02   1.70146506E-02   1.90273877E-02   1.43088680E-02   1.39427306E-02   1.49065331E-02   1.04166009E-02   8.89817532E-03   8.44994746E-03   5.97398402E-03   5.88860177E-03   5.27720619E-03   5.45341242E-03  -999.000000      -999.000000      -999.000000      -999.000000      -999.000000      -999.000000      -999.000000      -999.000000      -999.000000      -999.000000      -999.000000      -999.000000      -999.000000      -999.000000      -999.000000      -999.000000      -999.000000      -999.000000      -999.000000      -999.000000      -999.000000      -999.000000      -999.000000      -999.000000      -999.000000      -999.000000      -7.43080825E-02  -7.05388859E-02  -6.73816130E-02  -6.50896877E-02  -6.19570203E-02  -5.89311831E-02  -5.65259270E-02  -5.33857346E-02  -5.12610897E-02  -4.90347221E-02  -4.63190675E-02  -4.42572124E-02  -4.23327126E-02  -4.01156805E-02  -3.87356691E-02  -3.60268392E-02  -3.37153822E-02  -3.44325230E-02  -3.28364782E-02  -3.16531807E-02  -3.00639756E-02  -2.82784700E-02  -2.71221474E-02  -2.56380811E-02  -2.39223354E-02  -2.23412178E-02  -2.10223831E-02  -1.86595805E-02  -1.76377520E-02  -1.64466947E-02  -1.46044679E-02  -1.34143457E-02  -1.18142515E-02  -1.08672157E-02  -9.63083655E-03  -8.06460530E-03  -6.84324652E-03  -5.71981817E-03  -4.40883636E-03  -2.96387076E-03  -2.08537281E-03  -9.67569649E-04  -2.18607485E-04   4.48018312E-04   1.69362873E-03   2.48631835E-03   2.02349573E-03   2.69885361E-03   4.18922305E-03   3.45207751E-03   3.05440277E-03   3.96215171E-03   9.42602754E-04   7.47680664E-04  -2.53319740E-04  -5.39912283E-03  -5.16953319E-03  -7.57435709E-03  -1.07176006E-02  -7.06509501E-03  -4.81328368E-03
        1174   36.3129997     10:33:28.135   5.89211062E-02   6.17282651E-02   5.86929917E-02   6.01864383E-02   5.97567931E-02   5.90816289E-02   5.82007580E-02   5.72048612E-02   5.57164848E-02   5.29670119E-02   5.03674857E-02   4.82215360E-02   4.65043187E-02   4.59056571E-02   4.46163304E-02   4.31522839E-02   4.24280204E-02   4.13384251E-02   4.02368568E-02   3.94568928E-02   3.86539102E-02   3.83311138E-02   3.71502899E-02   3.71242911E-02   3.64012234E-02   3.59105654E-02   3.52344625E-02   3.41338553E-02   3.37968133E-02   3.32061797E-02   3.25947814E-02   3.24223414E-02   3.17108817E-02   3.11862100E-02   3.10427658E-02   3.04782670E-02   3.02203652E-02   2.92659998E-02   2.94293687E-02   2.88053807E-02   2.85846218E-02   2.75561977E-02   2.77040508E-02   2.22346708E-02   2.23364867E-02   2.11804640E-02   2.09715907E-02   1.98177472E-02   2.01299954E-02   1.88020822E-02   1.84868686E-02   1.95070449E-02   1.87561605E-02   1.90087780E-02   1.86927691E-02   1.80388950E-02   1.77522395E-02   1.79405082E-02   1.78732257E-02   1.78603362E-02   1.80243552E-02   1.77659299E-02   1.70404576E-02   1.81539506E-02   1.64916236E-02   1.78193301E-02   1.81258991E-02   1.67462472E-02   1.89050399E-02   1.84732061E-02   1.68417469E-02   1.79014932E-02   1.68398991E-02   1.51476897E-02   1.70548558E-02   1.36248479E-02   1.44176651E-02   1.37692355E-02   9.46319848E-03   1.07071400E-02   7.96735287E-03   4.37911088E-03   3.91107332E-03   7.65196979E-04   2.29992019E-03   3.87854711E-03   3.79472226E-03  -999.000000      -999.000000      -999.000000      -999.000000      -999.000000      -999.000000      -999.000000      -999.000000      -999.000000      -999.000000      -999.000000      -999.000000      -999.000000      -999.000000      -999.000000      -999.000000      -999.000000      -999.000000      -999.000000      -999.000000      -999.000000      -999.000000      -999.000000      -999.000000      -999.000000      -7.82423615E-02  -7.50266686E-02  -7.22174570E-02  -6.83701932E-02  -6.57882690E-02  -6.29155859E-02  -5.97697645E-02  -5.73945083E-02  -5.51243052E-02  -5.26496619E-02  -5.05733080E-02  -4.80576530E-02  -4.56857905E-02  -4.33112904E-02  -4.09142599E-02  -3.89542468E-02  -3.73654179E-02  -3.52439657E-02  -3.38610895E-02  -3.24150398E-02  -3.13217305E-02  -2.93225236E-02  -2.81469934E-02  -2.66606510E-02  -2.53865682E-02  -2.36708112E-02  -2.24297009E-02  -2.07608864E-02  -1.93081014E-02  -1.80662870E-02  -1.65952407E-02  -1.47030428E-02  -1.34929270E-02  -1.19028389E-02  -1.02958009E-02  -9.67942178E-03  -8.34318995E-03  -6.81182742E-03  -5.64839691E-03  -4.25740331E-03  -3.10245156E-03  -1.84394419E-03  -7.96139240E-04   6.42798841E-04   1.58943981E-03   1.53505057E-03   2.33775377E-03   2.92496383E-03   4.01034206E-03   3.49076092E-03   4.21366096E-03   4.49606776E-03   2.76388973E-03   2.39444524E-03   4.39658761E-04  -1.42119825E-03  -4.17682528E-03  -6.98707998E-03  -7.69177079E-03  -9.71493125E-03  -7.39237666E-03  -7.04052299E-03
        1175   36.4150009     10:33:28.384   5.43711223E-02   5.56482263E-02   5.41030131E-02   5.27264401E-02   5.20667844E-02   5.15116341E-02   5.06407693E-02   4.77348790E-02   4.61664870E-02   4.43170145E-02   4.27774712E-02   4.03315350E-02   3.83943468E-02   3.74656804E-02   3.64963450E-02   3.48223001E-02   3.42380442E-02   3.31184343E-02   3.18168812E-02   3.15969028E-02   3.10239308E-02   3.01711317E-02   2.98302975E-02   2.89643072E-02   2.89112385E-02   2.89405789E-02   2.81044748E-02   2.75438614E-02   2.65168194E-02   2.63461899E-02   2.61947904E-02   2.56423466E-02   2.49908864E-02   2.48262156E-02   2.45427750E-02   2.42782757E-02   2.38403752E-02   2.37960089E-02   2.30593774E-02   2.25853920E-02   2.21346375E-02   2.23162100E-02   2.15940643E-02   2.16746796E-02   2.24164929E-02   2.14204546E-02   2.10515670E-02   2.03477144E-02   1.99899338E-02   1.96719971E-02   1.91867687E-02   1.93869472E-02   1.86960679E-02   1.87487043E-02   1.87527053E-02   1.84988528E-02   1.87922101E-02   1.83404945E-02   1.87232215E-02   1.85203366E-02   1.77743603E-02   1.86159350E-02   1.72304511E-02   1.77339390E-02   1.78116132E-02   1.76293217E-02   1.90359019E-02   1.75262634E-02   1.80950630E-02   1.87932346E-02   1.72117781E-02   1.79915242E-02   1.74899213E-02   1.60976946E-02   1.64248291E-02   1.48147745E-02   1.58975199E-02   1.29790055E-02   1.21528693E-02   9.68667492E-03   7.76674459E-03   5.53831644E-03   5.22007141E-03   2.90408242E-03   2.38863728E-03   4.15715668E-03   1.94328232E-03  -999.000000      -999.000000      -999.000000      -999.000000      -999.000000      -999.000000      -999.000000      -999.000000      -999.000000      -999.000000      -999.000000      -999.000000      -999.000000      -999.000000      -999.000000      -999.000000      -999.000000      -999.000000      -999.000000      -999.000000      -999.000000      -999.000000      -999.000000      -999.000000      -999.000000      -999.000000      -7.59302005E-02  -7.27709979E-02  -6.93837255E-02  -6.64618164E-02  -6.39991462E-02  -6.11833148E-02  -5.86580560E-02  -5.63078523E-02  -5.32632098E-02  -5.13868555E-02  -4.89311963E-02  -4.64993231E-02  -4.44048308E-02  -4.24477980E-02  -3.98677774E-02  -3.82389538E-02  -3.59575078E-02  -3.32346372E-02  -3.14885825E-02  -3.02252918E-02  -2.88661011E-02  -2.74205804E-02  -2.58942619E-02  -2.49101929E-02  -2.31444612E-02  -2.15533413E-02  -1.98545232E-02  -1.84517168E-02  -1.64498985E-02  -1.55588537E-02  -1.39066279E-02  -1.28064901E-02  -1.13964006E-02  -1.03593543E-02  -8.80296528E-03  -7.62674958E-03  -6.74538314E-03  -5.49194962E-03  -3.43096256E-03  -2.44601816E-03  -1.52748823E-03  -5.79684973E-04   2.59287655E-04   1.21591985E-03   2.43154168E-03   1.80424005E-03   3.24143469E-03   3.11680883E-03   3.25719267E-03   3.91004980E-03   3.28239053E-03   3.27014923E-03   2.30059773E-03  -5.04299998E-04  -1.37531757E-03  -3.69112939E-03  -7.36153871E-03  -7.49637187E-03  -8.84968042E-03  -8.56726617E-03  -6.73549622E-03
        1176   36.5209999     10:33:28.633   5.47113307E-02   5.45884185E-02   5.61331473E-02   5.03865331E-02   5.21968491E-02   5.06717004E-02   5.25508858E-02   4.55749147E-02   4.72264998E-02   4.53769974E-02   4.20074500E-02   3.95114906E-02   3.88143100E-02   3.77656519E-02   3.64963040E-02   3.56122367E-02   3.41480002E-02   3.37384082E-02   3.18968520E-02   3.12969014E-02   3.15839201E-02   3.10311038E-02   3.10003180E-02   2.98443362E-02   2.90012527E-02   2.83406228E-02   2.93445457E-02   2.77339593E-02   2.73369364E-02   2.68663242E-02   2.66049244E-02   2.61124801E-02   2.57609747E-02   2.58062836E-02   2.52128467E-02   2.43483279E-02   2.41304208E-02   2.37160586E-02   2.36594062E-02   2.28054188E-02   2.29146350E-02   2.25562192E-02   2.21441053E-02   2.34948210E-02   2.32067816E-02   2.25209892E-02   2.20623855E-02   2.22588852E-02   2.07515247E-02   2.11040061E-02   2.07190160E-02   2.03291290E-02   2.08580084E-02   2.07102597E-02   2.02538911E-02   2.01796852E-02   1.96127146E-02   1.99307557E-02   1.98032614E-02   1.98202692E-02   1.93342697E-02   1.96259543E-02   1.88506301E-02   1.82142481E-02   1.92619450E-02   1.99195910E-02   1.88659709E-02   2.06261780E-02   1.88348945E-02   1.92230679E-02   2.04316992E-02   1.82616003E-02   1.86703987E-02   1.82887204E-02   1.64266527E-02   1.83577668E-02   1.51621634E-02   1.43155204E-02   1.27015654E-02   1.02783861E-02   1.13215838E-02   6.17713761E-03   5.26320003E-03   6.78940676E-03   1.65686442E-03   5.58690820E-03   7.32317474E-03  -999.000000      -999.000000      -999.000000      -999.000000      -999.000000      -999.000000      -999.000000      -999.000000      -999.000000      -999.000000      -999.000000      -999.000000      -999.000000      -999.000000      -999.000000      -999.000000      -999.000000      -999.000000      -999.000000      -999.000000      -999.000000      -999.000000      -999.000000      -999.000000      -999.000000      -999.000000      -7.44934008E-02  -7.19541833E-02  -6.87068850E-02  -6.64949417E-02  -6.34122640E-02  -6.03764355E-02  -5.77012077E-02  -5.53110465E-02  -5.33363968E-02  -5.00300601E-02  -4.84244078E-02  -4.58925366E-02  -4.38480526E-02  -4.16410267E-02  -3.97210456E-02  -3.74322049E-02  -3.55607606E-02  -3.41577828E-02  -3.27815972E-02  -3.05680707E-02  -2.96686217E-02  -2.78627612E-02  -2.65260004E-02  -2.56615281E-02  -2.38055028E-02  -2.25443877E-02  -2.04857811E-02  -1.90833211E-02  -1.76918954E-02  -1.60611905E-02  -1.45593137E-02  -1.31494552E-02  -1.18995756E-02  -1.01726651E-02  -8.93632323E-03  -8.51002336E-03  -7.00849295E-03  -5.42493165E-03  -4.08390164E-03  -2.93897837E-03  -1.77061558E-03  -4.92975116E-04   5.65871596E-04   9.82478261E-04   2.19815224E-03   2.55101174E-03   2.41851062E-03   3.11437249E-03   3.87547165E-03   3.84934992E-03   3.65314633E-03   1.86263770E-03   2.91518122E-03  -7.67782331E-05  -2.01461464E-03  -2.68639624E-03  -6.32369518E-03  -7.50558078E-03  -7.17580318E-03  -7.19126314E-03  -7.07877427E-03
        1177   36.6570015     10:33:28.881   5.47112934E-02   5.83084263E-02   5.53131290E-02   5.60565144E-02   5.33468351E-02   5.30016534E-02   5.07508516E-02   4.96848896E-02   4.81764488E-02   4.56369929E-02   4.37974371E-02   4.21014614E-02   4.01042700E-02   3.88256274E-02   3.73862721E-02   3.64022031E-02   3.44779678E-02   3.45183760E-02   3.33368182E-02   3.20268683E-02   3.24138887E-02   3.05410717E-02   3.02002765E-02   3.05142943E-02   2.96912231E-02   2.96105742E-02   2.87644900E-02   2.81939059E-02   2.83268802E-02   2.65162736E-02   2.67648753E-02   2.63524316E-02   2.59009320E-02   2.52762418E-02   2.49928012E-02   2.47282796E-02   2.38303803E-02   2.37260144E-02   2.35093627E-02   2.25753784E-02   2.27546003E-02   2.23961771E-02   2.15140600E-02   2.03347635E-02   2.00567059E-02   1.93908848E-02   1.93522610E-02   1.85987260E-02   1.86313279E-02   1.71737857E-02   1.72187872E-02   1.70389302E-02   1.72978397E-02   1.74001437E-02   1.68538056E-02   1.64896343E-02   1.62626859E-02   1.65907443E-02   1.62632708E-02   1.68402810E-02   1.64942760E-02   1.64459459E-02   1.59306005E-02   1.47142056E-02   1.61618982E-02   1.57695469E-02   1.54059445E-02   1.71461497E-02   1.63948555E-02   1.64830089E-02   1.57716144E-02   1.52614806E-02   1.59602147E-02   1.38284639E-02   1.36063024E-02   1.40172914E-02   1.18515231E-02   1.18347025E-02   1.11405449E-02   6.80708792E-03   7.28999730E-03   4.53519356E-03   7.10899942E-04   1.44695165E-03  -999.000000       3.35427839E-03   5.66066802E-03  -999.000000      -999.000000      -999.000000      -999.000000      -999.000000      -999.000000      -999.000000      -999.000000      -999.000000      -999.000000      -999.000000      -999.000000      -999.000000      -999.000000      -999.000000      -999.000000      -999.000000      -999.000000      -999.000000      -999.000000      -999.000000      -999.000000      -999.000000      -999.000000      -999.000000      -999.000000      -7.71701783E-02  -7.39609674E-02  -7.11736679E-02  -6.82117268E-02  -6.50690570E-02  -6.30132258E-02  -6.01479933E-02  -5.76678291E-02  -5.51231764E-02  -5.29468432E-02  -5.12911975E-02  -4.81393151E-02  -4.59948294E-02  -4.45078164E-02  -4.22978252E-02  -3.98589969E-02  -3.79975550E-02  -3.40745933E-02  -3.21684107E-02  -3.06849070E-02  -2.97254845E-02  -2.80496478E-02  -2.62429379E-02  -2.53384896E-02  -2.37824805E-02  -2.21813470E-02  -2.01526992E-02  -1.85701922E-02  -1.75287277E-02  -1.56179965E-02  -1.42660812E-02  -1.31762102E-02  -1.16163269E-02  -1.01194009E-02  -8.92306119E-03  -7.71677494E-03  -6.42526895E-03  -5.54171205E-03  -4.57069278E-03  -2.61577964E-03  -1.48740411E-03  -1.99742615E-04  -9.08970833E-07   1.38567388E-03   1.79132074E-03   2.01415271E-03   2.48160958E-03   3.51738185E-03   2.60840356E-03   3.58217210E-03   3.74581665E-03   3.07513773E-03   2.08748877E-03   7.52434134E-05  -2.25286931E-03  -2.98500806E-03  -7.94258714E-03  -6.47469610E-03  -8.87513161E-03  -1.09106228E-02  -5.52810729E-03
        1178   36.7989998     10:33:29.138   3.72909829E-02   5.71381003E-02   5.82528748E-02   4.49563600E-02   5.14567345E-02   4.89716008E-02   5.25107011E-02   4.17148247E-02   4.55164462E-02   4.25369889E-02   4.34674732E-02   3.51615548E-02   3.87743488E-02   3.81056555E-02   3.37163471E-02   3.41123082E-02   3.31880264E-02   3.23484130E-02   3.03668585E-02   3.13068628E-02   3.01838908E-02   2.86211073E-02   2.88502481E-02   2.76842676E-02   2.77211871E-02   2.71805227E-02   2.73344032E-02   2.61637829E-02   2.50667315E-02   2.62660794E-02   2.42246855E-02   2.39722431E-02   2.50708070E-02   2.28761546E-02   2.36527082E-02   2.29482241E-02   2.31003202E-02   2.19959524E-02   2.16693319E-02   2.17353497E-02   2.09646020E-02   2.12961771E-02   2.03339998E-02   2.11245753E-02   2.06762962E-02   2.08701212E-02   1.98210794E-02   2.01170370E-02   1.90790296E-02   1.85208768E-02   1.81055255E-02   1.79257561E-02   1.84950270E-02   1.82478689E-02   1.84820741E-02   1.78284142E-02   1.76619496E-02   1.77303609E-02   1.71632059E-02   1.78603791E-02   1.65344048E-02   1.66259147E-02   1.69403441E-02   1.55237569E-02   1.70514211E-02   1.71191655E-02   1.68158505E-02   1.79162826E-02   1.70551166E-02   1.53932748E-02   1.75517518E-02   1.47413928E-02   1.62295531E-02   1.66070089E-02   1.33336987E-02   1.39629897E-02   1.39548257E-02   1.05952835E-02   1.15779582E-02   9.52011719E-03   4.56848089E-03   7.21788406E-03   2.60731298E-03   1.50156673E-04   2.55320896E-03   5.21002337E-04   2.11715139E-03  -999.000000      -999.000000      -999.000000      -999.000000      -999.000000      -999.000000      -999.000000      -999.000000      -999.000000      -999.000000      -999.000000      -999.000000      -999.000000      -999.000000      -999.000000      -999.000000      -999.000000      -999.000000      -999.000000      -999.000000      -999.000000      -999.000000      -999.000000      -999.000000      -999.000000      -7.78156370E-02  -7.48099536E-02  -7.14007542E-02  -6.86535165E-02  -6.56816065E-02  -6.28889203E-02  -5.96031025E-02  -5.76978251E-02  -5.48576005E-02  -5.26729636E-02  -5.04865982E-02  -4.83909324E-02  -4.56490591E-02  -4.43645790E-02  -4.21975218E-02  -4.14175056E-02  -3.87086757E-02  -3.62772383E-02  -3.34744230E-02  -3.17984484E-02  -3.07252817E-02  -2.88462192E-02  -2.81109028E-02  -2.67448165E-02  -2.51609609E-02  -2.34453976E-02  -2.19442658E-02  -2.01853029E-02  -1.82223134E-02  -1.67702772E-02  -1.52190328E-02  -1.34266093E-02  -1.25863478E-02  -1.10461339E-02  -9.71900672E-03  -7.79262185E-03  -7.16642290E-03  -5.62515110E-03  -4.59180027E-03  -2.89085507E-03  -2.10586935E-03  -2.47277319E-04   5.06117940E-05   1.31963193E-03   1.70628726E-03   3.11184675E-03   2.97443569E-03   3.56144458E-03   3.93653661E-03   5.15652448E-03   3.90882790E-03   3.64035368E-03   3.88715416E-03   2.06647068E-03   8.59938562E-04  -9.92789865E-04  -5.82080334E-03  -6.19291514E-03  -6.38931245E-03  -9.08423960E-03  -6.56289607E-03  -5.99143654E-03
        1179   36.9370003     10:33:29.387   6.41307235E-02   5.74878938E-02   6.03227019E-02   5.70662469E-02   5.54666668E-02   5.40315509E-02   5.24705686E-02   5.26148118E-02   4.85264696E-02   4.69369926E-02   4.41275164E-02   4.44516279E-02   4.00644131E-02   4.09857072E-02   3.95364091E-02   3.74223962E-02   3.67281064E-02   3.60884592E-02   3.51468995E-02   3.35068926E-02   3.26739140E-02   3.26411612E-02   3.16402540E-02   3.14842574E-02   3.09411939E-02   3.03904917E-02   2.96143517E-02   2.93037072E-02   2.82366332E-02   2.75459643E-02   2.77445633E-02   2.71421187E-02   2.65107360E-02   2.63961013E-02   2.58026645E-02   2.53881980E-02   2.51802895E-02   2.50059254E-02   2.34993361E-02   2.40353514E-02   2.31446233E-02   2.30262037E-02   2.26939786E-02   2.05644593E-02   2.02860106E-02   1.96995828E-02   1.96602214E-02   1.83757953E-02   1.90073326E-02   1.79687161E-02   1.81030929E-02   1.81433819E-02   1.68729052E-02   1.77661479E-02   1.73207708E-02   1.64974891E-02   1.69213880E-02   1.64700616E-02   1.67831499E-02   1.61204468E-02   1.71445012E-02   1.62458979E-02   1.53501639E-02   1.69034302E-02   1.54510699E-02   1.68188885E-02   1.68257896E-02   1.54163996E-02   1.70953404E-02   1.63735114E-02   1.51119055E-02   1.71913914E-02   1.51991369E-02   1.42060053E-02   1.50618413E-02   1.22598745E-02   1.44699179E-02   1.32383406E-02   7.09864218E-03   1.10675152E-02   6.51247706E-03   2.59753317E-03   5.81223797E-03  -999.000000       4.32248320E-03   4.25851066E-03  -999.000000      -999.000000      -999.000000      -999.000000      -999.000000      -999.000000      -999.000000      -999.000000      -999.000000      -999.000000      -999.000000      -999.000000      -999.000000      -999.000000      -999.000000      -999.000000      -999.000000      -999.000000      -999.000000      -999.000000      -999.000000      -999.000000      -999.000000      -999.000000      -999.000000      -999.000000      -999.000000      -7.58478940E-02  -7.30286837E-02  -7.02114850E-02  -6.67396039E-02  -6.42969385E-02  -6.12810999E-02  -5.81358150E-02  -5.61755449E-02  -5.33908978E-02  -5.10245003E-02  -4.88588437E-02  -4.55969796E-02  -4.43424806E-02  -4.20954078E-02  -3.95753570E-02  -3.75265293E-02  -3.52250859E-02  -3.26724015E-02  -3.15265618E-02  -3.02436724E-02  -2.88248658E-02  -2.75299326E-02  -2.59743258E-02  -2.49609053E-02  -2.28556730E-02  -2.16545574E-02  -1.99453607E-02  -1.82820223E-02  -1.71295479E-02  -1.55679211E-02  -1.42451301E-02  -1.24945715E-02  -1.13641098E-02  -1.04968548E-02  -8.82038474E-03  -7.93427974E-03  -6.25316799E-03  -5.23999333E-03  -3.93907726E-03  -2.62404233E-03  -1.74528360E-03  -4.37222421E-04   2.91951001E-04   1.54867023E-03   2.26416439E-03   2.38661468E-03   2.97328830E-03   3.45786661E-03   3.93711030E-03   4.06830758E-03   4.72827256E-03   2.73317844E-03   2.94021517E-03   9.40471888E-04  -2.53570825E-03  -4.07814980E-03  -5.61362505E-03  -7.38327950E-03  -7.89162517E-03  -8.65268707E-03  -5.18209487E-03
        1180   37.0750008     10:33:29.636   6.02904297E-02   5.01476526E-02   5.67024164E-02   5.49761094E-02   5.24765924E-02   5.21914922E-02   5.03504202E-02   5.01447320E-02   4.61564697E-02   4.53369953E-02   4.36575375E-02   4.22217362E-02   3.94344553E-02   3.97657380E-02   3.78364734E-02   3.64724994E-02   3.56181674E-02   3.45184915E-02   3.35969292E-02   3.32368985E-02   3.26939113E-02   3.12111881E-02   3.21602114E-02   3.13042365E-02   3.04711647E-02   3.01904324E-02   3.01042590E-02   2.95035820E-02   2.79564727E-02   2.79757753E-02   2.77543701E-02   2.69819256E-02   2.69706063E-02   2.63160095E-02   2.57225651E-02   2.55981367E-02   2.54702326E-02   2.46958658E-02   2.49593053E-02   2.39553154E-02   2.37646233E-02   2.38062050E-02   2.33239140E-02   2.18342636E-02   2.18655951E-02   2.10288092E-02   2.07390357E-02   2.05740985E-02   1.98350307E-02   1.98158044E-02   1.88898295E-02   1.93702150E-02   1.83300897E-02   1.88538805E-02   1.82090439E-02   1.80962700E-02   1.82506517E-02   1.77296791E-02   1.78630892E-02   1.73405409E-02   1.75546315E-02   1.73758660E-02   1.68799069E-02   1.67129859E-02   1.72205903E-02   1.70785040E-02   1.78656951E-02   1.66865271E-02   1.70155969E-02   1.83237661E-02   1.63920317E-02   1.63312964E-02   1.73984654E-02   1.47245312E-02   1.59692168E-02   1.41155533E-02   1.38131958E-02   1.31388986E-02   9.52603202E-03   8.84052180E-03   8.88093468E-03   3.78020108E-03   4.50862851E-03   2.17585056E-03   3.91145702E-03   2.95524229E-03   1.67091936E-03  -999.000000      -999.000000      -999.000000      -999.000000      -999.000000      -999.000000      -999.000000      -999.000000      -999.000000      -999.000000      -999.000000      -999.000000      -999.000000      -999.000000      -999.000000      -999.000000      -999.000000      -999.000000      -999.000000      -999.000000      -999.000000      -999.000000      -999.000000      -999.000000      -999.000000      -999.000000      -7.58316368E-02  -7.31924325E-02  -7.05153123E-02  -6.70934543E-02  -6.44707829E-02  -6.08049557E-02  -5.83796352E-02  -5.63392937E-02  -5.36946431E-02  -5.08682281E-02  -4.89125624E-02  -4.65606935E-02  -4.42162044E-02  -4.15091030E-02  -3.99190150E-02  -3.77601869E-02  -3.53487432E-02  -3.33762169E-02  -3.22905742E-02  -3.09580304E-02  -2.91295722E-02  -2.82351561E-02  -2.66401954E-02  -2.55073346E-02  -2.35625617E-02  -2.18114443E-02  -1.99019387E-02  -1.81181207E-02  -1.70350634E-02  -1.51629150E-02  -1.41996071E-02  -1.28686726E-02  -1.14179030E-02  -1.04504377E-02  -9.23392177E-03  -7.36790895E-03  -6.11700863E-03  -4.95406240E-03  -3.44320387E-03  -2.47812271E-03  -1.01912767E-03  -4.50849533E-04   8.08522105E-04   1.02531165E-03   2.02070177E-03   2.20292062E-03   3.12916189E-03   3.33302468E-03   3.50123644E-03   4.24097478E-03   3.55882198E-03   2.55120546E-03   2.26519257E-03   2.81170011E-04  -1.49963051E-03  -3.59796733E-03  -6.13796711E-03  -9.21189040E-03  -7.63470680E-03  -8.52893293E-03  -6.69937581E-03
        1181   37.2379990     10:33:29.885   5.78401014E-02   5.02073094E-02   5.22021800E-02   5.27959093E-02   4.96364906E-02   4.88114357E-02   4.73102741E-02   4.60346714E-02   4.45364937E-02   4.24170122E-02   4.08376120E-02   3.99018712E-02   3.68245505E-02   3.68957855E-02   3.53465714E-02   3.40526253E-02   3.29382606E-02   3.24185602E-02   3.12770009E-02   3.05569246E-02   3.03639490E-02   2.95112524E-02   2.87602078E-02   2.87742205E-02   2.79411506E-02   2.70903911E-02   2.67541856E-02   2.67134756E-02   2.59963255E-02   2.55755894E-02   2.60441899E-02   2.39817426E-02   2.48404909E-02   2.39359234E-02   2.35124864E-02   2.30980888E-02   2.26401836E-02   2.21358258E-02   2.22092960E-02   2.17353106E-02   2.15846561E-02   2.17762347E-02   2.04138793E-02   2.15240885E-02   2.09151749E-02   2.09480077E-02   2.02777795E-02   1.95122771E-02   1.93025414E-02   1.82726495E-02   1.85162742E-02   1.85867529E-02   1.81769971E-02   1.79013796E-02   1.78071298E-02   1.73649266E-02   1.71998329E-02   1.72692519E-02   1.70730110E-02   1.71106439E-02   1.70647725E-02   1.70858335E-02   1.60996355E-02   1.67825054E-02   1.68400761E-02   1.64380968E-02   1.69856064E-02   1.68566927E-02   1.69159118E-02   1.79340951E-02   1.61822401E-02   1.63612738E-02   1.65178310E-02   1.49930390E-02   1.44164767E-02   1.45009710E-02   1.28859989E-02   1.23387333E-02   9.90240369E-03   8.96210223E-03   6.31754659E-03   3.19047552E-03   4.45202366E-03   6.55712560E-04   1.21662766E-03   2.67863972E-04   3.83320125E-03  -999.000000      -999.000000      -999.000000      -999.000000      -999.000000      -999.000000      -999.000000      -999.000000      -999.000000      -999.000000      -999.000000      -999.000000      -999.000000      -999.000000      -999.000000      -999.000000      -999.000000      -999.000000      -999.000000      -999.000000      -999.000000      -999.000000      -999.000000      -999.000000      -999.000000      -999.000000      -7.54140094E-02  -7.24548101E-02  -6.86577410E-02  -6.57959357E-02  -6.35932535E-02  -6.06374368E-02  -5.80520704E-02  -5.56016713E-02  -5.29070124E-02  -5.07905558E-02  -4.83349115E-02  -4.56630252E-02  -4.36885469E-02  -4.13213894E-02  -3.89812775E-02  -3.72824483E-02  -3.57610025E-02  -3.42286527E-02  -3.23032103E-02  -3.08010541E-02  -2.95329839E-02  -2.82691158E-02  -2.66048647E-02  -2.53026448E-02  -2.38583647E-02  -2.18772627E-02  -2.05974095E-02  -1.84630752E-02  -1.69394016E-02  -1.51866935E-02  -1.43528283E-02  -1.27014667E-02  -1.15303323E-02  -1.03426725E-02  -9.03607905E-03  -7.47015327E-03  -6.69950247E-03  -5.09679317E-03  -3.89602035E-03  -2.31085718E-03  -1.44160539E-03  -1.63085759E-04   5.16511500E-04   1.47337466E-03   2.32867897E-03   2.91067362E-03   2.93644518E-03   3.97957116E-03   4.18666750E-03   4.20480222E-03   3.49035859E-03   3.50997597E-03   2.07064301E-03   9.21934843E-04  -2.05390155E-03  -4.44865972E-03  -5.96360862E-03  -7.08226860E-03  -8.39004666E-03  -6.87777251E-03  -6.45945966E-03
        1182   37.4000015     10:33:30.138   5.78801483E-02   5.74973598E-02   5.39421998E-02   5.67959435E-02   5.43765053E-02   5.26014678E-02   5.07702902E-02   4.91647013E-02   4.78764996E-02   4.58070263E-02   4.21175845E-02   4.23518419E-02   3.88345532E-02   3.80257778E-02   3.73765565E-02   3.56226079E-02   3.42282541E-02   3.34585495E-02   3.32669839E-02   3.17769237E-02   3.05239391E-02   3.08312327E-02   3.05102170E-02   3.01342215E-02   2.88011581E-02   2.93203928E-02   2.88641937E-02   2.80134920E-02   2.67063510E-02   2.59156153E-02   2.68542133E-02   2.55717672E-02   2.56005041E-02   2.54259389E-02   2.45424956E-02   2.39780955E-02   2.33101882E-02   2.33458281E-02   2.29793005E-02   2.24953070E-02   2.22846493E-02   2.20062304E-02   2.11938769E-02   3.70541103E-02   3.79152372E-02   3.70281227E-02   3.67879607E-02   3.65525372E-02   3.55229005E-02   3.48730981E-02   3.42067853E-02   3.42272483E-02   3.33274417E-02   3.34717371E-02   3.26774046E-02   3.24751176E-02   3.26499529E-02   3.12193073E-02   3.08830198E-02   3.03106289E-02   2.92447489E-02   2.83158422E-02   2.75696740E-02   2.71025728E-02   2.58301497E-02   2.67881546E-02   2.58256178E-02   2.48466674E-02   2.41258685E-02   2.33640466E-02   2.19422095E-02   2.20312774E-02   1.99379213E-02   2.12332513E-02   2.01468691E-02   1.93216261E-02   1.98870283E-02   1.71901844E-02   1.55543508E-02   1.67947318E-02   1.37308873E-02   1.16447210E-02   1.02772489E-02   8.74144211E-03   8.14302266E-03   7.92462751E-03   1.04800165E-02  -999.000000      -999.000000      -999.000000      -999.000000      -999.000000      -999.000000      -999.000000      -999.000000      -999.000000      -999.000000      -999.000000      -999.000000      -999.000000      -999.000000      -999.000000      -999.000000      -999.000000      -999.000000      -999.000000      -999.000000      -999.000000      -999.000000      -999.000000      -999.000000      -999.000000      -7.86800459E-02  -7.55845308E-02  -7.26753250E-02  -6.97982609E-02  -6.61164373E-02  -6.36537522E-02  -5.97079396E-02  -5.80325797E-02  -5.51721826E-02  -5.24275452E-02  -5.11910841E-02  -4.87054251E-02  -4.66235504E-02  -4.47590724E-02  -4.30119298E-02  -4.07618098E-02  -3.94729860E-02  -3.67515348E-02  -3.50091569E-02  -3.37436870E-02  -3.25814784E-02  -3.11533585E-02  -2.95594074E-02  -2.72750482E-02  -2.62727477E-02  -2.46783979E-02  -2.29172781E-02  -2.12674960E-02  -1.98632292E-02  -1.85896382E-02  -1.67870224E-02  -1.53332204E-02  -1.38719082E-02  -1.21808425E-02  -1.12631992E-02  -9.44662839E-03  -8.30069184E-03  -7.37000257E-03  -6.36725128E-03  -4.83648479E-03  -3.70132178E-03  -2.26211548E-03  -1.23362988E-03  -1.14060938E-04   5.42782247E-04   1.55811757E-03   1.60013884E-03   2.08596885E-03   2.63918936E-03   2.45645642E-03   3.50483507E-03   3.33070010E-03   2.87072361E-03   1.97186321E-03  -9.46179032E-04  -7.51294196E-04  -3.14513594E-03  -6.23937696E-03  -8.04737210E-03  -8.61442834E-03  -6.84165210E-03  -5.46317548E-03
        1183   37.5600014     10:33:30.385   7.50302896E-02   7.72875026E-02   7.24223331E-02   7.33160451E-02   7.33965486E-02   7.16214925E-02   7.09403753E-02   6.81747496E-02   6.70165122E-02   6.48370385E-02   6.09175935E-02   5.94217964E-02   5.81645258E-02   5.56357801E-02   5.45865409E-02   5.30225635E-02   5.20082228E-02   5.05985394E-02   4.96269725E-02   4.85369228E-02   4.82039489E-02   4.66912277E-02   4.67302464E-02   4.51742485E-02   4.49611805E-02   4.44504321E-02   4.31542471E-02   4.27835584E-02   4.19864394E-02   3.99857238E-02   4.09743227E-02   3.99218760E-02   3.92005853E-02   3.86659913E-02   3.83625515E-02   3.77181396E-02   3.71402279E-02   3.69358659E-02   3.62693183E-02   3.55053358E-02   3.53546590E-02   3.45362388E-02   3.45439203E-02   2.23942176E-02   2.20254529E-02   2.15785168E-02   2.11285595E-02   2.02734005E-02   1.94540620E-02   1.90145634E-02   1.88184232E-02   1.83888357E-02   1.86888427E-02   1.85928680E-02   1.82782654E-02   1.82257220E-02   1.78103130E-02   1.81894992E-02   1.80730503E-02   1.82505772E-02   1.76746882E-02   1.77158564E-02   1.71698052E-02   1.67728011E-02   1.71103925E-02   1.73983499E-02   1.74156707E-02   1.74866114E-02   1.78657491E-02   1.73439346E-02   1.74221639E-02   1.63613483E-02   1.65782850E-02   1.64440200E-02   1.45082213E-02   1.53938271E-02   1.34404302E-02   1.29549522E-02   1.10107008E-02   9.20327567E-03   9.26170312E-03   3.84843349E-03   1.90409739E-03   3.64988064E-03   6.63549989E-04   3.21624568E-03   2.57172016E-03  -999.000000      -999.000000      -999.000000      -999.000000      -999.000000      -999.000000      -999.000000      -999.000000      -999.000000      -999.000000      -999.000000      -999.000000      -999.000000      -999.000000      -999.000000      -999.000000      -999.000000      -999.000000      -999.000000      -999.000000      -999.000000      -999.000000      -999.000000      -999.000000      -999.000000      -999.000000      -7.61366934E-02  -7.34774992E-02  -7.02203885E-02  -6.69885650E-02  -6.39958829E-02  -6.14600554E-02  -5.86347133E-02  -5.63043579E-02  -5.38297072E-02  -5.21632619E-02  -4.92276028E-02  -4.65557352E-02  -4.51312438E-02  -4.29441296E-02  -4.07840274E-02  -3.87451984E-02  -3.63337509E-02  -3.35112885E-02  -3.23157273E-02  -3.02933343E-02  -2.86450349E-02  -2.76508406E-02  -2.64361538E-02  -2.49835663E-02  -2.29989886E-02  -2.14478932E-02  -1.96082480E-02  -1.77342407E-02  -1.65209398E-02  -1.48385689E-02  -1.35850310E-02  -1.25039145E-02  -1.11730099E-02  -1.00954548E-02  -8.33889842E-03  -7.42291659E-03  -6.15213066E-03  -4.98927385E-03  -3.54845077E-03  -1.71333551E-03  -4.94241714E-04   2.54146755E-04   1.20361149E-03   2.26043165E-03   2.75581330E-03   2.79796124E-03   2.85401940E-03   4.34760004E-03   4.39538807E-03   4.59448993E-03   3.91141325E-03   3.29270959E-03   2.15537846E-03   6.19471073E-04  -1.79332495E-03  -4.27423418E-03  -6.39621168E-03  -1.03120878E-02  -8.20689648E-03  -9.09261405E-03  -5.23362309E-03
        1184   37.7220001     10:33:30.634   5.57502806E-02   5.21975234E-02   5.89023307E-02   5.26760295E-02   5.29465452E-02   5.10014966E-02   5.30603789E-02   4.77847308E-02   4.72664945E-02   4.60170023E-02   4.50875647E-02   4.16117907E-02   3.96045148E-02   4.02357578E-02   3.69965173E-02   3.73425409E-02   3.55282016E-02   3.58485170E-02   3.42469588E-02   3.32268998E-02   3.26939225E-02   3.16712111E-02   3.08702178E-02   3.12042329E-02   3.05611528E-02   2.98004188E-02   2.98042353E-02   2.84635480E-02   2.87664179E-02   2.84057036E-02   2.65943073E-02   2.69718599E-02   2.69005690E-02   2.60959808E-02   2.58025415E-02   2.53081229E-02   2.51002144E-02   2.43958533E-02   2.44193003E-02   2.32653152E-02   2.32146401E-02   2.35762186E-02   2.23738998E-02   2.22241990E-02   2.21054386E-02   2.17385162E-02   2.14385744E-02   2.10334230E-02   2.03641076E-02   1.96746308E-02   1.91185102E-02   1.88989341E-02   1.89089403E-02   1.90029480E-02   1.83683280E-02   1.89657696E-02   1.87303461E-02   1.86695196E-02   1.86130572E-02   1.86005794E-02   1.80346817E-02   1.80758517E-02   1.79598052E-02   1.76528059E-02   1.82403997E-02   1.84983537E-02   1.83956642E-02   1.87565871E-02   1.81657169E-02   1.84838884E-02   1.72121115E-02   1.76312923E-02   1.76082328E-02   1.71839837E-02   1.65182091E-02   1.56138614E-02   1.45005332E-02   1.27851367E-02   1.14809843E-02   1.06036942E-02   6.77226624E-03   6.59917761E-03   3.83505644E-03   4.30096081E-03   1.24482228E-03   4.05765371E-03   4.23320197E-03  -999.000000      -999.000000      -999.000000      -999.000000      -999.000000      -999.000000      -999.000000      -999.000000      -999.000000      -999.000000      -999.000000      -999.000000      -999.000000      -999.000000      -999.000000      -999.000000      -999.000000      -999.000000      -999.000000      -999.000000      -999.000000      -999.000000      -999.000000      -999.000000      -999.000000      -999.000000      -7.53851011E-02  -7.24558979E-02  -6.96588010E-02  -6.65469617E-02  -6.33442849E-02  -6.03584498E-02  -5.80231175E-02  -5.62927537E-02  -5.35881072E-02  -5.17616719E-02  -4.94660176E-02  -4.68741395E-02  -4.49296571E-02  -4.32525352E-02  -4.15624343E-02  -3.99436094E-02  -3.76021527E-02  -3.42296958E-02  -3.32741328E-02  -3.18317264E-02  -2.97134221E-02  -2.89392099E-02  -2.75245011E-02  -2.58418880E-02  -2.38672905E-02  -2.30361782E-02  -2.10865587E-02  -1.94725394E-02  -1.82692632E-02  -1.61769092E-02  -1.54433921E-02  -1.43122822E-02  -1.23513788E-02  -1.10038593E-02  -9.59730893E-03  -8.48131627E-03  -7.32050836E-03  -6.60765171E-03  -4.65683639E-03  -3.86171788E-03  -2.36263871E-03  -1.19426101E-03   3.15189362E-04   1.47200376E-03   1.38738006E-03   1.80950761E-03   2.05557793E-03   3.18916142E-03   3.65696847E-03   3.55610251E-03   3.63310426E-03   2.69447267E-03   2.21721828E-03   6.21452928E-04  -2.37120688E-03  -3.16192955E-03  -7.15376437E-03  -7.49946386E-03  -6.97411597E-03  -7.65964389E-03  -7.20055401E-03
        1185   37.8619995     10:33:30.883   6.30702227E-02   4.42474708E-02   6.36723340E-02   5.29360026E-02   5.26865385E-02   5.07514775E-02   5.40403463E-02   4.99047115E-02   4.60865088E-02   4.61570211E-02   4.55875695E-02   4.23818119E-02   3.97245139E-02   4.20857593E-02   3.83765325E-02   3.77725661E-02   3.64882275E-02   3.61885279E-02   3.39469649E-02   3.34769189E-02   3.33439335E-02   3.28312181E-02   3.14502195E-02   3.20742391E-02   3.09511647E-02   3.00804172E-02   3.01842317E-02   3.04335374E-02   2.76864041E-02   2.86556873E-02   2.81642787E-02   2.72118356E-02   2.79705562E-02   2.69959737E-02   2.60825269E-02   2.57381145E-02   2.59902123E-02   2.54458450E-02   2.41793059E-02   2.44153142E-02   2.36046501E-02   2.36462262E-02   2.36339029E-02   2.23841798E-02   2.13053860E-02   2.17284076E-02   2.07383968E-02   2.08831672E-02   2.02037562E-02   1.89441815E-02   1.92580055E-02   1.92984361E-02   1.88884996E-02   1.89225916E-02   1.88680533E-02   1.82255749E-02   1.85802281E-02   1.81294549E-02   1.80730447E-02   1.74705926E-02   1.78347025E-02   1.75658483E-02   1.69597697E-02   1.72027405E-02   1.70603283E-02   1.71082970E-02   1.78856552E-02   1.79866161E-02   1.76457670E-02   1.86339468E-02   1.65121499E-02   1.74613018E-02   1.63381565E-02   1.49737857E-02   1.57778356E-02   1.48032252E-02   1.27895232E-02   1.29537024E-02   8.56905337E-03   1.03910770E-02   8.25893786E-03   4.92494088E-03   1.89983100E-03   4.24522255E-03  -999.000000       4.45085485E-03   7.72634149E-03  -999.000000      -999.000000      -999.000000      -999.000000      -999.000000      -999.000000      -999.000000      -999.000000      -999.000000      -999.000000      -999.000000      -999.000000      -999.000000      -999.000000      -999.000000      -999.000000      -999.000000      -999.000000      -999.000000      -999.000000      -999.000000      -999.000000      -999.000000      -999.000000      -999.000000      -999.000000      -7.79565945E-02  -7.52373934E-02  -7.23203048E-02  -6.91484660E-02  -6.63458034E-02  -6.39099628E-02  -6.11146279E-02  -5.86142540E-02  -5.65696098E-02  -5.40131591E-02  -5.14775068E-02  -4.95056361E-02  -4.69211489E-02  -4.51940112E-02  -4.30339240E-02  -4.09250893E-02  -3.85736339E-02  -3.43311988E-02  -3.27756666E-02  -3.16233225E-02  -3.01450603E-02  -2.89409310E-02  -2.68663317E-02  -2.55738050E-02  -2.41692774E-02  -2.22081691E-02  -2.12084949E-02  -1.92644149E-02  -1.77510493E-02  -1.64886117E-02  -1.51250139E-02  -1.37138441E-02  -1.19328946E-02  -1.06653348E-02  -9.30877775E-03  -8.08279961E-03  -6.83204085E-03  -5.71920723E-03  -4.08839434E-03  -2.43327022E-03  -1.76414847E-03  -8.15734267E-04  -1.06252730E-04   1.14057958E-03   2.61592865E-03   2.94803828E-03   3.50403041E-03   3.38752568E-03   3.69516760E-03   4.66408581E-03   4.16075438E-03   3.20172310E-03   3.57400626E-03  -3.12440097E-04  -2.21582502E-03  -4.24744934E-03  -7.26000965E-03  -7.22637773E-03  -8.30174237E-03  -1.03477836E-02  -6.94891065E-03
        1186   38.0079994     10:33:31.138   5.29802069E-02   5.81074432E-02   5.55822961E-02   5.23259975E-02   5.30065186E-02   5.15114628E-02   4.88203391E-02   4.78847027E-02   4.67665046E-02   4.32270020E-02   4.26475704E-02   3.97418104E-02   3.91245373E-02   3.86257730E-02   3.69365290E-02   3.55225690E-02   3.45882252E-02   3.39385271E-02   3.22769769E-02   3.17669176E-02   3.15939374E-02   3.04712169E-02   2.98302174E-02   3.03342249E-02   2.93011516E-02   2.90304050E-02   2.83742137E-02   2.79235207E-02   2.74263881E-02   2.75556669E-02   2.64442675E-02   2.57218238E-02   2.53705364E-02   2.49759611E-02   2.43925229E-02   2.36081127E-02   2.39802022E-02   2.34958418E-02   2.28992961E-02   2.24953089E-02   2.24446412E-02   2.16862187E-02   2.17538904E-02   2.15941649E-02   2.14653574E-02   2.14983486E-02   2.06583198E-02   2.06530560E-02   2.05636136E-02   1.88640002E-02   1.92577988E-02   1.92182362E-02   1.77983269E-02   1.86824538E-02   1.84879545E-02   1.81655046E-02   1.81301851E-02   1.82094332E-02   1.82630420E-02   1.75506026E-02   1.75747126E-02   1.67658478E-02   1.72297508E-02   1.85827110E-02   1.69002954E-02   1.70682687E-02   1.88356414E-02   1.65666230E-02   1.92757770E-02   1.67239532E-02   1.53221488E-02   1.86412856E-02   1.52581017E-02   1.57936774E-02   1.72376540E-02   1.24529358E-02   1.54190864E-02   1.38330935E-02   9.57824849E-03   1.09000001E-02   7.96758011E-03   1.93322403E-03   6.42772578E-03  -999.000000       2.27585086E-03   4.87818429E-03   3.53666954E-04  -999.000000      -999.000000      -999.000000      -999.000000      -999.000000      -999.000000      -999.000000      -999.000000      -999.000000      -999.000000      -999.000000      -999.000000      -999.000000      -999.000000      -999.000000      -999.000000      -999.000000      -999.000000      -999.000000      -999.000000      -999.000000      -999.000000      -999.000000      -999.000000      -999.000000      -999.000000      -999.000000      -7.44643658E-02  -7.13872761E-02  -6.83654472E-02  -6.55727610E-02  -6.26269430E-02  -6.04616031E-02  -5.79812229E-02  -5.54565676E-02  -5.30901328E-02  -5.10244779E-02  -4.79226038E-02  -4.63481173E-02  -4.44709882E-02  -4.22708876E-02  -4.02420573E-02  -3.76606025E-02  -3.47481817E-02  -3.32126580E-02  -3.20303291E-02  -3.04521024E-02  -2.92379856E-02  -2.74434239E-02  -2.64609493E-02  -2.48464458E-02  -2.30953395E-02  -2.14756355E-02  -1.99215151E-02  -1.84081122E-02  -1.66156553E-02  -1.55120231E-02  -1.38508379E-02  -1.29198655E-02  -1.13222897E-02  -9.92572308E-03  -8.66975635E-03  -7.41901994E-03  -6.06620312E-03  -4.56538796E-03  -3.18025798E-03  -2.18112022E-03  -1.20270997E-03   3.68058681E-05   5.93625009E-04   9.88975167E-04   1.75105780E-03   2.42702663E-03   2.76046991E-03   3.20805609E-03   3.72687727E-03   2.85340846E-03   3.41422111E-03   2.22631544E-03  -1.16039068E-03  -1.39405578E-03  -3.08606774E-03  -6.93888217E-03  -5.46552241E-03  -9.50115174E-03  -1.06873959E-02  -7.60856271E-03
        1187   38.1489983     10:33:31.387   7.04601854E-02   7.40273967E-02   6.78222552E-02   6.75959662E-02   6.79765046E-02   6.62814453E-02   6.46502972E-02   6.37647063E-02   6.06464781E-02   5.93470074E-02   5.69275841E-02   5.49718067E-02   5.47145121E-02   5.23057617E-02   5.13865203E-02   5.07125705E-02   4.91582155E-02   4.81585190E-02   4.69469652E-02   4.61468995E-02   4.48239222E-02   4.47012074E-02   4.39102054E-02   4.37242128E-02   4.26211357E-02   4.17103916E-02   4.24041934E-02   4.06434983E-02   3.94563638E-02   3.99056375E-02   3.87542397E-02   3.89817953E-02   3.80505174E-02   3.70959453E-02   3.73325013E-02   3.66880894E-02   3.61001864E-02   3.52058224E-02   3.51292826E-02   3.46552953E-02   3.45046297E-02   3.36662121E-02   3.37538756E-02   2.68241335E-02   2.68353019E-02   2.65882667E-02   2.55381986E-02   2.53128856E-02   2.40533743E-02   2.33337134E-02   2.32974831E-02   2.37279423E-02   2.34380625E-02   2.33422462E-02   2.31577959E-02   2.25353949E-02   2.22801212E-02   2.20294017E-02   2.20430400E-02   2.20706109E-02   2.16147229E-02   2.11158413E-02   2.08697226E-02   2.05726605E-02   2.03002468E-02   2.07882281E-02   2.02756282E-02   2.09366232E-02   2.11257879E-02   2.08639577E-02   1.96621343E-02   1.99312419E-02   1.86679959E-02   1.92134902E-02   1.65973511E-02   1.77724659E-02   1.67483874E-02   1.47221349E-02   1.46269929E-02   1.16883293E-02   9.85548086E-03   6.64057955E-03   4.47449740E-03   3.68941808E-03   5.59197087E-03   1.11413142E-03   5.13963681E-03  -999.000000      -999.000000      -999.000000      -999.000000      -999.000000      -999.000000      -999.000000      -999.000000      -999.000000      -999.000000      -999.000000      -999.000000      -999.000000      -999.000000      -999.000000      -999.000000      -999.000000      -999.000000      -999.000000      -999.000000      -999.000000      -999.000000      -999.000000      -999.000000      -999.000000      -999.000000      -7.66259804E-02  -7.34567791E-02  -7.02396929E-02  -6.72878772E-02  -6.54551983E-02  -6.22993670E-02  -5.97840175E-02  -5.74536398E-02  -5.48089892E-02  -5.27925491E-02  -4.98568937E-02  -4.75150123E-02  -4.52805199E-02  -4.31433953E-02  -4.10432927E-02  -3.91744561E-02  -3.71830165E-02  -3.45206074E-02  -3.27550992E-02  -3.17428112E-02  -3.03346142E-02  -2.92205475E-02  -2.72060595E-02  -2.58836225E-02  -2.43391655E-02  -2.25880519E-02  -2.07683034E-02  -1.93341412E-02  -1.75706819E-02  -1.60381719E-02  -1.47544928E-02  -1.37032643E-02  -1.21022761E-02  -1.09446794E-02  -9.44811851E-03  -7.90215284E-03  -6.69142604E-03  -5.52863628E-03  -3.94784659E-03  -3.16269696E-03  -1.60353631E-03  -8.95105302E-04   3.44067812E-05   9.91225243E-04   2.00656801E-03   2.62863189E-03   2.57454067E-03   3.80792469E-03   3.64538282E-03   3.47406417E-03   3.97039205E-03   3.43097001E-03   1.98277831E-03   5.45665622E-04  -2.31844932E-03  -3.64100188E-03  -6.91425055E-03  -8.23128223E-03  -8.18732381E-03  -8.27378780E-03  -4.61503863E-03
        1188   38.2890015     10:33:31.636   6.20301515E-02   5.45973852E-02   5.50322719E-02   5.76659478E-02   5.24065234E-02   5.21914512E-02   5.11203036E-02   5.02046868E-02   4.79564890E-02   4.50670347E-02   4.42876071E-02   4.31518443E-02   4.02045324E-02   3.99357751E-02   3.84665579E-02   3.67226005E-02   3.59582454E-02   3.50385457E-02   3.40569802E-02   3.26769240E-02   3.24039422E-02   3.16712372E-02   3.11602075E-02   3.08042243E-02   3.03511489E-02   3.03804018E-02   2.97042038E-02   3.02434992E-02   2.82263663E-02   2.81356387E-02   2.84842327E-02   2.72017866E-02   2.78105214E-02   2.71359459E-02   2.69025061E-02   2.64081024E-02   2.64302008E-02   2.68058330E-02   2.59392988E-02   2.51853131E-02   2.57946476E-02   2.48962287E-02   2.50438899E-02   3.13441306E-02   3.07952724E-02   3.09081972E-02   3.00380737E-02   2.95126997E-02   2.94031166E-02   2.86033712E-02   2.81070918E-02   2.90975478E-02   2.81777065E-02   2.80019511E-02   2.80875657E-02   2.78752316E-02   2.78400183E-02   2.75893435E-02   2.71030255E-02   2.74606198E-02   2.71747392E-02   2.70558428E-02   2.61996966E-02   2.75326148E-02   2.64601931E-02   2.68081911E-02   2.77156271E-02   2.65766587E-02   2.79858448E-02   2.67040245E-02   2.61721984E-02   2.65012868E-02   2.48879828E-02   2.58833915E-02   2.55271159E-02   2.42720321E-02   2.34376602E-02   2.25110743E-02   1.90155376E-02   1.94663312E-02   1.73329171E-02   1.22172944E-02   1.54904183E-02   9.44491196E-03   1.24168899E-02   1.40687032E-02   1.12241115E-02  -999.000000      -999.000000      -999.000000      -999.000000      -999.000000      -999.000000      -999.000000      -999.000000      -999.000000      -999.000000      -999.000000      -999.000000      -999.000000      -999.000000      -999.000000      -999.000000      -999.000000      -999.000000      -999.000000      -999.000000      -999.000000      -999.000000      -999.000000      -999.000000      -999.000000      -999.000000      -999.000000      -7.51408562E-02  -7.20937774E-02  -6.91719502E-02  -6.64592758E-02  -6.33534491E-02  -6.13681078E-02  -5.86077198E-02  -5.53130619E-02  -5.38366213E-02  -5.10109626E-02  -4.93390784E-02  -4.67445962E-02  -4.46174592E-02  -4.26373519E-02  -4.00685184E-02  -3.82470675E-02  -3.57046761E-02  -3.42292003E-02  -3.29169482E-02  -3.10587920E-02  -2.93848030E-02  -2.80503817E-02  -2.64780223E-02  -2.49336287E-02  -2.32025199E-02  -2.14927606E-02  -2.00185291E-02  -1.84049979E-02  -1.70524269E-02  -1.51686892E-02  -1.35974139E-02  -1.21863708E-02  -1.06687471E-02  -9.42216069E-03  -7.97622651E-03  -6.30552322E-03  -5.55275381E-03  -3.77196819E-03  -2.68682092E-03  -1.85762346E-03   5.08278608E-05   3.40379775E-04   1.80722773E-03   2.18255073E-03   3.29460204E-03   3.44047695E-03   4.47377563E-03   4.15112823E-03   5.13963401E-03   4.12570685E-03   3.92596424E-03   1.66739523E-03   7.19763339E-04  -1.18492544E-03  -5.12821972E-03  -5.09202480E-03  -8.01961869E-03  -7.14623928E-03  -1.10131949E-02  -5.86459786E-03
        1189   38.3800011     10:33:31.883   7.00901821E-02   5.80073558E-02   5.65922372E-02   6.01359606E-02   5.70965111E-02   5.61414510E-02   5.38003035E-02   5.47647104E-02   5.10464832E-02   4.78970334E-02   4.50776108E-02   4.45618294E-02   4.11445610E-02   4.05057780E-02   4.02565636E-02   3.79426107E-02   3.71582545E-02   3.65185477E-02   3.54069844E-02   3.46069261E-02   3.38139385E-02   3.30212414E-02   3.18402275E-02   3.26542370E-02   3.12311556E-02   3.09604015E-02   3.01842093E-02   2.99535021E-02   2.87663601E-02   2.84856353E-02   2.81542297E-02   2.75317859E-02   2.74205208E-02   2.72959471E-02   2.65325028E-02   2.64881104E-02   2.60602012E-02   2.58958358E-02   2.50993017E-02   2.46553198E-02   2.45446526E-02   2.41162311E-02   2.37038918E-02   2.32541263E-02   2.32052691E-02   2.32181773E-02   2.26780400E-02   2.19526477E-02   2.17130482E-02   2.13832818E-02   2.05069892E-02   2.12374460E-02   2.03076154E-02   2.04018746E-02   2.07875129E-02   2.03851927E-02   2.03299951E-02   2.09993348E-02   2.02430245E-02   2.05806233E-02   2.02547442E-02   2.03258414E-02   2.00596936E-02   2.04926040E-02   2.06201803E-02   2.06881817E-02   2.17956249E-02   2.05866639E-02   2.12758556E-02   2.12940387E-02   2.00822111E-02   2.10712943E-02   2.07479782E-02   1.95333585E-02   1.99670512E-02   1.82519164E-02   1.90974697E-02   1.65707991E-02   1.45351626E-02   1.47158178E-02   1.32322572E-02   1.00264531E-02   8.99937749E-03   8.65376554E-03   6.24560192E-03   5.83732687E-03   1.15927141E-02  -999.000000      -999.000000      -999.000000      -999.000000      -999.000000      -999.000000      -999.000000      -999.000000      -999.000000      -999.000000      -999.000000      -999.000000      -999.000000      -999.000000      -999.000000      -999.000000      -999.000000      -999.000000      -999.000000      -999.000000      -999.000000      -999.000000      -999.000000      -999.000000      -999.000000      -999.000000      -7.79075697E-02  -7.51283690E-02  -7.25312904E-02  -6.86994717E-02  -6.61267936E-02  -6.34309724E-02  -6.06256165E-02  -5.89652285E-02  -5.58205843E-02  -5.38741276E-02  -5.14084697E-02  -4.87365983E-02  -4.65221070E-02  -4.41149771E-02  -4.24948521E-02  -4.03460227E-02  -3.79445739E-02  -3.66121903E-02  -3.48167196E-02  -3.27344760E-02  -3.14863399E-02  -2.96523571E-02  -2.89079510E-02  -2.76356190E-02  -2.61212327E-02  -2.43501328E-02  -2.25103498E-02  -2.07961239E-02  -1.95325725E-02  -1.75899900E-02  -1.64462253E-02  -1.49449483E-02  -1.34638771E-02  -1.19362622E-02  -1.08096898E-02  -9.27373767E-03  -8.17303360E-03  -6.85028732E-03  -4.77949530E-03  -3.88434529E-03  -2.30514258E-03  -1.32668018E-03   2.87592411E-06   4.79727983E-04   1.28506124E-03   2.13710964E-03   2.68296152E-03   3.40623409E-03   3.28356028E-03   4.49203700E-03   4.46803868E-03   3.21821123E-03   1.82955712E-03  -2.82227993E-05  -1.45305693E-03  -3.56652588E-03  -6.81048632E-03  -7.41820037E-03  -8.68500769E-03  -9.68205184E-03  -7.66350329E-03
        1190   38.4729996     10:33:32.138   5.47101423E-02   5.60073741E-02   5.86922206E-02   5.42459413E-02   5.60564958E-02   5.49514703E-02   5.52303009E-02   5.15446849E-02   5.23165092E-02   4.96370122E-02   4.76575978E-02   4.64418530E-02   4.58645374E-02   4.43557911E-02   4.29865643E-02   4.18326072E-02   4.12982479E-02   4.13485505E-02   3.95069942E-02   3.90869156E-02   3.86639386E-02   3.75612378E-02   3.75502184E-02   3.63242291E-02   3.63811627E-02   3.61904018E-02   3.55242006E-02   3.44134979E-02   3.47863585E-02   3.38956304E-02   3.35742235E-02   3.42417806E-02   3.25505175E-02   3.24459448E-02   3.22225019E-02   3.20981033E-02   3.12601961E-02   3.08458358E-02   3.07992995E-02   3.05053126E-02   2.97446512E-02   2.96762343E-02   2.88038868E-02   2.46841256E-02   2.43052524E-02   2.39281543E-02   2.35280059E-02   2.40026005E-02   2.20229737E-02   2.20631920E-02   2.15968899E-02   2.20173486E-02   2.21575294E-02   2.16918048E-02   2.13474557E-02   2.09951531E-02   2.10799705E-02   2.08893213E-02   2.11630240E-02   2.07906235E-02   2.05547456E-02   2.09758393E-02   1.98796820E-02   2.01125890E-02   2.11801659E-02   2.03281678E-02   2.11856253E-02   2.10766699E-02   2.12758668E-02   2.14940477E-02   2.04022136E-02   1.98012926E-02   2.00479552E-02   1.87033117E-02   1.86069719E-02   1.84617825E-02   1.69372614E-02   1.70205049E-02   1.27247712E-02   1.50252916E-02   1.16915926E-02   6.58560544E-03   8.36833008E-03   5.86262066E-03   3.87433032E-03   7.93598872E-03   6.24136860E-03  -999.000000      -999.000000      -999.000000      -999.000000      -999.000000      -999.000000      -999.000000      -999.000000      -999.000000      -999.000000      -999.000000      -999.000000      -999.000000      -999.000000      -999.000000      -999.000000      -999.000000      -999.000000      -999.000000      -999.000000      -999.000000      -999.000000      -999.000000      -999.000000      -999.000000      -999.000000      -7.64130577E-02  -7.35738575E-02  -7.00167865E-02  -6.69549555E-02  -6.41822889E-02  -6.15664572E-02  -5.87911084E-02  -5.63507043E-02  -5.39960563E-02  -5.18796109E-02  -4.89839464E-02  -4.69720811E-02  -4.41175997E-02  -4.23104465E-02  -4.00503464E-02  -3.81015055E-02  -3.59000601E-02  -3.47076803E-02  -3.23622115E-02  -3.14699858E-02  -2.98418514E-02  -2.86978818E-02  -2.68535092E-02  -2.57111900E-02  -2.39068270E-02  -2.28257105E-02  -2.08259225E-02  -1.90416761E-02  -1.76781230E-02  -1.57754980E-02  -1.47717372E-02  -1.36704296E-02  -1.18293762E-02  -1.10517442E-02  -8.97515565E-03  -8.17921758E-03  -6.85852021E-03  -5.78577816E-03  -4.08499688E-03  -3.19983810E-03  -1.50063634E-03  -9.52154398E-04  -1.25989318E-05   5.64262271E-04   1.24957412E-03   2.21163034E-03   2.09746510E-03   2.93071568E-03   2.88801640E-03   3.80643457E-03   3.98238003E-03   2.62247771E-03   2.10371614E-03   1.04580820E-03  -2.58916616E-03  -3.18282843E-03  -6.41690940E-03  -1.04247853E-02  -7.55171478E-03  -8.90883803E-03  -6.12033904E-03
        1191   38.5639992     10:33:32.387   5.82201518E-02   6.34474158E-02   4.91522104E-02   5.64259924E-02   5.46265282E-02   5.25314696E-02   4.70502898E-02   4.99347113E-02   4.94664870E-02   4.45770286E-02   4.29176018E-02   4.11418378E-02   4.08245474E-02   3.76557857E-02   3.74565646E-02   3.69226150E-02   3.50982472E-02   3.34585533E-02   3.32469903E-02   3.25969271E-02   3.12739499E-02   3.11912503E-02   3.07902209E-02   3.01342309E-02   3.00811641E-02   2.95004062E-02   2.94242091E-02   2.73435079E-02   2.84963623E-02   2.75556352E-02   2.60942373E-02   2.70517934E-02   2.62905248E-02   2.57959478E-02   2.62525063E-02   2.50881128E-02   2.47202031E-02   2.43258383E-02   2.39693057E-02   2.28753202E-02   2.34546587E-02   2.31762417E-02   2.26138979E-02   2.08841320E-02   2.09152699E-02   2.06381790E-02   1.95780452E-02   1.93626508E-02   1.94530543E-02   1.84832849E-02   1.83669943E-02   1.80874448E-02   1.82676148E-02   1.83618739E-02   1.75975095E-02   1.76351890E-02   1.77199915E-02   1.77293327E-02   1.74030215E-02   1.71206202E-02   1.74747445E-02   1.67458411E-02   1.68396924E-02   1.71126034E-02   1.62101816E-02   1.78581811E-02   1.71256289E-02   1.68866664E-02   1.83558594E-02   1.64040476E-02   1.59022193E-02   1.73313059E-02   1.56379882E-02   1.58133768E-02   1.66870710E-02   1.24519374E-02   1.36674922E-02   1.29508227E-02   8.62518605E-03   1.05958413E-02   6.92228368E-03   4.34647733E-03   3.81939602E-03  -999.000000       5.76560386E-03   1.10731833E-03  -999.000000      -999.000000      -999.000000      -999.000000      -999.000000      -999.000000      -999.000000      -999.000000      -999.000000      -999.000000      -999.000000      -999.000000      -999.000000      -999.000000      -999.000000      -999.000000      -999.000000      -999.000000      -999.000000      -999.000000      -999.000000      -999.000000      -999.000000      -999.000000      -999.000000      -999.000000      -999.000000      -7.53095821E-02  -7.25003704E-02  -7.00533092E-02  -6.61014766E-02  -6.37288094E-02  -6.11829720E-02  -5.85076287E-02  -5.61972372E-02  -5.31525761E-02  -5.16661331E-02  -4.88804728E-02  -4.61486094E-02  -4.47041057E-02  -4.24869843E-02  -3.98068614E-02  -3.78980301E-02  -3.56865861E-02  -3.56641933E-02  -3.41887251E-02  -3.19564864E-02  -3.07383426E-02  -2.94243544E-02  -2.79199556E-02  -2.64576226E-02  -2.47732438E-02  -2.35921443E-02  -2.20423676E-02  -2.06581317E-02  -1.88045837E-02  -1.70720033E-02  -1.58882402E-02  -1.43669471E-02  -1.32858902E-02  -1.15482658E-02  -1.00016892E-02  -9.23573971E-03  -7.12504238E-03  -6.62229210E-03  -5.05150110E-03  -3.62634659E-03  -2.48715281E-03  -1.19867921E-03  -9.29117203E-04   4.57718968E-04   1.48306042E-03   1.61511451E-03   2.87096202E-03   2.44423747E-03   2.71157920E-03   3.54004651E-03   3.10604274E-03   3.77623737E-03   1.36756897E-03   1.97887421E-05  -8.15041363E-04  -4.34851646E-03  -5.90247661E-03  -6.99019432E-03  -9.75698978E-03  -9.87404585E-03  -5.06553799E-03
        1192   38.6549988     10:33:32.636   6.03101365E-02   6.28274158E-02   4.66422588E-02   5.57759404E-02   5.27365208E-02   5.12714498E-02   4.62402888E-02   4.97946925E-02   4.63064797E-02   4.48370166E-02   4.05776016E-02   4.12618369E-02   4.05545272E-02   3.59157808E-02   3.62065546E-02   3.58825885E-02   3.42382453E-02   3.29485349E-02   3.20769846E-02   3.14969122E-02   3.07239369E-02   3.02612260E-02   2.97302138E-02   2.86642201E-02   2.87011545E-02   2.85403952E-02   2.78141964E-02   2.69834939E-02   2.68863607E-02   2.60956287E-02   2.58642305E-02   2.57317834E-02   2.43005119E-02   2.44559459E-02   2.36524995E-02   2.36881003E-02   2.27901936E-02   2.28158347E-02   2.26692930E-02   2.14953106E-02   2.18146481E-02   2.16162261E-02   2.08838843E-02   2.04141252E-02   2.01252699E-02   1.97781902E-02   1.94280650E-02   1.84426922E-02   1.81831084E-02   1.71633698E-02   1.75770912E-02   1.73575431E-02   1.67977102E-02   1.72919538E-02   1.65875703E-02   1.62252337E-02   1.66700166E-02   1.59493480E-02   1.60730276E-02   1.56506188E-02   1.63747389E-02   1.57558415E-02   1.55996988E-02   1.59426127E-02   1.48201948E-02   1.62081886E-02   1.66856255E-02   1.52366543E-02   1.62758399E-02   1.59440152E-02   1.49021856E-02   1.53212734E-02   1.48679679E-02   1.47233717E-02   1.39670959E-02   1.18620116E-02   1.29776374E-02   9.51105170E-03   7.22551392E-03   9.47630778E-03   4.22289129E-03   3.19726905E-03   3.18039162E-03  -999.000000       2.17688712E-03   1.10870949E-03  -999.000000      -999.000000      -999.000000      -999.000000      -999.000000      -999.000000      -999.000000      -999.000000      -999.000000      -999.000000      -999.000000      -999.000000      -999.000000      -999.000000      -999.000000      -999.000000      -999.000000      -999.000000      -999.000000      -999.000000      -999.000000      -999.000000      -999.000000      -999.000000      -999.000000      -999.000000      -999.000000      -7.62060434E-02  -7.25968406E-02  -6.93597496E-02  -6.68079257E-02  -6.41052648E-02  -6.10794276E-02  -5.87140881E-02  -5.65636940E-02  -5.42190447E-02  -5.20225987E-02  -4.97469418E-02  -4.72050682E-02  -4.47605811E-02  -4.32834327E-02  -4.12633307E-02  -3.93644981E-02  -3.73330452E-02  -3.47306617E-02  -3.22051793E-02  -3.12729180E-02  -2.94447728E-02  -2.84307748E-02  -2.72663571E-02  -2.57539898E-02  -2.44396068E-02  -2.24484876E-02  -2.10287198E-02  -1.89645067E-02  -1.76009722E-02  -1.61883906E-02  -1.46246552E-02  -1.35733858E-02  -1.22923404E-02  -1.12147257E-02  -9.72814113E-03  -8.11219960E-03  -6.82149082E-03  -5.80874085E-03  -4.34793532E-03  -3.47279757E-03  -2.04360485E-03  -7.55146146E-04  -1.56015158E-05   1.00123882E-03   1.95656717E-03   2.54861265E-03   3.11449170E-03   3.46778333E-03   3.97513062E-03   3.87363881E-03   3.91971320E-03   3.15997750E-03   1.77140534E-03   7.13765621E-04  -2.74091214E-03  -2.90421396E-03  -6.12803549E-03  -9.39560682E-03  -7.75223970E-03  -9.64916497E-03  -7.31056184E-03
        1193   38.7340012     10:33:32.885   5.81901819E-02   5.68873957E-02   5.12922630E-02   5.35159707E-02   5.16464971E-02   5.07514589E-02   4.78702933E-02   5.01347035E-02   4.58864942E-02   4.33870032E-02   4.09475863E-02   4.02018204E-02   3.78645286E-02   3.70557718E-02   3.60365324E-02   3.44725847E-02   3.36282216E-02   3.22485231E-02   3.17269713E-02   3.06569058E-02   3.10039185E-02   3.00812218E-02   2.87501980E-02   2.88642123E-02   2.84211356E-02   2.80603878E-02   2.69441903E-02   2.70734895E-02   2.58963481E-02   2.52256244E-02   2.54442208E-02   2.47717779E-02   2.38305088E-02   2.41559334E-02   2.31324937E-02   2.32480895E-02   2.27901842E-02   2.21458226E-02   2.16792803E-02   2.16552950E-02   2.08146330E-02   2.07562149E-02   2.10538730E-02   2.08141170E-02   2.04452705E-02   1.96982007E-02   1.91980880E-02   1.88227315E-02   1.86331645E-02   1.76734459E-02   1.71671789E-02   1.81576461E-02   1.68777984E-02   1.76320281E-02   1.71376336E-02   1.69652775E-02   1.69200506E-02   1.68693643E-02   1.73830353E-02   1.64506193E-02   1.64747350E-02   1.59258395E-02   1.57497004E-02   1.64626241E-02   1.56902019E-02   1.63981970E-02   1.70256216E-02   1.67566407E-02   1.73258167E-02   1.64939892E-02   1.50321554E-02   1.70112420E-02   1.48779498E-02   1.48233697E-02   1.48771256E-02   1.23620853E-02   1.36677809E-02   1.17212757E-02   8.08583573E-03   8.31676368E-03   6.27348898E-03   3.81804630E-03   2.52137799E-03   6.15986530E-04   3.78813711E-03  -999.000000       5.35544474E-04  -999.000000      -999.000000      -999.000000      -999.000000      -999.000000      -999.000000      -999.000000      -999.000000      -999.000000      -999.000000      -999.000000      -999.000000      -999.000000      -999.000000      -999.000000      -999.000000      -999.000000      -999.000000      -999.000000      -999.000000      -999.000000      -999.000000      -999.000000      -999.000000      -999.000000      -999.000000      -7.70384669E-02  -7.34392777E-02  -7.05321953E-02  -6.78203702E-02  -6.44576922E-02  -6.17518723E-02  -5.98165207E-02  -5.65961227E-02  -5.44014834E-02  -5.20550236E-02  -4.95893806E-02  -4.79175001E-02  -4.53730188E-02  -4.28558812E-02  -4.12257724E-02  -3.91369350E-02  -3.72155011E-02  -3.36230956E-02  -3.17676030E-02  -3.13053466E-02  -2.95771770E-02  -2.83331797E-02  -2.62787379E-02  -2.51663625E-02  -2.37019509E-02  -2.20208280E-02  -2.06510723E-02  -1.91768520E-02  -1.73933432E-02  -1.61307827E-02  -1.47070512E-02  -1.34758055E-02  -1.21547729E-02  -1.07971579E-02  -9.48058814E-03  -8.21463019E-03  -6.87392801E-03  -5.73115051E-03  -4.13037091E-03  -2.69521773E-03  -1.94605440E-03  -8.07583332E-04   2.41950154E-04   7.78786838E-04   1.23410672E-03   2.10615247E-03   2.55202502E-03   3.20533663E-03   3.41271609E-03   4.15126234E-03   3.51738930E-03   2.97772139E-03   2.62924284E-03   7.11739063E-04  -1.54279917E-03  -4.77590412E-03  -5.26958704E-03  -6.28700107E-03  -9.77346301E-03  -6.30026311E-03  -7.22160935E-03
        1194   38.8160019     10:33:33.142   5.33001721E-02   5.70873804E-02   5.47422506E-02   5.35959713E-02   5.35965301E-02   5.19514531E-02   5.00203073E-02   5.01846857E-02   4.59464937E-02   4.49870080E-02   4.30175699E-02   4.04418223E-02   3.96545231E-02   3.84057760E-02   3.64565440E-02   3.61225940E-02   3.45682390E-02   3.32785286E-02   3.28669772E-02   3.22069041E-02   3.17539312E-02   3.00512332E-02   3.10902111E-02   2.98342258E-02   2.92911492E-02   2.90203989E-02   2.79942043E-02   2.78235003E-02   2.70663649E-02   2.68656388E-02   2.62742378E-02   2.60317978E-02   2.58305240E-02   2.46659424E-02   2.49125063E-02   2.43481025E-02   2.40501910E-02   2.34858338E-02   2.34992933E-02   2.27253027E-02   2.29846444E-02   2.23162174E-02   2.20638849E-02   2.25541350E-02   2.24152934E-02   2.18882281E-02   2.18981355E-02   2.05027964E-02   2.02132463E-02   1.96035430E-02   1.93472859E-02   2.02177409E-02   1.90878790E-02   1.93620976E-02   1.91176832E-02   1.87853128E-02   1.83000695E-02   1.82893742E-02   1.89430322E-02   1.85606144E-02   1.85247287E-02   1.86458435E-02   1.76497102E-02   1.80626381E-02   1.81702189E-02   1.77882109E-02   1.93756260E-02   1.81966424E-02   1.87258199E-02   1.93439946E-02   1.75921712E-02   1.81812681E-02   1.77579969E-02   1.66534483E-02   1.73372421E-02   1.55922603E-02   1.63380317E-02   1.29616130E-02   1.24962721E-02   1.13473367E-02   7.71420356E-03   6.55893935E-03   6.43245736E-03   4.37716069E-03   4.72942274E-03   4.18139994E-03   4.95684985E-03  0.158385649      0.161770865      0.163957700      0.162181005      0.162950709      0.162012324      0.169743255      0.181771532      0.197523519      0.220724329      0.241023824      0.259663224      0.272866607      0.287615776      0.288109422      0.276000619      0.270461261      0.273394585      0.278587282      0.280956864      0.282196164      0.286399782      0.290473342      0.302895427      0.319312453      0.328245461      0.332280934      0.345200181      0.363327265      0.381739080      0.395671785      0.406987548      0.413322926      0.414903283      0.414867938      0.417624414      0.422330081      0.417912006      0.415146470      0.416693568      0.418023646      0.420912504      0.419943929      -3.90336439E-02  -3.73381451E-02  -3.56958695E-02  -3.42977047E-02  -3.26136798E-02  -3.11692059E-02  -2.96268091E-02  -2.80123949E-02  -2.61212885E-02  -2.43315399E-02  -2.23373473E-02  -2.09838450E-02  -1.93612948E-02  -1.75775960E-02  -1.61563456E-02  -1.41853243E-02  -1.31977126E-02  -1.18611380E-02  -1.01251900E-02  -8.88447464E-03  -7.34169781E-03  -5.82090020E-03  -4.42575663E-03  -3.20658833E-03  -1.72813237E-03  -2.28606164E-04   1.24823302E-03   1.34356320E-03   1.96561217E-03   2.63151526E-03   3.24485451E-03   3.60226631E-03   4.57085669E-03   3.83705646E-03   3.30747664E-03   2.87909806E-03   7.17118382E-05  -2.39268690E-03  -3.86562198E-03  -8.31912458E-03  -9.01643187E-03  -1.15327910E-02  -1.04195029E-02  -8.32083821E-03
        1195   38.8959999     10:33:33.390   8.16801935E-02   8.24074745E-02   8.75523165E-02   8.30159783E-02   8.31365213E-02   8.18614662E-02   8.22203383E-02   7.35647157E-02   7.28464946E-02   6.85370192E-02   6.38575926E-02   5.91618195E-02   5.82145266E-02   5.57157733E-02   5.43665476E-02   5.32625951E-02   5.15482314E-02   5.09485416E-02   4.92669791E-02   4.90869209E-02   4.79039401E-02   4.71612290E-02   4.61302251E-02   4.47542407E-02   4.45611700E-02   4.38504219E-02   4.29542251E-02   4.22135256E-02   4.19763960E-02   4.08356786E-02   4.03042771E-02   3.96718271E-02   3.87305468E-02   3.87359709E-02   3.79925296E-02   3.80881205E-02   3.69902179E-02   3.62558514E-02   3.56493071E-02   3.55053246E-02   3.44146527E-02   3.43762338E-02   3.41439061E-02   2.92041712E-02   2.86553539E-02   2.86383443E-02   2.77082995E-02   2.75330245E-02   2.69135498E-02   2.59339213E-02   2.58377045E-02   2.59581413E-02   2.50182319E-02   2.53023729E-02   2.47678906E-02   2.41854563E-02   2.45101545E-02   2.40394194E-02   2.38730386E-02   2.38006003E-02   2.41647139E-02   2.37258505E-02   2.32797489E-02   2.25527026E-02   2.27202885E-02   2.35882662E-02   2.32056472E-02   2.38666385E-02   2.28357986E-02   2.32139826E-02   2.27321833E-02   2.21713167E-02   2.24681236E-02   2.07336824E-02   2.05176268E-02   2.13028640E-02   1.90089382E-02   1.80828627E-02   1.62779205E-02   1.31895356E-02   1.36469696E-02   9.47242975E-03   5.79672679E-03   9.50181577E-03   7.29457196E-03   7.80679286E-03   9.02222842E-03  -999.000000      -999.000000      -999.000000      -999.000000      -999.000000      -999.000000      -999.000000      -999.000000      -999.000000      -999.000000      -999.000000      -999.000000      -999.000000      -999.000000      -999.000000      -999.000000      -999.000000      -999.000000      -999.000000      -999.000000      -999.000000      -999.000000      -999.000000      -999.000000      -999.000000      -999.000000      -999.000000      -999.000000      -999.000000      -999.000000      -999.000000      -999.000000      -999.000000      -999.000000      -999.000000      -999.000000      -999.000000      -999.000000      -999.000000      -999.000000      -999.000000      -999.000000      -999.000000      -999.000000      -999.000000      -999.000000      -999.000000      -999.000000      -999.000000      -999.000000      -999.000000      -999.000000      -999.000000      -999.000000      -999.000000      -999.000000      -999.000000      -999.000000      -999.000000      -999.000000      -999.000000      -999.000000      -999.000000      -999.000000      -999.000000      -999.000000      -999.000000      -999.000000      -999.000000      -999.000000      -999.000000      -999.000000      -999.000000      -999.000000      -999.000000      -999.000000      -999.000000      -999.000000      -999.000000      -999.000000      -999.000000      -999.000000      -999.000000      -999.000000      -999.000000      -999.000000      -999.000000    
        1196   38.9760017     10:33:33.639   5.36702834E-02   5.38674966E-02   6.06923513E-02   4.97860238E-02   5.29565550E-02   5.16314879E-02   5.26703410E-02   4.56547290E-02   4.72764894E-02   4.47270200E-02   4.38276008E-02   3.92818078E-02   3.99645157E-02   3.85457724E-02   3.58465277E-02   3.55225690E-02   3.48582231E-02   3.31985280E-02   3.19769792E-02   3.22269276E-02   3.15039456E-02   2.99712326E-02   3.04102320E-02   2.95442417E-02   2.93011684E-02   2.89304219E-02   2.84742378E-02   2.73635462E-02   2.62364149E-02   2.68656984E-02   2.52042972E-02   2.53118537E-02   2.50705630E-02   2.41459794E-02   2.38625389E-02   2.37581264E-02   2.37602200E-02   2.25758553E-02   2.27393117E-02   2.16453262E-02   2.18946524E-02   2.15362292E-02   2.11239103E-02   2.31841933E-02   2.18654089E-02   2.19684392E-02   2.12084502E-02   2.07332373E-02   2.09538434E-02   2.01242827E-02   1.99081134E-02   1.94585398E-02   1.94685832E-02   1.98326577E-02   1.95081048E-02   1.93056092E-02   1.92102473E-02   1.91994663E-02   1.93430446E-02   1.91405900E-02   1.86646972E-02   1.82358529E-02   1.81397814E-02   1.84627585E-02   1.82603486E-02   1.88483149E-02   1.95756573E-02   1.82966199E-02   1.91257708E-02   1.88739505E-02   1.87121648E-02   1.86513271E-02   1.64682083E-02   1.80138666E-02   1.69679541E-02   1.61834024E-02   1.50497798E-02   1.33040445E-02   1.17894989E-02   1.01616625E-02   8.70966632E-03   6.02585170E-03   5.13093127E-03   3.59642040E-03   4.73971013E-03   3.07220896E-03   3.85767082E-03  -999.000000      -999.000000      -999.000000      -999.000000      -999.000000      -999.000000      -999.000000      -999.000000      -999.000000      -999.000000      -999.000000      -999.000000      -999.000000      -999.000000      -999.000000      -999.000000      -999.000000      -999.000000      -999.000000      -999.000000      -999.000000      -999.000000      -999.000000      -999.000000      -999.000000      -999.000000      -999.000000      -999.000000      -999.000000      -999.000000      -999.000000      -999.000000      -999.000000      -999.000000      -999.000000      -999.000000      -999.000000      -999.000000      -999.000000      -999.000000      -999.000000      -999.000000      -999.000000      -999.000000      -999.000000      -999.000000      -999.000000      -999.000000      -999.000000      -999.000000      -999.000000      -999.000000      -999.000000      -999.000000      -999.000000      -999.000000      -999.000000      -999.000000      -999.000000      -999.000000      -999.000000      -999.000000      -999.000000      -999.000000      -999.000000      -999.000000      -999.000000      -999.000000      -999.000000      -999.000000      -999.000000      -999.000000      -999.000000      -999.000000      -999.000000      -999.000000      -999.000000      -999.000000      -999.000000      -999.000000      -999.000000      -999.000000      -999.000000      -999.000000      -999.000000      -999.000000      -999.000000    
        1197   39.0999985     10:33:33.888   5.19202761E-02   6.52474463E-02   5.63623011E-02   5.48159927E-02   5.64865433E-02   5.55614829E-02   5.24203517E-02   5.09647168E-02   4.93364781E-02   4.65870053E-02   4.45975624E-02   4.22018059E-02   4.27345186E-02   3.88157591E-02   3.87765206E-02   3.79425697E-02   3.69082130E-02   3.59285288E-02   3.43069732E-02   3.43369059E-02   3.33539285E-02   3.23312245E-02   3.19402106E-02   3.14742252E-02   3.07411589E-02   3.04704122E-02   3.06742229E-02   2.93035265E-02   2.97564007E-02   2.84056775E-02   2.82342806E-02   2.78418381E-02   2.73505524E-02   2.72859689E-02   2.66025290E-02   2.61881109E-02   2.60502081E-02   2.55758464E-02   2.61692982E-02   2.51953118E-02   2.55546402E-02   2.46662199E-02   2.40238998E-02   2.74641756E-02   2.72353794E-02   2.69083958E-02   2.59283911E-02   2.62231641E-02   2.55537517E-02   2.48841792E-02   2.47980002E-02   2.44684350E-02   2.47084983E-02   2.39925943E-02   2.39480603E-02   2.37655807E-02   2.38302294E-02   2.36994587E-02   2.32730433E-02   2.35905945E-02   2.33547036E-02   2.31758486E-02   2.27797665E-02   2.24827379E-02   2.32203249E-02   2.28182934E-02   2.33356506E-02   2.35066134E-02   2.36457624E-02   2.42739394E-02   2.34621428E-02   2.17812900E-02   2.26981454E-02   2.23537683E-02   2.16978155E-02   2.06232034E-02   1.97495036E-02   1.79036800E-02   1.73790306E-02   1.51010547E-02   1.42389145E-02   1.05749164E-02   7.72980833E-03   9.45521146E-03   6.16839435E-03   6.00086385E-03   1.14263631E-02  -999.000000      -999.000000      -999.000000      -999.000000      -999.000000      -999.000000      -999.000000      -999.000000      -999.000000      -999.000000      -999.000000      -999.000000      -999.000000      -999.000000      -999.000000      -999.000000      -999.000000      -999.000000      -999.000000      -999.000000      -999.000000      -999.000000      -999.000000      -999.000000      -999.000000      -999.000000      -999.000000      -999.000000      -999.000000      -999.000000      -999.000000      -999.000000      -999.000000      -999.000000      -999.000000      -999.000000      -999.000000      -999.000000      -999.000000      -999.000000      -999.000000      -999.000000      -999.000000      -999.000000      -999.000000      -999.000000      -999.000000      -999.000000      -999.000000      -999.000000      -999.000000      -999.000000      -999.000000      -999.000000      -999.000000      -999.000000      -999.000000      -999.000000      -999.000000      -999.000000      -999.000000      -999.000000      -999.000000      -999.000000      -999.000000      -999.000000      -999.000000      -999.000000      -999.000000      -999.000000      -999.000000      -999.000000      -999.000000      -999.000000      -999.000000      -999.000000      -999.000000      -999.000000      -999.000000      -999.000000      -999.000000      -999.000000      -999.000000      -999.000000      -999.000000      -999.000000      -999.000000    
        1198   39.2239990     10:33:34.140   5.47003448E-02   6.20375909E-02   5.72124086E-02   5.47260456E-02   5.58065772E-02   5.42915091E-02   5.24803996E-02   5.04747331E-02   5.01764901E-02   4.81370278E-02   4.67575677E-02   4.52317744E-02   4.39644977E-02   4.17557620E-02   4.07465100E-02   3.96625362E-02   3.89682055E-02   3.73685099E-02   3.74369547E-02   3.63469124E-02   3.49139348E-02   3.46112102E-02   3.48402299E-02   3.39042507E-02   3.33711691E-02   3.29904333E-02   3.18942592E-02   3.19935754E-02   3.17264609E-02   3.04557551E-02   3.05343457E-02   2.99719032E-02   2.91005988E-02   2.90860049E-02   2.89825629E-02   2.78081391E-02   2.76902337E-02   2.76158713E-02   2.69193128E-02   2.65053250E-02   2.64046453E-02   2.58362275E-02   2.52739247E-02   2.53242459E-02   2.49455310E-02   2.47886702E-02   2.42288038E-02   2.34837495E-02   2.27845516E-02   2.24351883E-02   2.13891249E-02   2.17595249E-02   2.14994662E-02   2.10933741E-02   2.10386477E-02   2.06759945E-02   2.04304792E-02   2.10195892E-02   2.05130689E-02   2.02505589E-02   1.99246593E-02   1.97858606E-02   1.88898575E-02   1.97928939E-02   1.99404918E-02   1.91084296E-02   2.06856858E-02   1.96765736E-02   1.94256771E-02   1.96238570E-02   1.85821075E-02   1.89213362E-02   1.89583879E-02   1.76942907E-02   1.74287371E-02   1.74447112E-02   1.49618350E-02   1.46469492E-02   1.23533895E-02   9.14692227E-03   9.87634435E-03   3.77434026E-03   7.09138019E-03   3.56788025E-03   4.57251258E-03   4.34573554E-03   5.72129805E-03  -999.000000      -999.000000      -999.000000      -999.000000      -999.000000      -999.000000      -999.000000      -999.000000      -999.000000      -999.000000      -999.000000      -999.000000      -999.000000      -999.000000      -999.000000      -999.000000      -999.000000      -999.000000      -999.000000      -999.000000      -999.000000      -999.000000      -999.000000      -999.000000      -999.000000      -999.000000      -999.000000      -999.000000      -999.000000      -999.000000      -999.000000      -999.000000      -999.000000      -999.000000      -999.000000      -999.000000      -999.000000      -999.000000      -999.000000      -999.000000      -999.000000      -999.000000      -999.000000      -999.000000      -999.000000      -999.000000      -999.000000      -999.000000      -999.000000      -999.000000      -999.000000      -999.000000      -999.000000      -999.000000      -999.000000      -999.000000      -999.000000      -999.000000      -999.000000      -999.000000      -999.000000      -999.000000      -999.000000      -999.000000      -999.000000      -999.000000      -999.000000      -999.000000      -999.000000      -999.000000      -999.000000      -999.000000      -999.000000      -999.000000      -999.000000      -999.000000      -999.000000      -999.000000      -999.000000      -999.000000      -999.000000      -999.000000      -999.000000      -999.000000      -999.000000      -999.000000      -999.000000    
        1199   39.3489990     10:33:34.389   6.52009472E-02   6.29081130E-02   6.12028800E-02   6.13063425E-02   5.98067679E-02   5.86516261E-02   5.68907000E-02   5.51548712E-02   5.37665226E-02   5.12270369E-02   4.91975322E-02   4.70016114E-02   4.61743921E-02   4.39457186E-02   4.34264168E-02   4.14823815E-02   4.07781079E-02   3.93984728E-02   3.85969281E-02   3.73269357E-02   3.72439623E-02   3.61311696E-02   3.52903083E-02   3.56443189E-02   3.42312530E-02   3.44505720E-02   3.35244574E-02   3.29238325E-02   3.28167714E-02   3.08861174E-02   3.09447180E-02   3.09222694E-02   3.02508473E-02   2.99761929E-02   2.93327551E-02   2.93682776E-02   2.89503671E-02   2.78360080E-02   2.76793931E-02   2.71854028E-02   2.68646646E-02   2.65362449E-02   2.64540631E-02   2.53146179E-02   2.54163090E-02   2.44000889E-02   2.38409769E-02   2.36368515E-02   2.26987489E-02   2.26504840E-02   2.16850583E-02   2.17052717E-02   2.19845660E-02   2.19674800E-02   2.14917697E-02   2.12681871E-02   2.03118045E-02   2.09602751E-02   2.08531786E-02   2.08703820E-02   2.05344297E-02   2.05759220E-02   2.00903285E-02   2.01137122E-02   2.06813682E-02   2.01691315E-02   2.04358716E-02   2.16763597E-02   2.01652423E-02   2.14134268E-02   2.09419243E-02   1.97215658E-02   2.09896769E-02   1.85270421E-02   1.95135865E-02   1.76726449E-02   1.55241247E-02   1.74841713E-02   1.33863576E-02   1.22678392E-02   1.12454984E-02   7.80399144E-03   7.82238506E-03   5.90466009E-03   3.49689648E-03   8.04411620E-03   6.35001576E-03  -999.000000      -999.000000      -999.000000      -999.000000      -999.000000      -999.000000      -999.000000      -999.000000      -999.000000      -999.000000      -999.000000      -999.000000      -999.000000      -999.000000      -999.000000      -999.000000      -999.000000      -999.000000      -999.000000      -999.000000      -999.000000      -999.000000      -999.000000      -999.000000      -999.000000      -999.000000      -999.000000      -999.000000      -999.000000      -999.000000      -999.000000      -999.000000      -999.000000      -999.000000      -999.000000      -999.000000      -999.000000      -999.000000      -999.000000      -999.000000      -999.000000      -999.000000      -999.000000      -999.000000      -999.000000      -999.000000      -999.000000      -999.000000      -999.000000      -999.000000      -999.000000      -999.000000      -999.000000      -999.000000      -999.000000      -999.000000      -999.000000      -999.000000      -999.000000      -999.000000      -999.000000      -999.000000      -999.000000      -999.000000      -999.000000      -999.000000      -999.000000      -999.000000      -999.000000      -999.000000      -999.000000      -999.000000      -999.000000      -999.000000      -999.000000      -999.000000      -999.000000      -999.000000      -999.000000      -999.000000      -999.000000      -999.000000      -999.000000      -999.000000      -999.000000      -999.000000      -999.000000    
        1200   39.4710007     10:33:34.638   6.86709285E-02   5.75680546E-02   6.63528740E-02   5.95663413E-02   5.92967458E-02   5.75116128E-02   5.75606935E-02   5.46348616E-02   5.22464924E-02   5.08070104E-02   5.03375083E-02   4.80515845E-02   4.47643921E-02   4.59656976E-02   4.29863892E-02   4.17323522E-02   4.12280820E-02   3.93884480E-02   3.86969037E-02   3.75169143E-02   3.72439325E-02   3.60311531E-02   3.59902754E-02   3.55542898E-02   3.52212265E-02   3.48305441E-02   3.40944268E-02   3.29137929E-02   3.22567336E-02   3.25160846E-02   3.17646824E-02   3.08322422E-02   3.07008177E-02   3.00561674E-02   2.98527237E-02   2.90582441E-02   2.94003375E-02   2.87459772E-02   2.80593671E-02   2.77353767E-02   2.71846373E-02   2.71662138E-02   2.66940277E-02   2.68245805E-02   2.54162606E-02   2.57300232E-02   2.50009056E-02   2.44067647E-02   2.39086449E-02   2.34803651E-02   2.25749351E-02   2.32651681E-02   2.21544895E-02   2.27574259E-02   2.21717358E-02   2.16881670E-02   2.20217966E-02   2.20202748E-02   2.20531821E-02   2.07703914E-02   2.10444313E-02   2.14059185E-02   2.00503096E-02   2.03336887E-02   2.08113436E-02   2.08791103E-02   2.21658498E-02   2.05863360E-02   2.20952109E-02   2.07133852E-02   1.97118614E-02   2.08214819E-02   1.93195567E-02   1.90968812E-02   2.09833756E-02   1.66923665E-02   1.77837629E-02   1.64237209E-02   1.15758069E-02   1.36671476E-02   9.80466511E-03   8.35298188E-03   7.15120137E-03   3.67341330E-03   4.16558515E-03   6.93282951E-03   5.42881712E-03  -999.000000      -999.000000      -999.000000      -999.000000      -999.000000      -999.000000      -999.000000      -999.000000      -999.000000      -999.000000      -999.000000      -999.000000      -999.000000      -999.000000      -999.000000      -999.000000      -999.000000      -999.000000      -999.000000      -999.000000      -999.000000      -999.000000      -999.000000      -999.000000      -999.000000      -999.000000      -999.000000      -999.000000      -999.000000      -999.000000      -999.000000      -999.000000      -999.000000      -999.000000      -999.000000      -999.000000      -999.000000      -999.000000      -999.000000      -999.000000      -999.000000      -999.000000      -999.000000      -999.000000      -999.000000      -999.000000      -999.000000      -999.000000      -999.000000      -999.000000      -999.000000      -999.000000      -999.000000      -999.000000      -999.000000      -999.000000      -999.000000      -999.000000      -999.000000      -999.000000      -999.000000      -999.000000      -999.000000      -999.000000      -999.000000      -999.000000      -999.000000      -999.000000      -999.000000      -999.000000      -999.000000      -999.000000      -999.000000      -999.000000      -999.000000      -999.000000      -999.000000      -999.000000      -999.000000      -999.000000      -999.000000      -999.000000      -999.000000      -999.000000      -999.000000      -999.000000      -999.000000    
        1201   39.6259995     10:33:34.886   5.54111488E-02   6.34582639E-02   6.70130551E-02   5.69464751E-02   5.87868057E-02   5.64916469E-02   5.76908067E-02   5.34748808E-02   5.10064811E-02   5.02770096E-02   5.05274795E-02   4.51615341E-02   4.31843512E-02   4.49256822E-02   4.15663421E-02   4.10422944E-02   3.99880409E-02   3.90384309E-02   3.78968716E-02   3.65869068E-02   3.62239368E-02   3.52811292E-02   3.53203006E-02   3.39843296E-02   3.36412527E-02   3.29805911E-02   3.36144902E-02   3.29338908E-02   3.10968459E-02   3.14762220E-02   3.16148214E-02   2.98023727E-02   3.11009083E-02   3.00662369E-02   2.88127977E-02   2.86182910E-02   2.90303901E-02   2.81460229E-02   2.74493918E-02   2.76554059E-02   2.64746379E-02   2.67762169E-02   2.58240812E-02   2.56347191E-02   2.51765549E-02   2.51805615E-02   2.44617220E-02   2.42479350E-02   2.39702333E-02   2.31023710E-02   2.24971808E-02   2.32373457E-02   2.22164225E-02   2.25989837E-02   2.22929195E-02   2.12289970E-02   2.17723008E-02   2.17605382E-02   2.12532263E-02   2.14103218E-02   2.16343440E-02   2.05159411E-02   2.07704883E-02   2.14139968E-02   1.99316777E-02   2.14193761E-02   2.15859208E-02   1.96962543E-02   2.27550399E-02   2.18432155E-02   2.00017821E-02   2.19515599E-02   2.01400332E-02   1.83179080E-02   2.04351954E-02   1.71953570E-02   1.63184032E-02   1.73102319E-02   1.37144933E-02   1.44988485E-02   1.17594898E-02   7.26178382E-03   7.82431662E-03   3.83871607E-03   7.69378431E-03   7.23255659E-03   5.26868366E-03  -999.000000      -999.000000      -999.000000      -999.000000      -999.000000      -999.000000      -999.000000      -999.000000      -999.000000      -999.000000      -999.000000      -999.000000      -999.000000      -999.000000      -999.000000      -999.000000      -999.000000      -999.000000      -999.000000      -999.000000      -999.000000      -999.000000      -999.000000      -999.000000      -999.000000      -999.000000      -999.000000      -999.000000      -999.000000      -999.000000      -999.000000      -999.000000      -999.000000      -999.000000      -999.000000      -999.000000      -999.000000      -999.000000      -999.000000      -999.000000      -999.000000      -999.000000      -999.000000      -999.000000      -999.000000      -999.000000      -999.000000      -999.000000      -999.000000      -999.000000      -999.000000      -999.000000      -999.000000      -999.000000      -999.000000      -999.000000      -999.000000      -999.000000      -999.000000      -999.000000      -999.000000      -999.000000      -999.000000      -999.000000      -999.000000      -999.000000      -999.000000      -999.000000      -999.000000      -999.000000      -999.000000      -999.000000      -999.000000      -999.000000      -999.000000      -999.000000      -999.000000      -999.000000      -999.000000      -999.000000      -999.000000      -999.000000      -999.000000      -999.000000      -999.000000      -999.000000      -999.000000    
        1202   39.7859993     10:33:35.139   6.27112836E-02   5.31283990E-02   7.19330907E-02   5.71864843E-02   5.72668165E-02   5.64516522E-02   5.95008321E-02   5.36348857E-02   4.96064574E-02   5.06669730E-02   4.99474518E-02   4.68314588E-02   4.38842885E-02   4.67556305E-02   4.16462868E-02   4.12022211E-02   3.97079736E-02   4.04583886E-02   3.79968211E-02   3.74068767E-02   3.73538956E-02   3.52710783E-02   3.62702794E-02   3.53542976E-02   3.43312211E-02   3.35605703E-02   3.37944925E-02   3.39538977E-02   3.09068710E-02   3.31962556E-02   3.16148624E-02   2.99624167E-02   3.16309221E-02   2.96062380E-02   2.97827963E-02   2.88482774E-02   2.92503778E-02   2.77660079E-02   2.78993640E-02   2.79653743E-02   2.67146025E-02   2.64561810E-02   2.59040594E-02   2.50847489E-02   2.47066692E-02   2.40108203E-02   2.35321540E-02   2.27185730E-02   2.25611199E-02   2.21435167E-02   2.18984839E-02   2.15486344E-02   2.12375745E-02   2.13599280E-02   2.11536419E-02   2.08095182E-02   2.05026176E-02   2.05007084E-02   2.07032617E-02   2.06002928E-02   2.07142886E-02   1.99259426E-02   2.01705787E-02   2.01041643E-02   1.96618531E-02   2.05595139E-02   2.00759340E-02   2.04061661E-02   2.05748845E-02   1.94530431E-02   2.00816374E-02   1.94714814E-02   1.78201664E-02   1.91283431E-02   1.80660766E-02   1.79769062E-02   1.80109181E-02   1.36938412E-02   1.52893886E-02   9.76552162E-03   9.67800710E-03   1.06926579E-02   1.98777067E-03   5.29352203E-03   8.01040046E-03   9.90223838E-04   7.50657637E-03  -999.000000      -999.000000      -999.000000      -999.000000      -999.000000      -999.000000      -999.000000      -999.000000      -999.000000      -999.000000      -999.000000      -999.000000      -999.000000      -999.000000      -999.000000      -999.000000      -999.000000      -999.000000      -999.000000      -999.000000      -999.000000      -999.000000      -999.000000      -999.000000      -999.000000      -999.000000      -999.000000      -999.000000      -999.000000      -999.000000      -999.000000      -999.000000      -999.000000      -999.000000      -999.000000      -999.000000      -999.000000      -999.000000      -999.000000      -999.000000      -999.000000      -999.000000      -999.000000      -999.000000      -999.000000      -999.000000      -999.000000      -999.000000      -999.000000      -999.000000      -999.000000      -999.000000      -999.000000      -999.000000      -999.000000      -999.000000      -999.000000      -999.000000      -999.000000      -999.000000      -999.000000      -999.000000      -999.000000      -999.000000      -999.000000      -999.000000      -999.000000      -999.000000      -999.000000      -999.000000      -999.000000      -999.000000      -999.000000      -999.000000      -999.000000      -999.000000      -999.000000      -999.000000      -999.000000      -999.000000      -999.000000      -999.000000      -999.000000      -999.000000      -999.000000      -999.000000      -999.000000    
        1203   39.9440002     10:33:35.388   6.44910634E-02   5.92082031E-02   5.84529899E-02   6.18664324E-02   5.86567782E-02   5.78516200E-02   5.51307388E-02   5.67648523E-02   5.26964702E-02   5.00170030E-02   4.85474654E-02   4.68915328E-02   4.36343364E-02   4.37356681E-02   4.27163392E-02   4.08723019E-02   3.96480411E-02   3.85984220E-02   3.84368636E-02   3.67768928E-02   3.66939195E-02   3.56611162E-02   3.54102813E-02   3.46743017E-02   3.34512256E-02   3.36605608E-02   3.29444520E-02   3.28238420E-02   3.10967937E-02   3.13961580E-02   3.11947595E-02   3.00423205E-02   3.01708691E-02   2.93762013E-02   2.90427599E-02   2.87782624E-02   2.79803574E-02   2.78359968E-02   2.67593712E-02   2.74953824E-02   2.67146286E-02   2.57562008E-02   2.55840421E-02   2.48446576E-02   2.50964388E-02   2.41603740E-02   2.39914451E-02   2.34075431E-02   2.30797082E-02   2.22917181E-02   2.18464565E-02   2.15466544E-02   2.11758073E-02   2.18484923E-02   2.15525515E-02   2.12087426E-02   2.14121453E-02   2.12904587E-02   2.07232162E-02   2.04003491E-02   2.03343723E-02   1.99859291E-02   1.97404251E-02   2.03438923E-02   1.99415646E-02   2.03992855E-02   2.03458890E-02   1.96362678E-02   2.07950771E-02   2.01632455E-02   1.96617730E-02   1.91914905E-02   1.94098279E-02   1.80975236E-02   1.92445479E-02   1.64943282E-02   1.59468465E-02   1.49280746E-02   1.39516434E-02   1.24150384E-02   9.86468419E-03   7.28571182E-03   4.57688142E-03   3.04060336E-03   5.12478966E-03   6.94312435E-03   3.96925583E-03  -999.000000      -999.000000      -999.000000      -999.000000      -999.000000      -999.000000      -999.000000      -999.000000      -999.000000      -999.000000      -999.000000      -999.000000      -999.000000      -999.000000      -999.000000      -999.000000      -999.000000      -999.000000      -999.000000      -999.000000      -999.000000      -999.000000      -999.000000      -999.000000      -999.000000      -999.000000      -999.000000      -999.000000      -999.000000      -999.000000      -999.000000      -999.000000      -999.000000      -999.000000      -999.000000      -999.000000      -999.000000      -999.000000      -999.000000      -999.000000      -999.000000      -999.000000      -999.000000      -999.000000      -999.000000      -999.000000      -999.000000      -999.000000      -999.000000      -999.000000      -999.000000      -999.000000      -999.000000      -999.000000      -999.000000      -999.000000      -999.000000      -999.000000      -999.000000      -999.000000      -999.000000      -999.000000      -999.000000      -999.000000      -999.000000      -999.000000      -999.000000      -999.000000      -999.000000      -999.000000      -999.000000      -999.000000      -999.000000      -999.000000      -999.000000      -999.000000      -999.000000      -999.000000      -999.000000      -999.000000      -999.000000      -999.000000      -999.000000      -999.000000      -999.000000      -999.000000      -999.000000    
        1204   40.0999985     10:33:35.636   6.10108636E-02   6.32680655E-02   6.49028420E-02   5.95663190E-02   5.99367321E-02   5.90116084E-02   5.63706644E-02   5.51948287E-02   5.41264713E-02   5.21770120E-02   4.94574942E-02   4.72415835E-02   4.65843827E-02   4.35656905E-02   4.28763814E-02   4.21623476E-02   4.10280712E-02   4.06384356E-02   3.87768783E-02   3.76968868E-02   3.79039049E-02   3.68911326E-02   3.57802548E-02   3.60442773E-02   3.50212045E-02   3.49305235E-02   3.43843959E-02   3.32037695E-02   3.32567059E-02   3.19160521E-02   3.21746506E-02   3.12322080E-02   3.07807866E-02   2.99761388E-02   2.99227051E-02   2.92082261E-02   2.88703199E-02   2.85859555E-02   2.79793441E-02   2.79553588E-02   2.78846174E-02   2.63761971E-02   2.72440072E-02   2.51645390E-02   2.43062004E-02   2.41599362E-02   2.34507769E-02   2.33265851E-02   2.23984085E-02   2.23600771E-02   2.17546187E-02   2.14848649E-02   2.19842289E-02   2.16272194E-02   2.14115810E-02   2.11980585E-02   2.09517349E-02   2.12702435E-02   2.06431802E-02   2.09304001E-02   2.07944438E-02   1.99459102E-02   1.98802799E-02   1.98836401E-02   2.01512948E-02   2.02390663E-02   2.10158341E-02   2.10063346E-02   2.05352157E-02   2.11433824E-02   1.99118368E-02   1.94914266E-02   2.00694390E-02   1.84566770E-02   1.82430521E-02   1.72818769E-02   1.73230432E-02   1.53627414E-02   1.29145272E-02   1.19654527E-02   9.64253955E-03   8.91031232E-03   5.83795784E-03   5.10988105E-03   4.82170098E-03   5.80878742E-03   6.71480969E-03  -999.000000      -999.000000      -999.000000      -999.000000      -999.000000      -999.000000      -999.000000      -999.000000      -999.000000      -999.000000      -999.000000      -999.000000      -999.000000      -999.000000      -999.000000      -999.000000      -999.000000      -999.000000      -999.000000      -999.000000      -999.000000      -999.000000      -999.000000      -999.000000      -999.000000      -999.000000      -999.000000      -999.000000      -999.000000      -999.000000      -999.000000      -999.000000      -999.000000      -999.000000      -999.000000      -999.000000      -999.000000      -999.000000      -999.000000      -999.000000      -999.000000      -999.000000      -999.000000      -999.000000      -999.000000      -999.000000      -999.000000      -999.000000      -999.000000      -999.000000      -999.000000      -999.000000      -999.000000      -999.000000      -999.000000      -999.000000      -999.000000      -999.000000      -999.000000      -999.000000      -999.000000      -999.000000      -999.000000      -999.000000      -999.000000      -999.000000      -999.000000      -999.000000      -999.000000      -999.000000      -999.000000      -999.000000      -999.000000      -999.000000      -999.000000      -999.000000      -999.000000      -999.000000      -999.000000      -999.000000      -999.000000      -999.000000      -999.000000      -999.000000      -999.000000      -999.000000      -999.000000    
        1205   40.2729988     10:33:35.885   6.10109568E-02   5.92981242E-02   6.18729144E-02   5.89663833E-02   5.78167401E-02   5.74516244E-02   5.59807159E-02   5.36248609E-02   5.19064702E-02   4.85369898E-02   4.77775037E-02   4.49015722E-02   4.40443456E-02   4.27156799E-02   4.15663607E-02   3.97323333E-02   3.93180586E-02   3.86284441E-02   3.71868759E-02   3.59568968E-02   3.51039208E-02   3.46111320E-02   3.43602747E-02   3.36142816E-02   3.27812135E-02   3.32805403E-02   3.22744325E-02   3.14338058E-02   3.15467492E-02   3.06261107E-02   2.98747085E-02   2.94922646E-02   2.93408316E-02   2.91561745E-02   2.83827316E-02   2.76582446E-02   2.74603423E-02   2.70959809E-02   2.62293573E-02   2.61853747E-02   2.54646298E-02   2.53662001E-02   2.49640252E-02   2.41246019E-02   2.43863259E-02   2.30701528E-02   2.25311108E-02   2.30170656E-02   2.20190585E-02   2.18408983E-02   2.10955404E-02   2.09057592E-02   2.12150179E-02   2.11378541E-02   2.00820621E-02   2.06684023E-02   2.06019375E-02   2.05403529E-02   1.99731980E-02   2.03803740E-02   1.97644047E-02   1.97259206E-02   2.01303530E-02   1.89537667E-02   1.93714313E-02   1.98891740E-02   1.97658613E-02   2.04063021E-02   1.93451513E-02   1.99233163E-02   1.99018102E-02   1.93114653E-02   1.88496392E-02   1.84571072E-02   1.76938102E-02   1.73831135E-02   1.51149556E-02   1.54554201E-02   1.40280966E-02   1.01302573E-02   1.06986258E-02   7.86802359E-03   4.56742849E-03   4.52025468E-03   4.74324496E-03   4.98095341E-03   5.06702159E-03  -999.000000      -999.000000      -999.000000      -999.000000      -999.000000      -999.000000      -999.000000      -999.000000      -999.000000      -999.000000      -999.000000      -999.000000      -999.000000      -999.000000      -999.000000      -999.000000      -999.000000      -999.000000      -999.000000      -999.000000      -999.000000      -999.000000      -999.000000      -999.000000      -999.000000      -999.000000      -999.000000      -999.000000      -999.000000      -999.000000      -999.000000      -999.000000      -999.000000      -999.000000      -999.000000      -999.000000      -999.000000      -999.000000      -999.000000      -999.000000      -999.000000      -999.000000      -999.000000      -999.000000      -999.000000      -999.000000      -999.000000      -999.000000      -999.000000      -999.000000      -999.000000      -999.000000      -999.000000      -999.000000      -999.000000      -999.000000      -999.000000      -999.000000      -999.000000      -999.000000      -999.000000      -999.000000      -999.000000      -999.000000      -999.000000      -999.000000      -999.000000      -999.000000      -999.000000      -999.000000      -999.000000      -999.000000      -999.000000      -999.000000      -999.000000      -999.000000      -999.000000      -999.000000      -999.000000      -999.000000      -999.000000      -999.000000      -999.000000      -999.000000      -999.000000      -999.000000      -999.000000    
        1206   40.4510002     10:33:36.135   6.58809394E-02   6.77580982E-02   5.83728589E-02   5.96763268E-02   6.00067303E-02   5.80116026E-02   5.43107055E-02   5.44048361E-02   5.37464544E-02   5.00270054E-02   4.75174710E-02   4.62515466E-02   4.62743565E-02   4.27156687E-02   4.25163619E-02   4.18323129E-02   4.04280536E-02   3.87884267E-02   3.83168645E-02   3.78968827E-02   3.59339043E-02   3.56311202E-02   3.56002599E-02   3.56542692E-02   3.42411995E-02   3.37505266E-02   3.42944115E-02   3.19837928E-02   3.30667309E-02   3.20160873E-02   3.06946877E-02   3.17922495E-02   2.99508180E-02   2.95961611E-02   2.94827204E-02   2.89182365E-02   2.85103247E-02   2.81359628E-02   2.80593466E-02   2.72653606E-02   2.71846130E-02   2.59061921E-02   2.62940135E-02   2.62745805E-02   2.56562941E-02   2.51901168E-02   2.53110640E-02   2.34869942E-02   2.36889757E-02   2.33307965E-02   2.23554298E-02   2.32656617E-02   2.25449335E-02   2.24077906E-02   2.27720197E-02   2.20083687E-02   2.16419213E-02   2.15703454E-02   2.14732010E-02   2.06803773E-02   2.11044084E-02   2.18259133E-02   2.04403419E-02   2.08737478E-02   2.08714101E-02   1.90391596E-02   2.15858538E-02   2.12962981E-02   1.95351411E-02   2.37633064E-02   2.00717859E-02   1.96114257E-02   2.11395752E-02   1.67570114E-02   1.89836733E-02   1.99129172E-02   1.35546811E-02   1.90850608E-02   1.29376370E-02   1.22796595E-02   1.31978849E-02   6.68710750E-03   7.18633085E-03   6.65906724E-03   6.61958707E-04   5.12963533E-03   1.00457370E-02  -999.000000      -999.000000      -999.000000      -999.000000      -999.000000      -999.000000      -999.000000      -999.000000      -999.000000      -999.000000      -999.000000      -999.000000      -999.000000      -999.000000      -999.000000      -999.000000      -999.000000      -999.000000      -999.000000      -999.000000      -999.000000      -999.000000      -999.000000      -999.000000      -999.000000      -999.000000      -999.000000      -999.000000      -999.000000      -999.000000      -999.000000      -999.000000      -999.000000      -999.000000      -999.000000      -999.000000      -999.000000      -999.000000      -999.000000      -999.000000      -999.000000      -999.000000      -999.000000      -999.000000      -999.000000      -999.000000      -999.000000      -999.000000      -999.000000      -999.000000      -999.000000      -999.000000      -999.000000      -999.000000      -999.000000      -999.000000      -999.000000      -999.000000      -999.000000      -999.000000      -999.000000      -999.000000      -999.000000      -999.000000      -999.000000      -999.000000      -999.000000      -999.000000      -999.000000      -999.000000      -999.000000      -999.000000      -999.000000      -999.000000      -999.000000      -999.000000      -999.000000      -999.000000      -999.000000      -999.000000      -999.000000      -999.000000      -999.000000      -999.000000      -999.000000      -999.000000      -999.000000    
        1207   40.6279984     10:33:36.384   6.13610521E-02   6.45682216E-02   5.92030026E-02   6.15464225E-02   5.78967892E-02   5.56716397E-02   5.40307425E-02   5.33448569E-02   5.10364808E-02   4.92470004E-02   4.67474647E-02   4.64215502E-02   4.32043485E-02   4.29856628E-02   4.11963463E-02   4.01122980E-02   3.90680432E-02   3.72984298E-02   3.66468616E-02   3.58868912E-02   3.50139178E-02   3.44211161E-02   3.36602889E-02   3.34143043E-02   3.25912200E-02   3.21105644E-02   3.19944620E-02   3.17238458E-02   3.00167985E-02   3.01961694E-02   2.98747700E-02   2.84723267E-02   2.89508700E-02   2.81162001E-02   2.72627603E-02   2.73782648E-02   2.72503607E-02   2.64860000E-02   2.58593708E-02   2.58053821E-02   2.50846278E-02   2.48162057E-02   2.44140513E-02   2.38146596E-02   2.33664569E-02   2.37703975E-02   2.27614790E-02   2.22675968E-02   2.21697800E-02   2.08818093E-02   2.11865604E-02   2.12567467E-02   2.07959004E-02   2.06985623E-02   2.02826057E-02   2.00787820E-02   2.01421678E-02   2.04104707E-02   2.01032199E-02   1.96603425E-02   2.03943681E-02   1.99059285E-02   1.88704319E-02   1.95539072E-02   1.92615800E-02   1.92992967E-02   2.06458904E-02   1.91062633E-02   1.99350715E-02   2.03532390E-02   1.87117681E-02   1.98014956E-02   1.83798522E-02   1.77575685E-02   1.87046286E-02   1.76744629E-02   1.62670556E-02   1.50183672E-02   1.25320349E-02   1.23455655E-02   1.03153512E-02   7.28655886E-03   5.21792751E-03   5.92174334E-03   2.56605679E-03   6.25446346E-03   7.48060457E-03  -999.000000      -999.000000      -999.000000      -999.000000      -999.000000      -999.000000      -999.000000      -999.000000      -999.000000      -999.000000      -999.000000      -999.000000      -999.000000      -999.000000      -999.000000      -999.000000      -999.000000      -999.000000      -999.000000      -999.000000      -999.000000      -999.000000      -999.000000      -999.000000      -999.000000      -999.000000      -999.000000      -999.000000      -999.000000      -999.000000      -999.000000      -999.000000      -999.000000      -999.000000      -999.000000      -999.000000      -999.000000      -999.000000      -999.000000      -999.000000      -999.000000      -999.000000      -999.000000      -999.000000      -999.000000      -999.000000      -999.000000      -999.000000      -999.000000      -999.000000      -999.000000      -999.000000      -999.000000      -999.000000      -999.000000      -999.000000      -999.000000      -999.000000      -999.000000      -999.000000      -999.000000      -999.000000      -999.000000      -999.000000      -999.000000      -999.000000      -999.000000      -999.000000      -999.000000      -999.000000      -999.000000      -999.000000      -999.000000      -999.000000      -999.000000      -999.000000      -999.000000      -999.000000      -999.000000      -999.000000      -999.000000      -999.000000      -999.000000      -999.000000      -999.000000      -999.000000      -999.000000    
        1208   40.8019981     10:33:36.633   5.15712500E-02   5.83483614E-02   6.74531162E-02   5.59764951E-02   5.73068373E-02   5.67216650E-02   5.80008067E-02   5.24149053E-02   5.04964925E-02   4.90669943E-02   4.80274595E-02   4.36315015E-02   4.28443067E-02   4.49356586E-02   4.03163135E-02   3.98122482E-02   3.84180099E-02   3.86284180E-02   3.61768492E-02   3.52868959E-02   3.50839086E-02   3.39211076E-02   3.45302932E-02   3.38043123E-02   3.34712379E-02   3.15205902E-02   3.20744999E-02   3.21839079E-02   3.00068706E-02   3.09662558E-02   3.04648504E-02   2.87824068E-02   3.00309248E-02   2.85662413E-02   2.82228012E-02   2.75882948E-02   2.75403876E-02   2.70160250E-02   2.68393829E-02   2.65753996E-02   2.56346297E-02   2.56062057E-02   2.48040725E-02   2.42147427E-02   2.34466344E-02   2.33007278E-02   2.24520005E-02   2.21083369E-02   2.23907884E-02   2.03030817E-02   2.09679864E-02   2.03281362E-02   2.00471263E-02   2.10195594E-02   1.99933592E-02   2.04593111E-02   1.94924902E-02   1.97006408E-02   1.92432459E-02   1.93903036E-02   2.00443100E-02   1.83759443E-02   1.89705454E-02   1.91741027E-02   1.78117901E-02   2.01094635E-02   1.95459314E-02   1.78962070E-02   2.06049569E-02   1.86031274E-02   1.92117132E-02   1.90615393E-02   1.65301450E-02   1.86782107E-02   1.77957788E-02   1.61063522E-02   1.75599940E-02   1.45724975E-02   1.12775499E-02   1.28729995E-02   8.28477088E-03   6.56851428E-03   6.53262716E-03   2.91784760E-03   5.72400726E-03   3.90339154E-03   1.21963117E-03  -999.000000      -999.000000      -999.000000      -999.000000      -999.000000      -999.000000      -999.000000      -999.000000      -999.000000      -999.000000      -999.000000      -999.000000      -999.000000      -999.000000      -999.000000      -999.000000      -999.000000      -999.000000      -999.000000      -999.000000      -999.000000      -999.000000      -999.000000      -999.000000      -999.000000      -999.000000      -999.000000      -999.000000      -999.000000      -999.000000      -999.000000      -999.000000      -999.000000      -999.000000      -999.000000      -999.000000      -999.000000      -999.000000      -999.000000      -999.000000      -999.000000      -999.000000      -999.000000      -999.000000      -999.000000      -999.000000      -999.000000      -999.000000      -999.000000      -999.000000      -999.000000      -999.000000      -999.000000      -999.000000      -999.000000      -999.000000      -999.000000      -999.000000      -999.000000      -999.000000      -999.000000      -999.000000      -999.000000      -999.000000      -999.000000      -999.000000      -999.000000      -999.000000      -999.000000      -999.000000      -999.000000      -999.000000      -999.000000      -999.000000      -999.000000      -999.000000      -999.000000      -999.000000      -999.000000      -999.000000      -999.000000      -999.000000      -999.000000      -999.000000      -999.000000      -999.000000      -999.000000    
        1209   40.9119987     10:33:36.882   6.90112635E-02   5.65783903E-02   6.22231476E-02   6.17765337E-02   5.82768321E-02   5.89816757E-02   5.75108565E-02   5.73649034E-02   5.18864729E-02   5.01470007E-02   4.86274697E-02   4.72514890E-02   4.19043079E-02   4.49956506E-02   4.18363176E-02   4.03422415E-02   3.91280018E-02   3.87884118E-02   3.74568626E-02   3.59569043E-02   3.60439196E-02   3.49011123E-02   3.43403108E-02   3.43843177E-02   3.33712436E-02   3.28806005E-02   3.27445194E-02   3.22739258E-02   3.00069004E-02   3.06962878E-02   3.04548852E-02   2.84524392E-02   3.04109510E-02   2.87062638E-02   2.83028241E-02   2.76583061E-02   2.78504044E-02   2.65660379E-02   2.66093910E-02   2.65054014E-02   2.57046316E-02   2.56862082E-02   2.52740905E-02   2.42847819E-02   2.43167020E-02   2.34608557E-02   2.29121912E-02   2.22686101E-02   2.26211548E-02   2.08935458E-02   2.09784992E-02   2.09186319E-02   2.08175685E-02   2.08299123E-02   2.06136256E-02   2.00195014E-02   2.02226043E-02   2.02406999E-02   2.03732569E-02   1.97402872E-02   1.98642910E-02   1.98559500E-02   1.91005897E-02   1.99641753E-02   1.94118638E-02   2.03095246E-02   2.05559507E-02   1.98061913E-02   2.08749231E-02   1.97730921E-02   2.07417011E-02   1.97515637E-02   1.91702656E-02   1.92184597E-02   1.75262056E-02   1.74970496E-02   1.80710703E-02   1.38739999E-02   1.58495493E-02   1.20556839E-02   1.02781719E-02   8.38282425E-03   4.57791239E-03   5.90363285E-03   4.78044245E-03   2.24016607E-03   7.50642549E-03  -999.000000      -999.000000      -999.000000      -999.000000      -999.000000      -999.000000      -999.000000      -999.000000      -999.000000      -999.000000      -999.000000      -999.000000      -999.000000      -999.000000      -999.000000      -999.000000      -999.000000      -999.000000      -999.000000      -999.000000      -999.000000      -999.000000      -999.000000      -999.000000      -999.000000      -999.000000      -999.000000      -999.000000      -999.000000      -999.000000      -999.000000      -999.000000      -999.000000      -999.000000      -999.000000      -999.000000      -999.000000      -999.000000      -999.000000      -999.000000      -999.000000      -999.000000      -999.000000      -999.000000      -999.000000      -999.000000      -999.000000      -999.000000      -999.000000      -999.000000      -999.000000      -999.000000      -999.000000      -999.000000      -999.000000      -999.000000      -999.000000      -999.000000      -999.000000      -999.000000      -999.000000      -999.000000      -999.000000      -999.000000      -999.000000      -999.000000      -999.000000      -999.000000      -999.000000      -999.000000      -999.000000      -999.000000      -999.000000      -999.000000      -999.000000      -999.000000      -999.000000      -999.000000      -999.000000      -999.000000      -999.000000      -999.000000      -999.000000      -999.000000      -999.000000      -999.000000      -999.000000    
        1210   41.0180016     10:33:37.136   6.45113960E-02   5.74584827E-02   6.21931851E-02   6.06565550E-02   6.01768792E-02   5.88317029E-02   5.93509041E-02   5.75749427E-02   5.50264753E-02   5.22969998E-02   4.86674532E-02   4.87814508E-02   4.46742922E-02   4.45156433E-02   4.22462858E-02   4.11222130E-02   4.09479775E-02   3.97383943E-02   3.86968479E-02   3.80768925E-02   3.69739160E-02   3.65110971E-02   3.58903110E-02   3.53543349E-02   3.47212553E-02   3.39506231E-02   3.35145518E-02   3.31039689E-02   3.26269530E-02   3.16563472E-02   3.15149464E-02   3.05924993E-02   2.97809914E-02   3.02762967E-02   2.93328539E-02   2.91383322E-02   2.82804202E-02   2.83660591E-02   2.81394012E-02   2.74954159E-02   2.71046329E-02   2.63062082E-02   2.60541141E-02   2.57148389E-02   2.46268362E-02   2.46310979E-02   2.34525651E-02   2.35591400E-02   2.24918779E-02   2.23844517E-02   2.19195206E-02   2.20596232E-02   2.18584444E-02   2.17906218E-02   2.13141665E-02   2.12898813E-02   2.12928355E-02   2.11008172E-02   2.07932740E-02   2.08102558E-02   2.06742529E-02   2.11759582E-02   2.02906691E-02   2.02143155E-02   2.06520148E-02   2.05596443E-02   2.14259829E-02   2.10761521E-02   2.08648406E-02   2.16130111E-02   2.11516619E-02   1.97215937E-02   2.02604719E-02   1.90389194E-02   1.81570258E-02   1.74984001E-02   1.69131681E-02   1.69669483E-02   1.41134877E-02   1.12709915E-02   1.17248977E-02   9.54135694E-03   5.90841100E-03   5.35512622E-03   6.50326069E-03   5.17368084E-03   4.56000865E-03  -999.000000      -999.000000      -999.000000      -999.000000      -999.000000      -999.000000      -999.000000      -999.000000      -999.000000      -999.000000      -999.000000      -999.000000      -999.000000      -999.000000      -999.000000      -999.000000      -999.000000      -999.000000      -999.000000      -999.000000      -999.000000      -999.000000      -999.000000      -999.000000      -999.000000      -999.000000      -999.000000      -999.000000      -999.000000      -999.000000      -999.000000      -999.000000      -999.000000      -999.000000      -999.000000      -999.000000      -999.000000      -999.000000      -999.000000      -999.000000      -999.000000      -999.000000      -999.000000      -999.000000      -999.000000      -999.000000      -999.000000      -999.000000      -999.000000      -999.000000      -999.000000      -999.000000      -999.000000      -999.000000      -999.000000      -999.000000      -999.000000      -999.000000      -999.000000      -999.000000      -999.000000      -999.000000      -999.000000      -999.000000      -999.000000      -999.000000      -999.000000      -999.000000      -999.000000      -999.000000      -999.000000      -999.000000      -999.000000      -999.000000      -999.000000      -999.000000      -999.000000      -999.000000      -999.000000      -999.000000      -999.000000      -999.000000      -999.000000      -999.000000      -999.000000      -999.000000      -999.000000    
        1211   41.1199989     10:33:37.385   6.55114427E-02   6.11085445E-02   6.82732612E-02   6.23365976E-02   6.23568743E-02   6.07217140E-02   6.13109395E-02   5.61649427E-02   5.58264889E-02   5.31970002E-02   5.07274382E-02   4.78314199E-02   4.55842614E-02   4.64456305E-02   4.39562686E-02   4.25921902E-02   4.14579697E-02   4.07083891E-02   3.91268246E-02   3.86968926E-02   3.80839147E-02   3.64910886E-02   3.68503220E-02   3.57343331E-02   3.53012569E-02   3.48206349E-02   3.42745632E-02   3.36639881E-02   3.24369743E-02   3.27663794E-02   3.14349718E-02   3.11425328E-02   3.15510109E-02   3.02763097E-02   3.00028678E-02   2.91283336E-02   2.92504337E-02   2.82860696E-02   2.83594038E-02   2.76554190E-02   2.73446273E-02   2.67762002E-02   2.63741147E-02   2.79348679E-02   2.71569099E-02   2.71512382E-02   2.65527740E-02   2.56294515E-02   2.51323003E-02   2.52049919E-02   2.43201293E-02   2.37302128E-02   2.47989763E-02   2.38810480E-02   2.37644948E-02   2.35801116E-02   2.33829748E-02   2.33208910E-02   2.30832901E-02   2.30502412E-02   2.27042288E-02   2.28559654E-02   2.20607165E-02   2.24543959E-02   2.18821056E-02   2.28197146E-02   2.26659961E-02   2.39361227E-02   2.20147874E-02   2.35729571E-02   2.19816286E-02   2.05215979E-02   2.23205835E-02   1.97291784E-02   2.08074991E-02   1.92791875E-02   1.73844043E-02   1.90986916E-02   1.75858233E-02   1.28141502E-02   1.38289072E-02   9.60644800E-03   6.58467319E-03   8.89199413E-03   4.80092783E-03   8.26178491E-03   8.99816956E-03  -999.000000      -999.000000      -999.000000      -999.000000      -999.000000      -999.000000      -999.000000      -999.000000      -999.000000      -999.000000      -999.000000      -999.000000      -999.000000      -999.000000      -999.000000      -999.000000      -999.000000      -999.000000      -999.000000      -999.000000      -999.000000      -999.000000      -999.000000      -999.000000      -999.000000      -999.000000      -999.000000      -999.000000      -999.000000      -999.000000      -999.000000      -999.000000      -999.000000      -999.000000      -999.000000      -999.000000      -999.000000      -999.000000      -999.000000      -999.000000      -999.000000      -999.000000      -999.000000      -999.000000      -999.000000      -999.000000      -999.000000      -999.000000      -999.000000      -999.000000      -999.000000      -999.000000      -999.000000      -999.000000      -999.000000      -999.000000      -999.000000      -999.000000      -999.000000      -999.000000      -999.000000      -999.000000      -999.000000      -999.000000      -999.000000      -999.000000      -999.000000      -999.000000      -999.000000      -999.000000      -999.000000      -999.000000      -999.000000      -999.000000      -999.000000      -999.000000      -999.000000      -999.000000      -999.000000      -999.000000      -999.000000      -999.000000      -999.000000      -999.000000      -999.000000      -999.000000      -999.000000    
        1212   41.2239990     10:33:37.634   4.10614610E-02   6.92385808E-02   5.96032552E-02   5.36265858E-02   5.76168820E-02   5.65817021E-02   5.56509569E-02   4.80049551E-02   5.24364710E-02   4.88069952E-02   4.69974354E-02   4.26114127E-02   4.51742597E-02   4.31256332E-02   4.01762649E-02   4.04321812E-02   3.86779532E-02   3.76383886E-02   3.55168208E-02   3.64968814E-02   3.48939151E-02   3.42110731E-02   3.45303118E-02   3.33043374E-02   3.28612626E-02   3.28806341E-02   3.23745646E-02   3.10639981E-02   3.06369849E-02   3.08863893E-02   2.88849901E-02   2.91725472E-02   2.95710191E-02   2.81063113E-02   2.81528719E-02   2.73583382E-02   2.75404304E-02   2.64860708E-02   2.66894009E-02   2.67354138E-02   2.58646235E-02   2.51261983E-02   2.49641165E-02   2.65048835E-02   2.64469422E-02   2.51913033E-02   2.51628850E-02   2.50896066E-02   2.36925147E-02   2.35752668E-02   2.36504339E-02   2.24405136E-02   2.32092422E-02   2.28212662E-02   2.24046595E-02   2.27602273E-02   2.23730449E-02   2.25009285E-02   2.22032927E-02   2.23702285E-02   2.16442142E-02   2.18059681E-02   2.19507385E-02   2.05144379E-02   2.25421470E-02   2.18897481E-02   2.09160037E-02   2.32961066E-02   2.23147590E-02   2.14229263E-02   2.31016073E-02   2.08615959E-02   2.04806346E-02   2.16693003E-02   1.79877281E-02   1.97795723E-02   1.90450158E-02   1.56595595E-02   1.76569894E-02   1.44857261E-02   1.07409097E-02   1.18190013E-02   6.55782130E-03   4.62544896E-03   8.21478944E-03   5.47586754E-03   1.14122853E-02  -999.000000      -999.000000      -999.000000      -999.000000      -999.000000      -999.000000      -999.000000      -999.000000      -999.000000      -999.000000      -999.000000      -999.000000      -999.000000      -999.000000      -999.000000      -999.000000      -999.000000      -999.000000      -999.000000      -999.000000      -999.000000      -999.000000      -999.000000      -999.000000      -999.000000      -999.000000      -999.000000      -999.000000      -999.000000      -999.000000      -999.000000      -999.000000      -999.000000      -999.000000      -999.000000      -999.000000      -999.000000      -999.000000      -999.000000      -999.000000      -999.000000      -999.000000      -999.000000      -999.000000      -999.000000      -999.000000      -999.000000      -999.000000      -999.000000      -999.000000      -999.000000      -999.000000      -999.000000      -999.000000      -999.000000      -999.000000      -999.000000      -999.000000      -999.000000      -999.000000      -999.000000      -999.000000      -999.000000      -999.000000      -999.000000      -999.000000      -999.000000      -999.000000      -999.000000      -999.000000      -999.000000      -999.000000      -999.000000      -999.000000      -999.000000      -999.000000      -999.000000      -999.000000      -999.000000      -999.000000      -999.000000      -999.000000      -999.000000      -999.000000      -999.000000      -999.000000      -999.000000    
