sequence,pressure,datetime,latitude,longitude,c_400.9,c_403.2,c_405.3,c_407.1,c_408.9,c_410.9,c_413.5,c_417.6,c_422.2,c_427.4,c_432.0,c_436.4,c_440.2,c_444.2,c_448.5,c_452.5,c_456.7,c_460.6,c_464.8,c_469.2,c_473.8,c_478.7,c_483.2,c_487.6,c_491.8,c_496.0,c_500.5,c_505.0,c_509.5,c_514.4,c_518.7,c_523.4,c_527.7,c_531.6,c_535.8,c_539.7,c_544.2,c_548.3,c_552.8,c_557.0,c_561.5,c_565.6,c_569.8,c_573.6,c_577.3,c_581.4,c_585.3,c_589.6,c_593.5,c_598.1,c_602.3,c_607.0,c_611.5,c_616.0,c_620.4,c_624.7,c_628.9,c_633.0,c_637.3,c_641.3,c_645.8,c_649.8,c_654.4,c_658.6,c_662.9,c_667.0,c_671.3,c_675.4,c_679.3,c_683.2,c_686.9,c_690.3,c_694.1,c_697.6,c_701.0,c_704.4,c_707.9,c_711.2,c_714.4,c_717.9,c_720.9,c_724.4,c_728.3,c_730.5,c_734.0,c_737.2,c_740.0,a_400.7,a_403.0,a_404.8,a_406.8,a_408.7,a_410.5,a_413.4,a_416.9,a_421.5,a_426.7,a_431.5,a_435.5,a_439.3,a_443.2,a_447.4,a_451.5,a_455.5,a_459.6,a_463.4,a_468.0,a_472.4,a_477.1,a_481.7,a_486.2,a_490.4,a_494.6,a_498.9,a_503.1,a_508.0,a_512.5,a_517.0,a_521.6,a_526.1,a_530.1,a_534.2,a_538.4,a_542.5,a_546.8,a_551.0,a_555.3,a_559.6,a_563.9,a_568.1,a_572.7,a_576.6,a_580.5,a_584.4,a_588.6,a_592.9,a_597.1,a_601.4,a_606.0,a_610.5,a_614.7,a_619.4,a_623.5,a_627.9,a_632.0,a_636.0,a_640.2,a_644.5,a_648.8,a_653.2,a_657.3,a_661.6,a_665.9,a_670.1,a_674.0,a_678.0,a_682.0,a_685.6,a_689.4,a_692.9,a_696.5,a_699.9,a_703.3,a_706.7,a_709.9,a_713.2,a_716.9,a_720.1,a_723.7,a_726.4,a_729.2,a_732.6,a_735.9,a_738.3
814,1.07299995,2026-08-30T08:55:20.141000+0000,-20.964535537798334,154.35972760423,0.0866579711,0.0824971348,0.0846888945,0.0767846629,0.0776932314,0.078076832,0.0845745504,0.0855693817,0.0911593363,0.0955195352,0.0972814932,0.0941028967,0.095770292,0.0977804065,0.0970921069,0.100300975,0.102725446,0.106494524,0.111130185,0.116389334,0.122193746,0.128303081,0.135237858,0.143122166,0.151696622,0.159672603,0.169758365,0.178842381,0.189348996,0.200367138,0.210721061,0.221380666,0.234334946,0.2464073,0.258673638,0.271674842,0.285454184,0.296726048,0.3102521,0.322252214,0.334862471,0.346265346,0.358110249,1.22416306,1.22168684,1.21659756,1.21456635,1.21174884,1.20549428,1.19871676,1.19279408,1.19096482,1.18459404,1.17564988,1.17210662,1.16591787,1.16241908,1.15666878,1.15231752,1.14586055,1.1395359,1.13472331,1.12971067,1.1241076,1.1175946,1.11395192,1.10715127,1.10330796,1.09700382,1.09166467,1.08589709,1.08395767,1.07917917,1.07269931,1.07079029,1.06272876,1.05971289,1.06063199,1.05145276,1.04107964,1.04152393,1.03157961,1.02536571,1.02202094,1.02209461,1.02033484,1.01657116,0.0252604075,0.0238841269,0.0264240373,0.0261181779,0.0255637653,0.0232733227,0.0191740301,0.0184024107,0.0159930475,0.0115944296,0.0134407617,0.0133816069,0.0132992668,0.013326047,0.0134261949,0.0128112193,0.011996557,0.0106114969,0.0108629391,0.00972000044,0.00954029616,0.00917369314,0.00783181842,0.00785944425,0.00835304055,0.00741663063,0.00717556803,0.00597541826,0.00545090064,0.00573471701,0.00426399242,0.00475167297,0.0039359997,0.00338345114,0.00308933691,0.00312429573,0.00228575268,0.00328249624,0.0021707355,0.0024811374,0.00241631782,0.00246938551,0.00273611583,0.00167899288,0.00223395624,0.00196122495,0.00157011894,0.00159403565,0.00100902794,0.00133134425,0.00110961893,0.000915389741,0.000695752911,0.000260425266,,0.000177839538,0.000245107454,0.000253810314,,,,,0.000327085261,0.000252530444,0.000906048634,0.000706255494,0.00129887555,0.00129773084,0.000782417599,0.000779858907,0.000310233212,0.000873656711,,,,,,,,,,,,,,,
815,1.08500004,2026-08-30T08:55:20.390000+0000,-20.964535545683336,154.3597276117,0.0722179711,0.0595571548,0.0642688796,0.0612046644,0.0587232448,0.060016837,0.0661345422,0.070119381,0.0684793219,0.0728395209,0.0707815066,0.0696729049,0.0636102855,0.0663304031,0.0631421059,0.0616409928,0.0607054494,0.0599545315,0.0591101833,0.0575093292,0.0582537502,0.0562730804,0.0556978397,0.0553321578,0.0546666048,0.0536626056,0.0535583533,0.053692393,0.0518189929,0.0516771376,0.0512810498,0.0497706607,0.0502149388,0.0497173034,0.0484136343,0.0479148328,0.0477341786,0.0475360565,0.046962142,0.0473222397,0.0464924686,0.0463853553,0.0458702408,0.0443530083,0.0441367552,0.0442475379,0.0437063426,0.0425988026,0.0433544256,0.0425367504,0.0427940935,0.042624779,0.0413140543,0.0417599492,0.0411564745,0.0401478857,0.0400290936,0.0400988236,0.0394273773,0.0397903696,0.0397459306,0.038473241,0.0385004729,0.0390175134,0.0369146802,0.0391818322,0.039251253,0.0370679908,0.0397339426,0.0387347527,0.0365170278,0.039327696,0.0349091403,0.0354791731,0.0371702127,0.0330287889,0.0375528708,0.0345920697,0.0315728597,0.0361996107,0.0303339027,0.027529534,0.0308357328,0.0239708498,0.0314446278,0.0320348218,0.0284012686,0.0228404291,0.0256441329,0.0270040501,0.0262381621,0.026573766,0.0233433284,0.0206440296,0.0191724133,0.0148630338,0.0150244385,0.0136107691,0.0127216047,0.0138992621,0.013446046,0.0132361902,0.0133112129,0.0120065557,0.0115314946,0.0113529339,0.0099300025,0.0105203008,0.00910368748,0.00825180765,0.00835945271,0.0077530453,0.00711664045,0.00763556687,0.00637541013,0.00546089932,0.00561471796,0.00450400542,0.00467166863,0.0034859993,0.0037434632,0.00325934426,0.00312429573,0.00320575037,0.00282249739,0.0030407398,0.00260113645,0.00335631287,0.00334937358,0.00261611678,0.00214899052,0.00240394869,0.00185122469,0.00146011857,0.00122403982,0.00145902799,0.0011613369,0.00133961835,0.0013753887,0.000845762901,0.000440423843,0.000389404362,0.000367836794,0.000345109147,0.000333814649,0.000349851674,0.00023918075,0.000447149621,9.78007447e-05,0.000207086152,0.000872530451,0.00122605101,0.00114625692,0.00136887375,0.00148773554,0.000962416176,0.000829859753,0.000840237713,0.000173659762,3.30742914e-05,,,,,,,,,,,,,,
816,1.097,2026-08-30T08:55:20.638000+0000,-20.96453555353667,154.35972761914,0.0660479367,0.0591471344,0.0602388866,0.0580046698,0.0567132272,0.0594868325,0.0637545586,0.0689693987,0.0694793388,0.0697295293,0.0679314807,0.0671929047,0.062260285,0.0620204061,0.0597221069,0.0587809831,0.0590854399,0.0575145259,0.0569801815,0.0565493368,0.0550837517,0.0546630844,0.0543578453,0.0533021577,0.0525466017,0.0513526052,0.0522283576,0.0513823926,0.0514589958,0.050407134,0.0505410433,0.0496206582,0.0489149392,0.0488273092,0.0477536321,0.047774829,0.0474441797,0.0474660583,0.0468921438,0.0460122339,0.0464924686,0.0454453528,0.045240242,0.0465630069,0.0465767533,0.0458175391,0.0451063402,0.044808805,0.0449344255,0.0445467494,0.0438940935,0.0437347777,0.0433340557,0.0421899483,0.0423264764,0.0417378843,0.0418090932,0.0413588248,0.0416073799,0.040930368,0.0403959304,0.0396632403,0.0393904708,0.0393975116,0.0392246805,0.0399518311,0.0398812555,0.0403279886,0.0396939404,0.0397147499,0.0389370248,0.0376876965,0.0381891429,0.0372891724,0.0359102115,0.0373187885,0.035482876,0.0368020684,0.0341628604,0.0321396105,0.0321039073,0.0311295353,0.0269457325,0.0307108536,0.0296246316,0.0351348221,0.0318812691,0.023540426,0.0244541261,0.0265340377,0.0262581594,0.0259737559,0.0239733197,0.020144036,0.0176824164,0.0166130252,0.0135744363,0.0142507739,0.0136616146,0.0140492721,0.0139160436,0.0137061877,0.013761213,0.0129265534,0.011761494,0.0113429353,0.0106499968,0.0102803027,0.00960369594,0.00857181009,0.00859945081,0.00895305071,0.00781663787,0.00710556237,0.00660540955,0.00554090366,0.00487471139,0.00481399428,0.00420167111,0.00444600685,0.0037434632,0.00330933766,0.00334429648,0.00298574963,0.00305249682,0.00229073456,0.00260113645,0.00276631629,0.00252937758,0.00256612338,0.00131898082,0.00189395645,0.00179123261,0.00134011952,0.00121404114,0.000689025444,0.00105133653,0.001169611,0.000955384457,0.00100575667,0.000230421778,0.000429406529,0.000667841872,0.000295108301,0.000493808417,0.000349851674,0.000129180378,6.71476591e-05,,,0.000292532612,0.000636047043,0.000846251904,0.000978873111,0.00115773443,0.000462415162,0.000519855996,0.000810234225,,0.000563071342,,,,,,,,,,,,,,
817,1.11099994,2026-08-30T08:55:20.887000+0000,-20.96453556142167,154.35972762661,0.0718379319,0.0555471331,0.0635488555,0.0571947023,0.0576332249,0.0585068427,0.0666645467,0.0692993999,0.0684093162,0.0710895285,0.0706614926,0.0660228953,0.062320292,0.0637304038,0.0599721037,0.0600809902,0.05968545,0.0588245317,0.0577901937,0.0571693294,0.0571437478,0.0558130816,0.0549278446,0.0538821556,0.0536066033,0.052892603,0.0530783571,0.0523023903,0.0501989983,0.0504871383,0.0504610464,0.0489106625,0.0491549447,0.0480073057,0.0478336364,0.0474048331,0.0469941795,0.0473260619,0.0465921462,0.0460222401,0.0464224629,0.045605354,0.045240242,0.0456230082,0.0451567546,0.0455075391,0.0441763401,0.0438988023,0.0434444249,0.0435067527,0.0438040942,0.0431547798,0.0430340543,0.0421699472,0.0413264744,0.0415278859,0.0412790924,0.0406388231,0.0411573797,0.0409103706,0.0408259295,0.0404432416,0.0404504724,0.0399175137,0.0397246815,0.0403718315,0.0398812555,0.0401179902,0.0408339389,0.0396047495,0.039887026,0.0401276946,0.0372391418,0.0385391712,0.0377202109,0.0366887897,0.0378228724,0.0368020684,0.0355828591,0.0367796086,0.0317539014,0.0327295326,0.0308257341,0.0278808475,0.03351463,0.0328648165,0.0313612707,0.0225404091,0.0239541326,0.0256240536,0.02617817,0.0255637653,0.0229233243,0.0205340292,0.0175524186,0.0162130482,0.0131644458,0.0124507733,0.0129216081,0.0125892712,0.0134660434,0.0137761934,0.0123912152,0.0115865516,0.0111015067,0.0106729344,0.00975999516,0.00934030768,0.00887368806,0.00853181537,0.00866945647,0.0080430517,0.00683663273,0.0067055705,0.00587541657,0.00556090102,0.00546472287,0.00426399242,0.00375167094,0.003586001,0.00326345209,0.00257934467,0.00274430122,0.00237575569,0.00226249686,0.00190074136,0.00278114248,0.0027163229,0.00271938229,0.00257612206,0.00116898573,0.00144395628,0.00135123113,0.00166012195,0.00125403586,0.000649015827,0.000661343336,0.000889618124,0.000315394485,0.000465753488,0.000400421675,0.000259406632,,0.000225110096,,,,,,,0.000322528649,0.000766052224,0.00106625259,0.000708871579,0.00128773216,0.000772411469,0.000179856201,0.000510236598,,,,,,,,,,,,,,,,
818,1.12399995,2026-08-30T08:55:21.145000+0000,-20.964535569591664,154.35972763434998,0.0633279383,0.0659071356,0.065318875,0.0587347075,0.0615032353,0.0627968237,0.0687645674,0.0701794028,0.0722793266,0.0748495385,0.0731515065,0.0692829117,0.0683402941,0.0661404133,0.0635221153,0.0631009936,0.0619754456,0.0617145225,0.060270194,0.0598093383,0.0586137474,0.0575830713,0.0564578436,0.0550321527,0.0551566072,0.053862609,0.0529883541,0.0517423898,0.0521689989,0.0508371368,0.0505410433,0.0497706607,0.0486149415,0.048377309,0.0479036346,0.0471848324,0.0469241813,0.046186056,0.0468121469,0.0460922383,0.0459424667,0.0458353534,0.0454802401,0.0460930057,0.0466467552,0.0454975404,0.0454063416,0.044428803,0.0447144248,0.0449067503,0.0448040962,0.0440247804,0.044024054,0.0426799469,0.0424864739,0.0418278873,0.0422690921,0.0416388251,0.0424673781,0.0415303707,0.0413359292,0.0413032398,0.0400204733,0.0400575139,0.0405246802,0.0403018333,0.0409812555,0.040747989,0.0400939398,0.0405747481,0.0380770229,0.0379876941,0.0375491418,0.0355691761,0.037260212,0.0369387902,0.0364428759,0.0363620706,0.0338528603,0.0337796099,0.0310939066,0.0304695331,0.0308557376,0.0285708532,0.0300346296,0.036124818,0.0307612699,0.0228704102,0.0258441363,0.0267840493,0.0260981806,0.0260437615,0.0241333283,0.0208340194,0.0187024307,0.0155430334,0.0145644397,0.0139307715,0.0134116178,0.013809259,0.0143360477,0.0129761947,0.0135012176,0.0122265564,0.0112914965,0.011562936,0.0106399981,0.00975029822,0.00912369974,0.00879181083,0.00829944573,0.0082830498,0.00757663976,0.0072855684,0.00598541694,0.00575090572,0.00585471606,0.00493399333,0.00457166694,0.00356600364,0.00346345548,0.00369934575,0.00267429557,0.00307575264,0.00299250474,0.0024607419,0.00254114438,0.00211631274,0.00263937796,0.0022661183,0.00125898875,0.00152396061,0.00121123472,0.000940112746,0.000814034371,0.000799025816,0.000571340322,0.00110961893,0.000555392588,0.000675755553,0.000140426215,0.000339403516,0.000207843026,,9.38090961e-05,,0.000179181225,0.000177148031,,5.70836128e-05,,0.000776050903,0.000686250685,0.00103887264,0.00103773538,0.000412414316,0.00045985647,0.000500237918,,,,,,,,,,,,,,,,
819,1.13699996,2026-08-30T08:55:21.393000+0000,-20.964535577444998,154.35972764179,0.0739379823,0.0652971417,0.0676988885,0.0637246892,0.0614332296,0.0621468388,0.068964541,0.0704693794,0.0707193241,0.0736495182,0.0719514862,0.0709628984,0.065610297,0.0651604086,0.0631621182,0.0620509833,0.0614754371,0.0614445284,0.0598301925,0.0591793321,0.0582337528,0.0569130853,0.0560578443,0.0561921559,0.0556466021,0.0550226048,0.0539283566,0.053692393,0.0534289964,0.0517671332,0.0521710441,0.0504806638,0.0502849445,0.0497173034,0.0493736342,0.0491748303,0.0478841811,0.0481360592,0.0477921441,0.0471622385,0.0469524674,0.0468553528,0.0458602421,0.0472730063,0.0464167558,0.0461275391,0.0457863398,0.045338802,0.0453844257,0.0447767526,0.0446840934,0.0449847803,0.0442940556,0.0438799486,0.0431464761,0.042747885,0.0428790934,0.0422288254,0.042757377,0.0420703702,0.0418859273,0.04096324,0.0412104726,0.0410975106,0.0403746814,0.0407818332,0.0417212546,0.0401179902,0.0405739434,0.0411247499,0.0397570245,0.0396576971,0.0380791426,0.0381091759,0.0369102135,0.0371687897,0.0362628773,0.0361920707,0.0344828591,0.0345396101,0.032143902,0.0298595317,0.0269557387,0.0300708488,0.0295246299,0.0310548171,0.0300412755,0.0235304125,0.0251941476,0.0260940362,0.0267281719,0.0258437581,0.0236933269,0.0201340225,0.0178824198,0.0149430232,0.0137844235,0.0134507604,0.0131416088,0.0130192591,0.0131660532,0.0127361966,0.0123712178,0.0115465568,0.011761494,0.0108729377,0.00924000423,0.00906029996,0.00864368863,0.00856181141,0.00853944384,0.00792305265,0.00741663063,0.00668555824,0.00563541846,0.0057108961,0.00544472551,0.00446399581,0.00373167358,0.00375600834,0.00275345985,0.00281934277,0.00218430068,0.0027557502,0.00260249665,0.00241073361,0.00254114438,0.00299631571,0.00223938609,0.00273611583,0.00145899213,0.0020139555,0.0011712251,0.00153010932,0.00106404605,0.00113902567,0.00102134049,0.000879604544,0.000315394485,0.000585752539,0.00034042215,0.000309407478,,0.000295108301,,0.000189850456,0.000219183392,,9.78007447e-05,7.08276639e-06,0.000662528386,0.000506049313,0.000616252481,0.000978873111,0.000437732699,0.00036241347,0.000689863344,6.02364307e-05,8.36567488e-05,,,,,,,,,,,,,,,
820,1.14999998,2026-08-30T08:55:21.643000+0000,-20.96453558536167,154.35972764929,0.0691279471,0.0643071681,0.0666688606,0.0594447181,0.0596332289,0.0605868362,0.0663845539,0.06583938,0.0690493211,0.0713695213,0.0712314919,0.0671129152,0.0645703003,0.0639704168,0.0608121119,0.0601809919,0.0593354367,0.0584045276,0.0564401932,0.0559693389,0.0559337437,0.054193072,0.0536678471,0.0534021519,0.0527466051,0.0518426076,0.0513783582,0.0512023941,0.0502989925,0.0503271371,0.0484310463,0.0486806631,0.0480949432,0.0466673039,0.0463536307,0.0459348336,0.0458141789,0.0452960618,0.0448421463,0.0451022349,0.0444824658,0.0439653508,0.0438402407,0.0447530076,0.0448467545,0.0445675403,0.0441663414,0.0438788049,0.0434244275,0.0429867506,0.0434140936,0.0425847806,0.0427540541,0.0419399478,0.0416364744,0.0413178876,0.0411390923,0.0412788242,0.040747378,0.0411803685,0.0399659276,0.039763242,0.0394804701,0.0381475128,0.0388846807,0.0388918333,0.0387712531,0.0399379916,0.0393939428,0.0387047492,0.0386470258,0.0374676958,0.0372291431,0.0368591733,0.0353602096,0.0359787904,0.0355628729,0.0359320715,0.0341628604,0.0335396118,0.0316539072,0.0292995311,0.0282257348,0.0299608484,0.0286646318,0.0303748176,0.0322712697,0.022600431,0.0238241348,0.0266940463,0.0258981772,0.0252337642,0.0234833397,0.01996403,0.0175624322,0.0155730443,0.0135044307,0.0128807612,0.0129616177,0.0133692576,0.0135860424,0.0127161993,0.0121312197,0.0120165544,0.0110814944,0.0108829364,0.0097399978,0.00929029938,0.00913369842,0.00821181294,0.0079294499,0.00806304906,0.00669663632,0.00661556749,0.00612541335,0.00490089878,0.00512472307,0.00481399428,0.00373167358,0.0035360076,0.00347345416,0.00283934013,0.00278429594,0.0025157521,0.00295249512,0.00212074211,0.00202113856,0.00259632384,0.00235938514,0.00221612491,0.00120898045,0.00131395855,0.000751220912,0.000740109361,0.00082403305,0.000529016776,0.00075134635,0.000549618329,0.000715386355,0.000495764427,0.000570421573,0.000339403516,0.000317843398,0.000675110263,,0.000319848186,,,,,0.000112534035,0.000466047146,0.000716254173,0.00111887697,0.000707734318,0.00036241347,0.00019986101,0.00048023311,,,,,,,,,,,,,,,,
821,1.16299999,2026-08-30T08:55:21.893000+0000,-20.96453559327833,154.35972765679,0.0698079765,0.0683671385,0.0648488924,0.0613146946,0.0612532236,0.0625968203,0.0670245588,0.0705493987,0.0711793229,0.0743595287,0.0723415092,0.0707329139,0.0650802925,0.0659304112,0.0626421124,0.0625009835,0.0611254387,0.0602045283,0.0595501848,0.0580693297,0.0574937463,0.0568330809,0.0569378398,0.055902157,0.0550466068,0.0549226031,0.0547883548,0.0535023957,0.0530689992,0.0515871346,0.0522510484,0.0507106632,0.0499749407,0.0495673083,0.0489336327,0.0472448319,0.048254177,0.0473160557,0.0458321422,0.0457022376,0.0462624691,0.0453753546,0.0453202426,0.0449930057,0.0445267558,0.0441775396,0.0438563414,0.0429088026,0.0430644266,0.0425567515,0.0421640947,0.0418847799,0.0416540541,0.0416799486,0.0411564745,0.0404578857,0.0407990925,0.0397788249,0.0396973789,0.0394603685,0.0399059281,0.039263241,0.0385204703,0.0394575112,0.0386446789,0.0386018343,0.040251255,0.0378379896,0.0407639407,0.0399847515,0.0370470248,0.0401876941,0.0365491435,0.0355691761,0.0389902107,0.0340087898,0.0373828709,0.0367120691,0.0319628604,0.0363896117,0.0317939036,0.0299295299,0.0314557329,0.0268008485,0.0296246316,0.0318848193,0.0311612692,0.0222404189,0.0245441291,0.0258440543,0.0251781829,0.0260837562,0.0232833363,0.0198040213,0.0175624322,0.0138430493,0.0132944435,0.012490768,0.0123116141,0.0126492633,0.0138460528,0.0124861849,0.0126212146,0.0115665542,0.0106314942,0.0106629357,0.00949000102,0.00881030317,0.00886368938,0.00803180691,0.00737944758,0.00780303869,0.00659663463,0.00684556691,0.0059054126,0.00529090688,0.00475471234,0.0043239994,0.00347166345,0.00344600459,0.00290345494,0.00287933485,0.00293430593,0.00236575701,0.0024325042,0.00235074153,0.00289114285,0.00288631534,0.00253937626,0.00209612586,0.000928987633,0.00159395137,0.00107122341,0.000970108784,0.000844045309,0.000389020366,0.00075134635,0.000519607391,0.00037538656,0.000595751218,0.000220423099,2.94072088e-05,0.000347839436,5.51101984e-05,7.38117378e-05,,,,,,,0.000426052429,0.000466257392,0.000678875542,0.000517737062,0.000242414419,0.000439859112,,,,,,,,,,,,,,,,,
822,1.176,2026-08-30T08:55:22.143000+0000,-20.964535601195003,154.35972766429,0.0677479804,0.0614271313,0.0588488467,0.0590346977,0.0572232343,0.0602168404,0.062984556,0.0699193776,0.068809323,0.0706695244,0.0697515085,0.0669529065,0.0626702905,0.062750414,0.0611421131,0.0599009842,0.0589754395,0.0586445257,0.0573201813,0.057059329,0.0559137464,0.0550330803,0.0547278412,0.0535721518,0.0534066074,0.0530826077,0.0523183532,0.0521123931,0.0511889942,0.0506571382,0.0498010442,0.0487506613,0.0489149392,0.0484473072,0.0479736328,0.0466548353,0.0472141802,0.0473160557,0.0468821451,0.0457722358,0.0464124642,0.0458353534,0.0454002433,0.044983007,0.0443767533,0.0442575403,0.0440163426,0.0432888046,0.0438144244,0.0433667526,0.043234095,0.0429447778,0.0418840535,0.0416599475,0.041596476,0.0412778854,0.041429095,0.0413788222,0.0410973802,0.0414503701,0.0405359305,0.039983239,0.0397104733,0.0386775136,0.0393846817,0.0394418314,0.0402112529,0.0400479883,0.0397339426,0.0397947505,0.0388870277,0.0379576944,0.0364691429,0.0372091755,0.0367202125,0.0366387889,0.036302872,0.0361820683,0.0336928591,0.032079611,0.0327439047,0.0299295299,0.0276157334,0.0300208405,0.0281046312,0.03430482,0.0314812697,0.0221004076,0.0254341457,0.0263740588,0.0259181745,0.0263137706,0.0237733163,0.0201540198,0.0181624126,0.0160230286,0.0140344352,0.0142707713,0.0127916103,0.0138792647,0.01420605,0.0132561876,0.0123912152,0.0115765529,0.0108614936,0.0108929351,0.00949000102,0.00932029542,0.00893369503,0.00832181331,0.00784944557,0.00774304662,0.00713663781,0.00632556109,0.00639542239,0.00598090515,0.00529471552,0.00443399977,0.00389166735,0.00367600401,0.00388345961,0.00366934971,0.00296430197,0.00321574905,0.00318249455,0.00247074058,0.00261113513,0.00259632384,0.00294938171,0.00257612206,0.00192898966,0.00211395719,0.00104122737,0.00129011122,0.00103403511,0.00100902794,0.00105133653,0.000709612097,0.000405382598,0.000775757246,4.0424522e-05,4.94045671e-05,0.000677840551,0.000355107826,,0.000109846122,5.91821736e-05,0.000207151519,7.80518167e-06,,0.000232533086,0.000996051589,0.000916257559,0.000978873111,0.00106773141,0.000322411302,0.000339857419,0.000180235482,,,,,,,,,,,,,,,,
823,1.31599998,2026-08-30T08:55:22.392000+0000,-20.964535609080002,154.35972767176,0.0625979602,0.0624471456,0.0707588717,0.0555546805,0.058173243,0.0598868392,0.0668445528,0.0668593943,0.0699393377,0.0702495202,0.06989149,0.0654229149,0.063170284,0.0625004023,0.0591621064,0.0596509874,0.0587254427,0.0588445291,0.0569901951,0.0567093305,0.0555537492,0.0548530743,0.0536678471,0.0531021543,0.0524466075,0.0521226078,0.0522283576,0.051282391,0.0503789969,0.0502271354,0.0497210473,0.0492206588,0.0486949384,0.0479273088,0.048043631,0.0474048331,0.0470741838,0.046566058,0.0467421412,0.0465522371,0.0457924642,0.0463153534,0.0457102433,0.0450630076,0.0446067564,0.0444075391,0.0436363406,0.043808803,0.042984426,0.0423367508,0.0429240949,0.0420147777,0.0416140556,0.0413499475,0.0409764759,0.040927887,0.0412590951,0.0411488228,0.0404973775,0.0406003706,0.0401759297,0.0397832394,0.0400604717,0.0397075117,0.0392246805,0.0408918336,0.040251255,0.0408879891,0.0405039415,0.0392147489,0.040507026,0.0388976932,0.0386391431,0.0399791747,0.0366402119,0.039798785,0.037682876,0.03549207,0.037472859,0.0334796086,0.0322039016,0.031639535,0.0294857323,0.0307708457,0.0301746335,0.0312048197,0.0322812684,0.0242204256,0.0267741475,0.0268640388,0.0266581662,0.0260937698,0.0238733329,0.0207640436,0.0187624227,0.0161230452,0.0144644231,0.0123407729,0.013801611,0.0130592687,0.0137860458,0.0137861921,0.0133112129,0.0127165513,0.0120115057,0.0108829364,0.0102300076,0.010060302,0.00891369767,0.00853181537,0.00834945403,0.00797304604,0.00809663069,0.00689556031,0.00601541298,0.00590090081,0.00550471758,0.00497400295,0.00467166863,0.00435600383,0.0044634575,0.00349934236,0.00291429367,0.00334574678,0.00278250268,0.00265073171,0.00313114095,0.00289631402,0.00300937379,0.00328611769,0.00151898421,0.0017239491,0.0020312306,0.00137011555,0.00168403867,0.00124902604,0.000871345401,0.000829611148,0.00092538842,0.000665756874,0.000540425535,0.000509403413,0.000537836691,0.000355107826,0.000503814546,0.000329846865,3.91773647e-05,7.71537889e-05,0.000117805554,0.000277084415,0.000382528116,0.000766052224,0.0011562556,0.00191887561,0.00125773612,0.0011924156,0.000809862395,0.000900237239,9.36628785e-05,,,,,,,,,,,,,,,
824,1.46599996,2026-08-30T08:55:22.640000+0000,-20.964535616933333,154.3597276792,0.09804786,0.0947970748,0.0951788276,0.0929046422,0.093043223,0.0946768373,0.0996145234,0.102059387,0.0992793515,0.100359537,0.0963415205,0.0867829397,0.0735603198,0.0667804256,0.0622921437,0.0609210245,0.0605154783,0.0595945567,0.0585602038,0.0583493523,0.0574937612,0.0563631058,0.0554978512,0.0545521677,0.0534966104,0.0530926026,0.052318342,0.0520323664,0.0510189645,0.0504871011,0.0506310053,0.0482006185,0.0486149192,0.0484572947,0.04708362,0.0474048294,0.0468441732,0.0467260554,0.0460521504,0.0457022451,0.045952484,0.0456053689,0.0447702408,0.046172969,0.0453966558,0.0455773398,0.0450160243,0.0447983444,0.0441737957,0.043795947,0.0430031903,0.0428638943,0.0424332619,0.0420292988,0.0419859774,0.0416575372,0.0411588773,0.0416287072,0.0414773561,0.0407503955,0.0415359661,0.0406232364,0.0404604077,0.0402973928,0.0405545533,0.0411717333,0.0412212349,0.041418042,0.0411640294,0.0409248509,0.0402170978,0.0393577106,0.0388790071,0.0392188244,0.0391695499,0.0390276536,0.0408410728,0.0370695032,0.0377094075,0.0356949233,0.0320479423,0.0344919339,0.0301563591,0.0313405544,0.0319831148,0.0349726155,0.0356189534,0.0226203259,0.0247040354,0.0261039641,0.0270080958,0.0262037255,0.024283288,0.0211039763,0.0181023758,0.0170630272,0.0142444186,0.013070764,0.0137216225,0.0136592714,0.0137760481,0.0132561959,0.012841234,0.0122565618,0.0110914959,0.0111229373,0.0104200002,0.00955028925,0.0091237044,0.00827180035,0.00810944289,0.00853304286,0.00732661551,0.00689553004,0.0064853807,0.0052508493,0.00595466094,0.00482393568,0.00463161571,0.0042159576,0.00330343074,0.0033693139,0.00313427346,0.00299572782,0.00273247412,0.00219071261,0.002381125,0.00289631332,0.00300937449,0.0027461166,0.00196894212,0.00213385886,0.0016210312,0.00173981907,0.00133360422,0.000948404602,0.000950554502,0.000868694275,0.00105446647,0.00128492783,0.000819720328,0.000678857556,0.000947440742,0.000304850983,0.000553661492,0.00029979588,0.00056918303,0.000477175112,0.000167804188,0.000347020163,0.000462408236,0.000805905496,0.000536132604,0.00118881685,0.000997741474,0.000662478968,0.000729951891,0.000430307933,0.000353680225,7.29814637e-05,,,,,,,,,,,,,,
825,1.61800003,2026-08-30T08:55:22.889000+0000,-20.964535624818332,154.35972768667,0.0736382231,0.0891273916,0.0704191104,0.067054823,0.0690233111,0.0698468909,0.0705347061,0.0766094625,0.0780393481,0.0804095268,0.0778014809,0.0747828186,0.0738002285,0.0687703788,0.0674920604,0.0677609071,0.0663653985,0.0651745051,0.064910166,0.0631693453,0.0620337464,0.0608730577,0.0604678765,0.0595521852,0.0588266402,0.0590626672,0.0583984442,0.056832511,0.0558291376,0.0554373041,0.0540512204,0.0535308346,0.0530950539,0.051787395,0.05171372,0.0518948957,0.051364243,0.0514261164,0.0522621758,0.0519122705,0.0526124686,0.0529453568,0.0530603006,0.056683179,0.0584771186,0.0589582175,0.0604173802,0.0615902953,0.063376449,0.0637293011,0.0650569573,0.0647775531,0.0653165132,0.065371938,0.0655079782,0.0651989505,0.0648297295,0.0644491613,0.0643474385,0.0639002845,0.0633258149,0.0632532686,0.0631806999,0.0634179115,0.0637651086,0.0646121725,0.0645613372,0.0651578829,0.0653237104,0.0646545291,0.065436922,0.0653677881,0.0635997429,0.0639704764,0.0632325262,0.0627625883,0.0627887771,0.0607803501,0.0607039109,0.0593044981,0.0563227758,0.0544734634,0.0498351604,0.0525930598,0.0542405359,0.05179267,0.0533892997,0.0223206878,0.0239444263,0.0272142589,0.0264883377,0.0257638488,0.0231833719,0.020024132,0.0172624923,0.0144230286,0.0137044024,0.0125407316,0.013571525,0.0132192029,0.0131760221,0.0130161298,0.0125811342,0.012006497,0.0117614642,0.0103929117,0.010649967,0.00953029655,0.0086236624,0.00804180466,0.00733948033,0.00775304437,0.00757666677,0.00642564613,0.00551550323,0.00546103902,0.00487487903,0.00516416039,0.00405182829,0.00402614148,0.00409354502,0.00335942907,0.00307435775,0.00310580409,0.00227255095,0.00252078939,0.00248116488,0.00270630931,0.00281938398,0.00309611345,0.0019791238,0.00259426236,0.0017918495,0.00161103881,0.00116540608,0.000640950399,0.00113377755,0.00103244197,0.000968208653,0.000918297446,0.000592549215,0.000661024125,0.000449011335,0.000595828518,0.000334201613,0.000319955521,,,5.77752944e-05,,0.000232895254,0.000336467812,0.000646618486,0.000519041205,0.00093770551,0.000882217078,0.00103961292,0.000120073324,2.36928463e-05,,,,,,,,,,,,,,,
826,1.77100003,2026-08-30T08:55:23.144000+0000,-20.964535632893334,154.35972769432,0.0698185787,0.0652577281,0.0689394176,0.0602050014,0.0621234402,0.0638169795,0.0698448718,0.0706395358,0.0747693479,0.079189539,0.0797714368,0.0756327286,0.0768401623,0.0771203488,0.0747019872,0.0758508071,0.0765053257,0.0769344643,0.0772101283,0.0775893331,0.0775837526,0.0777230188,0.0787479132,0.0786122307,0.0797766745,0.0791427419,0.0802385509,0.0808226541,0.0813593194,0.0824675336,0.0812214389,0.0813010484,0.0823751986,0.0810675025,0.0822638348,0.0816849619,0.0816643089,0.0812961981,0.0818922147,0.0817123055,0.0818724781,0.0822653547,0.0821403861,0.0713533983,0.0697875917,0.0692490786,0.068868719,0.0680921972,0.0670990497,0.0667825788,0.0663806349,0.0657111183,0.0652996823,0.0639844909,0.0632899255,0.062740311,0.0627405569,0.0619595908,0.0614475012,0.0605501756,0.0599856749,0.0606033057,0.0595609881,0.0582384095,0.0591056459,0.0581526048,0.0587714538,0.0591977425,0.0574234352,0.057924252,0.0577067919,0.0559379086,0.0556405149,0.054142151,0.0541154929,0.0547274649,0.053096354,0.0537409894,0.051848121,0.0494536385,0.0493170172,0.0465242267,0.0453229733,0.0458544642,0.0434866771,0.047371313,0.0498681925,0.0207581855,0.0183719024,0.0215016827,0.0208156854,0.0202110708,0.0187905841,0.0144414091,0.0125497533,0.0103201764,0.0075214915,0.0079378346,0.00774855353,0.00729626697,0.00864311773,0.00777319353,0.00759815611,0.00701355748,0.0067685619,0.00795000046,0.00771707483,0.00894742738,0.0102407662,0.0106189502,0.0113066426,0.0123501783,0.0122738378,0.012542895,0.0124827446,0.0124883587,0.0125922328,0.0119215222,0.0113691902,0.011103454,0.0104607763,0.0100466637,0.00978155155,0.00968301669,0.00955975894,0.00912799779,0.0084583303,0.00853344426,0.00834651478,0.00825324841,-0.00399355125,-0.00371821155,-0.00407022797,-0.00387063297,-0.00440569315,-0.00460942648,-0.0040259487,-0.00348679209,-0.00291102263,-0.00182129676,-0.00116759632,-0.000729759224,-0.000172352418,0.000723887701,0.00192182977,0.00253723096,0.00360617694,0.00330401957,0.00307487044,0.00301458966,0.00405048672,0.004284136,0.00430421624,0.00446639303,0.00417480431,0.00430910569,0.00417642482,0.00418699253,0.00346087478,0.00352118537,0.00291639101,0.00267335493,0.00239354372,0.00229590107,0.00154923182,0.00170756504,0.000736759976,-0.00150445383,-0.002489103,-0.00206849957,-0.00224413723,-0.00371591584,-0.00415338436,-0.0032335571
827,1.79999995,2026-08-30T08:55:23.393000+0000,-20.964535640778333,154.35972770179,0.0773886144,0.0628077462,0.065309383,0.0624450073,0.0602234267,0.0615569763,0.067544885,0.0720095187,0.0723693371,0.0772995353,0.0783014372,0.0789427161,0.0747301728,0.0772603452,0.0766719803,0.0760207921,0.0770853236,0.0779544637,0.0787401199,0.0790793449,0.0791637525,0.0792430192,0.0794179142,0.0800622329,0.0808466747,0.0811927393,0.0804285631,0.0807226598,0.0807393268,0.0803275406,0.0810614377,0.0799610615,0.0796952099,0.0789675117,0.0786338449,0.0780549645,0.0777143091,0.0770061985,0.0768622234,0.076222308,0.0757124722,0.0753453523,0.0746503845,0.0561334044,0.0548476055,0.0549691059,0.054368753,0.0530422553,0.0538791157,0.0532126725,0.0521507338,0.0519412123,0.0500897728,0.0498645604,0.0501099788,0.0489303507,0.048820585,0.0484995991,0.0484475046,0.0469001718,0.047605671,0.0460633077,0.0444909967,0.0463484228,0.0432456583,0.0457626171,0.0454414561,0.0435877405,0.0441534258,0.0431842431,0.0413767882,0.042097915,0.0376405306,0.0399721973,0.0400755815,0.0371476039,0.037656568,0.0375212878,0.0335585177,0.035154175,0.0313276984,0.0293950904,0.0315240249,0.0261756275,0.0288479775,0.0337826833,0.03176957,0.0236833133,0.0253170356,0.0259668138,0.0246608052,0.0249062106,0.0224256832,0.0195565242,0.0174948443,0.0131352637,0.0122466097,0.0116929477,0.0112136574,0.0129413819,0.0118282307,0.0117683029,0.0120832594,0.0109986681,0.0100636752,0.00916512031,0.00871217903,0.00851254258,0.00807587057,0.00775405811,0.00781176006,0.00713528274,0.00670894468,0.0072679962,0.00575785805,0.00596347824,0.00483735232,0.00408663694,0.00438429741,0.00342857698,0.00352590252,0.00276177609,0.00295667863,0.0024581207,0.00230488228,0.00189311861,0.00219344208,0.00247855624,0.00224161847,0.00226836605,0.00826156139,0.00861691125,0.00788491219,0.007524502,0.00716947904,0.00730575109,0.00697924802,0.0068084239,0.00636419328,0.00649391627,0.00612760289,0.00584541308,0.00597280031,0.00560902618,0.00479695341,0.00498234853,0.00429129088,0.00463912729,0.00413997984,0.00446971506,0.00429562153,0.00478926906,0.00436934549,0.00522150658,0.00453991629,0.00407420937,0.00389152579,0.00384210376,0.00297598215,0.00233631767,0.00229153922,0.00177853333,0.00159876992,0.00137120427,0.000264602364,0.000183033873,-0.000447636354,,,,,,,
828,1.81500006,2026-08-30T08:55:23.642000+0000,-20.96453564866333,154.35972770926,0.0732584223,0.0595375486,0.0654092506,0.057814952,0.0585133769,0.0603669398,0.0679748133,0.0694494992,0.0707693547,0.0727295429,0.0717214718,0.0676727816,0.0649702102,0.0646003783,0.061222028,0.0611108691,0.0603553616,0.0602244958,0.0583901592,0.0576993525,0.0574937649,0.0569330528,0.0557779111,0.0557122231,0.0547666736,0.0542427152,0.0541185141,0.0532226004,0.0518992469,0.0516774356,0.0519313402,0.0500109531,0.0498251468,0.0497874655,0.0488537923,0.0488049462,0.0487742946,0.0482861735,0.0481622145,0.0484623052,0.04881249,0.0480953716,0.0480503589,0.0458533056,0.045157373,0.0446486697,0.0441780686,0.0444212705,0.0441177636,0.0435309522,0.044238802,0.0435193405,0.0428480953,0.0423232056,0.0419989489,0.0416196212,0.0420201458,0.0420193672,0.0419574641,0.042180229,0.0420857482,0.0413632914,0.0405808464,0.0401681624,0.0408653803,0.041072391,0.0416214056,0.0420778282,0.0415336005,0.04201442,0.0403768867,0.0394978896,0.0387901776,0.0387813747,0.0379940756,0.0380550995,0.0389726423,0.0367357582,0.0367811024,0.0352041572,0.0327649862,0.0310789365,0.0302541405,0.0307638384,0.0328136347,0.0329269767,0.0321336836,0.0261108726,0.0259845909,0.02828441,0.0265984312,0.0271038879,0.024563387,0.0208942052,0.0198225491,0.0167630035,0.0144243669,0.0133207031,0.0143014528,0.0135091646,0.0138059864,0.0132660829,0.0137710636,0.0122364527,0.0115114432,0.0115428846,0.0101199532,0.0107003003,0.00955363549,0.00820180867,0.00855949707,0.00821303949,0.00769668026,0.0069056931,0.00673555722,0.00673112227,0.00593499327,0.00546426978,0.00496194605,0.00379622774,0.00413358957,0.00355948275,0.00359438173,0.00322583667,0.00319259753,0.00298082223,0.0035311766,0.00311631383,0.00334937451,0.00308611686,0.00213922537,0.00210446864,0.0017122454,0.00161163788,0.00163630594,0.00142219884,0.00140534097,0.00142425136,0.0015000212,0.00154992461,0.000993895694,0.000732042827,0.000999746146,0.000776273315,0.000624432112,0.000690012123,0.000719063799,8.69509531e-05,,0.000627348374,0.000313119031,0.000956731499,0.000906842062,0.00131914346,0.00138768682,0.00078210159,0.000589463511,0.000529984944,,,,,,,,,,,,,,,,
829,1.83099997,2026-08-30T08:55:23.894000+0000,-20.96453565664334,154.35972771682,0.0643286556,0.0656077415,0.0647393987,0.0586350262,0.0608034395,0.0632169694,0.066784896,0.0697295219,0.0725493431,0.0732495189,0.0723614469,0.0683227032,0.0682201684,0.0655503571,0.0629619882,0.0635207891,0.0627453253,0.0621144697,0.0609701313,0.0610793419,0.0603737608,0.0584130213,0.0584579147,0.0581222288,0.0571866818,0.056162741,0.0561085641,0.0550626628,0.0542093366,0.0547475368,0.0528214499,0.0529810637,0.0524152108,0.0514175147,0.0511238389,0.0511549674,0.0506243147,0.0500761941,0.0502922162,0.050082311,0.0495124757,0.0495053604,0.0486803837,0.0455434136,0.0448476188,0.0447191298,0.044408787,0.0438923091,0.0439591855,0.0433827639,0.043930836,0.0428113118,0.0423098579,0.0414246321,0.0404700376,0.0411403887,0.0413306057,0.0409796126,0.0408275053,0.0406001732,0.0409856662,0.0400633067,0.0397710055,0.0395884402,0.039995674,0.040342629,0.0396414548,0.0416277349,0.0397234187,0.0397142358,0.03926678,0.0388079137,0.0380905531,0.0388122387,0.0358256586,0.0386477374,0.0374567769,0.0354215838,0.0376589075,0.0326846987,0.0322383642,0.0316959396,0.0270150676,0.0322267674,0.030359244,0.033264026,0.0330809131,0.0246710666,0.0247947946,0.0266645569,0.0273585524,0.0253239572,0.0237034354,0.0206242893,0.0174026135,0.0155730369,0.0130643565,0.0130706951,0.0129714124,0.0129791275,0.0140959797,0.0137960538,0.0119010173,0.0120264171,0.0115414243,0.0108728688,0.00994993001,0.00977029279,0.00912363175,0.00855180994,0.00810952019,0.00893305149,0.00728669763,0.00737575255,0.0074056196,0.0062712254,0.00566510623,0.00516438764,0.00452206796,0.00367633207,0.00383364735,0.00336954091,0.00298442971,0.00338588702,0.00255263411,0.0028708633,0.00272120046,0.00259632361,0.00340938079,0.00274611544,0.00250931876,0.00230468949,0.00213268609,0.00188230281,0.00160727056,0.00135358376,0.00213708589,0.00163627404,0.00107204518,0.00139174808,0.0011954268,0.000533224316,0.000780602451,0.00105680979,0.000794727239,0.000800106558,0.00107904128,0.000226877979,0.000137731433,0.000487470767,0.000673381437,0.000997038325,0.00126711105,0.00122927118,0.00125766976,0.000811954029,0.00080927473,0.000839852612,0.000293740071,3.40838451e-05,,,,,,,,,,,,,,
830,1.84599996,2026-08-30T08:55:24.141000+0000,-20.964535664465,154.35972772423,0.0746386796,0.0640577525,0.0658794194,0.0623250492,0.0608134381,0.0625469908,0.0684648976,0.0724695325,0.0708893314,0.0740395263,0.073271431,0.0710827187,0.0659101531,0.0667003542,0.0629119799,0.062660791,0.0608553179,0.0606244728,0.059280131,0.0595393404,0.0584237538,0.0570030138,0.0564479269,0.0559922382,0.0552466847,0.0538527593,0.0537385792,0.0542426817,0.0527093522,0.052967567,0.0516914725,0.0502310842,0.0510552265,0.0491175279,0.0488438495,0.0485049784,0.0487043262,0.0481362082,0.0474922284,0.0475523211,0.047342483,0.0470153652,0.0460203961,0.0454534367,0.0457076654,0.04588921,0.0447989069,0.0446624756,0.0454594083,0.0443330407,0.0448911488,0.0440116152,0.0436901227,0.0430148393,0.0426001921,0.0424105003,0.0419606753,0.041969642,0.0416275114,0.0416801609,0.041275654,0.0400633104,0.0405210294,0.0405984819,0.0401257202,0.0409426652,0.0407214686,0.0401877239,0.0409034006,0.0398342162,0.0405567735,0.0391379371,0.0376106352,0.0391223989,0.0374459252,0.0367881656,0.0394474305,0.0354124941,0.037500117,0.0357263237,0.0302404184,0.032188531,0.0283082537,0.0279602557,0.033053115,0.0284980908,0.0316449851,0.0244211107,0.0258648135,0.0276245996,0.0276885666,0.026353959,0.0241034441,0.0210443027,0.0191126168,0.016943017,0.0148643507,0.0137306908,0.0133713931,0.0141191166,0.0134059759,0.0137260389,0.0132910023,0.0122264121,0.0122114206,0.0108428681,0.0103599317,0.0104703037,0.0093136169,0.00872180145,0.00881951768,0.00894304924,0.00842669792,0.00732576801,0.00669561792,0.00686125131,0.00593513297,0.00522441184,0.0051420778,0.00420635007,0.00466366531,0.00457955338,0.0043344358,0.00394589314,0.00364264473,0.00368086621,0.0034712085,0.00334631372,0.0035193814,0.00372612057,0.00195933296,0.00199471973,0.00219274568,0.00163239194,0.00155742618,0.00132378191,0.0015373535,0.00143657438,0.00146235479,0.000932019087,0.000945653417,0.000513388077,0.000910721021,0.00102688652,0.000434759539,0.000610109186,0.000559032545,0.000166862854,0.00021772983,0.000607493159,0.00089341955,0.000997081865,0.00158714363,0.00101928599,0.00172766414,0.00130193657,0.00118924538,0.000809836551,0.000583749963,6.41429797e-05,,,,,,,,,,,,,,
831,1.85500002,2026-08-30T08:55:24.389000+0000,-20.96453567231833,154.35972773167,0.0609086268,0.0656577796,0.0630194098,0.0585250147,0.0602634363,0.0610969886,0.0664049014,0.0666595399,0.0712693408,0.0706795529,0.0705614462,0.0661027208,0.0660301521,0.0635603517,0.060761977,0.0610307865,0.0601953156,0.0592744723,0.0575901307,0.0570593402,0.0568537526,0.0551230237,0.0548179261,0.0543622375,0.0532066859,0.0532827526,0.0534585789,0.0522126816,0.0516293533,0.0521975644,0.0499714687,0.050161086,0.0495252274,0.0482975245,0.0484138541,0.0479249805,0.047144331,0.0470962115,0.0469622239,0.0460123159,0.0458724834,0.0458353646,0.0455603935,0.0452234335,0.0446076654,0.0441792123,0.0438689068,0.0435824767,0.0431394055,0.043203041,0.0428511426,0.042651616,0.0418001227,0.0414248407,0.0408401936,0.0407205001,0.0405506752,0.0403696448,0.0404775143,0.0399201624,0.0394356549,0.0392833129,0.0384410322,0.0385284796,0.0384857208,0.0394126624,0.0396414697,0.0396577269,0.0392533988,0.0395242199,0.0387267768,0.0378479362,0.0371706337,0.0361823961,0.036275927,0.0362881646,0.0367274284,0.0353224948,0.0352201164,0.0338863246,0.033290416,0.0311685316,0.0282782577,0.0279602557,0.0304731131,0.0312980935,0.0308549851,0.0216410905,0.0246748067,0.026794605,0.0266185738,0.0258739628,0.023283463,0.0202242918,0.0177026093,0.0154730165,0.0132043613,0.0126606831,0.013311401,0.0135791134,0.0132659795,0.0127660464,0.0119210044,0.01201641,0.0110714221,0.0108628655,0.00995992497,0.00928029697,0.00884361938,0.00852181297,0.00806951243,0.00839304738,0.00751669938,0.0068457718,0.00678562094,0.00554124685,0.00536513375,0.00496441638,0.00429208577,0.00403634273,0.00405365648,0.0035395415,0.00337442826,0.00320588634,0.00267263874,0.0025308691,0.00237120478,0.00241631735,0.0028893752,0.0025061178,0.00180933776,0.00171471189,0.00185274589,0.0016523893,0.00139743241,0.000973783433,0.0012973405,0.00124658458,0.00118234707,0.000862028333,0.000825654366,0.000423392514,0.000150724547,0.000356885605,0.00028476445,0.000320110237,2.90279277e-05,0.000146865495,0.000417725765,0.000467489299,0.000343425141,0.000997081865,0.0011471496,0.0016892869,0.00144766388,0.000881932443,0.000989249442,0.000509838923,0.000523750437,0.000254140235,,,,,,,,,,,,,,
832,1.86199999,2026-08-30T08:55:24.638000+0000,-20.964535680203337,154.35972773914,0.071888417,0.0690875947,0.0613792688,0.0616349541,0.0605433919,0.0622369424,0.0658248141,0.0685494989,0.0709093586,0.0723295286,0.0705714524,0.0679927617,0.0670902133,0.0639403686,0.0628120229,0.0621508583,0.0613753721,0.0597644933,0.0589101613,0.058239352,0.0580637604,0.056453038,0.0561579093,0.0546322204,0.0542766675,0.0544327162,0.0543185174,0.0524825901,0.0524392426,0.0525374338,0.0505413376,0.0510209538,0.0505251437,0.0487374626,0.0491437912,0.0483549424,0.0490742885,0.0476061702,0.048472207,0.0478622988,0.046952486,0.0469353683,0.046410352,0.0488533042,0.0484673828,0.0482386872,0.0474180952,0.0475413129,0.0467378274,0.0464910418,0.047058899,0.0458794348,0.0456681885,0.0453432761,0.0447189994,0.0450896658,0.0447401665,0.0439293794,0.0438674688,0.0444702283,0.0439357422,0.0426332913,0.044040855,0.0420581773,0.0423753969,0.0438424051,0.0425914042,0.0442178212,0.0442635827,0.0424144045,0.0437768735,0.0428978801,0.0397701859,0.0424114019,0.0400841385,0.0406252146,0.0415228307,0.037726026,0.039701473,0.0355246589,0.0334456302,0.0356597565,0.0289351642,0.0324349515,0.0330249034,0.0350483246,0.0323350504,0.0239308774,0.0246645994,0.0261744186,0.0262684394,0.0260738954,0.0228434112,0.0213641953,0.0181925464,0.0150530087,0.0129943639,0.0122607108,0.0130914636,0.0133991642,0.0128859906,0.0132560842,0.01191107,0.0124764508,0.0113114407,0.0106428852,0.0101499502,0.0100102881,0.00861364137,0.0089718122,0.00781949237,0.00816304702,0.00785667542,0.00684570475,0.00670554955,0.00597113883,0.00561499735,0.00473428378,0.00416193949,0.00385624077,0.00401359424,0.0033194737,0.00303438376,0.00293584773,0.00295258686,0.00282083079,0.00267118751,0.00241631712,0.00270938431,0.00239611813,0.00406922773,0.00420446973,0.00417226925,0.00280167605,0.00213634688,0.0018122741,0.0018054333,0.00163435412,0.00131011917,0.000960022677,0.00110397651,0.000782107236,0.000459790463,0.000836304156,0.000364448177,0.000430017826,0.00018906896,0.000116946525,,0.000347356137,0.000303135021,0.000916745805,0.0012668611,0.00127915584,0.00134768395,0.000702089106,0.00159945223,0.000619976665,,,,,,,,,,,,,,,,
833,1.87,2026-08-30T08:55:24.894000+0000,-20.964535688310004,154.35972774682,0.0684780851,0.0669172481,0.0649489537,0.0608947352,0.0602932833,0.0617968813,0.0654846281,0.0682994276,0.0703693554,0.0724595413,0.0721415207,0.0671729073,0.0664402992,0.0640304238,0.0621121153,0.0618209839,0.0603554472,0.059434548,0.058490213,0.0574293733,0.0570337847,0.0560631044,0.0558778942,0.0548322052,0.0542766526,0.0542426631,0.0541284233,0.0526624769,0.0532390922,0.0524472333,0.0517611429,0.0507807583,0.0503650196,0.0493373759,0.0496637039,0.0488048904,0.0480342396,0.0476161204,0.0477921925,0.0469322838,0.0467225052,0.0470053926,0.0466503054,0.0456131101,0.0451569408,0.0447978489,0.0438767932,0.0450294316,0.0445552617,0.0436877869,0.0448052473,0.0431058705,0.0430850126,0.0427407101,0.0421570465,0.0420182832,0.0426693335,0.0423589423,0.0422173887,0.0424103327,0.0419458859,0.0409032591,0.0408905745,0.0401376784,0.0402448624,0.0409419835,0.0404413082,0.0409179777,0.0421938971,0.0401047245,0.0401370637,0.0397678316,0.0371394977,0.0396398269,0.0372512825,0.0363704599,0.0382353812,0.0346855186,0.0353474058,0.0353156626,0.0290615298,0.0327091366,0.0288874768,0.0269736461,0.0303887911,0.0318996236,0.0293360315,0.0225505047,0.0250442028,0.0256941151,0.026708208,0.0259237736,0.0227133241,0.0205940306,0.0179524217,0.0151930023,0.013614391,0.0131407352,0.0121615613,0.0138292266,0.0131860189,0.0129661532,0.0128211658,0.0117665175,0.0110514713,0.0110929115,0.0101199811,0.00973028876,0.00884366967,0.00845180079,0.00855945796,0.00835303217,0.00795663707,0.00747558381,0.006105443,0.00579094933,0.00563477539,0.00465405872,0.0045817229,0.00393604441,0.00346347969,0.00377936009,0.00292430795,0.00259577297,0.00277252146,0.0025907571,0.00248114462,0.00287631503,0.00240938016,0.0026161212,0.00190905365,0.00123408251,0.00150147721,0.00154048204,0.00144459156,0.000639787351,0.00049229979,0.000670723501,0.000886481837,0.000616726116,0.00103120902,,0.000248247758,,,0.000129852677,,,,,0.00010265474,0.000846199808,0.000766384706,0.000468929531,0.00059772114,0.000432345463,0.000899787643,,0.000173740089,,,,,,,,,,,,,,,
834,1.87800002,2026-08-30T08:55:25.138000+0000,-20.964535696036663,154.35972775413998,0.0609280691,0.0699072406,0.0658489615,0.0594047271,0.0619132668,0.0626668558,0.0692346171,0.0685294271,0.072369352,0.0746395439,0.0731915012,0.0671628788,0.0674602836,0.0658504069,0.0632521063,0.063000977,0.0619754456,0.0616945326,0.0601701997,0.0603593588,0.058793772,0.0572830886,0.0580878742,0.0561821908,0.0562166385,0.0551026464,0.0550684072,0.0536824539,0.0534190685,0.0533872172,0.0516011231,0.0516507365,0.0505149998,0.0500873551,0.0496636815,0.0493148714,0.0486942157,0.0484360941,0.0484721735,0.0473122634,0.0467924885,0.0463053733,0.0463302843,0.0482230894,0.0475969054,0.0476078056,0.0470267348,0.0468593612,0.0457751714,0.045237679,0.0459151305,0.045225773,0.0444649272,0.044310648,0.0436270051,0.0429582559,0.0431593135,0.0431089327,0.0427773893,0.0427403376,0.0421658903,0.041413255,0.0415305607,0.0402576588,0.0407748409,0.0407819599,0.0409812964,0.0416179709,0.0406838842,0.0413947068,0.0401670299,0.0393577777,0.0386194214,0.0372697189,0.0381711237,0.038050238,0.0374150798,0.0383951329,0.0352669135,0.0339150354,0.0327407494,0.030528184,0.0269563273,0.0301424116,0.0319074728,0.030228287,0.0318847448,0.0246805083,0.0255542137,0.0267941263,0.0274482071,0.0257337671,0.0236333329,0.0203640573,0.0182124302,0.0161530096,0.0131144114,0.0136607392,0.0131015703,0.013729237,0.0143560246,0.013496154,0.0130511774,0.0122365244,0.0122014778,0.0115229236,0.0101199895,0.00996029377,0.00978367124,0.00867180619,0.00849945378,0.00862304494,0.00799663365,0.00706559373,0.00669543957,0.00605094247,0.00572477514,0.00522405561,0.00448171888,0.00397605356,0.00430348888,0.00328936568,0.00322431372,0.00327577279,0.00289252028,0.00247075781,0.00248114532,0.00270630838,0.00299937604,0.00231612916,0.00195903913,0.00176407269,0.00154144585,0.00163044687,0.00181453256,0.00121972559,0.00100221625,0.00111062534,0.00115638436,0.000896644196,0.000791155384,0.000199957285,0.000588228228,0.000565342489,0.000303925597,,4.91423998e-05,8.70949589e-05,,,,0.000416188152,0.00085637311,0.000998932403,0.00129771989,0.000802351045,0.000379785546,0.000470201485,0.000323710963,,,,,,,,,,,,,,,
835,1.93799996,2026-08-30T08:55:25.386000+0000,-20.964535703889997,154.35972776158,0.0650383011,0.0647474974,0.0694091767,0.0566848516,0.0622133613,0.0629569143,0.0702547505,0.0694394633,0.0740293339,0.0736495331,0.0732714683,0.0683428273,0.0670402274,0.0658403859,0.0623520464,0.0624708943,0.0612853914,0.0608144999,0.0598101728,0.0593493544,0.0579637587,0.0573030561,0.0558678992,0.0552222133,0.0551466607,0.0544326939,0.0533584803,0.0530325472,0.0519791879,0.0515073724,0.0508612767,0.0505508929,0.0495950952,0.048817426,0.0484837554,0.0478449203,0.0474342667,0.0476861447,0.047422193,0.0466222875,0.0468024835,0.0467753671,0.0462603308,0.0460132398,0.0456272401,0.0449584201,0.0444876887,0.0445807315,0.0438270345,0.0436700396,0.0441577807,0.0431883484,0.0429472215,0.0423224941,0.0418284088,0.0420792438,0.0418799147,0.0413892493,0.0413174443,0.0414102599,0.0413157865,0.0404032804,0.0402307697,0.0394580215,0.0400852263,0.0400522724,0.0405513681,0.0418678634,0.0400936678,0.0403744914,0.0399169214,0.0380678475,0.0380799547,0.0378808938,0.0350032374,0.037853729,0.0360705219,0.035942778,0.0368571356,0.0313388146,0.0306682251,0.0299803615,0.0276036039,0.0277022999,0.0294607934,0.0309434421,0.0298900977,0.0231607649,0.025134474,0.0269143209,0.0279383771,0.0257238653,0.0246133786,0.0201841593,0.017972514,0.0159030315,0.0130443834,0.0131007154,0.0131414896,0.0132891852,0.0136460057,0.0137761114,0.0128311003,0.0124664735,0.0112914545,0.0108329011,0.0103799608,0.00997029338,0.00932364818,0.00851181336,0.00803948194,0.00835303683,0.00773666566,0.00732566789,0.00613551727,0.0058810804,0.00552492822,0.00435420824,0.00476188352,0.00411618082,0.00413356023,0.00316944555,0.00265436736,0.00327582564,0.00319257798,0.00299080135,0.00289117708,0.00329632009,0.00381938671,0.00354611524,0.00191917375,0.00147435139,0.00145202852,0.00113131001,0.00106581487,0.000421504665,0.000964482548,0.00103324733,0.0007290098,0.000749019207,0.000783137744,0.000441469252,0.000229328871,0.000216017943,0.000144293299,1.99757051e-05,4.90945531e-05,,,7.2902767e-06,0.000372990209,0.000636580458,0.000886716065,0.00067908701,0.0010776933,0.00063216791,0.00140954647,,,,,,,,,,,,,,,,,
836,2.0079999,2026-08-30T08:55:25.635000+0000,-20.964535711775003,154.35972776905,0.0684285089,0.0586376563,0.0702193007,0.0601949431,0.0598434173,0.061616946,0.0698348433,0.0694695041,0.0724993348,0.073789537,0.0722014457,0.0691727549,0.0655701831,0.0668803528,0.0632620007,0.0623808242,0.0616253465,0.0608044751,0.0584501475,0.0593493469,0.0576837584,0.0572030284,0.0562479049,0.0558022186,0.0553366691,0.054042723,0.054208532,0.0542526208,0.0518092774,0.0527874678,0.0518413857,0.0499209985,0.0502051674,0.0489674807,0.0493638106,0.048424948,0.0489142947,0.048506178,0.0481722094,0.0478523001,0.0472624749,0.0471653603,0.0469603613,0.0459333472,0.0460274741,0.0451188646,0.045028381,0.0442817286,0.0446383916,0.0435317606,0.0433197133,0.0434402227,0.0423088893,0.0423338488,0.0419294387,0.0412199721,0.0412203521,0.0409794785,0.040847484,0.0405402035,0.0403957106,0.0397232957,0.0398209132,0.0393782854,0.0392255113,0.0403024964,0.0389114246,0.0401877761,0.0404335074,0.0394043252,0.0382868238,0.038347885,0.0361903235,0.0368417352,0.0365447551,0.0356962532,0.0371044651,0.0330283344,0.0339545757,0.0357288569,0.0298309624,0.0293865371,0.0269835144,0.0256441142,0.0319651365,0.0309791509,0.0310359597,0.0240409654,0.0262846816,0.0280544795,0.0277384948,0.0284339152,0.0248134304,0.0219842438,0.0190525856,0.0157530438,0.0158443581,0.0135807134,0.0144914389,0.0144491494,0.0137759885,0.0145560801,0.0138110518,0.0129464371,0.0131414477,0.0115528796,0.0105999447,0.0104602911,0.00902364124,0.00965181366,0.00927950349,0.00887304451,0.00813669339,0.00798572879,0.0063655749,0.00649117073,0.00573504576,0.00543433055,0.00459199259,0.00403627381,0.00405361503,0.00374950212,0.00306441216,0.00335585419,0.00337260822,0.00237084785,0.00296118762,0.00271632266,0.00346937287,0.00266612601,0.00243925815,0.00234456314,0.00178244559,0.00185192889,0.00198674062,0.00165281445,0.00212612981,0.00169516949,0.0011909327,0.00136075064,0.00114458939,0.00107258162,0.00103013683,0.000736528658,0.000794573338,0.00118005706,0.00125906174,0.00104692543,0.00075774244,0.00105741143,0.00170324394,0.00206687348,0.00225696387,0.00278920028,0.00280767726,0.00224202848,0.00229937071,0.00152991689,0.00135373068,0.000983919948,0.00117891934,0.000525596552,6.53723255e-05,,,,,,,,,,,
837,2.0769999,2026-08-30T08:55:25.883000+0000,-20.964535719628337,154.35972777649,0.0687887892,0.0615178794,0.064409554,0.059765093,0.0580534823,0.0598370023,0.065994978,0.0685695633,0.0696293488,0.0709495321,0.0704214275,0.067912668,0.0640201494,0.0643103495,0.0614719652,0.0616207495,0.0601652972,0.0598444641,0.0585601144,0.0581593476,0.057863757,0.057103008,0.0552779399,0.0556022525,0.0555467047,0.054432787,0.0540186241,0.0539627373,0.0526994206,0.0521876477,0.0517615527,0.050781168,0.0505152866,0.0497075655,0.048993893,0.049025014,0.0480243564,0.0479062386,0.0482422411,0.0473923348,0.0477324836,0.0474753678,0.046570424,0.0453035161,0.0449178405,0.044329524,0.0440193936,0.0435931683,0.0440403447,0.0435142294,0.0428824686,0.0429729,0.0426412672,0.0415257588,0.0419908948,0.0411409959,0.0418109708,0.0413898006,0.042187538,0.0414301232,0.0416356027,0.0406233259,0.0401111357,0.0403586663,0.0400359221,0.0406928249,0.0400115065,0.0394476764,0.039583303,0.0398641266,0.0377467349,0.0381279849,0.0368509181,0.0364330113,0.0369970091,0.0362699404,0.0363701843,0.0348063521,0.0336452574,0.0325632431,0.0298991874,0.0276596509,0.0289719142,0.027115209,0.0312397759,0.0301756486,0.0315926149,0.0221212134,0.0250349455,0.0264647044,0.0265086479,0.0259640012,0.0238034744,0.0197743513,0.0184526481,0.0153130339,0.0135743413,0.0132806748,0.0132713495,0.0140790939,0.0132859619,0.0134960124,0.0130909579,0.0127063803,0.0119814062,0.0115428502,0.0112999119,0.0108902911,0.0102236019,0.00983180292,0.00962952711,0.0104630413,0.0104767075,0.0103958026,0.0105356555,0.0104213078,0.00987521093,0.00960449036,0.00900215097,0.00812641811,0.00835369248,0.00791958161,0.00796445832,0.00843590591,0.00783266779,0.00766090211,0.00775122223,0.00845630933,0.0083893789,0.00802611932,0.00226940238,0.00294485711,0.00156304101,0.00180282909,0.00178806332,0.00161468564,0.00192847743,0.00149789266,0.000983653124,0.00116319628,0.000736633316,0.000154138543,0.000841262285,0.000247217482,0.00066493568,0.000510162092,0.00037899625,0.000606808811,,0.000367563509,0.00057359162,0.00110727549,0.00110731483,0.00172936602,0.000847647898,0.00106184126,0.00119913789,0.000479762792,0.000613774173,7.4346317e-05,,,,,,,,,,,,,,
838,2.14899993,2026-08-30T08:55:26.144000+0000,-20.964535727893335,154.35972778432,0.074628666,0.0663077682,0.0678094178,0.0643150657,0.0630334392,0.0638569817,0.0673049018,0.0719095469,0.0717393532,0.0744795278,0.0734014288,0.0714227036,0.06676016,0.0665803552,0.0639719889,0.0622807853,0.0619553216,0.0607044771,0.0601501353,0.060159348,0.0586937629,0.0571830198,0.0572079234,0.0569522381,0.055706691,0.055972755,0.0558285788,0.0551626794,0.0538593568,0.0535575636,0.0530714691,0.0513310879,0.0518052317,0.0502275229,0.0503238551,0.0493049845,0.0487643257,0.0480462052,0.0478622243,0.0475423224,0.0467124842,0.0469353646,0.0464903936,0.0454634354,0.0451576635,0.0449592099,0.0447889082,0.0446524769,0.0441894084,0.0437630378,0.0442411453,0.0429716147,0.0426101238,0.0427248403,0.0424701944,0.042990502,0.0422106758,0.042039644,0.0421075113,0.0418301597,0.0415556543,0.0410733111,0.0413810313,0.0403784811,0.0405157208,0.0414326638,0.0407514684,0.0411677249,0.0413534008,0.0403442159,0.0399767756,0.0389779359,0.037570633,0.0393823981,0.0362859257,0.0382681675,0.0376074314,0.0350724943,0.0363201201,0.0336263217,0.0336004123,0.032278534,0.0270182528,0.0302602574,0.0336031169,0.0304580927,0.0344049856,0.023231104,0.0271948017,0.0270845816,0.0271085836,0.02608395,0.0241634659,0.0206943043,0.017772615,0.0155630196,0.0130543662,0.0132206837,0.0132413954,0.0135591161,0.0135459723,0.0135460477,0.0126210013,0.0129364077,0.011531421,0.0108328694,0.0106099285,0.0101403026,0.0102036186,0.0105618117,0.0107695134,0.0106930416,0.0101767052,0.00925576594,0.00927561894,0.00798125193,0.00773513364,0.00729440665,0.00650207698,0.00426634215,0.00440365495,0.00435955264,0.00397443864,0.00332588539,0.00361263379,0.00335088,0.00377119891,0.0041763233,0.00357937347,0.00343612907,0.00272933557,0.00286470912,0.00245275605,0.00228239549,0.00241743191,0.00191379339,0.00200735102,0.00178657274,0.00150234951,0.00177202735,0.00156565348,0.00126339332,0.00127071817,0.00126688462,0.0010547596,0.000660110032,0.00131902902,0.000596865662,0.000617729151,0.00105749327,0.00152342557,0.00125707733,0.00165714929,0.00216928311,0.00134766218,0.00148193515,0.00145924697,0.0013398336,0.000533749117,0.00060413871,0.000189455226,,,,,,,,,,,,,
839,2.23699999,2026-08-30T08:55:26.393000+0000,-20.96453573577833,154.35972779179,0.0657088682,0.0670579672,0.0668296292,0.0592851378,0.0603535026,0.0621970333,0.0677050203,0.0688295737,0.0722093284,0.0755295455,0.0753713995,0.0718726367,0.0708501115,0.0696503296,0.0673219264,0.0667807162,0.065905273,0.0653144419,0.0647901073,0.0637893379,0.0631537512,0.061422985,0.0601579472,0.0607122555,0.0602767095,0.0584627949,0.0585686378,0.0576527603,0.0573494546,0.0559376851,0.0554315969,0.0543112159,0.0530953072,0.0523075871,0.0520139188,0.0510750227,0.0500243716,0.0497762486,0.0494522415,0.0480823368,0.047882475,0.0470853597,0.046720434,0.0476735607,0.0483079441,0.0471397303,0.0463397168,0.0470136367,0.0462209843,0.0462850407,0.0466433875,0.0452737883,0.0462720618,0.044666402,0.0442113839,0.0441113375,0.0442311838,0.0440399125,0.0439275578,0.0439800955,0.043005567,0.0426333323,0.0430312082,0.0412087888,0.0424960516,0.0429129265,0.0422215313,0.0424276367,0.0425332189,0.041904036,0.041826684,0.039827995,0.0386210792,0.0409933925,0.0376377106,0.0389511138,0.0385720283,0.0368289575,0.0371187627,0.0358079746,0.0317051895,0.0322572887,0.0309113264,0.0286755338,0.0331813022,0.0329878293,0.0321949013,0.0245612897,0.0251950249,0.0269547384,0.0284686927,0.0270540006,0.0242234785,0.0212543551,0.0187926423,0.0162629951,0.0139142983,0.0140006412,0.0139613003,0.0140090492,0.0141559215,0.014175972,0.0136909038,0.012836338,0.0123513713,0.0119028166,0.0102498848,0.0105602667,0.0093435673,0.00859177858,0.00891951565,0.00777301472,0.0078466963,0.00765580917,0.00642566383,0.00584132131,0.00535524124,0.00424451381,0.0048721903,0.00362642249,0.00382369757,0.00323957717,0.00274445582,0.00313589931,0.003222659,0.00210088468,0.0024011971,0.00267628697,0.00260935607,0.00234609749,0.00443941634,0.0047249319,0.00430320669,0.00421309238,0.00422846666,0.00338526815,0.00358923757,0.0037887725,0.00336453994,0.00331399729,0.00322730117,0.0028046465,0.00257162098,0.00282743108,0.00260504289,0.00253017526,0.00237896456,0.00244674925,0.0020976821,0.00219759252,0.00242368015,0.00280737923,0.00350740505,0.0030193897,0.00263761519,0.00237174821,0.00243901694,0.00212967,0.00199373811,0.000984434038,0.00155022135,0.000938053243,0.000659484416,0.000293630641,,0.0,,,,,,,,
840,2.3269999,2026-08-30T08:55:26.642000+0000,-20.96453574366333,154.35972779925999,0.0633389503,0.0660580546,0.0587996952,0.0568151623,0.05862353,0.0605270453,0.0648650452,0.0657695755,0.0705593228,0.0720995367,0.0685014203,0.0664626136,0.0653901026,0.0624003187,0.0611119121,0.0612806901,0.0603552461,0.0593144335,0.058750093,0.0583393462,0.058153756,0.0573929884,0.0565379485,0.0557922646,0.0559267104,0.0554028116,0.0549686588,0.0543227941,0.0539594963,0.052357737,0.0530616455,0.0524312593,0.0518753454,0.0511176102,0.0510539412,0.0507050343,0.0502443872,0.0500762612,0.0496722497,0.0495323464,0.0495824739,0.0488753617,0.0489104502,0.0467236117,0.046098046,0.0455099232,0.045720011,0.045424059,0.0446615629,0.0453057662,0.0447742008,0.0444145799,0.0439327657,0.0439769737,0.0436518155,0.0433516465,0.0433113649,0.0427800082,0.0429275744,0.0425700732,0.0420855358,0.0423933417,0.0416712686,0.0416589007,0.041946169,0.0421630256,0.0420215577,0.0427076034,0.0420131534,0.0430239737,0.0407066494,0.040128015,0.040581245,0.0400637574,0.0389983654,0.0403721929,0.0376137085,0.0390513167,0.0380619094,0.0351622179,0.0347605757,0.0305541158,0.0316397175,0.0330147184,0.0304015465,0.0332986414,0.0347657576,0.0238813963,0.027175108,0.0281248372,0.0277987514,0.0284040645,0.026903525,0.0231544301,0.0215427019,0.0198130142,0.016524313,0.0170806684,0.016511308,0.0166590661,0.0172159523,0.0164659917,0.0165809114,0.0158863626,0.0149213923,0.0147428317,0.0136099057,0.0127102919,0.0125435945,0.0117418058,0.0113095473,0.0115830442,0.0106967269,0.00966586266,0.00929570757,0.00861139409,0.00841531344,0.00776459975,0.00744225271,0.00661649602,0.00652374886,0.0063096392,0.00609450229,0.00566595001,0.00574269611,0.00555093307,0.00552123645,0.0055763172,0.00567937922,0.00534611475,0.00352948345,0.00348504563,0.00313341408,0.00288337888,0.00227888837,0.00244585075,0.00261995289,0.00228961045,0.00194538222,0.0022247606,0.00173793756,0.0018151328,0.00198198622,0.00166766916,0.00145518396,0.0015102342,0.0014689758,0.00105674809,0.00139770331,0.00140767393,0.00134381116,0.00171752763,0.00202753628,0.00181946578,0.00250763563,0.00168171991,0.00210897741,0.00141965249,0.00152377458,0.00112457643,0.000610548072,,,,,,,,,,,,,
841,2.41599989,2026-08-30T08:55:26.890000+0000,-20.964535751516664,154.3597278067,0.0643590912,0.0594081432,0.065849781,0.0574952587,0.0587535687,0.0609970577,0.0670751333,0.0702296123,0.0703593567,0.0724595264,0.0727714002,0.0682625771,0.0646300837,0.0658303127,0.061731901,0.0623006597,0.0614452325,0.0615044385,0.0598300956,0.059149351,0.0589937568,0.0573829859,0.0570179708,0.0554922894,0.0552367307,0.0543328449,0.054688707,0.0537828505,0.0516195707,0.0532178245,0.0514317304,0.05070135,0.0506654009,0.0494076572,0.04929398,0.0488650724,0.0485444218,0.0483562984,0.047862269,0.0475423671,0.0474924855,0.0470853671,0.0462504849,0.0467236973,0.0463382266,0.0456602462,0.0453405008,0.0452647619,0.0449425057,0.0447869599,0.0449755304,0.0438258685,0.0434539095,0.0439278893,0.0442525111,0.0446721353,0.045441661,0.0461201593,0.0461975969,0.0465000346,0.0465854816,0.046133358,0.0463813767,0.0462290868,0.0460563675,0.0479531847,0.0467415974,0.0474875607,0.0463730618,0.0457238816,0.0462866165,0.0455880761,0.0438715518,0.0441843867,0.0441694669,0.0431839898,0.0436564833,0.0409951992,0.04043708,0.0403791778,0.0353093743,0.0368452705,0.029673418,0.0345297046,0.0346182398,0.0321862102,0.0320233926,0.0229915325,0.0222752541,0.0251949187,0.0270788278,0.0254940782,0.0231835265,0.0208344515,0.0180927254,0.0148530351,0.0135543142,0.0121806413,0.0138412584,0.0134490272,0.0130159231,0.01309596,0.0121508725,0.0117763234,0.0110613788,0.010372811,0.010149885,0.00994029734,0.00853357185,0.00843180902,0.00803955831,0.00765304035,0.00693674339,0.0065358961,0.00587574998,0.00528146559,0.00515538827,0.00459466223,0.00444233697,0.0036665611,0.00373379677,0.00303967576,0.00248452695,0.00310597033,0.00261271722,0.00230095512,0.00260124682,0.00247630919,0.00334937428,0.00302612432,0.00307954964,0.00268519158,0.0028536946,0.00240381435,0.00229954068,0.00212676311,0.0016810908,0.00230092159,0.00215669279,0.00180593133,0.00141891302,0.00131588196,0.00108252047,0.00169799966,0.00153536024,0.00136028149,0.00157894159,0.0011166886,0.00106768345,0.000587744231,0.000963982253,0.00169772212,0.0016577068,0.0022995451,0.00165762263,0.00165163516,0.00168886269,0.0016695821,0.00126380031,0.000104792416,0.000511053484,0.000179562252,,,,,,,,,,,,
842,2.5079999,2026-08-30T08:55:27.144000+0000,-20.96453575956,154.35972781432,0.0653791204,0.0602081679,0.0589797609,0.056095276,0.0552635752,0.0568670891,0.0631751269,0.0663196146,0.0660793632,0.0696395487,0.0690113902,0.0654525757,0.0621300787,0.0624103136,0.0591618977,0.0593706593,0.0581052415,0.0577644259,0.0567900948,0.0558793545,0.0549737699,0.0542629808,0.0534679778,0.0530922934,0.0529267378,0.052022852,0.05193872,0.0523128621,0.0508295819,0.0501478389,0.0507917441,0.0492213555,0.0486954078,0.0482176654,0.047743991,0.046875082,0.0471444279,0.0464063026,0.0462722778,0.0460023694,0.045702491,0.0457553715,0.0452404916,0.0461737067,0.0460982434,0.0453502759,0.0449505486,0.0442748182,0.0436125845,0.04359705,0.0433056355,0.0429759696,0.0425139889,0.04158796,0.0418725647,0.0412021689,0.040911682,0.0408601686,0.0407876,0.0407900251,0.0403954796,0.0397833586,0.0388913825,0.0396291018,0.0394763835,0.0395631976,0.0392716043,0.0402575582,0.039033059,0.039833881,0.0377866179,0.0382280871,0.0368215889,0.0360044539,0.0367295705,0.036974147,0.0344467089,0.0350855142,0.0340574943,0.0316897258,0.0318200625,0.0289261434,0.0244844798,0.0299208593,0.0263295136,0.0313575417,0.0329447165,0.0225215256,0.0246552434,0.0269849394,0.0262388214,0.0259440932,0.024323523,0.0202044602,0.0186127461,0.0154630262,0.0129742976,0.0136106424,0.0126412623,0.0133490218,0.0141159231,0.0132559501,0.013300865,0.0122363186,0.0112913754,0.0110528078,0.00989988539,0.00968030095,0.00949357636,0.00895179901,0.00794955529,0.00809304044,0.00743673695,0.00698589813,0.0057357559,0.00545146223,0.00502539612,0.00452467659,0.00411234098,0.00393655896,0.00315378583,0.00329967355,0.00270451396,0.00307597546,0.00307271746,0.00258096424,0.00220125541,0.00276631536,0.00293938396,0.00249612029,0.0018395551,0.00198520627,0.00206371746,0.00128384726,0.00125957886,0.00116682542,0.00131118204,0.00112102809,0.00101679191,0.000636022887,0.000518982881,9.5930649e-05,0.000532554695,0.000428016414,0.000365367043,0.000370277441,0.000258931075,,,0.000127749227,0.000193990767,0.000737735536,0.000537717016,0.00101954769,0.00148762157,0.000701628393,0.000458855473,0.000749583822,0.000173811335,,,,,,,,,,,,,,,
843,2.5769999,2026-08-30T08:55:27.393000+0000,-20.964535767445,154.35972782179,0.0742990524,0.0655681565,0.0633097887,0.0604152307,0.0603835806,0.0614570566,0.0676051155,0.0710596144,0.0715593547,0.0761095434,0.0749614015,0.0723825991,0.0684400946,0.0679303259,0.0652119145,0.0642806739,0.0634252504,0.062444441,0.0617701001,0.0601493604,0.0600837693,0.058792986,0.0568079762,0.0564522967,0.0565867387,0.0561628453,0.0558187142,0.0564628616,0.0545795709,0.0537178256,0.052991733,0.0503913462,0.0509654097,0.0505376644,0.0495839939,0.0493850745,0.0484644212,0.0485763028,0.0479422808,0.0484623723,0.0476524942,0.0473253764,0.0474304892,0.0449836999,0.0438982248,0.0445602313,0.0431704745,0.0441947207,0.0435124449,0.042426873,0.0432454348,0.0426657721,0.0421738178,0.0421178155,0.0416524559,0.0415420868,0.0417516343,0.041180145,0.0410475917,0.0413500294,0.0409654863,0.0403033569,0.0398413688,0.0404990725,0.039876353,0.0411031768,0.0400716029,0.0411975682,0.0413530804,0.0396839045,0.0394366384,0.0386680961,0.0376815572,0.03828438,0.0379094258,0.0373838954,0.0387263186,0.0359749533,0.0378267355,0.0349886939,0.0321687534,0.0322944745,0.0270824172,0.0311185978,0.033206977,0.0321848541,0.0315020047,0.0217615142,0.0234352313,0.0260549095,0.0263388231,0.0246340614,0.0232535228,0.0207644645,0.0171227381,0.0155330282,0.0144943045,0.012680646,0.0131712547,0.0131390207,0.0129159177,0.0132959615,0.0130608696,0.0119963223,0.011971375,0.0110428091,0.0110298861,0.0112802964,0.00991358142,0.0102818012,0.0098795509,0.00951304566,0.00881674513,0.00784589723,0.00827574171,0.006861459,0.00653537782,0.00561465416,0.0052723242,0.00420655683,0.00345378392,0.00266967551,0.00274451915,0.00282597425,0.00238271477,0.00224096002,0.00277125253,0.00235630968,0.0026993861,0.00284611923,0.00165953988,0.00182517665,0.00121368282,0.00140378205,0.00132948859,0.00112669496,0.000950998045,0.000930822396,0.00071658392,0.000825827825,0.00062882714,0.000285807066,0.000562469242,0.000347962603,,2.02665105e-05,0.000558936037,0.000136688235,,0.000227737008,0.000413963979,0.000587701739,0.00138768926,0.00103953213,0.00100761978,0.000281646731,0.00068888336,0.000339603052,,,,,,,,,,,,,,,,
844,2.64299989,2026-08-30T08:55:27.643000+0000,-20.964535775361668,154.35972782929,0.0667290539,0.068808116,0.0629397258,0.0590852574,0.0591135733,0.0603470653,0.0643651038,0.0673896298,0.068969354,0.0713995546,0.0704514161,0.0669425949,0.0649800971,0.0640403181,0.0608619191,0.0604206957,0.0601752587,0.0587244481,0.0576701127,0.0566893592,0.0559837818,0.0551929921,0.0550979748,0.054152295,0.0536967441,0.0531828478,0.0530787073,0.051742848,0.0518095568,0.0509078056,0.0506217144,0.0507913269,0.049525395,0.0491176546,0.0491439849,0.0482850745,0.0475744158,0.0470063016,0.04710228,0.0468523689,0.0465624966,0.0466953814,0.0465704836,0.0461736806,0.0471281782,0.0458201431,0.0457203314,0.0450445116,0.0449521616,0.0444265157,0.0450350307,0.0443153791,0.0441134647,0.0432175286,0.0430922359,0.0424819402,0.0426315404,0.0424400978,0.0425675847,0.0422800444,0.0421654992,0.0412133522,0.0410313383,0.0408290215,0.0407362953,0.0408831276,0.0405815877,0.0406775884,0.0410231203,0.0410839431,0.0399666615,0.0392780975,0.0376814865,0.0370142087,0.0379191153,0.0373633802,0.0370255001,0.0356037952,0.0332651809,0.0347965918,0.0318160802,0.0282910764,0.0290282276,0.0299740117,0.0286918487,0.0311994236,0.0309065301,0.0231914762,0.0242051911,0.0259248745,0.0260187779,0.0252240431,0.0238635056,0.0196944214,0.0176127031,0.0141729955,0.0131343044,0.0131206475,0.0130412662,0.0130590368,0.0127959196,0.0125359632,0.0128608765,0.0113463253,0.0110713765,0.0106228217,0.00917987898,0.00946029741,0.00835358165,0.00824180152,0.00778955361,0.00770304585,0.00671673473,0.00623587379,0.00592572661,0.00521143293,0.00487534888,0.00442463718,0.00407230854,0.00344653195,0.00280376733,0.00294965529,0.00320450915,0.00271596527,0.00239270506,0.00213095127,0.00197124924,0.002186317,0.00252937898,0.00261612027,0.00155953376,0.00193513383,0.00139358686,0.0013536578,0.00121929334,0.000916417805,0.000960648991,0.000770408544,0.000576180289,0.000635469216,0.000528515666,1.55745074e-05,0.000732294749,5.78536419e-05,0.000365272863,2.48313881e-07,,,,,0.000383906532,0.000107643777,0.000887634582,0.000839510933,0.00105762435,0.000631674484,0.00108892214,0.000589629519,,,,,,,,,,,,,,,,
845,2.70700002,2026-08-30T08:55:27.892000+0000,-20.964535783246667,154.35972783676,0.0804590657,0.0518381596,0.0718997568,0.062845245,0.0595535822,0.0597470589,0.0699551105,0.0709496066,0.0675693601,0.0733795315,0.0723513961,0.0706525818,0.0623100773,0.067640312,0.062381912,0.0617906749,0.0599652417,0.0606044419,0.0592800975,0.0573093593,0.0586937703,0.0561529882,0.0556679741,0.0549122877,0.0548567325,0.0532628447,0.0532487109,0.0532228574,0.0515395626,0.0514978208,0.0521717221,0.0492913425,0.0493653975,0.0485876538,0.0481039807,0.0473150685,0.0479444191,0.0471563004,0.0464922749,0.0470023677,0.0464824922,0.0466153733,0.0460204855,0.0453036875,0.0456282049,0.044800207,0.0444904342,0.044274658,0.0432323664,0.043166779,0.0433253311,0.0429756716,0.0429337285,0.042197749,0.0413424037,0.0408920534,0.0409716144,0.0405201316,0.0406875908,0.0404000357,0.03986549,0.0389033556,0.0395113602,0.0384990573,0.0386963375,0.0401131585,0.0395815969,0.0394875705,0.0405730866,0.0387439057,0.0386466309,0.0371580794,0.0361215211,0.0374543183,0.0368993245,0.0351737402,0.0360860825,0.0346346349,0.034756314,0.032578133,0.0308580473,0.0294035822,0.0296313334,0.0263374187,0.0297656748,0.0310434923,0.0311106499,0.0249273852,0.0249611139,0.026250802,0.0267046802,0.0260199681,0.0235393979,0.0206903256,0.016988609,0.0157089047,0.0135401944,0.0126765296,0.0130471429,0.0138249192,0.0137318121,0.0133118434,0.0125967581,0.0122222062,0.0117372591,0.011028694,0.00962575991,0.00990618113,0.00870945863,0.00860769488,0.00735543622,0.0075389198,0.00738262152,0.00625177706,0.00590162026,0.00612732768,0.00575125217,0.00477053644,0.00433820346,0.00342243258,0.00384966959,0.00377555657,0.00291039073,0.00281185471,0.00304859481,0.00251683197,0.00310713216,0.00298219686,0.00274526002,0.00301200687,0.00368542993,0.00335105183,0.00292953663,0.00312963803,0.00258531608,0.00230249786,0.00230680429,0.00210659485,0.00218236493,0.00238162326,0.00248464383,0.00222163973,0.00221831002,0.00195381837,0.00179121073,0.0016561473,0.00185482262,0.00145257358,0.00168356358,0.0018036135,0.00170983304,0.00203357101,0.00221356051,0.00265540997,0.00249350606,0.00239752885,0.00154476822,0.00151548511,0.00138969184,0.000690656947,0.000456879381,,,,0.0,,,,,,,,,
846,2.77399993,2026-08-30T08:55:28.148000+0000,-20.964535791353335,154.35972784444,0.0619292147,0.0653882921,0.0636398792,0.0589553528,0.0602836423,0.0621771142,0.0662651882,0.0682896674,0.0719793588,0.072179541,0.0710713789,0.068572551,0.0662300587,0.0643903017,0.0619718842,0.0618706383,0.0611152165,0.060284432,0.0593600944,0.058699362,0.0577637702,0.0566129833,0.056347996,0.0554023124,0.0547567606,0.0536528826,0.0529787652,0.0520129241,0.0512696579,0.0510779172,0.0501318239,0.0494514368,0.0492954701,0.0484377146,0.0481040403,0.0473951101,0.0473544523,0.0467063412,0.0465022996,0.0467023924,0.046412494,0.0462353826,0.0456305221,0.0449037924,0.0448484235,0.0448805988,0.0441010334,0.0440455154,0.0429335311,0.0425882414,0.043096967,0.0420072563,0.0424551368,0.0419188812,0.0416732579,0.0412826575,0.0412919819,0.0409803241,0.0406476222,0.0406699851,0.0395254269,0.0400033705,0.0397714935,0.0387392864,0.0398165844,0.0397633575,0.0395416506,0.0397975147,0.0397629626,0.0390937924,0.0388865881,0.0373881571,0.0384918824,0.0370450877,0.0366406739,0.0370659456,0.0373794883,0.0349894017,0.0343726687,0.0331666805,0.0322388634,0.0306272991,0.0270781741,0.0301658493,0.0278662052,0.0320551097,0.0300123524,0.0243616458,0.0256553832,0.028325038,0.027608905,0.026824126,0.0252935477,0.0216945019,0.0191427805,0.017312998,0.0151843,0.0148906196,0.0142612122,0.0145589942,0.0147258993,0.0143159283,0.0133408159,0.0136262989,0.0124413557,0.0115428008,0.011069864,0.0106602879,0.00948356278,0.0094118109,0.00892957114,0.00873304345,0.00840675365,0.00782592874,0.00738578429,0.00641153334,0.00618546875,0.00577475177,0.00562241161,0.00540662138,0.00493382616,0.00434972113,0.00405453937,0.00372600392,0.00356275239,0.00376098254,0.0037212607,0.00394630805,0.00393938646,0.00366613059,0.00173961988,0.00170534337,0.00120400009,0.00135428458,0.00104021817,0.00139772485,0.0012723055,0.00102233887,0.0010280991,0.00127718796,0.000949963578,0.00057666935,0.000903092558,0.000548342592,0.000285541872,0.000400323654,0.000418897718,0.00030662457,0.000437662355,0.000257820706,0.000284159323,0.000897928607,0.00135787914,0.00131962111,0.00117760443,0.00104153948,0.000728746527,0.000199514907,0.000203836011,,,,,,,,,,,,,,,
847,2.85100007,2026-08-30T08:55:28.396000+0000,-20.96453579920667,154.35972785188,0.0718994439,0.0548084825,0.0639500618,0.058375448,0.0576536767,0.0595571436,0.0660553053,0.0671397001,0.0680193454,0.0712695569,0.0699313581,0.067112498,0.0623500161,0.0631602779,0.0596918389,0.0600705706,0.0585351661,0.0583644062,0.0573200546,0.0570693649,0.0565637723,0.0556829572,0.0547180139,0.0543523282,0.053306777,0.0521129258,0.052018825,0.0523930117,0.0510097593,0.0512580462,0.0500519574,0.0496115685,0.0496755578,0.0486677736,0.0481841005,0.0480551459,0.0475044958,0.0474563763,0.0470323116,0.0466224067,0.0467924923,0.0462253764,0.0461805612,0.0470339246,0.0464987084,0.0465211235,0.0455718488,0.0455766805,0.0453251116,0.0450202413,0.0449892059,0.0441994332,0.0437370725,0.0436304435,0.0428944491,0.0425634943,0.0421124846,0.0422505885,0.042177666,0.042029921,0.041095335,0.0403833948,0.0400416628,0.0397795923,0.0399669074,0.0413336195,0.0406117141,0.040747419,0.0411327854,0.0403836109,0.0400864892,0.0389182046,0.0379323289,0.0383660793,0.0377224609,0.0371888913,0.0381740816,0.0375558659,0.0365813076,0.0350683331,0.0312936381,0.0322960541,0.0297112502,0.0316211283,0.0304643866,0.0315548554,0.0335922651,0.0241818931,0.0238055978,0.0259352196,0.0263290312,0.0251541939,0.0231936052,0.0200245902,0.0172928423,0.0156230014,0.0131042562,0.0123906024,0.0130911544,0.0128889503,0.0132158855,0.0125658792,0.0123707606,0.0115462486,0.0110413413,0.0101227742,0.00916984119,0.00967028551,0.00831353199,0.00791180134,0.00720959716,0.00685303984,0.00669677928,0.00629600463,0.00542585645,0.00528164394,0.00444560731,0.00434487965,0.00401254836,0.00306674349,0.00283390214,0.002589782,0.00225458341,0.00292604999,0.00215278938,0.00201103464,0.0016712856,0.0020563195,0.00239938102,0.0021361236,0.00153972569,0.000985590159,0.00136449153,0.000595005171,0.000701294688,0.000549249002,0.000784223201,0.000444547914,0.000580322812,0.000669199624,0.000501640141,7.79575203e-05,0.000424018595,0.000348923961,5.85475937e-06,,,,,,,0.000378261844,0.000358171936,0.000419753953,0.000907581009,0.000551381963,,,,,,,,,,,,,,,,,,
848,2.93000007,2026-08-30T08:55:28.644000+0000,-20.96453580706,154.35972785932,0.0712395757,0.063268587,0.0610001534,0.0602955036,0.0583937466,0.0609271899,0.0650853738,0.0695397481,0.0702493712,0.0724895522,0.0702913627,0.0693224594,0.0637099966,0.0641902685,0.0620918199,0.0615405403,0.0605151579,0.0597543977,0.0590100512,0.058439374,0.057873778,0.0554729551,0.0558580421,0.0550223552,0.055046808,0.0534629673,0.0534388758,0.0531230755,0.0521698408,0.0515881367,0.0515220463,0.0492916629,0.0500556231,0.0488878265,0.0483341515,0.0485051833,0.0475045331,0.0472264178,0.0465723425,0.0470824316,0.0459325053,0.0460653901,0.0459506027,0.0460940115,0.0460988879,0.0459714457,0.0454923436,0.0450473838,0.0447360612,0.0442114361,0.0440705456,0.0439907238,0.0437782109,0.0433713607,0.0430951491,0.0426939838,0.0427027829,0.042760741,0.0425776877,0.04202988,0.0418652855,0.0417534113,0.0412417762,0.0414197817,0.0412671119,0.04113378,0.0416517556,0.0423973799,0.0406126976,0.0417835265,0.0400164649,0.0399082825,0.0398326479,0.0389667302,0.0389135815,0.0382507071,0.0382368788,0.0387997702,0.0352465026,0.0358253121,0.0338924676,0.0299972333,0.0310149714,0.030836137,0.0306910835,0.035052415,0.0326898769,0.0234919991,0.0248757098,0.0272152927,0.0271891039,0.0265442021,0.0247936174,0.0203946568,0.0187428724,0.0162330139,0.0139742531,0.0139905773,0.0130410995,0.0140989209,0.013915862,0.012795846,0.0130907102,0.0122262165,0.011731321,0.0112827662,0.00959982537,0.0103702936,0.0091435248,0.00833180174,0.00832960848,0.00818303972,0.00731678214,0.00735603459,0.00586589472,0.00545169972,0.00579568418,0.0044349581,0.0042526219,0.00383680803,0.00381392799,0.00353981205,0.00326460786,0.00334606343,0.00330282608,0.00276104966,0.00260129361,0.00275631598,0.00280938693,0.00230611744,0.000839795917,0.00158573082,0.000854773563,0.00117543596,0.000701935962,0.000690146582,0.000835350365,0.000815870706,0.000961623387,0.000780370669,0.000612613279,0.00056868908,0.000564551447,,0.000196018838,,,,,0.000108031556,,0.000398449483,0.000578337291,0.00163983158,0.00124756712,0.000121299207,0.000398436678,0.000279319938,,,,,,,,,,,,,,,,
849,3.00999999,2026-08-30T08:55:28.893000+0000,-20.964535814945,154.35972786679,0.070859611,0.0560286045,0.0696001574,0.0571355037,0.0578637384,0.0580771565,0.0663953871,0.0671897307,0.0676593557,0.0693495348,0.0703113452,0.0674724281,0.0621299781,0.0647102594,0.0599018037,0.0596305132,0.058255136,0.058694385,0.0582300462,0.0558493547,0.0569437593,0.0551229343,0.0541380234,0.0531823412,0.0530067869,0.0523129441,0.0524088666,0.0529430658,0.0507398248,0.0509981327,0.0507820398,0.0492216498,0.0493656062,0.0482978113,0.0474441424,0.0472451709,0.0477245189,0.0466363952,0.0459623262,0.0465424173,0.0457124859,0.0459153689,0.0451605842,0.0459340028,0.0454688892,0.0461314693,0.04480239,0.0449674651,0.0442061797,0.0442115963,0.0444807336,0.0434009209,0.0430983976,0.0429615118,0.0422752686,0.0419640727,0.0419028327,0.0415207706,0.0415076986,0.0414298773,0.0411352776,0.0395434089,0.0401317813,0.0397798046,0.0392471366,0.0410437956,0.0395017527,0.0400073528,0.0406526551,0.0391734764,0.0395164117,0.0389482304,0.0367426202,0.037866734,0.0363636501,0.0363008752,0.0363871939,0.035000246,0.034697175,0.0325362571,0.0306636989,0.0311988257,0.0270769708,0.0278983638,0.0288736224,0.0299051628,0.031572707,0.0225120466,0.0244357474,0.0265653394,0.0262291413,0.0250842404,0.0231236368,0.0207946599,0.0176228955,0.0156330224,0.0133942543,0.0122305984,0.0130211096,0.0128389318,0.0129558798,0.012565854,0.0121407211,0.0120062213,0.0117413271,0.0103427637,0.00964982528,0.00922028814,0.00802352838,0.00812180527,0.00718960166,0.00702304905,0.00689679943,0.00600604434,0.00590589875,0.00558171049,0.00445569772,0.00430497713,0.00410264358,0.00365681713,0.00399394473,0.00279983087,0.00282462873,0.00242607272,0.00238281977,0.00242105615,0.00185129256,0.00264631654,0.0019893751,0.0020261223,0.00159980636,0.00157575018,0.00136481971,0.000645506429,0.0010320287,0.00111026806,0.00109553151,0.000766067649,0.000751836516,0.00053057773,0.000522788847,0.000218836358,0.000624663895,0.000409324886,0.000326070003,0.00039047969,0.000148834777,,,,,0.000828490302,0.00079836417,0.000899849925,0.000677566975,0.000381274644,0.000288402312,,,,,,,,,,,,,,,,,
850,3.08999991,2026-08-30T08:55:29.145000+0000,-20.964535822924997,154.35972787435,0.0660496727,0.0672287047,0.0690202862,0.05864558,0.0606037676,0.0609272085,0.0661854297,0.0654097572,0.0701393634,0.0722095519,0.0717513338,0.0661224201,0.06567996,0.0648002625,0.0609417856,0.0604804829,0.0599951148,0.0594943799,0.0581100285,0.0576893575,0.0569237694,0.0558629222,0.054898046,0.0550123565,0.0546568036,0.0533529781,0.0541189015,0.053033106,0.0526098795,0.0525281988,0.0515121073,0.0514117181,0.0504356511,0.0495578535,0.0494341776,0.0491652004,0.0483245514,0.0473764315,0.0473323427,0.0472424328,0.0472624935,0.0466953777,0.0457906127,0.0452240705,0.0447690301,0.0441017225,0.0436427705,0.0439780056,0.0433069095,0.0428125113,0.0431017578,0.0423419066,0.0424492732,0.0418522134,0.0411358029,0.0406244472,0.0403830595,0.0403408892,0.0406477191,0.0407298431,0.0396652408,0.0402034186,0.0395918638,0.038739942,0.0397572853,0.0398939177,0.0393417925,0.0404273234,0.0395425856,0.0394834094,0.0390563942,0.0380482823,0.0378528573,0.0364372283,0.0381945074,0.0358222649,0.0360393338,0.0370432399,0.032981161,0.0336216092,0.0333604738,0.0295574106,0.0290575065,0.0272198878,0.0306064431,0.0296186656,0.03546625,0.0232921261,0.0250558462,0.028325418,0.0267491844,0.0252242442,0.0242236517,0.020194713,0.0178029239,0.0148730259,0.0130642373,0.0146505758,0.0129210725,0.013588897,0.0136658615,0.0132758245,0.0128706796,0.0120361932,0.0112913139,0.0108227469,0.0096398145,0.00914029591,0.00872351322,0.00804179907,0.00790961925,0.00780303357,0.00740680005,0.00759607134,0.00636592647,0.005381756,0.00560575305,0.00455503166,0.00430270471,0.00408686791,0.00315396464,0.00290985941,0.00261464529,0.00278608873,0.0025128515,0.00237108185,0.00226130732,0.00276631513,0.00270938477,0.0020861302,0.00120984961,0.00148585881,0.00156504498,0.000745825469,0.000612531789,0.000860963133,0.000706394319,0.00082708284,0.000432838337,0.000711469795,0.000443541212,6.94016926e-05,,0.000249572564,,,0.00020880613,,,,,0.000448635139,0.000318494858,3.99094715e-05,0.000507556717,0.000501213537,0.000328320835,0.000169231207,,,,,,,,,,,,,,,,
851,3.18700004,2026-08-30T08:55:29.394000+0000,-20.964535830809996,154.35972788182,0.061289791,0.0795987695,0.0543503352,0.05910559,0.0609037802,0.0627572015,0.0614654683,0.067369774,0.0699093491,0.0718095452,0.068391338,0.0660923719,0.0680599362,0.0620402358,0.0618117712,0.0614504628,0.060425099,0.0582643673,0.0587200262,0.0581593513,0.0563637652,0.0567229167,0.0548980497,0.0553123578,0.0532868095,0.0525829867,0.0526889227,0.0518231392,0.0528799184,0.0512582399,0.0501221493,0.0504717603,0.0486856811,0.048437871,0.047664199,0.0472452119,0.0466845632,0.047306437,0.0465723425,0.0462324359,0.045702491,0.045525372,0.0451606251,0.0452241115,0.0448391289,0.0445719101,0.0442530625,0.0430684276,0.042857483,0.0427932404,0.0427425727,0.0423427001,0.0417599753,0.0416627899,0.0414662398,0.0407047532,0.0407732464,0.0404009894,0.0405177325,0.0403998233,0.0398052074,0.0401434265,0.0393019281,0.0391500518,0.0398474038,0.0395340137,0.0403718092,0.0406772867,0.0393225178,0.0406533405,0.0385663472,0.0384482928,0.038633015,0.0365975834,0.0379051454,0.0364833288,0.0356909968,0.0366855785,0.0337642916,0.0317258425,0.031165842,0.0301142279,0.027145898,0.0316090882,0.0281367078,0.031599503,0.0311971549,0.0224222187,0.0246159285,0.027025478,0.0259492528,0.0262342729,0.0242836643,0.0204547439,0.0184629541,0.0152530093,0.0130142234,0.0129405735,0.0127210477,0.0127388919,0.0134058595,0.0127758179,0.0126106627,0.0124461846,0.0112613114,0.0105627449,0.00937981158,0.00918029249,0.00822351221,0.0080918083,0.00795962196,0.00777303847,0.00738681154,0.00666609965,0.00581594929,0.00531180622,0.0048858081,0.00516507495,0.00415274408,0.00387690729,0.00322399568,0.00293988036,0.0028646586,0.00293611502,0.00267286156,0.00229109381,0.00207131077,0.0021663201,0.00233937381,0.00201612408,0.00117989292,0.00139594311,0.00140521163,0.00127609319,0.00107292191,0.000451524247,0.000897095306,0.000467895356,0.000553649093,0.000432210159,0.000694152084,0.000369877089,0.000375410076,1.97869958e-05,,,,,,,,0.000248753466,,0.000329957547,0.00073754834,0.000471152802,2.8247945e-05,,,,,,,,,,,,,,,,,
852,3.28600001,2026-08-30T08:55:29.642000+0000,-20.96453583866333,154.35972788926,0.0667501912,0.0648492128,0.0608306602,0.0579258166,0.0581639186,0.0595472865,0.065045692,0.0666298494,0.0699393675,0.0704795644,0.0686313137,0.0670622662,0.0626598746,0.0620002076,0.0598616861,0.0592003427,0.0582750253,0.0577643253,0.0564999878,0.0557893626,0.0547037758,0.0538828894,0.0523081087,0.052892413,0.0516468696,0.0515330844,0.0505990647,0.0505433194,0.0498401485,0.0491185077,0.0486624166,0.0481220335,0.0476958677,0.04687801,0.0466443375,0.0462953076,0.0465546548,0.0457465425,0.0457524061,0.0450124964,0.0457125008,0.0445853882,0.044460725,0.0449043848,0.0449997,0.0444929563,0.0442546681,0.043900717,0.0430905931,0.043247167,0.0424769633,0.042226959,0.0419237576,0.0411958322,0.0411585532,0.0412263796,0.0407842323,0.040591497,0.0405978151,0.0405396931,0.0392550342,0.0396034755,0.0399222746,0.038740661,0.0398180522,0.0398645364,0.0386019461,0.0400771275,0.0388021916,0.0393630192,0.0388062038,0.0371684618,0.0379439592,0.0366196111,0.0369187295,0.0361991897,0.0344700888,0.0362583324,0.0346513018,0.0318187401,0.0318448432,0.0284410175,0.0291210972,0.027278576,0.0296018422,0.0316576026,0.0310655124,0.0239626449,0.0245663393,0.0259658024,0.0258794948,0.0249843914,0.0236837287,0.0198348965,0.0184430741,0.0154729988,0.0129841901,0.0132205151,0.0129909189,0.0128288018,0.0134458048,0.0128257191,0.0121705253,0.011336091,0.0106012607,0.0106127048,0.00989976991,0.00897028577,0.00830345508,0.00792179722,0.00771966344,0.00803304557,0.00717684953,0.00642622821,0.00609608367,0.00465201633,0.00560605805,0.00451534148,0.00431300793,0.0036671164,0.00342412503,0.00330000394,0.00310474075,0.00312618935,0.00228293822,0.00231117592,0.00243136473,0.00253631547,0.00228938088,0.00249612168,0.00186010962,0.00199642847,0.00115616363,0.00101751997,0.00111502712,0.000974485185,0.000650840811,0.000772225903,0.000897983206,0.00100610871,0.00044740655,,0.000357200857,0.000300888205,,,0.000448701205,,,,0.000115431554,,0.000739151496,0.000610212446,0.000767508231,0.000280858221,0.000437868701,,,,,,,,,,,,,,,,,
853,3.38599992,2026-08-30T08:55:29.891000+0000,-20.964535846548337,154.35972789673,0.0732502267,0.0553992279,0.0666407123,0.0594058149,0.0585939437,0.0617273003,0.0673357174,0.0702198669,0.0696993619,0.07244955,0.0721112788,0.0679122359,0.0629198551,0.0654501989,0.0610116795,0.0614403225,0.0602449998,0.0597543158,0.0585599691,0.0568593591,0.0571137704,0.0557728596,0.055388093,0.0541424118,0.0539768562,0.0526830815,0.0533590652,0.051373329,0.0508301556,0.0506585278,0.048982434,0.0491420478,0.0484558716,0.0477780104,0.0467143394,0.046215307,0.0462446548,0.0456665307,0.0449123941,0.0447824895,0.0451724865,0.044115372,0.0443007201,0.0434043966,0.0435897373,0.0438630357,0.0428748019,0.0420909151,0.0426308662,0.0422775149,0.0421673656,0.0410873555,0.0408841111,0.0407061279,0.0405387767,0.0404965393,0.0399843268,0.0401915535,0.0398478247,0.0397996791,0.0398450159,0.0388234742,0.0388123058,0.0378707126,0.038578108,0.0399545766,0.038071949,0.0390570946,0.0392521396,0.03758296,0.0389761552,0.037548434,0.0356339999,0.0377097465,0.0352890007,0.0363996737,0.0356108621,0.0343094468,0.0346528105,0.0331507958,0.0313474648,0.0313043594,0.027155241,0.0265831277,0.0315369628,0.0293930396,0.0301510189,0.0243926831,0.0241164062,0.0262058433,0.0262595098,0.0249744318,0.0230137631,0.020274926,0.0167830791,0.0158230085,0.0126241837,0.0127105266,0.012150907,0.0126088001,0.0130458148,0.0126257287,0.0119405203,0.0113460869,0.0106112603,0.0103726927,0.00962976087,0.00924029946,0.00803346001,0.00792180095,0.00722967554,0.00730304094,0.00660685729,0.00646623736,0.00509609608,0.00542204129,0.00462607946,0.00403535692,0.00422303146,0.00326713314,0.00337413163,0.00290002674,0.00261475588,0.00305620814,0.00251296186,0.00219118618,0.0022613625,0.00212631049,0.00223938702,0.00191612227,0.000960127218,0.0012964732,0.0010362498,0.000437650684,0.000555218896,2.47641874e-05,0.000321186177,0.000262640009,,,,,0.000167389167,,,,,,,,,,,0.000270240038,0.000347508147,0.000180824893,,3.88906337e-05,,,,,,,,,,,,,,,,
854,3.48799992,2026-08-30T08:55:30.144000+0000,-20.96453585456,154.35972790431998,0.0701702386,0.0607092418,0.061860729,0.0596458502,0.0583839267,0.0590773076,0.0646057054,0.0672898516,0.0668893531,0.0712895468,0.0692512691,0.0668422356,0.0633998439,0.0629501864,0.0604116619,0.0598903112,0.0586249977,0.0578243136,0.0570299737,0.0564193539,0.0559037626,0.0546328574,0.0540380888,0.0536724031,0.0530168526,0.0520230792,0.0518390611,0.0514633283,0.0502001643,0.0508285351,0.0495524406,0.048982054,0.0487658791,0.0473980084,0.0472243391,0.0473253019,0.0461746566,0.0464165285,0.0459023863,0.0461624824,0.0455524847,0.0456053689,0.045000717,0.0459344052,0.0458697602,0.0453530774,0.0445748679,0.0442910157,0.0437710024,0.0435476936,0.0430775695,0.0433675535,0.0430242941,0.04188627,0.0421088822,0.0415566191,0.0413143747,0.0411815755,0.0409778319,0.0405596793,0.0404950082,0.0400834754,0.0393523201,0.0404407382,0.0398181379,0.0396346003,0.0400819518,0.0399770848,0.0404321179,0.0401029401,0.0379961431,0.0393084288,0.0366840251,0.0370098203,0.0379191488,0.035309922,0.0356712639,0.0361700132,0.033553578,0.0339118354,0.031438794,0.0278760456,0.0284773223,0.0270654187,0.0274395235,0.0296957567,0.0312737674,0.0228527002,0.0241164267,0.0256058834,0.0249095391,0.0259544309,0.0225937665,0.0191649497,0.0173530877,0.0146830129,0.0126141859,0.0132205198,0.0118309166,0.0131287891,0.012825815,0.0125357239,0.0117205158,0.0111060869,0.0108312611,0.010362694,0.00915976334,0.00847029779,0.00805345736,0.00688180514,0.00771967368,0.00736304885,0.00690686516,0.00695625413,0.00569609785,0.0050320439,0.00486609014,0.00429538032,0.00383303664,0.00344715011,0.00306414976,0.00224003126,0.00256475224,0.00238621188,0.00262295175,0.0014412005,0.00202136696,0.00247630919,0.00246938621,0.00167612371,0.000620136736,0.000426490209,0.000646284723,0.000687712338,0.000505322358,0.000224904565,7.13479531e-05,0.000222833332,,1.66693935e-05,1.78816263e-05,7.27199949e-05,,,,0.000160748139,,,,,,,,,0.000127505569,,,,,,,,,,,,,,,,,,,
855,3.57599998,2026-08-30T08:55:30.393000+0000,-20.964535862445,154.35972791179,0.0726103634,0.0650993213,0.0655907914,0.0623759031,0.0606839471,0.0613973141,0.0669057444,0.0691198781,0.0702693462,0.0726095438,0.0727612525,0.0705021843,0.0656998158,0.0656301677,0.0637016296,0.0626402646,0.0622249693,0.0613042936,0.0600599535,0.0597693324,0.0593337454,0.0579428449,0.0569980927,0.056642402,0.0560968481,0.0559730865,0.0551490821,0.055253353,0.0535001941,0.0537285693,0.0534824841,0.0511720963,0.0518759005,0.050978031,0.0500143543,0.0494453125,0.049574662,0.0481265411,0.0485323891,0.0479224809,0.0478824712,0.0475553572,0.0462507233,0.0463244393,0.0457898639,0.0456632785,0.0445651859,0.0449714772,0.0445816368,0.0437885039,0.0447284766,0.0441884398,0.0430550873,0.0431869142,0.0423793755,0.0430269688,0.0430245884,0.0427816883,0.0424478501,0.0420496501,0.0417849757,0.0412334837,0.0417823903,0.0409708582,0.0414782688,0.041874703,0.0412419736,0.0414770395,0.0414220318,0.0401128419,0.0416360795,0.0397684239,0.0384441726,0.0405601859,0.0380098261,0.0375210717,0.0395730808,0.0361825973,0.0364670455,0.0349865332,0.0317047685,0.0341036543,0.0297366939,0.0288957022,0.0332610235,0.0305379201,0.0348360389,0.0246027932,0.0247065257,0.0254259594,0.0266896077,0.0248644799,0.0231038034,0.0199449863,0.0170231257,0.0159630328,0.013674181,0.0120505262,0.0133108962,0.0130187776,0.0134758018,0.0135757085,0.0123804975,0.0122260759,0.0114912596,0.0105426963,0.0100697586,0.0096003022,0.0084434608,0.00887181424,0.00767969061,0.00804305077,0.00751687028,0.00640628161,0.00630613603,0.00545209507,0.00506614987,0.00425542705,0.00415309612,0.003707194,0.00403417088,0.00250005652,0.00291477097,0.00266622449,0.00302297808,0.00229121186,0.00260137487,0.00252631819,0.00233937288,0.00236612046,0.0014201781,0.00167658529,0.00102648872,0.00109801057,0.000925747852,0.000795520027,0.00111213909,0.000993745052,0.00085952098,0.000747507787,0.000298580504,,0.000457872869,1.31910201e-06,0.000437149545,,,,,4.85167839e-05,0.000125637802,0.000609634211,0.000659360026,0.000490311068,0.000527496508,0.000320739549,0.000317712256,,,,,,,,,,,,,,,,,
856,3.65799999,2026-08-30T08:55:30.642000+0000,-20.964535870329996,154.35972791926,0.0636603907,0.0703593343,0.0663607866,0.0555259138,0.0605539568,0.0605373159,0.0663257763,0.0651698858,0.0703593567,0.0706895366,0.0712512508,0.0657821819,0.0654798225,0.0645401776,0.0601116456,0.0610802807,0.0591049679,0.0590543002,0.0577399544,0.0575893447,0.056263756,0.055952847,0.0546080954,0.054812409,0.0546568595,0.0533630997,0.0529690906,0.0524833612,0.0519002154,0.0515985936,0.0503725,0.0503121205,0.0496059172,0.0485180393,0.047964368,0.047765322,0.0472846702,0.0472365506,0.0470323935,0.0465524904,0.0464124791,0.0456053652,0.0456307381,0.0449044667,0.0449998975,0.0443333387,0.0434952714,0.0434515923,0.0434817895,0.0447286926,0.0442086905,0.0446386412,0.0439252593,0.0427270494,0.0426694788,0.0421770364,0.0423846319,0.0418717079,0.0422578566,0.0419496484,0.0410649665,0.0417534821,0.0394124053,0.039960891,0.039668303,0.0381847285,0.0401819833,0.0389570408,0.0381420255,0.0396028422,0.0372860879,0.036588449,0.0385842435,0.0343303084,0.0370200314,0.0366713852,0.0332435481,0.0358432308,0.0347378813,0.0287676491,0.0349061638,0.0267454088,0.0272488371,0.0317880437,0.0247735977,0.0311506167,0.033518713,0.0261728223,0.0249165241,0.0280059557,0.0258796141,0.025564475,0.0248737894,0.0186749902,0.0179131422,0.0167730246,0.012534189,0.0138905132,0.0131508764,0.0126087787,0.0143158035,0.0125357043,0.0126104867,0.0122460658,0.0105912546,0.0103426883,0.00986975059,0.0086903004,0.00902345404,0.00811180752,0.00763968099,0.00829304568,0.00686686765,0.00664628437,0.00679613557,0.00494211167,0.00490616681,0.0048154383,0.00350311724,0.00430721231,0.00337417261,0.00273006014,0.00300477655,0.00240623183,0.0024629808,0.00213122135,0.00208138535,0.0025363164,0.00210937392,0.00173611531,0.00143018819,0.0014066149,0.00114653388,0.000958067831,0.00132585538,0.000815658015,0.00092231005,0.000733950641,0.000399719051,0.000807673321,0.000498725451,0.00012336392,,,,0.000100797391,0.00012868573,,,,,0.00067965925,0.000629379589,0.000400317833,0.000837490428,0.000630731753,0.00063770311,0.000138803734,,,,,,,,,,,,,,,,
857,3.74099994,2026-08-30T08:55:30.891000+0000,-20.964535878215003,154.35972792673,0.0647204295,0.0652193576,0.0674908683,0.0572659113,0.0611039735,0.0617573448,0.0682158023,0.0684098899,0.0712493509,0.0738095492,0.0742112622,0.0696322024,0.0694798231,0.0677301884,0.0656116381,0.0668802708,0.0650249794,0.0651343092,0.0641599596,0.0642593503,0.0628637746,0.062852852,0.0622781105,0.0612724274,0.0613268726,0.0610631146,0.061789114,0.0598633923,0.0602002405,0.0602086261,0.0594325326,0.0591721497,0.0590159371,0.0584880635,0.0588443913,0.0582753457,0.0583846904,0.0574665703,0.0576224104,0.0578925051,0.0570224933,0.0580153763,0.057530757,0.0508245006,0.0503599532,0.0499634258,0.0492853969,0.0484917685,0.0482120253,0.0480089746,0.0478689969,0.047768943,0.047105521,0.0464272611,0.0463696383,0.0456071422,0.0458446927,0.045851741,0.0451478586,0.0448896326,0.0445349514,0.0436234921,0.0438324325,0.0434209332,0.0432483479,0.0430647731,0.0432520024,0.0428470336,0.04323202,0.0435728431,0.0413761064,0.042178493,0.0406043492,0.040130496,0.0407303311,0.0379918516,0.0398642458,0.038384188,0.0374091379,0.0365093164,0.0359882638,0.0318080522,0.0317620635,0.0302915424,0.0307974797,0.0326646678,0.032602746,0.0212728344,0.025566563,0.0260759704,0.026199609,0.0253444724,0.0229137745,0.0197149999,0.018233126,0.0151730161,0.0125841694,0.0126705132,0.0125308661,0.0122987619,0.0130857918,0.0125456899,0.0123904701,0.0120060556,0.0112612462,0.0105826771,0.00960974675,0.00943028741,0.00924344733,0.00835180283,0.0082296934,0.00728304265,0.0070868684,0.00667628692,0.00563614629,0.00515211141,0.00500618387,0.00414545229,0.00406313268,0.00347721414,0.00313418033,0.00284006679,0.002474776,0.00294623943,0.00255298824,0.00241121859,0.00242138701,0.00222631195,0.00215938292,0.00195611757,0.00155020447,0.0014566438,0.00148660294,0.0011781716,0.000866008108,0.000855864258,0.000532581122,0.000814257597,0.000520014786,0.000297942548,0.000188935082,0.000483525684,0.000298053492,,,,,,,0.000108535925,6.56944467e-05,0.000229699537,0.00074942084,0.00047033088,0.000137489871,0.000620715553,0.000897680991,2.8801267e-05,,,,,,,,,,,,,,,,
858,3.82500005,2026-08-30T08:55:31.145000+0000,-20.964535886258332,154.35972793435,0.064380385,0.0623093322,0.0666908398,0.0565059446,0.059103962,0.0606673174,0.0680357888,0.0679598898,0.0695593357,0.0730295181,0.0724412575,0.066392161,0.0646397993,0.0644201562,0.0602116175,0.0603802502,0.0601549633,0.0590442903,0.0586499423,0.0575893372,0.0573037453,0.055672843,0.0544080883,0.0548224077,0.0543668568,0.0529730991,0.0530690961,0.0521133728,0.0511802211,0.0520286039,0.049632512,0.0503921285,0.0494459234,0.048808042,0.0483243689,0.0477553234,0.0475046709,0.0475365482,0.0469523929,0.0470024869,0.0464824736,0.0462253578,0.0463307351,0.0475144759,0.0468099304,0.0467533991,0.0454253703,0.0464217402,0.0456419997,0.0457789563,0.0456489883,0.0449189395,0.0451255254,0.0442672707,0.0439996459,0.0437171534,0.0437747054,0.0436017476,0.0431978628,0.0434596352,0.0428249538,0.0424334854,0.0425624251,0.0412309282,0.0413483419,0.0434147641,0.0419519916,0.043967016,0.0426419899,0.0416728072,0.0419460572,0.03992844,0.0389142781,0.0398104191,0.0381902382,0.0390617512,0.0389241353,0.0376840755,0.0377990231,0.0339791998,0.0331681445,0.035287939,0.0291419663,0.0318514667,0.0330674499,0.0308447089,0.0359528512,0.0223828666,0.0242665727,0.0263060033,0.0260796435,0.0253745038,0.0239638202,0.0207249913,0.0178431533,0.0158630162,0.0127941724,0.0124405287,0.0132808704,0.0128187798,0.0131157991,0.0132756941,0.0119204838,0.012456066,0.0110312551,0.0105526894,0.0103397621,0.00963029824,0.00892345142,0.00863181613,0.00793969166,0.00851304829,0.00715687871,0.00685629668,0.00595615245,0.0050221174,0.00567618851,0.00488546304,0.00434313063,0.00347721973,0.0040741954,0.00306007196,0.00321478629,0.00276623643,0.00267298985,0.00201122928,0.00236138189,0.00217631971,0.00221937383,0.00242612744,0.000650200644,0.00173663255,0.000716595328,0.00144817459,0.000626003486,0.000335867313,0.000732566114,0.000734256289,0.00101002271,0.000327960006,0.00044896442,,,0.00046144845,,1.08232489e-05,,,,,5.70394332e-06,0.000349706563,0.00059942581,0.000330339972,0.000647490553,0.000900709769,0.000557665247,,,,,,,,,,,,,,,,,
859,3.90100002,2026-08-30T08:55:31.394000+0000,-20.96453589414333,154.35972794181998,0.0715505108,0.0579994805,0.0678809285,0.0604159422,0.0581940114,0.0607673563,0.0693858266,0.0680598989,0.068639338,0.0719195306,0.0721212626,0.0678121522,0.0639897734,0.0654501617,0.0615615956,0.0616002195,0.0606649332,0.0609742776,0.0587299354,0.0583193451,0.0574737526,0.0560528263,0.0555681027,0.056182418,0.0551468693,0.0532631204,0.0539191291,0.0525734127,0.0510002747,0.0521086641,0.0505425744,0.0494421907,0.0496759638,0.0482180789,0.0485544018,0.0473953485,0.0472046956,0.0464065708,0.0461924076,0.0460825004,0.0463324711,0.0459153578,0.0452407561,0.0444245376,0.0450000688,0.0443336628,0.0439557768,0.0439023226,0.0432427861,0.0429699607,0.0429801084,0.0424300246,0.0424064957,0.0418680497,0.0410802402,0.0410275757,0.0411049575,0.0407418795,0.0409778841,0.0403596014,0.040074911,0.0398034975,0.0398225151,0.0392510816,0.0393185057,0.0397848934,0.0399720222,0.039446976,0.0399819016,0.0384327136,0.0386160165,0.0385584719,0.0365945064,0.0376909189,0.036201138,0.0370232351,0.0361764431,0.0338073149,0.0349733494,0.0344250351,0.0303155389,0.0312173143,0.0278734975,0.0311141126,0.0307015367,0.0308595616,0.0322177857,0.0232329704,0.0249566957,0.0261060856,0.0262097064,0.0252545215,0.0232438166,0.0200450365,0.0164831858,0.0148330191,0.0139041794,0.0122205168,0.0127408495,0.0125487484,0.0127157969,0.0128156729,0.0121404519,0.0113160452,0.0108112451,0.01010268,0.00936974585,0.00967029296,0.00846344233,0.00840181671,0.00811970793,0.00755304098,0.00735689327,0.00686632842,0.0058661825,0.00549216988,0.00481624901,0.00449553598,0.00462318957,0.00374728371,0.00336421793,0.00280010956,0.00287480839,0.00271626492,0.00193300517,0.00155125232,0.00207138644,0.00246631121,0.00228937948,0.00195611501,0.00131025782,0.00158675853,0.00113684114,0.00117852818,0.000986538944,0.000456624402,0.000963521306,0.00124535803,0.000661133789,0.000458957511,,0.000244186958,,0.00032173004,0.000167379621,,8.66712071e-06,,,,,0.000479869079,0.000729566265,0.000540400506,0.00107747491,0.000650628645,0.000767568417,7.8709214e-05,,,,,,,,,,,,,,,,
860,3.97399998,2026-08-30T08:55:31.642000+0000,-20.964535901996662,154.35972794926,0.0701905712,0.0573695116,0.0695109963,0.0577859767,0.0583640188,0.0595173687,0.0681758523,0.0682298988,0.0686893463,0.072909534,0.0721412525,0.0667621419,0.0636797771,0.0656601489,0.0605815984,0.0608002096,0.0606649257,0.059474282,0.0581799336,0.058769349,0.0576637611,0.0560228303,0.0567181148,0.0559824221,0.055426877,0.0546131358,0.0547691472,0.0537734404,0.0520703085,0.053898707,0.0519226193,0.0512422323,0.0517259911,0.0501480959,0.0502344221,0.0492253602,0.0492047071,0.0487965904,0.0486924127,0.0485325046,0.0476424731,0.0476253629,0.0477407761,0.0446645841,0.0452401526,0.0448038131,0.0438060053,0.0439126454,0.0440532267,0.0430505089,0.0436907262,0.042570617,0.0424870215,0.0422084779,0.0412905626,0.0415677987,0.0413750932,0.0416419543,0.0408578962,0.0410995856,0.0410248861,0.0398435034,0.0406225659,0.0396311693,0.0402785987,0.040494971,0.039942041,0.0409569554,0.0409018584,0.0401826724,0.040136002,0.0378484987,0.0382746458,0.0387112089,0.0361116491,0.0387940668,0.0377277248,0.0356491134,0.0375757404,0.0315682478,0.0325796045,0.0335524753,0.027869828,0.0296710338,0.0339492485,0.0287576746,0.0348659307,0.0235630292,0.0256167259,0.0260761213,0.0268197339,0.0247445293,0.0230538361,0.0211250633,0.0170031916,0.0154430391,0.0131741622,0.0122804996,0.0127408281,0.012498741,0.012765782,0.0128456699,0.0119204298,0.0117760301,0.011501235,0.010302675,0.00960973557,0.00864029303,0.0086934343,0.00854181126,0.00759970769,0.00745303882,0.00694689294,0.00622634077,0.00622619689,0.00506221084,0.00427628076,0.00476556551,0.00378323114,0.00347730354,0.00331424153,0.00329012144,0.00250482373,0.00244626729,0.00222302321,0.00213126186,0.00150139292,0.00182632089,0.00210937369,0.00166612398,0.00789029803,0.00703682099,0.00695696566,0.0070087323,0.00669682585,0.00658703502,0.00622405019,0.00615597144,0.00610174984,0.00540950196,0.00559024978,0.00521452911,0.00520879775,0.0053918818,0.00464745518,0.00451088091,0.00457865093,0.00427609915,0.00344753871,0.00362864323,0.00305592245,0.00291996333,0.00253964216,0.00221043848,0.00155747228,0.000650587783,0.000187519589,0.000138678239,,,,,,,,,,,,,,,,
861,4.04899979,2026-08-30T08:55:31.891000+0000,-20.96453590988167,154.35972795673,0.0523705594,0.0720594823,0.0699709505,0.0537360124,0.0615240149,0.06204734,0.0691858456,0.0643799156,0.0715593323,0.0739895329,0.07436122,0.0650721416,0.0665897653,0.0667301491,0.0606315881,0.0617602095,0.0616149306,0.0602942705,0.0583499335,0.0588593297,0.0576737523,0.056412816,0.0565281026,0.0549924187,0.0548368655,0.0544231273,0.0542991348,0.0531334318,0.0508102924,0.054068692,0.0495526046,0.0503822193,0.0508259796,0.0485180877,0.0487644151,0.0482753478,0.0475746952,0.0470065773,0.0474024042,0.0470824949,0.0457724668,0.0466153547,0.0463307612,0.0455345623,0.0457101353,0.0450437777,0.0444959588,0.0441425852,0.0442931429,0.0446504094,0.0436406173,0.0435305163,0.043726936,0.0427084081,0.0427805148,0.0423177667,0.0423050709,0.0414819457,0.0418778956,0.0412895866,0.0407648906,0.0406635031,0.0403125547,0.0392611511,0.0409285799,0.0396649539,0.040742036,0.0414469503,0.0385118574,0.0412326679,0.039425984,0.037548475,0.038944602,0.0369511321,0.0370215327,0.0379038863,0.0344474688,0.0372587666,0.0344252996,0.0325276628,0.0348188803,0.0302115604,0.0285487268,0.0311198421,0.0304079391,0.0311763249,0.0364946015,0.0235699974,0.0242237318,0.0270530973,0.0252467096,0.0243615136,0.0243008304,0.0185920484,0.0173401702,0.0161100216,0.0125911469,0.0134874862,0.0135678062,0.0129657201,0.0140927657,0.0130526535,0.0125974119,0.012643015,0.0116682211,0.0114396522,0.0109667294,0.00978728291,0.0103904111,0.00945878681,0.00868668873,0.00885002408,0.00813387521,0.00821331982,0.00814318564,0.00637918711,0.0062832539,0.00590254925,0.00521020684,0.00525429426,0.00467121461,0.00411710469,0.00491180737,0.00364324683,0.00387000246,0.00435823901,0.00351838395,0.00455329334,0.00418635691,0.00349310972,0.00290726917,0.00292378943,0.00192392524,0.00199567806,0.00289375847,0.00185393682,0.00211094273,0.00207284815,0.00173862278,0.00195640186,0.00136716478,0.00134146889,0.00157574425,0.00126884924,0.000854435377,0.00109787204,0.00118564442,0.00145309279,0.00078452914,0.00126562268,0.000832890859,0.00173693313,0.00189661724,0.00131741539,0.00175445224,0.00138757424,0.0021045045,0.000985655468,0.00088089786,0.000503954245,0.000573460246,0.000526695978,-0.000554108527,-0.000338804908,0.0,,,,,,,,,
862,4.12400007,2026-08-30T08:55:32.144000+0000,-20.964535917893333,154.35972796432,0.0609507337,0.0724196285,0.0653310865,0.0580660701,0.0600840747,0.0614673942,0.0668859258,0.0673499331,0.0719493404,0.0731495395,0.0726812258,0.0668220967,0.0671697557,0.0651901364,0.0614415668,0.0625601783,0.0613549016,0.0610642694,0.0588799194,0.0596893504,0.0581337623,0.0575528108,0.0570081323,0.0558824427,0.0553268939,0.0545131639,0.0541091897,0.0532134958,0.0535003766,0.053478796,0.051432699,0.0518823117,0.050436046,0.0496281423,0.0495744646,0.0493753925,0.0483847409,0.0488666184,0.0483824275,0.0479925275,0.0476424806,0.0477053635,0.0472708046,0.0457746647,0.0457103327,0.0450441279,0.0441864915,0.0445233434,0.0436941646,0.043561697,0.0434820503,0.0425119065,0.0426881649,0.0424793921,0.0415612645,0.0416582897,0.0413853899,0.0414721072,0.0411279239,0.0411795452,0.0402148329,0.0402435176,0.0400426686,0.0390613526,0.0397787951,0.0396251269,0.0391320847,0.0407469049,0.0399817601,0.0393725783,0.0403459556,0.038008552,0.0381249376,0.0374418311,0.0363827348,0.0382058397,0.0366804786,0.0357529633,0.0368708819,0.0331651717,0.0311883707,0.0319035873,0.0259234868,0.0317659825,0.0314859077,0.0307352282,0.0357935578,0.0276731327,0.0254268609,0.025886232,0.0258298051,0.0246145651,0.0240638591,0.019265119,0.0171132274,0.0162130389,0.0123541495,0.0126704918,0.0128107769,0.0126587059,0.0136057744,0.0130556431,0.0123603903,0.0122260023,0.011261222,0.0103026601,0.0103097185,0.00989029091,0.00916341692,0.00832180958,0.00761971716,0.00874304585,0.00674690166,0.00636639027,0.0064062411,0.00570226554,0.00509635452,0.00480563752,0.00438330369,0.00374737638,0.00304427044,0.00297015719,0.00306484941,0.00266629318,0.00239304104,0.00270128646,0.00231141783,0.00193632115,0.00239938032,0.00224612234,0.00147036288,0.00137696683,0.00105725683,0.000989167718,0.00101746852,0.000617931481,0.00125518185,0.0007272847,0.000603055174,0.000620671432,0.000431227614,,0.000219333218,,,0.000140931574,,6.60411315e-05,,,0.000146086502,8.01515416e-05,0.00048981217,0.000790516497,0.000617456681,0.000340501807,0.000247405493,,,,,,,,,,,,,,,,,
863,4.19700003,2026-08-30T08:55:32.393000+0000,-20.964535925778332,154.35972797179,0.0643608421,0.0580297522,0.0721311867,0.0533461608,0.0587740913,0.0593474321,0.069035992,0.0648099631,0.0684893504,0.0709595457,0.0718812048,0.0647220463,0.0631297305,0.0649001375,0.0600315519,0.0603701361,0.0597048886,0.059394259,0.0574699193,0.0570293479,0.0567337573,0.0550828017,0.0550781414,0.0548224635,0.0535869077,0.0532531962,0.0532492325,0.0527535528,0.0515304431,0.0523588769,0.0497127846,0.0497523993,0.0494361073,0.0482881814,0.0484645106,0.0480554178,0.0476547703,0.0467866473,0.0466524474,0.046002537,0.0456224829,0.0454453677,0.0446908325,0.0460047461,0.0458705015,0.0450444445,0.0445769764,0.0453540348,0.0448251069,0.044462882,0.044233378,0.0435931943,0.0439493097,0.042770315,0.0429819599,0.0421787873,0.0422456861,0.0420022607,0.0414879471,0.041269511,0.0401347801,0.0407735333,0.040272776,0.0394115373,0.0412689932,0.0404652841,0.0399021208,0.0410268568,0.0394316614,0.0396124795,0.0400859155,0.0382285975,0.0395852253,0.0368624404,0.0365638211,0.0386776179,0.0354532301,0.0364668258,0.0355360284,0.0335521027,0.0327471532,0.0301647186,0.0265971646,0.0296509564,0.0272125881,0.029092811,0.0328612179,0.0219832808,0.0237669982,0.0267563201,0.0256198924,0.0244145971,0.0235338751,0.019555172,0.0178732798,0.0159730073,0.0124541353,0.0125104673,0.012750743,0.0120886778,0.0131757567,0.0128456131,0.0121603459,0.0120159714,0.0105712088,0.0103426399,0.0098497048,0.0091402987,0.0085133994,0.00810180791,0.00712973392,0.00749304658,0.0066369134,0.00637642713,0.00622627325,0.00460234098,0.00501644192,0.00430572079,0.00388338673,0.00361744268,0.00363431987,0.00253019365,0.0023848752,0.0022763256,0.001833066,0.00219130469,0.00202142377,0.00235631014,0.00163937663,0.00219612964,0.00106042321,0.00169711327,0.00119754032,0.000969585904,0.00088810944,0.00057883549,0.000866306247,0.000718599302,0.000474368746,0.000211860286,9.22114123e-05,0.0005460307,,,,0.000370978261,,,,,0.000296256389,0.000400347461,0.000909976428,0.000510593178,0.000837444211,0.000730412605,0.000297292485,,,,,,,,,,,,,,,,,
864,4.27199984,2026-08-30T08:55:32.642000+0000,-20.96453593366333,154.35972797926,0.0595508516,0.0633098036,0.0676711872,0.0532561839,0.0594241284,0.0599074289,0.0677160099,0.0656399801,0.0698093623,0.0719495565,0.0712412372,0.0663720444,0.0653497204,0.0639301389,0.0611715503,0.0618601404,0.060664881,0.059394259,0.0580899119,0.0578493513,0.0577737764,0.0549828,0.055358164,0.0551124774,0.0543569252,0.0531532094,0.0542092584,0.0525735803,0.0521604717,0.0522789024,0.0494628102,0.050622426,0.0498261303,0.0491082072,0.04899453,0.0485654324,0.0480147824,0.0472966619,0.0477824621,0.0465325564,0.0466324911,0.0461453758,0.04625085,0.0430847779,0.0440605655,0.0430145524,0.0423371382,0.0423842594,0.0418254063,0.0415532514,0.041153796,0.0402535945,0.0405296572,0.0398905948,0.039612174,0.0399989299,0.0396957733,0.0389523022,0.0393879525,0.0393194892,0.0378947668,0.0378835388,0.0381528065,0.0370015949,0.0378690548,0.0374153331,0.0390021428,0.0391268507,0.0376616418,0.039722465,0.0390259176,0.0379586369,0.0401153341,0.038212657,0.0377541855,0.0392681956,0.0364141166,0.0378880538,0.0388476551,0.0341842733,0.0342998914,0.0330581851,0.0292614102,0.0347355902,0.0322677307,0.0346982107,0.037456613,0.0209933128,0.0228670333,0.0266563594,0.0259899031,0.0248745997,0.0244638864,0.0192451756,0.0164532624,0.0152830165,0.0110041229,0.0124604646,0.0127907209,0.0126286689,0.0134557411,0.0126056038,0.0119403293,0.012475959,0.0112711983,0.0103226351,0.0100996951,0.00916029327,0.00896339305,0.00834180415,0.00762972934,0.00796304177,0.00679692393,0.00653643161,0.00575628644,0.00503234752,0.00501646474,0.00465574162,0.00355340773,0.00325744832,0.00287432596,0.00258021243,0.00273488043,0.00217633066,0.00235307869,0.00219131168,0.00203142595,0.0022963176,0.00216938159,0.00172611815,0.0015504394,0.00210716436,0.00107763137,0.00124972814,0.000588303257,0.000129114051,0.000636656652,0.000858999032,0.000774758286,0.000792214065,0.000462508295,,,0.000412642024,0.000147853396,2.09864229e-05,,,,,,0.000320407504,0.000180025119,0.000650611473,0.000697443378,0.000100380712,0.000197261048,,,,,,,,,,,,,,,,,
865,4.3579998,2026-08-30T08:55:32.891000+0000,-20.964535941548338,154.35972798673,0.0705209747,0.0610898286,0.0677012801,0.0592461862,0.0600641519,0.060997434,0.0682860389,0.0700299889,0.0709193498,0.0722995549,0.0727712214,0.0700220391,0.0656897128,0.0663901344,0.0633315444,0.0622701198,0.0612448715,0.061034251,0.0599599183,0.0594893619,0.0590537786,0.0578328148,0.0570981652,0.056352485,0.0563869327,0.0552832261,0.0551492795,0.055153612,0.0537705123,0.0530389473,0.0531428568,0.0520424657,0.0512561575,0.0508182235,0.0498645566,0.0492954478,0.0492047966,0.0487966835,0.0483124703,0.0476125628,0.0480324961,0.0473953784,0.0469608642,0.0462448224,0.0463406481,0.0459047034,0.045037359,0.0449845791,0.0445958413,0.0440238044,0.0444444083,0.0433741882,0.0431301855,0.043051023,0.0417824946,0.0420491584,0.0421159118,0.0423323773,0.0421279632,0.0413894765,0.0417247415,0.0408935435,0.0404428579,0.0408516824,0.0407691486,0.0417154096,0.0415121615,0.0414068289,0.0419816002,0.0410824232,0.0396958999,0.0406786688,0.0381554738,0.0383829474,0.0384746939,0.0372090265,0.0377053954,0.03750984,0.0356200412,0.034767475,0.0334439501,0.0318833217,0.0298377182,0.0274125021,0.0318254158,0.0319062918,0.0335947312,0.023263352,0.0247270819,0.0271264147,0.0270999242,0.026374625,0.024153892,0.0205652006,0.0192432813,0.0165130142,0.0147241,0.0132704526,0.0140807079,0.0140686575,0.0133957397,0.0140355788,0.0133303041,0.0124759451,0.0112811886,0.0115026198,0.00981969386,0.0101002874,0.00888338126,0.00834180322,0.00841973536,0.00876303948,0.00752692251,0.00778644765,0.00601629959,0.00567238173,0.00510650314,0.00470576994,0.00403343886,0.00389748206,0.00337433652,0.0035102258,0.00303488178,0.00257633394,0.00265309541,0.0021513286,0.00307142804,0.003006313,0.00228938088,0.00248612254,0.00172047748,0.00162723486,0.001417764,0.00120991748,0.00102859945,,0.000837181811,0.000539600849,0.000455358066,0.00061274867,0.000552953803,0.000256593339,0.000120274257,0.00019279134,7.93556683e-06,0.000331001822,8.55780672e-06,0.000155938091,,0.000268852804,0.000326376932,0.000470490777,0.000490105245,0.00104064681,0.000647436362,0.000960345671,0.000767209742,0.000418489682,2.40083318e-05,0.000177602982,,,,,,,,,,,,,,
866,4.44899988,2026-08-30T08:55:33.144000+0000,-20.964535949560002,154.35972799432,0.058550965,0.0656799003,0.0715613067,0.0532661863,0.0605741404,0.0602674596,0.0703060627,0.0664800033,0.0704793483,0.0726095587,0.0720212087,0.064842023,0.0651197061,0.0652901232,0.0601115376,0.0609801076,0.0602348596,0.0595842563,0.057649903,0.0574993528,0.0564637706,0.0552827977,0.0548881739,0.0538424812,0.053966932,0.0525832288,0.0531592853,0.0518336222,0.0505505241,0.0518489666,0.0489828736,0.0496024862,0.0491461642,0.0472382307,0.047654558,0.0471654572,0.0476548038,0.0464066789,0.0461124666,0.0461625606,0.0459424928,0.0460653752,0.0454708673,0.0437248386,0.0440606959,0.0426247939,0.0427975059,0.0425447896,0.042046126,0.0422241613,0.0422448143,0.04125458,0.0422505364,0.0408513062,0.0404227152,0.0404993072,0.0400560051,0.0397924259,0.0395179726,0.039609462,0.038844727,0.0388435461,0.0385828875,0.037781734,0.0387892015,0.0384454578,0.037792176,0.0401468091,0.0380715616,0.038282387,0.0386458784,0.0365586691,0.036805544,0.0370331183,0.0345650055,0.036909543,0.0348962173,0.034341,0.0345215909,0.0320995823,0.0313466191,0.0302267224,0.0272619016,0.0317970887,0.0266705472,0.0312317163,0.0341202021,0.0235534012,0.0242771395,0.026336452,0.0260799676,0.0249446351,0.0250839144,0.0200052056,0.0170732997,0.0165630262,0.0124341175,0.0131904483,0.013430695,0.013248641,0.0144957276,0.0130655821,0.0121602993,0.0129059413,0.0110311899,0.0110126231,0.0105696972,0.00962029211,0.00916338619,0.00884179771,0.0080897389,0.00828304421,0.00761693018,0.00708646327,0.00648630923,0.00528240902,0.00537652196,0.00445579831,0.00364347082,0.00411750376,0.00376435742,0.00297023566,0.00289489422,0.00234634313,0.00297310622,0.00236133905,0.00266144215,0.00275631645,0.00274937949,0.00277612847,0.00195049623,0.00163727673,0.00142784975,0.000840052497,0.000868800678,0.000839799293,0.000927532557,0.000400009623,0.000775767723,0.000903123873,0.000313265482,0.000516827218,0.000300447224,0.000432899222,,0.000201025046,0.000198551454,0.000185929122,,,0.000116436218,0.000720556767,0.000620156527,0.00104067207,0.00107742799,0.000850316021,0.000397167052,0.000748461112,0.000374003081,,,,,,,,,,,,,,,
867,4.53800011,2026-08-30T08:55:33.392000+0000,-20.964535957413336,154.35972800176,0.0578409471,0.0624598712,0.0652412996,0.0536561795,0.0569041632,0.0588574558,0.0651660785,0.0642500147,0.0684193522,0.0699395388,0.0695712268,0.063792035,0.0642197058,0.0631801412,0.0590515323,0.0601301081,0.0593748726,0.0577142537,0.0569099151,0.0575893596,0.0560837835,0.0549928099,0.0550881699,0.0535424873,0.0538669378,0.0519032329,0.0522992872,0.0515536219,0.0508205295,0.0520189665,0.0493028685,0.0501524881,0.0490661673,0.048138231,0.0483245626,0.0467954576,0.0468248054,0.0461066887,0.0461124703,0.0461625643,0.0457024984,0.0452053845,0.0448408723,0.0443548411,0.043740686,0.0430947728,0.0432674736,0.043074742,0.041976057,0.0423740745,0.042114716,0.0411744863,0.0414504483,0.0411212333,0.0403426588,0.0399792716,0.0401159823,0.0398124121,0.0395979695,0.0398594663,0.0389947295,0.0385035463,0.0386028849,0.0383817218,0.0387291908,0.0394354425,0.0393421724,0.0392668173,0.0395415723,0.0380124003,0.0384858884,0.0381286778,0.0361955389,0.0373730883,0.035834942,0.0361394323,0.0368260294,0.0353107303,0.0360112265,0.032299079,0.0318059772,0.0307759009,0.0252908822,0.0289159697,0.0307692774,0.0306203645,0.029128829,0.0227433909,0.0242971238,0.0269264355,0.026849959,0.0251846276,0.0236038957,0.0210551936,0.0184032824,0.0166830067,0.013334116,0.0132704498,0.0134206973,0.0126586435,0.0133957369,0.0128755765,0.0121702999,0.0120259384,0.0108111883,0.00962262694,0.00986968447,0.00918028969,0.00845339056,0.00808180775,0.00786973536,0.00826304592,0.00736693153,0.00642645732,0.00549631752,0.00512239477,0.00474650925,0.00442579528,0.0035134661,0.00298749818,0.00350435823,0.00258023851,0.00303488784,0.00262634829,0.00183309056,0.00156133797,0.00202143565,0.00253631547,0.00175937626,0.00219613104,0.00178048457,0.00162726804,0.0012978313,0.000940022699,0.000738755683,0.000569737982,0.000737442286,0.000959909288,0.000455662375,0.000493023894,0.000553182908,0.000176763861,0.000280402135,0.000192869571,,0.000171020161,,,,,0.000116421492,0.00056053896,0.0012201448,0.00107066846,0.0014374333,0.000250321493,0.000507179706,,6.40135258e-05,,,,,,,,,,,,,,,
868,4.57200003,2026-08-30T08:55:33.641000+0000,-20.96453596529833,154.35972800923,0.0722409338,0.0596298277,0.068571277,0.0581761673,0.0593341477,0.0601374581,0.0680260584,0.0684200078,0.0693393499,0.0728795379,0.0732912049,0.0680320337,0.0638597012,0.0661901236,0.0619015247,0.0614901036,0.061254859,0.0600742474,0.0592499115,0.0590393543,0.0585037656,0.0565027967,0.0561281629,0.0555824786,0.0546369292,0.0542232208,0.0538192764,0.0539636128,0.0519805066,0.0534689538,0.0509428605,0.0502224714,0.0500461534,0.0488782264,0.0494245514,0.0481154509,0.0483147912,0.0472166762,0.0472424626,0.0471525602,0.0466324873,0.045905374,0.0460208617,0.0476648211,0.0477606617,0.0471547395,0.0468874276,0.0467346758,0.0460959785,0.0458039753,0.0458946079,0.0450843833,0.0453503579,0.0451011658,0.0440626107,0.0439292379,0.043525964,0.0436023995,0.0431379676,0.0426794663,0.042634733,0.0426135473,0.0418628715,0.0416017063,0.0412891731,0.0422654301,0.0411421619,0.0427468121,0.0405815765,0.0418623947,0.0412158743,0.0391686484,0.0396254882,0.0393730141,0.0389248207,0.0383192524,0.0397357717,0.0376103893,0.0361707807,0.0346984938,0.0332552418,0.0324349888,0.030509783,0.0325547718,0.0316179693,0.0330390185,0.0347174928,0.0241033863,0.024627123,0.0271264389,0.0267099496,0.0265746415,0.0240439028,0.0203652121,0.0183933023,0.0153630096,0.0129641276,0.013370458,0.0130606936,0.0130886547,0.0133857438,0.0128455879,0.0128703043,0.0117959455,0.0108111929,0.0103226285,0.0105196917,0.00939029455,0.00917338766,0.0085718045,0.00782974251,0.00772304507,0.00679693278,0.00701645203,0.00618631393,0.00498239463,0.00497650402,0.00422578771,0.00356345554,0.0040274919,0.00349434372,0.00301023992,0.00258488697,0.00239634793,0.00252310256,0.00254132668,0.00237143389,0.00246631028,0.00280938623,0.00230611558,0.00154048007,0.00139724091,0.0011878066,0.000869981304,0.000938692014,0.000689664856,0.000657363445,0.000669802015,0.000315569167,0.00050293922,0.000323117361,8.67214985e-05,0.000110371504,,7.97398388e-06,0.000281018554,0.000338563346,,,,,0.000250523328,0.000470136874,0.000670665293,0.000437432696,0.000150324457,0.000217183318,,,,,,,,,,,,,,,,,
869,4.52400017,2026-08-30T08:55:33.890000+0000,-20.96453597318333,154.3597280167,0.0777409822,0.0563998781,0.0713813007,0.0601862296,0.0598641634,0.060157463,0.0696060732,0.0684800074,0.0684293732,0.0720795617,0.0724012256,0.0672220439,0.0634697229,0.0658401325,0.0603915378,0.0612601079,0.0596248731,0.0599942543,0.0585599095,0.0571093671,0.0575737841,0.0554728135,0.0552781783,0.0545224883,0.0538669415,0.0526832417,0.0523892976,0.0523836315,0.0506405309,0.0521089695,0.0504628792,0.0488124937,0.0493661724,0.0481382385,0.0477345735,0.0475354604,0.0477248095,0.0464766957,0.0466424823,0.0463025719,0.0456224978,0.045835387,0.0457108803,0.0458548479,0.0453907028,0.0453548022,0.0443375185,0.0442247987,0.0442161374,0.0434241742,0.0440048203,0.0428645797,0.0429705344,0.0421613008,0.0419727117,0.0415893048,0.0414460003,0.0408924222,0.0415279679,0.041499462,0.0409047268,0.0401435494,0.0409128927,0.0391717367,0.0395892076,0.0412054621,0.0394321792,0.0403168164,0.0417115726,0.0397223979,0.0398158953,0.0387486927,0.0370155759,0.0393831506,0.0368350446,0.0382095873,0.0396162607,0.035311047,0.0373516381,0.0355296284,0.0317466706,0.0347467698,0.0265619457,0.0304671153,0.0340005606,0.0288116988,0.0347201526,0.0244933888,0.0241171233,0.0261764359,0.0267999545,0.0250346307,0.0239738896,0.0211552102,0.0177232809,0.0164730158,0.0136641124,0.0133604491,0.0140506821,0.0137586435,0.013855733,0.013355569,0.0128302965,0.0126759382,0.0114811864,0.0105326232,0.0105396826,0.009630288,0.00913338736,0.00936180074,0.00834974647,0.00741303852,0.00780693302,0.00659646653,0.00639631972,0.0058724042,0.00501652341,0.00514579471,0.00406347308,0.00365750282,0.00384435989,0.00279024267,0.00311489333,0.00306635117,0.00274310587,0.00293133734,0.00271143462,0.00275631621,0.00292938575,0.00265613035,0.00112050294,0.00139726535,0.00128785544,0.000700058532,0.000708794629,0.000279801228,0.000357534765,0.000490011415,0.000535764382,0.000443116296,0.000843259157,,,5.28860837e-05,,,,,,,,1.05504296e-05,0.000420157565,0.000780674396,0.000497429632,0.00065031508,4.71750973e-05,,,,,,,,,,,,,,,,,
870,4.47399998,2026-08-30T08:55:34.144000+0000,-20.964535981226668,154.35972802432,0.0750109777,0.060859859,0.0663612857,0.0606162213,0.0589941442,0.0601974614,0.0687560812,0.0691600069,0.0691993386,0.0727295429,0.0731712207,0.0689820126,0.064179711,0.0667701215,0.0627915263,0.0627101064,0.0616848618,0.0608542562,0.0605999194,0.0600493625,0.0587637722,0.0577428043,0.0573781729,0.0564524904,0.0562869385,0.0547032431,0.0547592938,0.0547836274,0.0526905358,0.0545689762,0.0524928831,0.051402498,0.0515661724,0.0499282368,0.0494945683,0.0492154621,0.0485248081,0.0487266853,0.0482324734,0.0484525673,0.0481824949,0.0478553846,0.0474208742,0.0464048497,0.0470507108,0.0457448214,0.044657547,0.0455848463,0.0443762019,0.0440242589,0.0441449173,0.0424746796,0.0429906249,0.0423613749,0.0417727605,0.0414493494,0.041526027,0.0406824388,0.0407379754,0.0407694615,0.0395247228,0.0396235473,0.0405129008,0.0388317518,0.0401192233,0.0396254696,0.0385921746,0.0402468108,0.0395415574,0.0387123823,0.0400858819,0.0372686796,0.0374255776,0.0387231782,0.0334751047,0.0376396999,0.0371864475,0.0336513184,0.0368820094,0.0316601321,0.034247309,0.0330175981,0.0240229685,0.0327182449,0.0306618214,0.0292630475,0.0351115242,0.0227634087,0.0236171447,0.0260464493,0.0263299514,0.0250446517,0.0231439006,0.0209252033,0.0173332952,0.0160430018,0.0133141167,0.0117604388,0.0133606838,0.0129386475,0.0130357379,0.0131155709,0.012150296,0.0120059373,0.0117211854,0.0105426228,0.00983968657,0.00958029646,0.00867338944,0.00858180132,0.00714974338,0.00722303474,0.00681693153,0.00637646997,0.00614631223,0.00472241314,0.0049365256,0.00404581241,0.00346346968,0.00356750609,0.00357435504,0.00297023752,0.00277489633,0.00256634527,0.00194309489,0.00253133313,0.00208144472,0.00223631039,0.00262938067,0.00218611746,0.0010005082,0.00139727548,0.0010778741,0.00134009495,0.000988849672,0.000459874456,0.000867612544,0.00114011567,0.000465876306,0.000553211314,0.00056333968,0.000466877827,0.000210479833,3.29200411e-05,8.80024163e-05,,0.000198545051,,,,0.000196444162,0.000250565005,0.000750173116,0.00106068165,0.000647431356,0.000500311842,0.000607163529,5.84624941e-05,0.000294015044,,,,,,,,,,,,,,,
871,4.42500019,2026-08-30T08:55:34.393000+0000,-20.964535989111667,154.35972803178998,0.0626609996,0.0590698645,0.0728013217,0.0537061878,0.0582741462,0.0593574457,0.0677160621,0.0647500083,0.0675293654,0.0705495328,0.0716212019,0.065112032,0.063969709,0.0661401302,0.0598615259,0.0605401061,0.0588148683,0.0593842529,0.0568199083,0.0573793538,0.0571037754,0.0549827926,0.0553681701,0.0546124838,0.0538569316,0.0528632291,0.053049285,0.0529436246,0.0501805209,0.0526989661,0.0502928719,0.0493624881,0.0502061658,0.0479082316,0.0480245613,0.0473054536,0.0474948026,0.0465466827,0.0467824675,0.0464625582,0.0459324941,0.0466153771,0.0449208692,0.0450648405,0.0450806953,0.0441047922,0.0434275046,0.0443647876,0.0434761271,0.0434941612,0.0432748124,0.0425345823,0.0427705385,0.0417513065,0.041772712,0.0413193069,0.0415260047,0.0406224243,0.0410279706,0.0410394594,0.0401547253,0.040233545,0.0397828892,0.0383317322,0.0399592035,0.0398554578,0.0381921753,0.042036809,0.0386615619,0.0393823832,0.0400858782,0.0367486663,0.0372555442,0.036943119,0.0346650034,0.0385895446,0.0353962146,0.0349809974,0.0375915915,0.0317895822,0.0321566164,0.0324767232,0.0234019049,0.0312770978,0.0280805472,0.0278917179,0.0360301957,0.0227634013,0.023047138,0.0266764369,0.0270599574,0.0251646359,0.0244338959,0.0214752052,0.017613288,0.0170030277,0.0132341012,0.0137704462,0.014220695,0.0130786486,0.0147757353,0.0140955802,0.0126102995,0.01291594,0.0117111895,0.0105326269,0.010789698,0.0100502949,0.00912339147,0.00950179994,0.00782974344,0.00815304648,0.00770693319,0.00655645877,0.00676631695,0.00570239825,0.00558652403,0.00521580223,0.00424346607,0.00406751037,0.00393434986,0.00367024727,0.00341490004,0.00308634969,0.00337309809,0.00304133864,0.00261143385,0.00305632153,0.00280938647,0.00259612245,0.00147050002,0.00156727107,0.000827854499,0.00052005006,0.000528800883,0.000649794587,0.000467533711,0.000820013753,0.000785766402,0.000503117102,0.0008832647,0.000476825051,4.49595973e-07,8.29007477e-05,0.00024799502,0.000171029009,0.000108555891,,,0.000368873356,0.000216430461,0.000640552433,0.000690154731,0.000850674813,0.000667429937,0.000570315751,0.000627166475,,,,,,,,,,,,,,,,,
872,4.44899988,2026-08-30T08:55:34.642000+0000,-20.964535996996663,154.35972803926,0.070871003,0.0602798983,0.0657313168,0.0584961958,0.058734145,0.0602374487,0.0645060837,0.0679199919,0.0687693506,0.0714395493,0.0705812201,0.0665920153,0.0643297061,0.0633401275,0.060191527,0.0604701005,0.0591848642,0.0585242473,0.0576399043,0.0575993545,0.0563637689,0.0555628054,0.0546981692,0.0541324802,0.053466931,0.053153228,0.0523892902,0.0518136248,0.0520705245,0.0514989682,0.0502028689,0.0501524881,0.0491361655,0.0484282374,0.0485445596,0.0480554514,0.0476548038,0.0466966778,0.0468724705,0.0460725576,0.0465524942,0.0462253764,0.0457808673,0.0441148393,0.0434306972,0.0430947915,0.0427275077,0.043374788,0.0418961272,0.0422241613,0.0420148149,0.0407645814,0.0410305373,0.0396913067,0.0390227139,0.039119307,0.0392560028,0.0388824269,0.0391179696,0.0385494605,0.0370147265,0.0378235467,0.0378028899,0.036471732,0.0374592021,0.0378054567,0.0362521745,0.0385668091,0.0364415608,0.0357523859,0.0374858789,0.0344486646,0.0352255441,0.0356831178,0.033025004,0.0351595432,0.0327362157,0.0319710001,0.0351515897,0.0294395797,0.0291166175,0.0307767242,0.0214119069,0.0297770873,0.0304605458,0.0258617178,0.0315601975,0.0259633958,0.0252971239,0.0269964244,0.0273299664,0.0256146509,0.0241839141,0.0220252071,0.017823305,0.0179830175,0.0141241178,0.0129304528,0.0145806922,0.0132886507,0.0135657312,0.014345577,0.0124002974,0.0129259387,0.0119511876,0.0105326269,0.0105196889,0.00986029021,0.00813338812,0.00852181017,0.00774973864,0.00796304177,0.00778692262,0.00687646121,0.00623631245,0.00627239747,0.00514652254,0.00496580545,0.0041334657,0.00339750969,0.00394434854,0.00372024067,0.0028548995,0.00336634251,0.0032730964,0.00266132923,0.00267144083,0.00264631608,0.00239938102,0.00277612847,0.00195049623,0.00191726955,0.00181785785,0.00168006087,0.0015887951,0.00132979418,0.00122753764,0.00138001435,0.00142577116,0.000743115204,0.00122326449,0.000746826641,0.000850449083,0.00113290362,0.000737997354,0.00060102425,0.000688553788,0.00061592448,0.000537484535,0.000518875895,0.000836430525,0.00119055435,0.00058016181,0.00109067291,0.00136743439,0.000950317713,0.000347166206,0.00105845742,8.40041321e-05,,,,,,,,,,,,,,,
873,4.60300016,2026-08-30T08:55:34.890000+0000,-20.964536004849997,154.35972804669998,0.0571409129,0.0701598674,0.0621012338,0.054686185,0.0589041188,0.0594374239,0.0642060339,0.0648599938,0.0701893345,0.071589537,0.0698411912,0.0648320094,0.0651797056,0.061460115,0.0592915229,0.0602201074,0.0585048608,0.0575642474,0.0564699024,0.0562093481,0.0549637638,0.0546127893,0.0535381585,0.0532524697,0.0525069162,0.0522032082,0.0517392568,0.0508035943,0.0505504943,0.0495489314,0.0488128401,0.0492924564,0.0480761379,0.0472382046,0.0467045382,0.0462054387,0.0458747819,0.0453466661,0.0459624566,0.0457025468,0.0451624803,0.0451353639,0.0450008474,0.0452248007,0.0452406295,0.0444146842,0.0438073426,0.0436145626,0.0431058258,0.0424737856,0.042414397,0.0427841879,0.0423501879,0.0415410288,0.0413725041,0.0408391654,0.0409159176,0.0399023816,0.0399379656,0.0398994796,0.0396647416,0.0388635397,0.0389228538,0.0381116718,0.0384791382,0.039375402,0.0383721516,0.039616812,0.0393615775,0.038552396,0.0378358625,0.0372686163,0.0368954204,0.0366828851,0.0363846198,0.035928946,0.0358653069,0.0340797529,0.0343599468,0.0321673825,0.0313038528,0.0307232328,0.0259776413,0.0310524441,0.0282853898,0.0307663269,0.0306448191,0.0255533755,0.02517711,0.0269464236,0.0270899553,0.0256246347,0.0241438951,0.0205252226,0.0187433045,0.0156430397,0.0139241274,0.0130404644,0.0134207169,0.0137886601,0.0134357437,0.0135455932,0.0126403142,0.0124759534,0.0112711973,0.010812629,0.00936970022,0.00942029338,0.00898338761,0.00858180504,0.00809973665,0.00743304053,0.00756692095,0.00698645227,0.00619630842,0.00589238526,0.00554649252,0.00494578667,0.00422344776,0.00403748266,0.00363435107,0.00306022912,0.00315488363,0.00269635022,0.00258309185,0.00294133066,0.00220144028,0.00300631393,0.00251937937,0.00278612552,0.00172047468,0.00203722226,0.00148776569,0.0011099258,0.000968602253,0.00084951811,0.000837179017,0.000749605359,0.000925380911,0.000722766272,0.0001629818,8.66171904e-05,0.000220299233,0.000542811817,,0.000251023914,,,7.49970786e-06,,,0.000340499508,0.00115011353,0.000860652654,0.000797432265,0.000230340418,0.000637199089,0.000168471248,,,,,,,,,,,,,,,,
874,4.76100016,2026-08-30T08:55:35.143000+0000,-20.964536012861668,154.35972805429,0.0664408803,0.0577097945,0.0689812452,0.0555861369,0.0585441254,0.059297435,0.0684760362,0.0678399727,0.0696493387,0.0714195371,0.0723211914,0.065692015,0.0635797083,0.0646101087,0.0588615164,0.0602901131,0.0593648627,0.0595742315,0.0575398915,0.0575793386,0.0568237491,0.0554727912,0.054978136,0.0534424521,0.0539568998,0.0523831956,0.0534392409,0.0528435707,0.0518004708,0.0520089045,0.0506928116,0.0509324297,0.05080612,0.0496981926,0.0500845164,0.0498154275,0.0500947721,0.0495466515,0.0492924452,0.0493725352,0.0491924696,0.0495753586,0.0490708351,0.0471947715,0.0472805761,0.0466845967,0.0461172238,0.0463543907,0.0451255962,0.0446935073,0.0449540876,0.0440238863,0.0436999276,0.0429308154,0.0424123481,0.0428490564,0.0425858535,0.0418223478,0.0417779647,0.041479487,0.0414547548,0.0404835343,0.0405028313,0.0397416279,0.0410790928,0.0409753658,0.0403721407,0.0416168198,0.0409415886,0.0399524011,0.0407058597,0.0383985862,0.0381253287,0.0382827148,0.0364743359,0.0387984999,0.0369146317,0.0362088233,0.0370387211,0.0353357494,0.0322417915,0.0341306254,0.0278844573,0.0310989618,0.0325815454,0.031602297,0.0358207971,0.021853365,0.0237070881,0.025426399,0.0266799238,0.0244846363,0.0235039201,0.0203652103,0.0172533058,0.0147230187,0.0122841308,0.0126704779,0.0132307271,0.0128186792,0.0135457525,0.0130956024,0.0126103321,0.0119959665,0.0112412088,0.0105326436,0.0105297025,0.00964029692,0.00839339755,0.00830181502,0.007849738,0.00791303813,0.00727692805,0.00636645174,0.00587629806,0.00528237782,0.00517648039,0.00471575651,0.00383342383,0.0035174794,0.0035343424,0.00302022742,0.00267488277,0.00323633384,0.00302308821,0.00236132764,0.0027714374,0.00228632009,0.00274937833,0.00242612744,0.00143045187,0.000877191836,0.00108769094,0.00146982167,0.000498440466,0.000199305447,0.000686921994,0.00103931047,0.000175078516,0.000412513618,,0.000206454424,,2.74926424e-06,0.000357922865,,,,,,,0.000230457401,0.000640077807,0.000970637309,0.000737436116,0.000450359687,,,,,,,,,,,,,,,,,,
875,4.91699982,2026-08-30T08:55:35.392000+0000,-20.964536020746667,154.35972806176,0.0712210312,0.0661199242,0.0636713356,0.0628162324,0.0612841547,0.0629474372,0.0692460909,0.0710800216,0.0731593445,0.0739795342,0.0723711997,0.0706020221,0.0663196966,0.0657101199,0.0629515201,0.0628700778,0.0617548525,0.0615442395,0.0606798939,0.0594893508,0.0590437651,0.0572427809,0.057368163,0.0564424768,0.056386929,0.0552732311,0.0546692833,0.0556136221,0.0526905321,0.0537189767,0.0525728799,0.051402498,0.0516361743,0.0505882353,0.0503745638,0.0501054563,0.0501648001,0.0493866801,0.0488324612,0.0486025549,0.0493524857,0.0480953678,0.0485208668,0.0455348454,0.0450807214,0.0450448543,0.0443476066,0.0435449332,0.0442163311,0.0431144275,0.0433551148,0.0428648777,0.0418808013,0.0420315228,0.0416428782,0.0412594303,0.0416560769,0.0408924632,0.0414679833,0.0409794562,0.0412547141,0.0402435511,0.0406529121,0.0401917733,0.0396192484,0.0404254869,0.0410821736,0.0401467904,0.0420515276,0.0397923477,0.0394058488,0.0398486517,0.0370455831,0.0386132225,0.0387452133,0.0365499109,0.0384967998,0.0365518369,0.0347527266,0.0366711244,0.0307085849,0.0341192335,0.0291650072,0.0267305002,0.0333543718,0.0306257829,0.0315643102,0.0236734524,0.0265371762,0.0260564592,0.0268299673,0.0260146447,0.0233139079,0.0202952307,0.018483324,0.0152730094,0.0141241215,0.0122304577,0.0137606934,0.0138586489,0.0132757416,0.0126355775,0.012180293,0.011555939,0.0117311878,0.0103326244,0.00956969522,0.00916029606,0.00842337962,0.00802180357,0.00777975423,0.00775304204,0.00744692748,0.0063064727,0.00570631865,0.00542242173,0.0053065354,0.0047258269,0.0045934841,0.00379751856,0.0035843628,0.00288024312,0.00319490652,0.00262635807,0.00297311321,0.00197133794,0.00266144564,0.00264631654,0.00286937808,0.00276612886,0.00113051385,0.00146730081,0.00113792217,0.000660157879,0.000938935555,0.000570009404,0.000387788547,0.000420310622,0.000616081583,0.000103406375,,,,0.00016298634,,,,,,,3.64743755e-05,4.06052568e-05,0.000230197795,0.00022069618,0.000287425384,5.02940384e-05,,,,,,,,,,,,,,,,,,
876,5.06699991,2026-08-30T08:55:35.641000+0000,-20.964536028631667,154.35972806923,0.0763609186,0.0639598593,0.0603812896,0.0622462034,0.0591841452,0.0605274476,0.064796038,0.0713400021,0.069839336,0.0725195482,0.0700312108,0.0696620047,0.0655197054,0.0645701215,0.0628015175,0.0609601103,0.0601848587,0.0601342358,0.0593298972,0.057759352,0.0575437658,0.0567927845,0.0559381545,0.0552924685,0.0548369139,0.0536432154,0.0528592616,0.0533935986,0.052160494,0.051578939,0.0521628447,0.0492124595,0.0498161428,0.0489582121,0.0486145355,0.0481954403,0.0470447876,0.0478966683,0.0464924537,0.047152549,0.046552483,0.0461453646,0.0460908525,0.0464048088,0.0463406406,0.0458247066,0.0452673845,0.044904612,0.0446858965,0.0445338786,0.0441045016,0.0438142866,0.0434102751,0.0434010997,0.0419325605,0.041929204,0.0422659442,0.041882392,0.0420679711,0.0415794738,0.0412747376,0.041153539,0.0402428582,0.0404316895,0.0397791527,0.0404254124,0.0408821553,0.0406768098,0.0412815697,0.0410823859,0.039695859,0.0402086228,0.0383254401,0.0372729339,0.0391947031,0.0366390795,0.0381755196,0.0391000509,0.0355403423,0.0351479203,0.0322945267,0.031804096,0.029258702,0.028913606,0.0311766919,0.0316076949,0.0330761932,0.0218333993,0.02697712,0.0278064385,0.0263499394,0.0264646467,0.0240138993,0.0209652279,0.0193533022,0.0150230313,0.0146441208,0.0136104627,0.0130207073,0.0135586588,0.0131257391,0.013525594,0.0126403114,0.0113359531,0.0112711964,0.0108026294,0.00956970267,0.00938029867,0.00870339386,0.0083118109,0.00786973815,0.00743304053,0.00725693256,0.00702644978,0.00627631554,0.00563239492,0.00481650559,0.00465578632,0.00445345324,0.00398749486,0.00390434801,0.00368023966,0.00307489606,0.00279633887,0.00285310275,0.00254132575,0.00255143992,0.00305632222,0.00275937747,0.00236612139,0.00159048196,0.00161722919,0.00118778285,0.00137995335,0.00124864455,0.000729588792,0.0010372703,0.00106970989,0.00074547698,0.000812861254,0.000123056467,0.000336672645,0.000120340148,,,,,,,,,0.000660517078,0.000540125126,,,0.000380328449,,0.000108465669,,,,,,,,,,,,,,,,
877,5.20300007,2026-08-30T08:55:35.890000+0000,-20.964536036516662,154.35972807669998,0.0712008774,0.0553297587,0.074601233,0.0595761836,0.0595741235,0.0602574274,0.0703960136,0.066839993,0.0704693645,0.0710795373,0.0738012195,0.0680620372,0.0638497174,0.0669701323,0.0620915443,0.0617401227,0.0601048768,0.0607642531,0.0587199144,0.0582993478,0.057733763,0.0558328032,0.056308154,0.0550924689,0.0551169179,0.05402321,0.0530392528,0.0541335791,0.0515304692,0.0521789044,0.0516728051,0.049522426,0.0506561212,0.048958201,0.0487645268,0.0482754298,0.0475647785,0.0478966609,0.0469424576,0.047222551,0.0466324873,0.0461453721,0.045470845,0.0452947728,0.0451605581,0.0448845513,0.0442671329,0.0439242572,0.0441454016,0.0438432507,0.0430837944,0.0440535918,0.042489659,0.0421805978,0.0419121757,0.0417189337,0.0412157774,0.0418723077,0.041337952,0.0410394892,0.0403147675,0.0402635373,0.0397228077,0.0394115932,0.0400590524,0.0396253318,0.0392721407,0.040466845,0.0392516367,0.039952457,0.0383559056,0.0372686237,0.0378953256,0.0363426432,0.0363041684,0.0378181785,0.0349540934,0.0353280306,0.0356976315,0.0321642496,0.0311998688,0.031328164,0.0240713898,0.0319555849,0.0291377287,0.0299282148,0.0333866365,0.0260633156,0.0246770214,0.0254163481,0.0268398989,0.0248646196,0.0235238951,0.0191751737,0.0167532861,0.0159730036,0.012964135,0.0126404585,0.0136507293,0.0128786685,0.0131957475,0.0124056023,0.0114703346,0.0115559632,0.0110412007,0.00938264187,0.00982970186,0.00860029459,0.00815339666,0.00831180904,0.00707972841,0.00766303809,0.00679692486,0.00611642795,0.00592627982,0.00541235786,0.00473645795,0.00435573747,0.00430341391,0.00357745215,0.00358432275,0.0022702096,0.0026848726,0.00291632279,0.0025230865,0.00277131004,0.0022614256,0.00206631841,0.00275937794,0.00248612161,0.00119044166,0.00169715809,0.000967630069,0.00132973131,0.00138830056,0.00090911414,0.00122666743,0.00104900438,0.000464772049,0.000392211601,0.000142511097,0.000416251598,0.00054003112,8.26463802e-05,,,,,,,0.000176307629,0.000490408973,0.000980032724,0.000740615535,0.00097744388,0.00048038151,,0.000328519032,,,,,,,,,,,,,,,,
878,5.33900023,2026-08-30T08:55:36.143000+0000,-20.964536044528337,154.35972808429,0.0712308064,0.0628397167,0.0671411976,0.0595861077,0.0595640913,0.0615674034,0.0658260062,0.0692599565,0.0706293359,0.072649546,0.0710912049,0.0675420612,0.066649735,0.0647801384,0.0626115575,0.062100146,0.0611548945,0.0601442643,0.0592299104,0.0587693565,0.0577337593,0.0573628135,0.0559281483,0.0554724596,0.0549269095,0.0541231893,0.0538192317,0.0524635538,0.052330438,0.0530388691,0.051172778,0.0515623912,0.0508061014,0.0496981815,0.0489045121,0.0487054177,0.048384767,0.0479666442,0.0478524454,0.0471425354,0.0473224856,0.0470753685,0.0464808308,0.0453747399,0.0444504917,0.0445744246,0.0434969403,0.0439839847,0.0432450324,0.0431127921,0.0433232784,0.0418030992,0.0416692197,0.0410602428,0.0408819094,0.0406687483,0.0402056649,0.039962247,0.0399379432,0.0396495089,0.0394647866,0.0390635319,0.0387927704,0.0387015231,0.0390689783,0.0397852696,0.0386021212,0.0391668603,0.0400216691,0.0385524891,0.0383759215,0.0383985974,0.0361252017,0.0363423973,0.0357437395,0.0346874818,0.0360930227,0.0336365327,0.0326256379,0.0323415734,0.0307864845,0.0301238708,0.0272561274,0.0272898208,0.0258913133,0.0290914699,0.0313398689,0.0212232526,0.0238469802,0.0261663161,0.0259598698,0.0256846193,0.0230038688,0.0194551516,0.0176832564,0.0153430151,0.0122141382,0.0123804705,0.0117907394,0.0123186791,0.0122757573,0.0120756123,0.012180347,0.0115459757,0.010561211,0.0103026461,0.00858970825,0.00910028908,0.00818339922,0.00728181191,0.0077997339,0.00679304963,0.00667692209,0.00644641509,0.00561627652,0.00515232282,0.00483643031,0.00388571084,0.00355338003,0.00320743211,0.0024643077,0.00265018991,0.00230486877,0.00189631409,0.00194306427,0.00145131117,0.00155142532,0.00217631902,0.00156938587,0.00201612362,0.000710419728,0.00086710765,0.00130751892,0.000489556929,0.000528063742,0.000498762704,,0.000858495478,,0.000591764692,,,,,,,,,,,,0.000270334829,0.000199967937,,,,,,,,,,,,,,,,,,,,,
879,5.4749999,2026-08-30T08:55:36.392000+0000,-20.964536052413333,154.35972809176,0.0712807551,0.0737796798,0.0579211488,0.0637960732,0.0617840812,0.062897414,0.0650359839,0.0707999542,0.073519364,0.0722095519,0.070981212,0.0703420714,0.0663497373,0.0637001395,0.0636715665,0.0623601638,0.0611549094,0.0597842596,0.0600499287,0.0584893525,0.057913769,0.0576428138,0.0554481447,0.0557624586,0.0551169068,0.0547931828,0.0537192188,0.0536635295,0.0531404167,0.051758837,0.0522427484,0.0514023602,0.0500360765,0.050138168,0.0497244932,0.0499654077,0.0485347547,0.0481966361,0.0483124442,0.0470725372,0.0474124886,0.0462953709,0.0465608239,0.0447447076,0.0440504178,0.0438642837,0.0432567261,0.0429936722,0.0425046086,0.0426722467,0.0421826728,0.0418125018,0.0418486893,0.0409998186,0.0404915847,0.0405085124,0.0399355218,0.0395721719,0.0400679298,0.0394295231,0.0388148129,0.0391435288,0.0384827219,0.037561439,0.0396288894,0.0394951999,0.0390321091,0.0403268896,0.0384017229,0.0386625454,0.0388459526,0.0375685915,0.0381650925,0.0358421355,0.0361932665,0.0367266908,0.0350317843,0.0365447849,0.035293296,0.0329084061,0.0328724608,0.0290387645,0.0278998334,0.0302229188,0.0281536207,0.029913336,0.0354016796,0.0236131866,0.0243969187,0.0271762647,0.0254398398,0.0254445709,0.0241638776,0.0194451399,0.0177832525,0.0153130312,0.0126941372,0.0131004686,0.0128207523,0.0127686895,0.0134057608,0.0125656174,0.0121603655,0.0119859874,0.0110112159,0.0102926521,0.00956971757,0.00955028832,0.00936341193,0.00777180586,0.00827972312,0.00743303867,0.00700691622,0.00718640257,0.00665625464,0.00582229299,0.00565638952,0.00440567965,0.00466334494,0.00391739653,0.003484288,0.00260017766,0.00301485183,0.00305631221,0.00261305273,0.0018913002,0.00265142252,0.00257631065,0.00209937571,0.00211612578,0.00124039489,0.00220704405,0.0013173864,0.000939360005,0.00108777115,0.000468353304,0.000685706735,0.000957889773,0.000463660515,0.000731209875,0.000291677308,9.56184231e-05,0.000429568579,0.000262358808,0.000107702217,6.09492417e-05,,,,,,0.000330242678,,0.000210552447,0.000657452387,,,4.85848868e-05,,,,,,,,,,,,,,,,
880,5.60900021,2026-08-30T08:55:36.641000+0000,-20.964536060298332,154.35972809922998,0.0664407089,0.0652196556,0.0603610985,0.058906097,0.0591040663,0.0611073934,0.0659559667,0.0674599409,0.0703093559,0.0715695471,0.0692812353,0.0661320835,0.0643197447,0.0633401498,0.0610815696,0.0614301786,0.0593449138,0.0595542639,0.0582499318,0.0579393506,0.0571937598,0.0554528236,0.0553481467,0.0540224537,0.0541569032,0.0526631773,0.0529592112,0.0518235229,0.0513503999,0.0506488234,0.0496327244,0.0501523428,0.0484460667,0.0481281541,0.048024483,0.0476854071,0.0464547575,0.0463166349,0.0463424399,0.0456125326,0.046322491,0.0453653708,0.0454708189,0.0452946909,0.0447603762,0.044884216,0.043956615,0.044213511,0.0434743948,0.0429819748,0.0428623669,0.0421222039,0.0424384251,0.0428296067,0.0416414216,0.0415284038,0.0414654575,0.0412921384,0.0408979282,0.0405395366,0.0404548235,0.0396635234,0.0405026972,0.0395113975,0.039118845,0.0415851623,0.0397020951,0.0413768999,0.0406117514,0.0396425724,0.039725963,0.0389685817,0.0375750288,0.0385419987,0.0361930206,0.0369062833,0.0361811556,0.0338139012,0.0363221131,0.0313968137,0.0303304456,0.031856209,0.0239966903,0.0311894808,0.0289097782,0.0290792882,0.0324476138,0.0257131774,0.024666898,0.0263862424,0.0266798064,0.0257745627,0.0240538716,0.0205551144,0.0179832168,0.0158630032,0.0143941548,0.0124904774,0.0131907724,0.0134586943,0.0131757641,0.0131156258,0.0128603717,0.0124559915,0.0117112156,0.0107526537,0.01024972,0.009560287,0.00964340754,0.00853180978,0.00796971656,0.00785304233,0.00789689925,0.00723638711,0.00672625145,0.00575228734,0.00537637901,0.00458565308,0.00486333063,0.00415737974,0.00375428819,0.00322017632,0.00336484425,0.00285630277,0.00286305835,0.0027712821,0.00254141935,0.0026963097,0.00309937773,0.0022961169,0.00177036948,0.00173699879,0.0012273324,0.0013192558,0.000847626245,0.000178140268,0.00100544863,0.00100758078,0.000813356542,0.000480940449,0.000501451897,0.00051544141,0.000129445223,,0.000517665758,0.000390930916,,,,,,0.000460195472,0.000709849061,0.00101053307,0.000547455042,,0.000207382604,,,,,,,,,,,,,,,,,
881,5.75,2026-08-30T08:55:36.889000+0000,-20.964536068151666,154.35972810667,0.0746407062,0.0638396367,0.063901037,0.064246051,0.0611540601,0.0630673915,0.0693259239,0.0716499537,0.0728593543,0.0745195523,0.0734312385,0.0703721046,0.0663197637,0.0661901459,0.0641915873,0.0632901788,0.0626049116,0.0619742759,0.0616399348,0.0607593469,0.0599637628,0.0593328215,0.0576481298,0.0574924462,0.0570468903,0.0562331676,0.0560891852,0.0556134954,0.0549303666,0.0537987836,0.0533026904,0.0521823093,0.0520160422,0.0510381386,0.0505944677,0.050255388,0.0496447384,0.0495366193,0.0489824302,0.0483025238,0.0481824838,0.0474653691,0.0473508053,0.0467246585,0.0465003103,0.0458240882,0.0454964228,0.0447632372,0.0454240292,0.0445415154,0.0446618535,0.0441017114,0.0434979908,0.0433392487,0.0433311537,0.0426782146,0.0426853411,0.0423020795,0.0427579172,0.0417495556,0.0421848409,0.0414735153,0.041722659,0.0405413285,0.0414787717,0.0415851027,0.0423520766,0.0415469147,0.0423417799,0.0412826017,0.0405159742,0.0410285555,0.0389449075,0.0390317515,0.0385625884,0.0382055901,0.0381700844,0.0375224017,0.0371101201,0.0362741388,0.0328270569,0.0312319137,0.0291714258,0.0310737193,0.0309333671,0.0320225395,0.0326408409,0.0227831155,0.024896834,0.026056204,0.0263497792,0.0250545572,0.0228038672,0.0206850972,0.0186332241,0.0161530133,0.013254134,0.0128004886,0.0133707812,0.0126987165,0.0127957622,0.0128656402,0.0124303857,0.0117960004,0.0115012201,0.0107826563,0.00981972367,0.00984029565,0.00868342165,0.00852181204,0.008569723,0.00760304695,0.00744689582,0.00649638148,0.00592622347,0.00546225673,0.00530634355,0.00457562506,0.00455329753,0.00339736673,0.0033642659,0.00323016057,0.00263484195,0.00291628554,0.00212304224,0.00185127498,0.0022014149,0.00235631014,0.00228938018,0.00201612362,0.00130034622,0.00168694963,0.000907219015,0.000659102341,0.001157369,0.000427791092,0.000535015715,0.00067707547,0.000682856597,0.000300499029,0.000581074273,0.000245155999,0.000319238286,0.000192158157,,,,,,,9.60580655e-05,,0.000159783754,0.000450503692,0.000457457267,0.000550511526,,,,,,,,,,,,,,,,,,
882,5.8920002,2026-08-30T08:55:37.145000+0000,-20.964536076258334,154.35972811435,0.0749906749,0.0565096103,0.071041055,0.0610160567,0.0607240349,0.061287377,0.0687559098,0.0707899481,0.0692993477,0.0735695437,0.0727612227,0.069332093,0.0640697554,0.0669501498,0.062531583,0.0620101914,0.0600949153,0.060674265,0.0595099293,0.0579293445,0.0575337522,0.0565028191,0.0556381233,0.0547924414,0.0552268885,0.0540231578,0.0546691753,0.0540534779,0.05153035,0.0522687621,0.0518426746,0.0492822826,0.0501960292,0.049108129,0.0484644547,0.0477453806,0.0477147289,0.0476066098,0.0465624258,0.0465325229,0.0460924841,0.0461453646,0.0459407941,0.044984635,0.0454702638,0.0442640111,0.0443463065,0.0439130738,0.0430238061,0.0432112366,0.0433515385,0.042671416,0.0426277258,0.0414090417,0.041790992,0.0416481011,0.0410052761,0.0410220474,0.0409479104,0.0409795605,0.0404948518,0.0406635143,0.0403326303,0.0387612805,0.0398687199,0.0401050672,0.0392020717,0.0403869264,0.038951803,0.0379326195,0.0399759747,0.0375685357,0.0367648304,0.0393815972,0.0347423255,0.0382251628,0.0356794298,0.0338914916,0.0373389125,0.0327225141,0.0307750087,0.0330093205,0.0252682418,0.02980024,0.0307194963,0.0282284729,0.0328367725,0.0246730931,0.0259468034,0.0259061884,0.0272997748,0.0250445679,0.0233738665,0.0213351082,0.0162132122,0.0152630294,0.0137441494,0.0116004888,0.0133607937,0.0124987224,0.0127257761,0.0134256501,0.0124103986,0.0115460129,0.0107912291,0.00980265625,0.00980972964,0.00856030267,0.0083834203,0.00828181487,0.00802971795,0.00712303678,0.0071068937,0.00659637479,0.00614621583,0.00562225096,0.00456633465,0.00458560651,0.00445327908,0.00302734226,0.00375426584,0.00283014565,0.00279483036,0.00268628052,0.00258303573,0.00242126873,0.00248140516,0.00240631867,0.00192938279,0.00224612234,0.00158033823,0.00133691716,0.00083714613,0.00080899673,0.0011572201,0.000677593634,0.000884751324,0.000976776821,0.00079255522,0.000730217085,0.000140848919,0.000244986964,0.000269116601,,,,,,,,,0.000450079853,0.00035974948,0.000740485615,0.000477465306,0.000180535571,4.74470435e-05,0.000138635747,,,,,,,,,,,,,,,,
883,6.03200006,2026-08-30T08:55:37.395000+0000,-20.964536084175002,154.35972812185,0.0760205537,0.0564794876,0.0680809468,0.060545966,0.0586740226,0.0599573664,0.0663858652,0.0683299154,0.0683293343,0.0719595253,0.0712312385,0.0685021207,0.0648497716,0.0651601478,0.0616215952,0.0612302087,0.0613449253,0.0601542778,0.058509931,0.057929337,0.0570837446,0.056982819,0.0559381098,0.0550924167,0.0550268665,0.0533431247,0.0541991442,0.0529334322,0.0528702997,0.0527886935,0.0510226078,0.0513322242,0.0506559834,0.0490280911,0.0490544178,0.0484853536,0.0480846986,0.0471465774,0.0473924093,0.0470725,0.0470224693,0.0463753566,0.0464107618,0.0459245667,0.0454701371,0.0452737808,0.0451059639,0.0446025878,0.0437831469,0.0434204154,0.0437206179,0.0430005156,0.0420169346,0.0421584025,0.0411705114,0.0409277603,0.0411950722,0.0408219434,0.0410078913,0.0406495892,0.0401148908,0.0398435034,0.0396325588,0.03924115,0.0393985808,0.0397249572,0.0392620414,0.0402169526,0.0396118648,0.0389026776,0.0392759927,0.0373184867,0.0368646123,0.0373611487,0.0356515497,0.037013907,0.0369974934,0.0341587886,0.0375753194,0.0321376845,0.0316288993,0.0312315822,0.025948748,0.0312298574,0.0306079406,0.0289063174,0.0346645787,0.0223730132,0.0228267442,0.0265661255,0.0264397226,0.0241845436,0.0236338507,0.0195950717,0.0170332026,0.0152530232,0.0125041651,0.0112305079,0.0130008291,0.0122087384,0.0130457925,0.0123556638,0.0116804373,0.0115460344,0.011251241,0.0102926791,0.00979974307,0.00906029902,0.00810343958,0.00817181729,0.0077397041,0.00741304457,0.0077068964,0.00651634485,0.00631619757,0.00510220183,0.00488628447,0.00451556314,0.00402322412,0.00310730375,0.00375424093,0.0028301205,0.00274482043,0.00256626494,0.00211302121,0.00214125891,0.00248139678,0.00228632009,0.00250938023,0.00218611443,0.0015202848,0.00137681141,0.0010569467,0.00159869716,0.00123678055,0.00113696884,0.000983968377,0.00146586355,0.00138164789,0.00110941578,0.000710174791,0.000444480218,0.000598751241,0.000561858295,0.000217442866,,,,,0.000268643489,0.000275905884,0.000339947641,0.000769633509,0.000940437196,0.000547472853,0.000570596778,0.000707523897,0.000188679667,,,,,,,,,,,,,,,,
884,6.16599989,2026-08-30T08:55:37.643000+0000,-20.964536092028336,154.35972812929,0.0585604757,0.0630093962,0.0704608932,0.0545859374,0.0598440059,0.0612873435,0.0669058114,0.0661799088,0.0697993413,0.0718395486,0.0724412575,0.0648421645,0.0649098083,0.0649801642,0.0605516136,0.0605302528,0.0602249503,0.0587642863,0.0573699512,0.0558993481,0.0567237586,0.0546928421,0.0542881079,0.0541224256,0.0542568751,0.0535431243,0.0529591292,0.0520034134,0.0509902686,0.0511586629,0.0502025634,0.0496821776,0.0497459583,0.0478380732,0.0482444018,0.0477553494,0.0468246974,0.046316579,0.0468624085,0.0459125079,0.0466324836,0.045435369,0.045780763,0.0443545319,0.0442100316,0.0441035815,0.0425756462,0.0438421294,0.0429425165,0.0420996062,0.0426997095,0.0419996344,0.0415361412,0.0415277593,0.0406300165,0.0406674184,0.0405848548,0.040221829,0.0403978787,0.0397796184,0.0396849252,0.038643498,0.0383824855,0.0393310338,0.0383584537,0.0390448533,0.0392720141,0.0384270027,0.0399819501,0.0387027711,0.0378360599,0.0388084911,0.035954468,0.0368307866,0.0378308706,0.0340927579,0.0376656726,0.0374162085,0.0321318507,0.0340929888,0.0318029262,0.0282739811,0.0311493725,0.0294395722,0.0278764423,0.0333541483,0.0326123014,0.0225229096,0.02463663,0.0269960314,0.0267996695,0.0264144931,0.0234938078,0.0196150187,0.0190331675,0.0162130352,0.013444175,0.0136804981,0.0120608527,0.0138587551,0.0137057826,0.0123156812,0.0128804483,0.0122360447,0.011241246,0.0112226792,0.00975973811,0.00981029961,0.00964343548,0.00822180696,0.00846969988,0.00808304269,0.00663687708,0.00715632038,0.00631616823,0.00561216148,0.00511622801,0.00451550726,0.00453317445,0.0037472602,0.0038942073,0.00317009073,0.0021247929,0.00285625155,0.00251300843,0.00196123333,0.00231139432,0.00246631051,0.00244937395,0.00200612494,0.00164024113,0.00179671904,0.00112675782,0.00108839723,0.00102634227,0.000676353753,0.00084317755,0.000554955448,0.000450721302,0.000328584109,0.000129478052,,,0.000211609527,,,,,,,,1.98056223e-05,0.000619509607,0.000420374243,0.000927483197,0.000450664258,,0.000328753726,,,,,,,,,,,,,,,,
885,6.26399994,2026-08-30T08:55:37.892000+0000,-20.964536099913335,154.35972813676,0.0781003311,0.0717393085,0.0605307519,0.063845858,0.0623539425,0.0640673041,0.0647057518,0.0731798783,0.0718793347,0.0743995383,0.0722312853,0.0714022145,0.0663198307,0.0655001849,0.0646216571,0.0632902905,0.0623349883,0.0617643073,0.0616399683,0.0603993498,0.0596737564,0.0585728511,0.0568780936,0.0572024137,0.0570568554,0.0559430942,0.0551390797,0.0544933453,0.0543901883,0.0530385636,0.0529724732,0.0518720821,0.0509458929,0.0511080287,0.0500843525,0.0494453162,0.0489046648,0.0488665439,0.0483023971,0.048142489,0.0476324856,0.0477053672,0.0471107289,0.0444344319,0.0438998267,0.0438731983,0.0432650559,0.042931281,0.0429513641,0.0421681479,0.0428280793,0.0423680469,0.0418647341,0.0417266227,0.0404991508,0.0402068086,0.0402044915,0.0397116356,0.0402678438,0.0398396626,0.0400749892,0.0393434837,0.0396423601,0.0390008092,0.0389382169,0.0400446616,0.0399119705,0.0387470648,0.0404320769,0.0384029001,0.0388661213,0.0379884467,0.0373641327,0.0371800475,0.036739558,0.0358305946,0.036642313,0.0352914855,0.0346555449,0.034544494,0.0308521613,0.0295103155,0.0278325714,0.0265911631,0.0300259311,0.0298525095,0.0333105549,0.0229427535,0.0249564871,0.0253859218,0.0256195795,0.0253944602,0.0228037927,0.0197049584,0.0169031173,0.0149330245,0.0124541875,0.0119505189,0.0128308889,0.0136487847,0.0131558115,0.0126257166,0.0124104992,0.0115560768,0.010811259,0.0105626928,0.0095897615,0.00911030266,0.00866346154,0.00777180679,0.00830967538,0.00792304892,0.00748686818,0.00702625979,0.00597612048,0.00503206858,0.00468612881,0.00426539918,0.00408307789,0.00375717878,0.00350416615,0.00301004876,0.0026847613,0.0025762117,0.0021229682,0.00202120817,0.00284136785,0.00188631262,0.00228938018,0.00213612267,0.00124016916,0.00185654999,0.00113640446,0.00114787603,0.00106556772,0.000905248977,0.000771794585,0.000913351192,0.000309108582,0.000467124395,0.000228263671,,0.000687687425,6.11983705e-05,,,,,,,,,6.92997128e-05,0.000860279775,0.000427498249,0.000100770354,7.77597306e-05,,,,,,,,,,,,,,,,,
886,6.36199999,2026-08-30T08:55:38.144000+0000,-20.964536107893334,154.35972814432,0.0646899864,0.0641290024,0.065110527,0.0566856973,0.0589838661,0.0613272451,0.0672255978,0.0680498183,0.0693793446,0.0722495466,0.070321314,0.0661123022,0.0640798956,0.0643902123,0.0615317188,0.0611503869,0.0603850596,0.0595543385,0.0578900091,0.0582993478,0.0571737625,0.0561128855,0.0554480664,0.0552923828,0.0542468317,0.0535330325,0.0532389954,0.0521832295,0.0521500334,0.0514983833,0.0507722907,0.0505419038,0.0498957783,0.0487279408,0.0486142635,0.047975257,0.0471146032,0.0479764827,0.0474823639,0.0471524633,0.0466324873,0.0471653715,0.0464906693,0.0461642519,0.0457894243,0.0449624583,0.0449539162,0.0442896448,0.0437091365,0.0435653329,0.0435049199,0.0423949771,0.0425020009,0.0419644192,0.0419074781,0.0412556268,0.0410037749,0.0411612615,0.0411477759,0.0404597521,0.0400951132,0.0396234505,0.0398421101,0.0390003771,0.0392477512,0.040334288,0.0388718806,0.0400771946,0.0395823345,0.0390131548,0.038856253,0.0369983651,0.0368934982,0.0375286378,0.0358370319,0.0373964272,0.0360158198,0.035192363,0.0338533483,0.0320480466,0.030191306,0.0312138554,0.0265500303,0.0323255174,0.0273061749,0.0324605703,0.0334683806,0.0250624288,0.0254361704,0.0259256586,0.0259893853,0.0252943467,0.0235837139,0.0196148269,0.017313011,0.0159830172,0.0125342198,0.0124105457,0.012440986,0.0132388398,0.0134558296,0.0126257772,0.0122005884,0.0122561343,0.0110412873,0.0107827224,0.00958979037,0.00887028873,0.0086234808,0.00826180074,0.00806964561,0.00763304206,0.00675682817,0.00698617101,0.00619602762,0.00533191813,0.00513594272,0.00441522244,0.00436288398,0.00339702587,0.00358406152,0.00296994532,0.00246469793,0.00202616211,0.00259290333,0.00197113748,0.00220134645,0.00212631049,0.00263937889,0.00172611757,0.00125001348,0.00174620922,0.0014157159,0.00105685089,0.000974046416,0.00080310856,0.000729087507,0.000760208175,0.000415974006,0.000874303165,,,,,,,,,,9.82991769e-05,,0.000549103366,0.000398896169,0.000400093646,0.000147528757,0.000480990595,0.000588041672,,,,,,,,,,,,,,,,,
887,6.45900011,2026-08-30T08:55:38.392000+0000,-20.964536115746668,154.35972815176,0.0722796097,0.0568086803,0.0666802078,0.0591055118,0.059043739,0.0601471737,0.0675354078,0.0696997121,0.0686293244,0.0715395212,0.071231328,0.0678223968,0.0629399568,0.0643902346,0.0609117821,0.0608904883,0.0598651096,0.0585643724,0.0581600256,0.0574693382,0.056613747,0.0554529205,0.05534802,0.0547023304,0.0544467755,0.0527629443,0.0523888655,0.0522830635,0.0508998334,0.0514981449,0.0501220524,0.0492816642,0.0495856106,0.0479778163,0.0479541421,0.0473751687,0.0472745188,0.0460963994,0.0459523126,0.0464624055,0.0457024723,0.0452053584,0.0452305824,0.0452140123,0.0454689264,0.0451115519,0.0440325215,0.043617662,0.0437664501,0.042471949,0.0433611348,0.0426413119,0.0426287502,0.0413418002,0.0412454903,0.0413142294,0.0410029329,0.0402408242,0.0402277112,0.0404398665,0.0398252606,0.0391434096,0.0394318141,0.0391698517,0.0389071889,0.0399438404,0.0400717556,0.038567327,0.0411326066,0.0388234183,0.038706366,0.0389382094,0.0365626588,0.037426874,0.0365539268,0.0366413556,0.0387879685,0.0351013616,0.0352486856,0.0351983123,0.0296063218,0.0323121771,0.0277711153,0.0281229205,0.0332787409,0.0325606056,0.0334182084,0.02448209,0.0252257958,0.0268453732,0.0266691782,0.0259442721,0.0240936633,0.0206146836,0.0182629265,0.0159430355,0.0133642489,0.0126605909,0.013141105,0.0126389274,0.0130858803,0.0133658508,0.012400711,0.011536222,0.0114713348,0.010752771,0.0100198369,0.0093603041,0.00889353268,0.00845181011,0.00801961869,0.00737304986,0.00762679894,0.00670607062,0.00601591356,0.00549172983,0.00495571736,0.00486500375,0.00411266927,0.00328684482,0.00397396274,0.00259984215,0.00296463538,0.00250608684,0.00246283365,0.0021310742,0.00219129748,0.00222631311,0.00221937383,0.00158611918,0.00128982053,0.00161578669,0.00100490777,0.00090563047,0.00080222165,0.000390546425,0.000565873343,0.000366482127,0.000222259318,0.000470948289,0.000333112082,0.000159086892,,,,,2.8840499e-05,,,,,0.000268554722,0.000678421638,0.000439878349,0.000447564176,0.000551242847,,0.000109240646,,,,,,,,,,,,,,,,
888,6.55499983,2026-08-30T08:55:38.641000+0000,-20.964536123631664,154.35972815923,0.0667792857,0.0644483492,0.0606599003,0.0588953309,0.0575636029,0.0600170866,0.0639352128,0.0684096366,0.0703993216,0.0711495057,0.0707313493,0.0674124956,0.065080002,0.0621602498,0.0613418221,0.0605405718,0.0594251603,0.059644375,0.057980027,0.0573893078,0.0560537241,0.0554529317,0.0540979616,0.0538322702,0.0538567193,0.0531528443,0.0528587289,0.0520928949,0.0519796275,0.0502179042,0.0513418131,0.0496014282,0.0493554436,0.0492476821,0.0485340096,0.0477450714,0.0477844179,0.0475962982,0.0470922627,0.0473023467,0.0472524464,0.0468453318,0.0465604812,0.0454537719,0.0453884304,0.0450406559,0.0448711626,0.0442857221,0.0438438281,0.0432586521,0.0433574468,0.0429477468,0.0426255912,0.0423092619,0.0421935618,0.0419828743,0.0419921167,0.0412904024,0.0417376421,0.0407899767,0.0404554047,0.0400633663,0.0398515165,0.0406693369,0.04063664,0.0416733958,0.0418816358,0.0422474518,0.0419028625,0.0420636684,0.0404364541,0.0411380306,0.0400218219,0.038925115,0.0393708572,0.0390663706,0.038870275,0.0374806002,0.0361843593,0.0346090496,0.033181943,0.0316912867,0.0303631853,0.0308514088,0.0305425376,0.0341819711,0.0315294042,0.0251317378,0.0241454504,0.0268451069,0.0258389898,0.0253441762,0.0233236123,0.0200445652,0.0184228215,0.0153530613,0.0133843319,0.0135906562,0.0129612377,0.0134390127,0.0131459227,0.0128559433,0.0126508279,0.0117863026,0.0114713814,0.0105328169,0.00978988316,0.0102803102,0.00888356287,0.0085118236,0.0085295802,0.00808305107,0.00744676264,0.00689595705,0.00658580894,0.0059615667,0.00537550962,0.0045147948,0.00440246565,0.00379666383,0.00402385416,0.00299974624,0.00287456438,0.00263601611,0.00298277056,0.00277099526,0.00237126974,0.00299631688,0.00256937114,0.00259611686,0.000949636451,0.0019253894,0.00119409931,0.000754424953,0.00115044776,0.00100806192,0.00120274106,0.000602846732,0.000798635709,0.000577697414,0.000210408121,0.000207034405,,,0.000465671765,,,,,,4.24560858e-06,0.00041801919,0.000597965671,0.00096966594,0.000547603064,0.000551487785,0.000338662358,,,,,,,,,,,,,,,,,
889,6.62699986,2026-08-30T08:55:38.890000+0000,-20.964536131516663,154.3597281667,0.0746690705,0.0634881258,0.0720597357,0.0607052557,0.0622535758,0.0627570525,0.0720951185,0.0716396123,0.071509324,0.0754595324,0.0766813904,0.0727525726,0.067660071,0.0691402927,0.0658118874,0.0649306551,0.064155221,0.0636044145,0.0632400736,0.0621093325,0.0621837527,0.0610229671,0.0605379529,0.0599022694,0.0588767193,0.0584428273,0.05777869,0.0582828335,0.0561695471,0.0565278009,0.0569817126,0.0547013208,0.0546753816,0.0530376397,0.0527239665,0.0522350557,0.0521544032,0.0518662781,0.0502622575,0.05128235,0.0506624654,0.0498853549,0.0498504601,0.0471936688,0.0469681956,0.0462902039,0.045570448,0.0455146879,0.0451224148,0.0452568494,0.0448854193,0.0448557697,0.0441638269,0.0444078296,0.0437224694,0.0426721014,0.0426216461,0.0431001559,0.0431175977,0.0432200357,0.0429254845,0.0423733518,0.0417813621,0.0425390676,0.0422463454,0.042313166,0.0424815901,0.0422175452,0.0417530499,0.0417538583,0.0411065817,0.0402280316,0.0395314768,0.0388442799,0.0384593122,0.0377337709,0.0380461887,0.037824817,0.0362565964,0.0369485505,0.0337086134,0.0328143314,0.0290122945,0.0302485004,0.0323469453,0.0323348977,0.0335421301,0.0245315395,0.0250852574,0.0276949517,0.0270288289,0.0257641003,0.0236735512,0.0209744759,0.0180927385,0.0162030347,0.0132143134,0.0122606587,0.0134212831,0.0137490444,0.0134959435,0.0130859725,0.01308088,0.011766335,0.0114713917,0.0107428292,0.0102398954,0.0100403046,0.00909357797,0.00918180402,0.00904956181,0.00814305339,0.00789673813,0.0065858895,0.00557574444,0.00591145456,0.00512538943,0.00490466366,0.00421233615,0.00346655701,0.00352379563,0.00361967436,0.0025245226,0.00235598022,0.00240273005,0.00208095438,0.00242125639,0.00281630969,0.00262937928,0.00311612524,0.0017495387,0.00178517716,0.00159367139,0.00152377388,0.000899478036,0.000826682721,0.000850992161,0.000530819234,0.000566604431,0.000335858786,0.000118859112,,0.00034250319,,,,,,,,,0.000827716838,0.000747700862,0.000619542028,0.000467625185,0.00110163551,0.000568857766,0.000129568623,,,,,,,,,,,,,,,,
890,6.69999981,2026-08-30T08:55:39.149000+0000,-20.964536139718334,154.35972817447,0.0712190047,0.0635280982,0.071939677,0.0622151755,0.061463546,0.0615270361,0.0692450777,0.0690695941,0.068989329,0.0731795356,0.0735713765,0.0694326013,0.0673700795,0.0672402978,0.0640119016,0.063910678,0.0621652454,0.0625844225,0.061290089,0.0603893362,0.0600437522,0.0585729703,0.0582279451,0.0576922633,0.0573467128,0.0564328097,0.055888664,0.0551428013,0.0549195036,0.0557677448,0.0529716611,0.0532012731,0.0533153452,0.0520076118,0.0519939363,0.0509850346,0.0504443832,0.0503562614,0.0502722487,0.0498323403,0.0498824678,0.0496553555,0.0492204465,0.0470336191,0.0471280776,0.0458999872,0.0462701134,0.0457342118,0.0460117683,0.0453360304,0.0451644994,0.0449248776,0.0444430336,0.044137191,0.0435319841,0.0431917645,0.0429414399,0.042950049,0.0422375835,0.0425500646,0.0418855213,0.041473344,0.040671289,0.0403289385,0.041446209,0.0410730578,0.0412115604,0.0415475816,0.0407231227,0.0409339368,0.0408866182,0.0393280014,0.037781287,0.039213866,0.037278574,0.03838256,0.0374342948,0.034732163,0.0371130519,0.0333937705,0.032612551,0.0323066451,0.0264128409,0.0302981548,0.0336454026,0.0311827287,0.0335298963,0.0213914476,0.0224651564,0.0253648739,0.0264487918,0.0239840709,0.0230935197,0.0189144425,0.0173627343,0.0147430496,0.0120743392,0.0116406605,0.0125813019,0.0130790621,0.0128359506,0.0126259923,0.0119409086,0.011786351,0.010561402,0.0105328364,0.00930989347,0.00910029467,0.00834359694,0.00776181277,0.00753955822,0.00735305343,0.00717673451,0.00652587041,0.0059257159,0.00511141075,0.00476533826,0.00436460646,0.00407228572,0.00293652224,0.00286376639,0.00260964688,0.00262450613,0.00206595589,0.00229271175,0.00202094438,0.00173123414,0.00211631274,0.00204938138,0.00224612094,0.00076950388,0.00122507766,0.00107346743,0.000773486448,0.000479032809,0.000226066273,0.000420221011,0.000279913133,0.000345694367,0.000735046342,,0.000125318998,0.000342125073,,,,,,,,0.00013385748,0.000547581527,0.000397577882,0.00050948764,0.000307632959,0.000171702181,0.000268941163,,,,,,,,,,,,,,,,,
891,6.77099991,2026-08-30T08:55:39.398000+0000,-20.964536147603337,154.35972818194,0.0674489662,0.0704280585,0.0608597249,0.059205208,0.0601635464,0.0605270527,0.0645450801,0.0674996078,0.0690693259,0.0708995163,0.0692914128,0.0663626119,0.0646500885,0.0625703111,0.0608219132,0.059850689,0.0591852441,0.0584144294,0.0564400963,0.0572093464,0.0559637621,0.0551829785,0.0541979484,0.0541222654,0.0533767156,0.0525728203,0.0523886755,0.0514428094,0.0509995185,0.0505577587,0.0505316667,0.0490512811,0.0485153571,0.0481276214,0.0475039519,0.0476050414,0.0472743921,0.0463962704,0.045952253,0.0462323464,0.0461624749,0.0457553603,0.0452304594,0.0462436341,0.0457880981,0.0455900207,0.0461801589,0.0442242734,0.044531852,0.0444461331,0.0441746078,0.044574976,0.0431231149,0.0433472581,0.043062035,0.0429217964,0.04197146,0.0421900563,0.0420975797,0.0415400602,0.0417655185,0.0413933434,0.0401413031,0.041288957,0.0405862294,0.040063072,0.0417115651,0.0405375883,0.0402431227,0.0418239385,0.0378066339,0.040678028,0.0383013338,0.036733944,0.0389186926,0.0372027345,0.0366645455,0.0373824984,0.0349134877,0.0362443477,0.0321632661,0.0317175314,0.0309339203,0.0301293191,0.029656684,0.0314940549,0.0344512016,0.0261114538,0.0246851631,0.0271148682,0.0256187953,0.0257940479,0.0245135352,0.019814441,0.0177327245,0.0155430259,0.0136943115,0.0130306631,0.0131012993,0.0128690526,0.0139659457,0.0126059875,0.013130893,0.0120263426,0.0114913946,0.0107628321,0.0100398967,0.00980030373,0.00911359675,0.00873181596,0.00774954446,0.00829304662,0.00741673261,0.00709587103,0.00639573019,0.00567141501,0.00579534052,0.00498461816,0.00455228565,0.00389651768,0.00380376261,0.00335965306,0.0031045028,0.00261595845,0.00254270947,0.00238094246,0.00290124351,0.00276631606,0.00309937703,0.00217611622,0.00141949893,0.00150508294,0.00124349864,0.000683518592,0.000629093964,0.000716131995,0.000550306402,0.000380013866,0.000685789215,0.000565120834,,,,,,,,,,,,0.000257586828,0.000467593432,0.000739490846,0.000357632438,,0.000288935844,0.000169629697,,,,,,,,,,,,,,,,
892,6.84399986,2026-08-30T08:55:39.647000+0000,-20.964536155488336,154.35972818941,0.0667790547,0.0634181201,0.0599797554,0.0594252348,0.0581735708,0.060587056,0.0640550926,0.0675996095,0.069079347,0.0711795464,0.0684913993,0.0679026097,0.064240098,0.062940307,0.0606319085,0.0598406866,0.0592552498,0.058844436,0.0579800904,0.0570193492,0.0565137565,0.0565029867,0.0557379648,0.0549922846,0.0543367267,0.053732831,0.0533286929,0.0539428368,0.0521595441,0.052177798,0.0525617003,0.051161319,0.0509453826,0.0503576435,0.0499239713,0.049585063,0.04956441,0.0491662845,0.0488322638,0.0489823595,0.0488024838,0.0487953685,0.0477404743,0.0443536676,0.0434981622,0.0431601293,0.0430203155,0.0420944951,0.0421121493,0.0413364992,0.0413150229,0.0411453769,0.0406734683,0.0401675329,0.0396122411,0.0392419472,0.039481543,0.038890101,0.0390175879,0.0390900485,0.0388054997,0.0380433537,0.0379313342,0.038219016,0.0376062952,0.0385331251,0.0392715819,0.0379775763,0.0386931039,0.0390939228,0.0366766341,0.0368280597,0.0364214443,0.0352441631,0.0358190611,0.0354033187,0.0344454311,0.0343737267,0.0343651138,0.0320565216,0.0312160142,0.0282410048,0.0263981707,0.0279939659,0.0306218285,0.0295294523,0.032416597,0.0209514834,0.0246651992,0.0269348864,0.0264387932,0.0259740595,0.0235935375,0.0207444578,0.0187227316,0.0160330292,0.0138143143,0.0138006555,0.0140912849,0.0137290452,0.0140759367,0.0141259683,0.0138208903,0.0131463315,0.0121613871,0.0112128239,0.0106998915,0.0100303004,0.00980358757,0.00940180011,0.00875954796,0.00861304719,0.00782673992,0.00704588834,0.00631573657,0.00541143818,0.00544536486,0.00447463337,0.00422230642,0.00352653954,0.00379377394,0.00320965331,0.00294451579,0.00315596862,0.00281271059,0.00215095002,0.0028412398,0.00281630899,0.0028593794,0.00246612378,0.0016895294,0.00177513761,0.00111359102,0.00101365428,0.000719295815,0.000646405155,0.000270648656,0.000740414369,0.000276183069,0.000215478009,,1.55924354e-05,,7.78676476e-05,,,,,,,,0.000627646979,0.000527641969,0.000899513834,0.000497624453,0.000401671452,0.000258910295,,,,,,,,,,,,,,,,,
893,6.93400002,2026-08-30T08:55:39.895000+0000,-20.96453616334167,154.35972819685,0.0636990815,0.0608381703,0.0651597902,0.0557852574,0.0586035736,0.0607770532,0.0678851306,0.067079626,0.0700593367,0.0707595423,0.0705713928,0.0666125789,0.0634600893,0.064000316,0.0608918965,0.0610606596,0.0596952438,0.0598244369,0.0581700914,0.0575593524,0.0575637668,0.0558429807,0.0550579689,0.0545122847,0.0542467348,0.052472841,0.0528587103,0.0521928519,0.0508995652,0.0508978181,0.0496317223,0.0489613414,0.0489053987,0.047457654,0.0480239838,0.0473050661,0.0475644134,0.046466291,0.0466422737,0.0468423627,0.0460024849,0.0461453684,0.0451504812,0.0456936881,0.0450782143,0.04504022,0.0440304652,0.0439847074,0.0436924361,0.0429768637,0.0431454293,0.0421657711,0.0419438221,0.0420678183,0.0411824584,0.0409420952,0.040941637,0.0408901498,0.0405475944,0.0405400358,0.0399554856,0.0398433581,0.0398413688,0.0388790742,0.0394863524,0.0398131721,0.0385915972,0.0402175598,0.0394330695,0.0393738896,0.0397766195,0.0385880768,0.0372715332,0.0371843427,0.0364593863,0.0368138552,0.0361162759,0.0351749063,0.036176689,0.032438647,0.0322187059,0.0299744196,0.028332375,0.029388573,0.0302169658,0.0260548685,0.0326220468,0.0215315055,0.0259052254,0.0261449199,0.0265588313,0.0252140816,0.0237735212,0.0203644652,0.0174927413,0.0163830277,0.0128643019,0.0134106437,0.0131912725,0.0131790349,0.0137159359,0.0131659675,0.01219087,0.0124663236,0.0112413857,0.0102828238,0.0100198882,0.00906029437,0.00856358372,0.00822180696,0.00799956266,0.00755303865,0.00736674527,0.00693589961,0.00597574841,0.00562146027,0.00483538024,0.00497466605,0.00388233108,0.00329656014,0.00307379151,0.00272966921,0.00287451805,0.00315597653,0.00241272664,0.00214095926,0.00231125439,0.00275631691,0.00226938282,0.00241611549,0.0019395462,0.00161517295,0.000883679721,0.00109379087,0.000289489311,0.000486687757,0.000500996481,0.00063081854,0.000126592524,0.000115840812,0.000138835283,0.000295817619,0.000212482177,,,,0.000108944136,,,,,,0.000417693693,0.000739536714,0.000287618343,0.000591640652,0.000528875855,,,,,,,,,,,,,,,,,
894,7.02600002,2026-08-30T08:55:40.144000+0000,-20.96453617122667,154.35972820432,0.0698790923,0.0603682026,0.0615497902,0.057985276,0.0577635691,0.0600170717,0.0632451251,0.0698696375,0.0685293451,0.0702295378,0.0692813918,0.0676825866,0.062440075,0.0628402978,0.0605518855,0.0594906658,0.0586652197,0.0579644218,0.0570000894,0.0573093519,0.0562537573,0.0546929762,0.0541979633,0.0537322834,0.0529867299,0.0524828434,0.0511487089,0.0513528511,0.0505495742,0.0497878268,0.049871739,0.0487313531,0.0485954061,0.0482076593,0.0472839847,0.0474550724,0.0464544222,0.0460962988,0.0456422716,0.0455323644,0.0457024835,0.0455153659,0.045080483,0.0454537012,0.0446782373,0.0443302654,0.0437205359,0.0432348102,0.0434625745,0.0436270423,0.0433556288,0.04370597,0.0431039929,0.042777963,0.0416625701,0.0417321734,0.0417416878,0.0413701721,0.0418176018,0.0416600294,0.0407454781,0.0407733582,0.0402313806,0.0404490978,0.0397363789,0.0413531922,0.0413816012,0.0410575531,0.0407630503,0.0412338674,0.0400566012,0.0391580686,0.0383815542,0.0378344245,0.0389995314,0.0372941047,0.0379066691,0.037725471,0.0358574465,0.0354896784,0.030620018,0.0333860964,0.0296544358,0.027890835,0.0291095003,0.0326375589,0.0303847641,0.0239415243,0.0245352648,0.0262549389,0.0260688365,0.0253240932,0.0229935441,0.0203044862,0.0181927513,0.0149030173,0.0128643028,0.0124806482,0.0126812626,0.0131390244,0.0131459218,0.0131159574,0.0124208657,0.0115463249,0.0116913859,0.0109928194,0.00974987913,0.00953029376,0.0086035775,0.00768180471,0.00772955641,0.00728304544,0.00716674468,0.00689589698,0.00631575519,0.00523146288,0.0050853896,0.00384467863,0.00426233839,0.00356656522,0.00335379108,0.00290968199,0.00247451593,0.00240597571,0.00228271866,0.00196095789,0.00190125115,0.00216632057,0.00227938127,0.00223612366,0.00162955164,0.00189520174,0.00151371374,0.00101385079,0.00104957423,0.000966819702,0.00101117557,0.00103102624,0.000716792012,0.000536029809,0.000138991396,0.000325941946,0.000612570671,0.000268026022,,0.000570290256,0.000188941252,0.000606688322,,0.000427751045,0.000523995433,0.000737738737,0.00107771577,0.00139955187,0.000567616837,0.000321623986,0.000808854995,4.95761633e-05,0.00014379248,0.000224796357,,,,,,,,,,,,,,
895,7.11600018,2026-08-30T08:55:40.393000+0000,-20.964536179111665,154.35972821178999,0.0684691742,0.0613582581,0.062829867,0.0593353026,0.0570635982,0.0593670942,0.0629051849,0.069049634,0.0673893392,0.0699495375,0.0682213679,0.0680125579,0.063930057,0.0633102953,0.0618018806,0.0603606217,0.0596852154,0.0590944104,0.0581600741,0.0571093448,0.0571637526,0.0563129596,0.0547779799,0.0547022894,0.0537567362,0.0536328591,0.0520987287,0.05255289,0.051889617,0.0502978712,0.051341787,0.0500713959,0.0491954349,0.0492476821,0.0483840071,0.0478150807,0.0471844263,0.0478163064,0.0464122705,0.0469123647,0.0471724756,0.0458253622,0.045940496,0.0463237464,0.0459483452,0.0459804758,0.0448108613,0.0450552776,0.0448132195,0.0436478592,0.0446665473,0.0437868573,0.043474786,0.0434486046,0.0417230576,0.0417525209,0.0418218933,0.0415002853,0.0414176174,0.0410800017,0.0416654423,0.039383363,0.0406114496,0.0404292233,0.0385965183,0.0412533022,0.0403716266,0.0393775105,0.0420129709,0.0393337868,0.039546553,0.040788088,0.0375117324,0.0380848162,0.0386402495,0.0359552987,0.0381085351,0.0373781025,0.0341309719,0.0360644348,0.033366058,0.0298537593,0.0323038697,0.0279111713,0.0301910378,0.0348497406,0.0279670209,0.0227316432,0.0248653591,0.0267550088,0.024888901,0.0258741267,0.0226335544,0.0190245155,0.0189327728,0.0138930203,0.0131843146,0.0130306445,0.0117412433,0.0134190172,0.0131959235,0.0123659372,0.0129108503,0.0108863069,0.0105713774,0.0103028137,0.00953986868,0.00907029584,0.00881357212,0.00746180536,0.00844957586,0.00753304316,0.00634675846,0.00679592276,0.00558577478,0.00520151248,0.00525545143,0.00350473379,0.00395240448,0.00303660706,0.00296382606,0.00281970692,0.00260454742,0.00259599928,0.00224274257,0.00170098094,0.00249125715,0.00258631003,0.00227938103,0.0021861149,0.00111960364,0.00121530041,0.000843909802,0.00126414327,0.000630024821,0.000297438703,0.000181963434,0.000421927223,0.000147704675,0.000196853536,,,0.000242951326,5.82713401e-05,0.000115511706,,,,,,9.41115431e-05,0.00015787757,0.000267837022,0.000739604817,0.00102761423,5.15655847e-05,2.87693692e-05,0.000189513084,,,,,,,,,,,,,,,,
896,7.20900011,2026-08-30T08:55:40.642000+0000,-20.964536186996664,154.35972821926,0.0705694705,0.0613785647,0.0650301278,0.0587954447,0.0571237169,0.0581371635,0.0638853386,0.0667196959,0.0670993477,0.0698195547,0.0700813681,0.0678324699,0.0635199994,0.0638302639,0.0604718253,0.060010545,0.0595251545,0.0585843995,0.0571800508,0.0567393601,0.0559537597,0.0545929447,0.0546780191,0.0542123318,0.0533667766,0.0529629327,0.0532488376,0.051913023,0.0509897806,0.0513280779,0.0502019785,0.0488115959,0.0495155714,0.0479777865,0.0475741103,0.0474551581,0.0467445068,0.0467663854,0.0463323146,0.0458324067,0.0457724892,0.0464553721,0.0455405712,0.0461639464,0.0452287644,0.0444112383,0.0442620255,0.0441469401,0.0436854661,0.0430506915,0.0436297208,0.0429299287,0.0423475131,0.0416207984,0.041044727,0.0407336913,0.0408126041,0.0403606519,0.0406076759,0.040209908,0.0402353182,0.0391633958,0.0395717062,0.0380696617,0.0383069813,0.0399336778,0.0393617228,0.0399673991,0.0399427414,0.0387835614,0.0391164608,0.0385282114,0.0365624242,0.037436299,0.0362728499,0.0351695456,0.0372651145,0.0348273218,0.034853261,0.0339909755,0.0296969973,0.0305703133,0.027116498,0.026606882,0.0308808163,0.0315616466,0.0313590989,0.0237719249,0.0240856446,0.0258652586,0.02628907,0.0253242049,0.0236636009,0.0206846166,0.017442856,0.0161930043,0.0137242619,0.0130506018,0.0132911457,0.0135689424,0.0133658778,0.0131158736,0.0126207452,0.0117662409,0.011451344,0.010712768,0.0104598459,0.00953029096,0.00908353087,0.00845180545,0.00745959999,0.00757303508,0.00705678249,0.00643601641,0.0060458798,0.00527165644,0.0050756298,0.00453491556,0.00415257597,0.00374676939,0.0035239167,0.00272979448,0.00308460346,0.00267604878,0.0025228106,0.00190104486,0.0026612943,0.00239631953,0.00261938153,0.00264613028,0.000979749602,0.00113563961,0.000754592067,0.00106516713,0.000621549669,0.000189581857,0.000114658062,0.000775056251,0.000300824351,0.000589656061,0.000362022896,0.000218250556,4.42403834e-05,0.000289060525,,,,,,,,0.000168336614,0.000548235956,0.00107978727,0.000377579156,0.000221352035,1.8501305e-05,,,,,,,,,,,,,,,,,
897,7.3499999,2026-08-30T08:55:40.894000+0000,-20.96453619497667,154.35972822682,0.0578695387,0.0684685633,0.0668601319,0.054225456,0.0589837246,0.059617158,0.0639653429,0.063569732,0.0680793449,0.0706495568,0.0701013803,0.0642624572,0.0637800023,0.063460283,0.0593018271,0.0598505586,0.0589251705,0.0582444109,0.0567400604,0.056649372,0.0565337911,0.0545029566,0.0540980436,0.0539323501,0.0528868027,0.0517929532,0.0520088598,0.0512630492,0.0504498072,0.0500481017,0.0496320054,0.0489716232,0.0480655916,0.0470878072,0.0472141393,0.046355173,0.0460845232,0.0454964042,0.0454323366,0.0451524258,0.0455525033,0.0448153913,0.0441405922,0.0452939756,0.0448388085,0.0438713059,0.0432621203,0.0437570661,0.0428756289,0.0433408916,0.0430599302,0.0424501263,0.0426976867,0.042350933,0.0417048223,0.0409437567,0.0410026424,0.0401806682,0.0403576754,0.0402998999,0.03970531,0.039503403,0.0396317281,0.0390896946,0.039347019,0.0391037054,0.0392017402,0.0385274068,0.0391027443,0.0389435701,0.0378864892,0.0386382639,0.0370625257,0.0356564522,0.037373092,0.0350298956,0.0347456187,0.0349179953,0.0319441333,0.0344921201,0.030738432,0.0271021053,0.0303886607,0.0256392285,0.0280033853,0.0298942924,0.0282117054,0.0236319508,0.0247256551,0.0260552485,0.0264290776,0.0260941982,0.0234536026,0.0198746119,0.0185328368,0.0157730151,0.0132242544,0.013740587,0.0121711288,0.0134489294,0.0137258787,0.0130358562,0.0124207279,0.0120062279,0.0110013345,0.0114727626,0.00906982739,0.00929028727,0.00934353471,0.00794179365,0.00723959738,0.00758304494,0.00690678554,0.00632601883,0.00561588025,0.00561167812,0.00540563976,0.00438492838,0.00388258975,0.00379676814,0.00335391099,0.0029098026,0.0031445967,0.00223604892,0.0021828129,0.00197103759,0.00161128445,0.00275631598,0.00279937335,0.00223612669,0.0011197736,0.00131567055,0.00163464271,0.000985247898,0.000901644933,0.000769721461,0.000774835586,0.00104526326,0.000501017668,0.000609816634,0.000532152364,0.000348339789,0.00053429557,1.90882711e-05,0.000105931656,,0.000268836389,3.65001615e-05,,,0.000274526421,0.000998362084,0.000348252303,0.000899796316,0.00126757799,0.000521340582,0.00057849678,4.93564876e-05,,,,,,,,,,,,,,,,
898,7.48799992,2026-08-30T08:55:41.141000+0000,-20.96453620279833,154.35972823423,0.0650500134,0.0671290457,0.0607205443,0.0598957166,0.0596638732,0.0609872714,0.064365603,0.0698498338,0.0693293512,0.0723995566,0.0704513341,0.0684723333,0.0662399083,0.0629302338,0.0618617348,0.0610404052,0.0602050684,0.0590943582,0.0578700155,0.0581193753,0.0573637895,0.055922918,0.0543680899,0.0538024046,0.0541468523,0.053053055,0.0525790118,0.0516232513,0.051710058,0.0500484072,0.0503623113,0.0501519255,0.0488957986,0.0488779619,0.0473542884,0.0472352803,0.0465946272,0.0470665097,0.0461823866,0.0456124768,0.0457025096,0.0453653932,0.0453106947,0.043954283,0.0434294678,0.0425425135,0.0424939767,0.0420897231,0.041089233,0.0412754454,0.0407450311,0.0410150774,0.0406020842,0.0397744812,0.0396775194,0.0389956534,0.0387737863,0.0389112644,0.0388877764,0.038429752,0.0383851081,0.0384434536,0.0377621278,0.0374803953,0.0379177742,0.0370543115,0.0388018899,0.0383572057,0.0369223505,0.0393331759,0.0367262997,0.0377684236,0.0362735875,0.0350787677,0.035837207,0.0337666683,0.0353461429,0.0359027721,0.0313338637,0.0341387019,0.0317821056,0.0260348357,0.0298211928,0.0259167552,0.026857499,0.0344318971,0.0308396537,0.0220324211,0.02480614,0.0276256613,0.0258593746,0.0263743382,0.0238136817,0.0197448116,0.0184729919,0.016062988,0.0128142098,0.0130805317,0.0129809733,0.0132288253,0.0140558276,0.0128357653,0.0124305738,0.0117961233,0.0107912803,0.0105227167,0.00930977426,0.00883028656,0.00913348049,0.00722179841,0.00847964641,0.00753303571,0.00668683415,0.00633616699,0.00550602889,0.00507192407,0.00545594748,0.00393522764,0.00408289256,0.00357701629,0.00318406778,0.00286994223,0.00302469707,0.00219615363,0.00264291139,0.00220113667,0.00197134609,0.0022963169,0.00251938077,0.00224612583,0.000880026259,0.00132622023,0.000485746801,0.000516887056,0.000564096961,0.00022318642,6.91766909e-05,0.000490313279,0.000586070528,0.000604364672,0.000205946737,,0.000436388422,,5.66333765e-05,,,1.62918586e-05,,8.2917395e-06,0.000155175803,0.000169108564,0.000558903033,0.00065009098,0.000407529675,,5.8043981e-05,,,,,,,,,,,,,,,,,
899,7.62900019,2026-08-30T08:55:41.390000+0000,-20.964536210683338,154.3597282417,0.0605702512,0.0708992481,0.0597207397,0.057685867,0.0593339317,0.0607473068,0.0657157227,0.0672898442,0.0701293349,0.0722795427,0.0699312612,0.0664522275,0.0659898296,0.0629301742,0.0606916584,0.0606203079,0.0602949895,0.0588443018,0.0574299544,0.0573793352,0.056523744,0.055822853,0.0545880795,0.0541123897,0.0536568388,0.0539230704,0.052669052,0.0519033149,0.052070152,0.0508185215,0.0497824289,0.0497520454,0.0489758626,0.0479079969,0.0475743264,0.0474552959,0.0463046432,0.0465465225,0.0462623797,0.0457724705,0.0455524698,0.0458353572,0.0448407046,0.043244388,0.0436597466,0.0427030623,0.0424848534,0.0414110012,0.0413709879,0.0413476825,0.0407475606,0.0398475491,0.0404042974,0.0395062752,0.0395488925,0.0393066257,0.0392743833,0.0385915823,0.0383078344,0.0392196812,0.0381150097,0.0381834731,0.0378223173,0.0373507291,0.0385081284,0.0378945954,0.0380619466,0.0387470722,0.0375921056,0.0377329178,0.0379461125,0.0357883945,0.0375939794,0.0361897685,0.0350190923,0.0368098579,0.0346111953,0.0357399434,0.0348835066,0.0312417671,0.0323487222,0.0290559754,0.0252172612,0.0302253701,0.0286495034,0.0305257756,0.0294338297,0.023532711,0.0239364319,0.0262259021,0.0261195544,0.0253944583,0.0241737794,0.0198049378,0.0176431071,0.0162330419,0.0131142037,0.0132105295,0.013380914,0.0131488089,0.0135058211,0.0121657345,0.0124405166,0.0120260911,0.01103127,0.0107827038,0.010249773,0.00884029828,0.00888345577,0.00852181576,0.00754968449,0.00790303946,0.0068868557,0.006456248,0.00577610452,0.00503204623,0.00513610151,0.00424537435,0.00394304004,0.0037571576,0.00336414296,0.00309002609,0.00320475921,0.00314621767,0.00264296564,0.00215119752,0.00255137263,0.00270630931,0.00292938435,0.00236612046,0.000890143623,0.00110648735,0.00107628445,0.00105770456,0.000975315983,0.000584898051,0.000851347111,0.000602844579,0.000158616691,0.000486679724,0.000507899909,0.000222740229,0.000137493247,0.00022107875,,,,,,,,0.000129495864,0.000489243364,0.000610256218,0.000147503539,0.000150802545,,,,,,,,,,,,,,,,,,
900,7.76800013,2026-08-30T08:55:41.639000+0000,-20.964536218568337,154.35972824917,0.065760389,0.0604093596,0.0667408407,0.0558259115,0.0585439764,0.0600373298,0.0661657751,0.0682598799,0.0690393597,0.0715695471,0.0712512583,0.0659222007,0.0642098188,0.0631701797,0.0600116476,0.0602802858,0.0588949844,0.059104301,0.0572599657,0.0572793484,0.0558537729,0.0542928502,0.0538881086,0.0535224229,0.052576866,0.0526631065,0.0523891076,0.0512633845,0.0498302244,0.0503886081,0.0489825159,0.0480221286,0.04798593,0.0473080538,0.0468443781,0.0467253365,0.0459346808,0.0454965606,0.045042403,0.0450724997,0.0446124859,0.0445053726,0.0435907468,0.0434744768,0.0442099199,0.043553371,0.0428053178,0.0424816571,0.0420618765,0.041868791,0.0416987948,0.0410387404,0.0407753438,0.0404471159,0.039559532,0.0397270732,0.0388346501,0.0390417203,0.0389378555,0.0384496413,0.0381949618,0.0377634875,0.0375824161,0.0374509059,0.0379183218,0.0386947468,0.0385319926,0.0393070392,0.0389520302,0.0378128476,0.0383761041,0.0371284783,0.0352042951,0.0376903899,0.0349201486,0.034791559,0.0350238048,0.032383576,0.0357483253,0.0318182334,0.0281568915,0.029516317,0.0239499416,0.0287892297,0.0296249054,0.0257819667,0.030370051,0.0246428344,0.0246165395,0.0269659739,0.0267895982,0.0259644762,0.0235837903,0.0211249739,0.017243119,0.0162030179,0.0132941846,0.0124905119,0.0133408718,0.0121987667,0.0136058014,0.0134057021,0.0126404753,0.0129160602,0.011681254,0.0107226921,0.0102597531,0.00954028964,0.00854343828,0.00895179901,0.0079696821,0.00778303714,0.00709686615,0.00639628852,0.00619614171,0.00506211398,0.00487616053,0.00516544096,0.0045331195,0.0036972058,0.00334417773,0.00286005903,0.00299477833,0.00258623855,0.0027529879,0.0022012128,0.00225137779,0.00205631973,0.0026793736,0.00217611785,0.00104020152,0.00184661418,0.0010465564,0.00119810167,0.000905903406,0.000435720751,0.000722395955,0.000904043962,0.000749814499,0.000477755792,0.000538786524,0.000433414476,0.000157978619,0.000131373177,,,4.86783683e-05,,,,,0.000119670702,0.000459389878,0.000530319521,0.00109749194,0.000390728936,0.00012770074,,5.39412722e-05,,,,,,,,,,,,,,,
901,7.8579998,2026-08-30T08:55:41.887000+0000,-20.964536226421668,154.35972825661,0.0743305758,0.0586294793,0.0645409673,0.0606260151,0.0575040132,0.0600773543,0.0659358725,0.0699399039,0.0685693398,0.0718695298,0.0705712363,0.0674621463,0.0622997731,0.0647501498,0.0602816008,0.0598202124,0.0594149344,0.0593542866,0.0574299321,0.0571693406,0.0567937605,0.0558228306,0.0541781113,0.0546924286,0.0537568778,0.0524731353,0.0526691489,0.0527434386,0.0501803011,0.0516687073,0.0508626103,0.0491222292,0.0500459857,0.0482780971,0.0483144224,0.0473753586,0.0471847057,0.0471465848,0.0463324152,0.0464525074,0.0461624824,0.0459053665,0.0450707749,0.044584576,0.0445301346,0.0440237708,0.0432659388,0.0431625471,0.043313086,0.0424603298,0.0430605263,0.0425104238,0.0414768457,0.0411683284,0.0407204516,0.040407721,0.0407350473,0.0403719246,0.0406678915,0.0403795913,0.0397848934,0.0383635014,0.0389825515,0.0385211408,0.0379785709,0.0400049426,0.0387320407,0.0398669653,0.0394318812,0.0385126993,0.0391960144,0.038088508,0.0359246209,0.037091136,0.0363715068,0.0370138139,0.0377873294,0.0340685435,0.0356049798,0.0334772095,0.03016828,0.0323507823,0.0271977447,0.0289787501,0.0326366834,0.0295849591,0.0341331884,0.0255830064,0.0233867131,0.026556097,0.0265497081,0.0251245275,0.0237738229,0.0200550593,0.0176731981,0.0155930305,0.013944163,0.0126104997,0.0127208196,0.0133087393,0.0131157795,0.0131756719,0.0124104293,0.0120060313,0.0117012383,0.010512677,0.00927973539,0.00958030205,0.00831342489,0.00824180525,0.00772970263,0.00702304998,0.00702689448,0.00636634557,0.00575619284,0.00536219077,0.00520626502,0.00414554542,0.00407322496,0.00319729955,0.00356423133,0.00313012092,0.00269480865,0.00263626711,0.00241302326,0.00236125663,0.0020213963,0.00257631112,0.00273938011,0.00211612461,0.00128028321,0.00114680256,0.00115692872,0.00107866107,0.00101673394,0.000636894372,0.00098388351,0.000845769537,0.000811543025,0.000749319908,9.00885789e-05,0.000474406639,,0.000271822326,0.000107418397,,,,,,,0.000759926217,0.000529619458,0.00049042888,0.00061747164,0.000740606105,0.000447536353,,,,,,,,,,,,,,,,,
902,7.94999981,2026-08-30T08:55:42.138000+0000,-20.964536234369998,154.35972826414,0.0733005777,0.0646395087,0.062420968,0.0605360195,0.0596640259,0.0613873713,0.0646458641,0.0704898983,0.0698893294,0.0728195235,0.0701712072,0.0699020922,0.0643397495,0.0629101321,0.061971575,0.0603401884,0.0596749038,0.0591742583,0.0579699129,0.0573693253,0.0563237444,0.0562128015,0.0540880896,0.0535224155,0.0535568558,0.0526631176,0.0520991348,0.0520034358,0.0511802994,0.0496187024,0.0499526151,0.0481822304,0.0485159829,0.0478380881,0.0472044125,0.0467153527,0.0466746949,0.0457965732,0.0456524007,0.0454524904,0.045162458,0.0452053435,0.045000758,0.0454545766,0.0457901582,0.0449638404,0.0444960594,0.0441527329,0.0445333496,0.0435806736,0.0441809185,0.0435308143,0.0428772047,0.043138627,0.0428006798,0.0424878858,0.0426051468,0.0415919796,0.0421579033,0.0416795835,0.0412348732,0.0407135002,0.0404925719,0.040751189,0.0400486216,0.0409649834,0.0417820401,0.0403869338,0.0413118266,0.0404226333,0.0391659588,0.0413084626,0.0372746401,0.0386012383,0.0384617411,0.0369342566,0.0386380628,0.0368896127,0.0355264358,0.0362092182,0.0307208579,0.0340440869,0.0317518525,0.0266832672,0.0335017927,0.0323904194,0.0296787359,0.0231730677,0.0255267862,0.0255761556,0.026209766,0.0254445467,0.0226438642,0.0202851072,0.0179032125,0.0150030516,0.0128041767,0.0124005079,0.0129608335,0.0130487485,0.0127857858,0.0130956713,0.0126504255,0.0110960342,0.0112412442,0.0105226804,0.00926974043,0.00932029821,0.00808342826,0.00794180576,0.00723971613,0.00729304831,0.00680690166,0.00625636103,0.00557620218,0.00580221554,0.00524630165,0.00384558318,0.00455324957,0.00329732685,0.00326424325,0.0022401358,0.00255482388,0.00231627584,0.00185303332,0.00208125939,0.00243140757,0.00234631263,0.00239937939,0.00241611246,0.00111030729,0.00167684711,0.00124701485,0.000638785772,0.000256919768,0.00045717365,0.00056422432,0.000456168957,0.000351961702,0.000769703067,0.000170423766,5.46716619e-05,,,,,,,,,,0.000229997269,0.000599677209,0.000600458821,0.000407474057,,,,,,,,,,,,,,,,,,,
903,8.03999996,2026-08-30T08:55:42.387000+0000,-20.964536242255004,154.35972827161,0.0753206834,0.056009613,0.0631510243,0.0597760528,0.0565040559,0.057777375,0.0655359253,0.0682999268,0.0643393323,0.0709095225,0.0694112107,0.0676020682,0.0607497431,0.0635901242,0.0602115504,0.0585201606,0.0577748977,0.0577542409,0.0566398986,0.0554293282,0.0557637438,0.0537227914,0.0536981076,0.0529424213,0.0528768674,0.0516031422,0.0515191667,0.0518134795,0.0492903478,0.0505487658,0.0506926738,0.0486522876,0.0491260253,0.047758121,0.0476544425,0.0469353721,0.0466647148,0.0465365984,0.0462524146,0.0463025086,0.0459324606,0.0455153435,0.0453907773,0.0473446362,0.0470502898,0.0469940789,0.0462764278,0.04628326,0.0457440689,0.0458115824,0.0457619391,0.0446218066,0.0450980812,0.0443793349,0.04390122,0.0437482633,0.0431553759,0.0426420979,0.0425779223,0.0424295552,0.0420448333,0.041773513,0.0414126553,0.0403313302,0.0409787744,0.0409051031,0.0407720692,0.0416168906,0.0413917415,0.0406625494,0.0407259129,0.0393284932,0.0381048433,0.0393017009,0.036562562,0.0376356021,0.0371501595,0.0367225595,0.0366303772,0.0339945257,0.0327375904,0.032362625,0.0279123411,0.0306647588,0.0334146023,0.0311939269,0.037112318,0.0241431445,0.0232768711,0.0268062372,0.0260998253,0.0257245991,0.0240238812,0.0201951452,0.0180132426,0.0158830546,0.0135341752,0.0132004963,0.0134507986,0.013168727,0.013165785,0.0128856488,0.0124203963,0.011786012,0.010571233,0.0100426739,0.00929972623,0.00908030011,0.00807341933,0.00764181558,0.0076597305,0.00729304831,0.00749691017,0.00637638988,0.00572624197,0.00528227445,0.00451635383,0.00450564548,0.00389330764,0.00348736672,0.00322427857,0.00279016746,0.00287484634,0.00241629756,0.00226304377,0.00232127751,0.00238140929,0.00258631073,0.00227938034,0.00230611209,0.00170035381,0.000956962816,0.00105722994,0.00072911859,0.000797412707,0.000927860732,0.000605088542,0.000547181524,0.000432960689,0.000760613824,,0.000405249884,5.93191944e-05,3.22157284e-05,7.64557626e-06,6.09540148e-05,,1.6061822e-05,,,,0.000450147898,,0.000190513354,0.000477462279,0.000200498907,2.73976475e-05,,,,,,,,,,,,,,,,,
904,8.13199997,2026-08-30T08:55:42.636000+0000,-20.96453625014,154.35972827908,0.0684908926,0.0456897803,0.0724712014,0.0560361408,0.0554441139,0.0555174239,0.0677860081,0.0645899773,0.0654793456,0.0695395246,0.0713512301,0.0657420456,0.0598497242,0.0657301322,0.0592515431,0.0591401197,0.0577648841,0.0591042452,0.0565599129,0.0566393547,0.0563437641,0.0540327989,0.0530181527,0.0534324683,0.0520969182,0.0517932028,0.0511392429,0.0523835719,0.0487504676,0.0510688983,0.0494728014,0.0474724174,0.0484361202,0.0470182002,0.0467645265,0.0459754318,0.0463747755,0.0459466539,0.0451824553,0.0455325469,0.0449224859,0.0447353683,0.0449208431,0.0454547703,0.0449205562,0.0445745438,0.0444971249,0.0440742485,0.0433353968,0.0438032448,0.0433737896,0.0426935926,0.0423196629,0.041840598,0.0413421765,0.0412789397,0.0415357761,0.0406423062,0.0409679562,0.0406094939,0.0397847667,0.0395435393,0.040412806,0.0389615968,0.0396490544,0.0398853309,0.0390321389,0.0413068421,0.0387716331,0.0393024534,0.0399258994,0.0374586172,0.0387453102,0.0376026258,0.0359341502,0.0377281606,0.0368240736,0.0339980088,0.0360076092,0.0325342268,0.032189846,0.0300981402,0.0272313692,0.0305655599,0.0322677195,0.030528225,0.0346966572,0.026863303,0.0253970474,0.0265263692,0.0268998947,0.0251146052,0.0240238924,0.0209451672,0.0174732842,0.0165430363,0.0134241376,0.0135104656,0.0133407284,0.012948676,0.0136657478,0.0136356056,0.0119303353,0.0124559654,0.0112212086,0.0100026364,0.00996970013,0.00901030097,0.00877339114,0.00840181299,0.00737973442,0.00774304336,0.00728692068,0.00609643152,0.00663629081,0.00514234928,0.00462645805,0.00405574823,0.00415340485,0.00351746101,0.0034343286,0.0025102084,0.00304487045,0.00315633649,0.00247307867,0.00237131864,0.00226142607,0.00245631183,0.00238938187,0.00253612944,0.00158044894,0.00120716239,0.000707633619,0.00135972607,0.00130830985,0.000379108475,0.000616657897,0.000709005166,0.000584773661,0.000622215215,0.000162521144,0.000276261242,0.000130038941,,,,,,,,,0.000440409698,,0.000140613964,,0.000220384856,0.000597254082,,,,,,,,,,,,,,,,,
905,8.26099968,2026-08-30T08:55:42.885000+0000,-20.964536258025,154.35972828655,0.0757108554,0.0576497987,0.065391168,0.0610261671,0.0582940951,0.059857402,0.0654660016,0.0682599619,0.0684693307,0.0709195286,0.0692912117,0.0674620271,0.0626396909,0.0643901005,0.0602815151,0.0598301068,0.0587148517,0.0589142293,0.0577998832,0.0568193197,0.0566937365,0.0557227731,0.0542681217,0.054692436,0.0538368821,0.0535331741,0.052569218,0.0520935431,0.0514404401,0.0513288714,0.0506127775,0.0491223969,0.0496560894,0.0484981723,0.0478644967,0.047295399,0.0472647473,0.0473666266,0.0470924303,0.0456825197,0.0464724526,0.0462953374,0.0454708114,0.043634735,0.0441305228,0.0436345041,0.0431070887,0.0427842103,0.0429453626,0.0418032184,0.0424137712,0.0415335856,0.0412596688,0.0412806123,0.0401821956,0.0406089537,0.0407357924,0.0401823185,0.0404879637,0.0401894972,0.0398947634,0.0392235331,0.0389027968,0.0387315825,0.0381290391,0.0398453213,0.0398321226,0.0398668163,0.0399815924,0.0381624028,0.0391958319,0.0377085321,0.0363152064,0.0369125083,0.0367440172,0.0358680114,0.036973916,0.0337178484,0.0347474441,0.0338640623,0.0302396771,0.0312579721,0.0278612264,0.0267654527,0.0319176801,0.0325782783,0.0287868083,0.0235733297,0.0235370509,0.025446387,0.0260499287,0.0254346505,0.0230739135,0.0200852212,0.0179933049,0.0150630474,0.0138641614,0.0121404883,0.0124007519,0.013548689,0.0130257588,0.0131356129,0.0124003477,0.0122259809,0.0105312075,0.0102626439,0.00926971436,0.00901031122,0.00856341328,0.00814181007,0.00761973998,0.00698304549,0.00682692789,0.00613643182,0.00609629275,0.00532236043,0.0044664694,0.00427575503,0.00360341021,0.00301746,0.00352433859,0.0026002177,0.00256487913,0.00257632788,0.00206309184,0.00173131749,0.00219142321,0.00181632326,0.002039382,0.00205611461,0.00145044632,0.00148714962,0.00144763314,0.00106971129,0.000728302868,0.000319093058,0.000436661881,0.000589010306,0.000684793573,1.22515485e-05,6.25567045e-05,0.0003263033,0.000300079584,0.000212688115,,,,,,,,,0.000480043702,0.000460624113,,0.000540371402,0.000337228703,,,,,,,,,,,,,,,,,
906,8.40100002,2026-08-30T08:55:43.148000+0000,-20.964536266353335,154.35972829444,0.0644008815,0.0632797703,0.0658811927,0.0575461574,0.0592241101,0.0592874102,0.0664060116,0.0662299842,0.0678093359,0.0707695112,0.0698011965,0.0662520304,0.0640097037,0.0634401143,0.0603615232,0.0594001114,0.0585548617,0.0580542311,0.0566398837,0.0558293387,0.055113744,0.0546927825,0.0531281307,0.0528524481,0.0528868958,0.0522831865,0.051529225,0.0501435548,0.0510804467,0.0497888811,0.0495427959,0.0490424074,0.0482961014,0.0474581756,0.0471345037,0.0463454127,0.0463847592,0.0457966365,0.0458824337,0.0454625301,0.0453124642,0.0452053472,0.0446908213,0.0453747548,0.0455505401,0.0455145389,0.0449671373,0.0443842746,0.044465445,0.0440933146,0.04325388,0.043953687,0.0423797518,0.0421306789,0.0420822427,0.0412189886,0.041425813,0.0411223285,0.0410479642,0.040149495,0.0400147624,0.039803531,0.0388128087,0.0389515944,0.0394690558,0.0389753394,0.0405421257,0.0400368199,0.0385815986,0.0411624089,0.0373758487,0.0371285602,0.0385352597,0.0354025885,0.0362941362,0.0371981896,0.0334841721,0.0367281884,0.0341978818,0.029994633,0.034690395,0.0273088701,0.0292523131,0.0324266292,0.0248389617,0.0334896035,0.0354181156,0.0250933394,0.0234670471,0.0263763983,0.0258099306,0.0249346532,0.0235139076,0.019285202,0.0171633046,0.0166230425,0.0116041396,0.0127604734,0.012630743,0.0123386784,0.0135757551,0.0116356108,0.0114803417,0.0126759745,0.0112212161,0.0111926505,0.00997970626,0.00899029616,0.00957341027,0.00859180838,0.00763973594,0.00827305205,0.00709692109,0.00741644297,0.00623629056,0.00506236823,0.00503647327,0.00444575166,0.00405341433,0.00342746847,0.00320433709,0.00273021683,0.00336487847,0.00252633542,0.00252309162,0.00259132404,0.00190143182,0.00275631784,0.00273937942,0.0017061173,0.00153044215,0.0016771669,0.00151764776,0.00160974974,0.00106835389,0.00126917264,0.000896748388,0.000639102596,0.000914887874,0.000732327462,0.000642619212,,0.000400111312,,0.000217901194,0.000221019145,,2.598844e-05,,0.000128835847,,0.000760427618,0.000820053392,0.00097062753,0.0004974404,0.00081036851,0.000127231586,7.84764998e-05,0.00046394323,,0.000217652414,,,,,,,,,,,,,
907,8.53199959,2026-08-30T08:55:43.397000+0000,-20.96453627423833,154.35972830191,0.0764009058,0.0560997874,0.0636011884,0.0619461723,0.058014106,0.0602374189,0.0626260042,0.0707499832,0.0671493337,0.0717295334,0.0694111958,0.0701520219,0.0635196939,0.0639701188,0.0622315109,0.0601701103,0.0598348528,0.0590742268,0.0590398908,0.0569093265,0.0576137379,0.0561927743,0.0547481216,0.0550724417,0.0541268848,0.0542031825,0.0532392263,0.0531935506,0.0525104478,0.0509788767,0.0519927889,0.0506224036,0.0493560992,0.0489381775,0.0481644981,0.0475254096,0.0476347543,0.0472866371,0.0467124321,0.0466825217,0.0468624569,0.0459853411,0.0460108183,0.0448247492,0.044050537,0.0444945358,0.0435771346,0.0433142707,0.0431054384,0.0421833135,0.042783875,0.0415336862,0.0406597555,0.0413506813,0.0406322479,0.0406089872,0.040225815,0.0406223275,0.0398979634,0.0393894985,0.0393647589,0.0388035327,0.0383228026,0.0385815948,0.0374190584,0.0394253358,0.0392321274,0.0379368179,0.0395815931,0.0385524035,0.0361658409,0.0384985469,0.0362652466,0.0359725729,0.0373741165,0.033208169,0.0371741503,0.0357581638,0.0323878601,0.0340546109,0.0304303672,0.0266288482,0.0317822956,0.0242466126,0.0294389594,0.0296296142,0.0252481401,0.0239233337,0.0257570613,0.0262664016,0.0260499325,0.0262746587,0.0233939271,0.0198352076,0.0179733057,0.0138330422,0.0132041555,0.013100476,0.0123107424,0.0134086879,0.0128657613,0.0118356161,0.0121903392,0.0115359779,0.0110012172,0.0104926554,0.00949971098,0.0095203016,0.00857340917,0.00837180857,0.00845974777,0.00801304262,0.00678693317,0.00684644422,0.00631629536,0.00497236568,0.0051064794,0.00420575449,0.00435342034,0.00319747021,0.00307434052,0.00342021603,0.00264488487,0.00297633605,0.0028530932,0.00248132413,0.00214143028,0.0026963111,0.00173937716,0.00223612133,0.00198044162,0.00222716806,0.0018676453,0.00152974424,0.000988348271,0.00126917136,0.00123674748,0.00103911001,0.000354889897,0.00113233842,0.000532624195,0.000296351267,0.000790117541,0.000292712706,5.79123152e-05,0.00011102343,,0.000335988239,,,0.000146329578,4.0434883e-05,0.000530055957,0.000460628915,0.000947440742,0.000420366647,,,,,,,,,,,,,,,,,,
908,8.66399956,2026-08-30T08:55:43.645000+0000,-20.964536282091665,154.35972830935,0.068520844,0.0639997572,0.0623911917,0.0582361221,0.0588741004,0.0606574118,0.0653159991,0.0675699413,0.0689393133,0.0717595071,0.0698211789,0.066842027,0.0650796965,0.0635401085,0.0607015193,0.0599801019,0.0595048517,0.0591042191,0.0570698753,0.0573793128,0.0559537262,0.0551627725,0.0552681163,0.0537324287,0.0535668805,0.0526631624,0.0526792072,0.0516335256,0.0516204238,0.0502188541,0.0493827611,0.0496023782,0.048296079,0.0482081622,0.0466844849,0.0468653888,0.0461547375,0.0459466204,0.045952417,0.0455325097,0.0450824536,0.0452853367,0.0443708003,0.0458447188,0.0454704873,0.0440244526,0.04488701,0.0440740995,0.0439252146,0.0433530323,0.0437235646,0.0432433896,0.0429794937,0.0421204753,0.0418720879,0.0414088778,0.0414257459,0.0413622968,0.0408379585,0.0413295068,0.0407047719,0.0401435271,0.0396627821,0.0389015488,0.0399590097,0.0397452936,0.0401321128,0.0414468199,0.0396116078,0.0401524119,0.0385358334,0.0377085134,0.0375951491,0.0366824009,0.0365538336,0.0364277214,0.0372334793,0.0365472324,0.0348266326,0.0328429714,0.0333283097,0.0278462432,0.0285991058,0.0295931399,0.0282751042,0.0309055801,0.0352141038,0.0223533232,0.0236770455,0.0262163766,0.0264099333,0.0256546494,0.0242039282,0.0201052148,0.0183233041,0.0154830553,0.0132841533,0.013780484,0.0131007573,0.0132386917,0.0140157659,0.0126056289,0.0128803514,0.011995987,0.0112212244,0.0112026576,0.0094997175,0.00975030381,0.00928341039,0.00889181718,0.0081397444,0.00824304391,0.00758693088,0.00726644136,0.00631628791,0.0061223493,0.00544646243,0.00490573514,0.00435340451,0.00428744731,0.0037043246,0.003650208,0.00358487526,0.00280633895,0.00275308662,0.00253131264,0.002661434,0.00269631157,0.00279937079,0.00252611167,0.00215043267,0.00251712487,0.00223758817,0.00156965246,0.00170819322,0.0014589522,0.00180648477,0.0013888072,0.00153458584,0.00147207454,0.00108240929,0.00116619398,0.00132999942,0.000942641869,0.000347879832,0.000351026538,0.000228620833,0.000126005267,,0.000248823198,0.00047629542,0.00116038672,0.000950016663,0.0014506164,0.00123744318,0.000740387593,0.000497244764,0.00065847626,0.000133915804,,,,,,,,,,,,,,,
909,8.75899982,2026-08-30T08:55:43.893000+0000,-20.964536289945,154.35972831678998,0.0661008358,0.0625997707,0.0686712041,0.0609461106,0.0627641156,0.0639974251,0.07243599,0.0716799572,0.0720993206,0.0732995197,0.0726612061,0.067072019,0.066289708,0.0660101175,0.0621215217,0.0624101087,0.0617248677,0.0621442311,0.059199892,0.0586193278,0.0584537499,0.0575127862,0.0565681271,0.0565224439,0.0564668886,0.0549731739,0.0553192236,0.0542135425,0.0527704321,0.0531188622,0.0515027717,0.050992392,0.0506360941,0.0497581698,0.049554497,0.0493554026,0.0488147512,0.0479566343,0.0479924269,0.0470625237,0.0474024639,0.0467653461,0.0464808159,0.0456847362,0.0457905009,0.0448144674,0.0447370261,0.045134116,0.0437152274,0.043603044,0.0432535745,0.0425033905,0.043079488,0.0422004685,0.0416720808,0.041488871,0.0413057432,0.0413122922,0.0411079563,0.0409595035,0.0412747748,0.0407135263,0.0403827839,0.0404315554,0.0401090123,0.0413253009,0.0405421183,0.040706832,0.0404316187,0.0394524299,0.0401558578,0.0384985507,0.0385951959,0.0387824513,0.0365638882,0.0377277881,0.037943542,0.0347073004,0.0356167071,0.0346930474,0.0306483768,0.0301063135,0.0285391659,0.0289531834,0.0346351266,0.0287955515,0.0308240391,0.0232733116,0.0245670211,0.0262163654,0.0275299232,0.025754625,0.023963917,0.0213251896,0.0179232843,0.0169030353,0.012644154,0.0133604864,0.0138907498,0.0128486911,0.013115759,0.0131556094,0.0124303447,0.011555979,0.0110012181,0.0100326426,0.01000972,0.00880030636,0.00850340538,0.00796181709,0.0074197324,0.00748305209,0.0070969183,0.00659643812,0.00615627738,0.00549234124,0.00508644851,0.00493572839,0.00384340901,0.00324744731,0.00347432215,0.00269021303,0.00269487151,0.00263632974,0.00270307669,0.00219131121,0.00196142099,0.00193632196,0.00250937999,0.00159611693,0.00123043696,0.00208713929,0.00122759037,0.00138965016,0.00113819796,0.000598965038,0.000416476774,0.000858800893,0.000754576758,0.000532066566,0.000542390044,0.00049617514,0.000409984263,0.000212624902,,3.10098985e-05,,,,,,0.000120385259,0.000640015816,0.000940613449,0.000307446171,,0.000177251874,,,,,,,,,,,,,,,,,
910,8.85400009,2026-08-30T08:55:44.143000+0000,-20.96453629786167,154.35972832429,0.0712508634,0.0697897673,0.0662211552,0.0649061278,0.0637840927,0.0644574165,0.0708860084,0.0734299496,0.0740393326,0.0760295317,0.0740712062,0.071652025,0.0687396973,0.0669401139,0.0650515184,0.064570114,0.0634348616,0.0628042296,0.0623198934,0.0613693334,0.0611437336,0.0601427779,0.0586681217,0.0588324405,0.0580968857,0.0567931794,0.0569292195,0.0566135459,0.05617043,0.0556788705,0.0545227788,0.0537523963,0.0532260947,0.0529581718,0.0518244952,0.0517054051,0.0517047569,0.0502666347,0.0504124239,0.0498225205,0.0498824604,0.0494953431,0.0493808165,0.0461647399,0.0460205115,0.0461344868,0.0455770604,0.0453741625,0.044995293,0.0447731316,0.0446336716,0.0448134914,0.0441395789,0.0442405418,0.0434221402,0.0425789095,0.0427757651,0.0425823033,0.0422479585,0.0422595032,0.0421247669,0.0410735272,0.040922787,0.0408415683,0.0408890285,0.0419353098,0.0410021208,0.0414068252,0.0423816107,0.0412024185,0.04035585,0.0394385457,0.0385152027,0.0385224819,0.0385639518,0.0372578986,0.039233733,0.0367275737,0.0371870734,0.0346235484,0.0323390216,0.0312171392,0.0311601907,0.0261243079,0.0336363837,0.0334069021,0.0324654169,0.0229033288,0.0238170587,0.0269763656,0.0265599266,0.0257546324,0.0226738993,0.0204651915,0.0184433125,0.0158630274,0.0135941505,0.0123204766,0.0131907519,0.0136686871,0.013385769,0.013135612,0.0124303438,0.0117859785,0.0114612179,0.0107326554,0.00995971169,0.0102503095,0.00899340026,0.00838180725,0.0088497391,0.00772305112,0.00752692297,0.00723643135,0.00668628514,0.00554235512,0.00536646275,0.005065748,0.00459340634,0.00365745905,0.00366433081,0.00343020866,0.00304487278,0.00293633738,0.00265308586,0.00243131188,0.00249142665,0.00258631073,0.00238938071,0.00217611436,0.000980429584,0.00129714957,0.00145761063,0.0012496853,0.000668247696,0.000599032268,0.000716567389,0.000798894733,0.000644679181,0.000612150528,0.000402474194,0.000146240229,6.00330532e-05,,,,,,,,,,0.000460024225,0.000510617741,0.000427444436,0.000270378136,7.72456406e-05,,,,,,,,,,,,,,,,,
911,8.94799995,2026-08-30T08:55:44.392000+0000,-20.964536305746666,154.35972833176,0.0692208707,0.070469752,0.0561311767,0.0593561679,0.0583340898,0.0598974004,0.0619659983,0.0691199675,0.0689193159,0.0704195052,0.0684011951,0.067892015,0.0649996847,0.0616001114,0.0610715114,0.0601100996,0.0596048497,0.0583942235,0.0575198755,0.0566393286,0.0569737293,0.0559327751,0.054868117,0.0544024371,0.0544268861,0.0536331795,0.0523892194,0.0522735454,0.0511704423,0.0503888763,0.0510927811,0.0498323999,0.049506098,0.0498381741,0.0491944999,0.0490054041,0.0485947505,0.0475066341,0.0475424305,0.0482125133,0.0477124564,0.0464453399,0.0475008152,0.0449747443,0.0448405333,0.0443345271,0.0438771248,0.0438342653,0.0428054333,0.0424633101,0.0428538732,0.0418936871,0.0422797538,0.0410206839,0.04084225,0.0408589914,0.0401658192,0.0401623324,0.039567966,0.0395294987,0.0386447608,0.0389035307,0.0389928035,0.0384015962,0.0384990573,0.0393953361,0.0383921228,0.0392368138,0.0383615866,0.0383223929,0.038245827,0.0368285328,0.0368652269,0.0380325541,0.0354640968,0.0358681455,0.0355041288,0.0339081436,0.0349078365,0.0334845856,0.0302403457,0.0312388241,0.0259522684,0.0283165965,0.0323689543,0.0272796191,0.0348981619,0.0237733424,0.0239970591,0.0257963929,0.0261599366,0.024774652,0.0225939192,0.0205852184,0.0169433132,0.0154830515,0.0128441462,0.0121304877,0.0125107486,0.0129286945,0.012535763,0.0126456162,0.0112503469,0.0110759819,0.0107612209,0.00999264885,0.00925971474,0.00905030593,0.00779340928,0.00814181007,0.00719975168,0.00750305131,0.0073169237,0.00608644122,0.0053462903,0.00523236208,0.00396646699,0.00457575126,0.00439341646,0.00301746512,0.00333433691,0.00280022435,0.00234488072,0.00235634414,0.00207309262,0.00184131984,0.00219142414,0.00140631781,0.00185937597,0.00217611366,0.00164044113,0.00154716754,0.00140764541,0.000399743149,0.00100834435,0.000829168654,0.000826741336,0.000849105883,0.000714889728,0.000712338719,6.26321416e-05,,0.000160124851,5.27127413e-05,0.000187915517,,,,,,,0.000270435936,0.00042005704,0.000690629473,0.000637444668,0.000220369475,,,,,,,,,,,,,,,,,,
912,9.04300022,2026-08-30T08:55:44.641000+0000,-20.964536313631665,154.35972833923,0.0743208751,0.0675497651,0.064931199,0.0610961393,0.0615541078,0.0615074039,0.066546008,0.0691399649,0.0705593005,0.073779501,0.0717611909,0.0694320127,0.0664296821,0.0658200979,0.0624015108,0.0629400909,0.0610348359,0.0606342182,0.0596498698,0.05898932,0.0592037253,0.0579927638,0.0567581132,0.0572024323,0.0565568805,0.0554531664,0.0559892058,0.0552335307,0.0534004271,0.0541388579,0.0533027649,0.0517923869,0.0523960851,0.0508081652,0.049994491,0.0496553928,0.0493347421,0.0487866178,0.0481424183,0.0483725071,0.048022449,0.0477753319,0.0475008003,0.0438747294,0.0435805097,0.0433244966,0.042727083,0.0424042046,0.0422753505,0.0415932126,0.0427737683,0.0418635868,0.041319672,0.0413406193,0.040502198,0.039878957,0.0402057953,0.0401523225,0.0398779623,0.0396494977,0.0390747637,0.0383235291,0.038382791,0.0380715802,0.0379490405,0.0388153158,0.038062118,0.0387468077,0.0386915877,0.0379323885,0.0376758128,0.0377885103,0.0350551829,0.0364224762,0.0353839807,0.0347779728,0.0347138755,0.0323178023,0.0337274,0.0310740173,0.0306496285,0.0313279331,0.0246711913,0.0298254266,0.0308576673,0.0281082951,0.0304368548,0.0231433474,0.0240570772,0.0255464111,0.0260999445,0.0250746459,0.0233839247,0.0195452105,0.0170533173,0.0149230435,0.012804159,0.0122304969,0.0128607564,0.0124186948,0.0129157631,0.0129356133,0.0110603496,0.0115659824,0.0114712212,0.00978265144,0.00926971715,0.00873030629,0.00849340949,0.00792181212,0.00742975203,0.00749305449,0.00733692199,0.00663644169,0.00620629452,0.00559235597,0.00476647587,0.00434574764,0.00431342283,0.00348745985,0.00357433408,0.00252021523,0.00238488941,0.0026463347,0.00241309125,0.0017513159,0.00186143781,0.00164631626,0.00198937324,0.00177612086,0.00111044524,0.0013871463,0.000997630996,0.00130970706,0.00095829973,0.000329089351,0.000566658215,0.000499008456,0.000794799125,0.000282254303,0.000262563117,0.000196317444,3.00894026e-05,,,,,,,,,0.000510422338,0.000140046934,0.000700624427,0.000647444744,0.000170373183,2.72259349e-05,,,,,,,,,,,,,,,,,
913,9.14999962,2026-08-30T08:55:44.889000+0000,-20.964536321485,154.35972834666998,0.069860898,0.0630797818,0.0651711747,0.0588561445,0.0593841188,0.0598474219,0.0658160076,0.0658899695,0.0692693219,0.0717495307,0.0698312074,0.0666020289,0.0648696944,0.062660113,0.0607915297,0.0600901097,0.0591648594,0.0583042279,0.0576098897,0.057279326,0.0561337434,0.0560127869,0.0548681244,0.0548924468,0.0540468916,0.0532431826,0.0533392243,0.0517135523,0.0521504432,0.051158879,0.0504427887,0.050542403,0.0492061041,0.0484981798,0.0480145067,0.0478154086,0.0466647558,0.0469166338,0.0471724346,0.0461425297,0.04647246,0.0460653454,0.0457008183,0.0455347449,0.0457105301,0.0443445146,0.0451170988,0.0446842238,0.044015374,0.0438132286,0.0438737795,0.043053586,0.0426196642,0.04220061,0.0418921895,0.0420089513,0.0421357863,0.0416923128,0.0416979603,0.0418694951,0.0401947685,0.0403935313,0.0404427983,0.0397115834,0.0406990424,0.0407253243,0.0389621258,0.0414068252,0.0398416072,0.0385524146,0.0402658507,0.0372685567,0.0374852344,0.0380325429,0.0346640572,0.0387080535,0.0360039622,0.0339078978,0.0373474918,0.0340041108,0.0306497216,0.0323980264,0.0233712718,0.0312654935,0.032167688,0.0309882648,0.0317467675,0.0247233342,0.0255370475,0.0253563765,0.0272999201,0.02534464,0.0230939016,0.0202352069,0.0172632877,0.0153430337,0.0127241565,0.0122204861,0.0127407471,0.0130986841,0.0122957611,0.0136656128,0.0119703403,0.0120159741,0.0112412143,0.0100326408,0.00951970834,0.00901030842,0.00849340484,0.00862181932,0.00820973422,0.00749305077,0.00776692107,0.00659644417,0.0060262857,0.00622235937,0.00553646078,0.0043057492,0.00436341204,0.00402745884,0.0035243365,0.00343021075,0.00267487811,0.00298633217,0.00255308556,0.00187131274,0.00232143514,0.00264631747,0.00215938152,0.00246612122,0.00111044804,0.00137715088,0.00122763438,0.00111972203,0.00101829693,0.000559108506,0.000696658739,0.000589009083,0.000214775908,0.000392237445,3.25425062e-05,,,0.000192679698,,,,,,,,0.000130413973,0.000230036443,0.000760619529,0.000257443317,4.03728336e-05,,,,,,,,,,,,,,,,,,
914,9.26000023,2026-08-30T08:55:45.142000+0000,-20.96453632949667,154.35972835426,0.0743708611,0.0841297358,0.0727111995,0.068316102,0.071234107,0.0724474192,0.0741659775,0.0799399614,0.0806993097,0.0819295198,0.0818812028,0.0762920156,0.0776597038,0.0738201067,0.0713315234,0.0718201101,0.0708248541,0.069254227,0.0689098835,0.0676593184,0.0666137338,0.0662027746,0.0658981204,0.0641324371,0.064396888,0.0628731698,0.0622392073,0.0613335297,0.0610004254,0.0588388592,0.0586027652,0.0581523851,0.056266088,0.0557881631,0.0553744882,0.054805398,0.0541547462,0.053116627,0.0531424247,0.0514325127,0.0517424569,0.0512953401,0.0501608066,0.0449047238,0.044840496,0.0438744575,0.0435770154,0.0430841036,0.0424452163,0.0426930375,0.0424335673,0.042183388,0.0413994901,0.040560469,0.0405920893,0.0401988737,0.040035747,0.0400322974,0.0400879607,0.040299505,0.03984477,0.0389635265,0.0380627811,0.038841553,0.0384790078,0.0382752977,0.0389921144,0.0386368223,0.0384016074,0.0396424197,0.0370258428,0.0379485227,0.0377651639,0.035142418,0.0363838524,0.0360477418,0.0358234979,0.0366372578,0.0338866562,0.0324029997,0.0322883278,0.0290062688,0.0279191248,0.0302331466,0.0282751098,0.0309055727,0.0322640873,0.0226833224,0.0240270402,0.0263663679,0.025459921,0.0252246279,0.0227539223,0.0191552024,0.0178433042,0.0155930519,0.0122741498,0.0129904822,0.0119807534,0.0126686897,0.0124157667,0.0123856263,0.0122003499,0.0113259843,0.0114612207,0.0105026588,0.00924971886,0.00903030857,0.00880341325,0.00817182101,0.00790974405,0.00778304413,0.0068369247,0.00696643535,0.0052762907,0.00489234738,0.00507645123,0.0041857399,0.00417341245,0.00320745492,0.00258432259,0.00286020711,0.00210487656,0.0025863375,0.00235307938,0.00180131907,0.00237142714,0.00234631286,0.00238938048,0.00175612455,0.0011704287,0.00165713497,0.00174757931,0.00119964289,0.00072820473,0.000558967877,0.000406476669,0.000898796832,0.000104578445,0.000612064614,9.24005872e-05,,,,,,,,,,,0.000100391102,0.000160015188,0.00037060905,,0.000110390072,0.00110724929,,,,,,,,,,,,,,,,,
915,9.36699963,2026-08-30T08:55:45.391000+0000,-20.96453633738167,154.35972836173,0.0647408441,0.062429782,0.0657211915,0.0585461371,0.0587841086,0.0605474226,0.0682459995,0.0687299818,0.0695993304,0.0722595453,0.0717511997,0.0671820268,0.0646997169,0.0647401139,0.0615815409,0.0611001253,0.0606948622,0.0602042414,0.058119908,0.057989344,0.057523746,0.0566727854,0.0561081395,0.0546824485,0.0542268977,0.0536231846,0.0534292273,0.0519035496,0.0516104475,0.0512388721,0.0500327796,0.0494323969,0.0488861017,0.0480481796,0.0482345074,0.048035413,0.0477147624,0.0467666425,0.0467024408,0.0461425334,0.0456924736,0.0454353578,0.0450008214,0.0445047431,0.0441305153,0.0439544804,0.0434270352,0.0434641242,0.0431152359,0.0426430516,0.043093577,0.0418533906,0.0424594879,0.041170463,0.0406820774,0.0411988646,0.040695738,0.0408322886,0.0405079536,0.0410595015,0.0398647748,0.0396035314,0.0392727889,0.0389615595,0.0395190157,0.0403653048,0.0393321216,0.0409468412,0.0404216312,0.0396024436,0.0398958772,0.0380085744,0.0364652202,0.0378524847,0.0370139256,0.037047822,0.0368835852,0.0359373465,0.0363967493,0.0338630937,0.0311884265,0.0311963558,0.0279392116,0.028263215,0.0340851359,0.030075537,0.0346940011,0.0247332901,0.0236670133,0.0264763534,0.0265399124,0.02543463,0.0228738897,0.0199951939,0.017283272,0.0151530365,0.0130641367,0.01311047,0.0128707448,0.0132486774,0.0137357619,0.0134156151,0.0128803411,0.0126859751,0.0114512146,0.0109426528,0.0106797172,0.00927030109,0.00951340329,0.00838180445,0.00784973335,0.00794304907,0.00751692057,0.006816437,0.00593629014,0.00591234397,0.00519644748,0.00472573936,0.00402339827,0.00319745182,0.00338431727,0.00281021022,0.00254487526,0.00275632762,0.00202307617,0.00232130801,0.00226142514,0.00222631311,0.0023293742,0.00211612368,0.00105043245,0.00143713737,0.00123759103,0.000759646297,0.000688200293,0.00104896759,0.000356486067,0.000488803897,0.000154576381,0.000482049654,,,,,,,,,,,,0.000230382429,0.000860006141,0.000670609646,0.000157443224,0.000320389488,,,,,,,,,,,,,,,,,,
916,9.47599983,2026-08-30T08:55:45.640000+0000,-20.96453634526667,154.35972836919998,0.0729408264,0.0581897423,0.0652111545,0.0595361032,0.0580140986,0.0600774027,0.0669259876,0.069199957,0.0690093264,0.071709536,0.0702912062,0.0681520253,0.0625997037,0.0645301044,0.0607915334,0.0602301136,0.0604348592,0.0600342415,0.0592098907,0.0580793247,0.0580637418,0.0565527789,0.0560981296,0.055442445,0.0554868914,0.0539031737,0.0546492226,0.0542135425,0.0517004319,0.0529388636,0.0513327718,0.0500523895,0.0511760898,0.0493081696,0.0496244952,0.0492154062,0.049034752,0.0478066318,0.0481424294,0.0475225225,0.0475524627,0.0469953455,0.0472608171,0.0448247343,0.0450805016,0.0436444692,0.0438870266,0.043244116,0.0424452275,0.0422630459,0.0426535718,0.0419833884,0.041479487,0.0418304652,0.0405320786,0.0405488722,0.0405057445,0.0399922915,0.0402479544,0.0400695018,0.0399947725,0.0391835272,0.0389227867,0.0394715555,0.038629014,0.0393052995,0.0395721197,0.0391668305,0.0393916219,0.0389824286,0.0378458574,0.0378185511,0.036225196,0.0372524485,0.036203891,0.0359577835,0.0368835405,0.0354873016,0.0332567059,0.032793045,0.0301983766,0.0289463177,0.027289167,0.02890319,0.0299951266,0.0315955542,0.0295140408,0.0224033222,0.0246570241,0.0251163617,0.0251198988,0.0251346473,0.022143919,0.0196951814,0.0176332779,0.0144030387,0.0128841372,0.0124504874,0.0120807504,0.0130786905,0.0128957583,0.0129256099,0.0126903551,0.011345977,0.0117012151,0.0109726526,0.00970971491,0.00951030198,0.00898340158,0.0082918182,0.00812974293,0.00749305077,0.00723692961,0.00678642793,0.00586628588,0.00521234842,0.00471645268,0.00411573239,0.00415339787,0.00366745144,0.00317433197,0.00280021341,0.0025048817,0.00209632656,0.00186308334,0.00187130878,0.00197143457,0.00217631995,0.00215938152,0.00193611672,0.00159043411,0.00144713453,0.000827583601,0.000339654682,0.00085820508,0.00016896223,0.000306491303,0.000648798828,0.000134584145,0.000232061371,,,,8.26271717e-05,,,,,,,,,0.000650014495,0.000560611545,,,,,,,,,,,,,,,,,,,,
917,9.58100033,2026-08-30T08:55:45.888000+0000,-20.96453635312,154.35972837664,0.0746708885,0.0603097938,0.0610511974,0.0601761565,0.0577141196,0.0600074045,0.0639960244,0.0695199817,0.0683493242,0.0709095225,0.0696612,0.0681420267,0.0626196936,0.0636901036,0.0610715151,0.0603201017,0.0594848543,0.0588042326,0.0576898903,0.0567193218,0.0565937385,0.0546827801,0.0545781292,0.0538224429,0.0530668907,0.05247318,0.051709231,0.0523735508,0.0497404449,0.0503788851,0.0496227928,0.0474724062,0.0485161021,0.0473781787,0.046914503,0.046345409,0.0459347554,0.0453466401,0.0454224311,0.0450725257,0.0447724573,0.043955341,0.0440608189,0.0450547524,0.0442905501,0.0442645624,0.0435771719,0.0437743217,0.0437155105,0.0432934053,0.0429539792,0.0427737869,0.0423198454,0.0417207591,0.0417323001,0.0412790254,0.0413458347,0.0408523418,0.0409679636,0.0404794924,0.040134754,0.039803531,0.0394828133,0.0389916115,0.0394990742,0.0397853442,0.0400721282,0.0407768153,0.0399815813,0.0390623882,0.0384558365,0.0387485512,0.0364852697,0.0367626175,0.0359242,0.0361383036,0.0354143605,0.0359284617,0.0330182575,0.0332951471,0.0297910478,0.0294697136,0.0279333517,0.0302977748,0.0309602544,0.0317509808,0.0302395113,0.0202233568,0.0239370745,0.024786396,0.0252299272,0.0243846569,0.0221739113,0.0185352061,0.0171233155,0.0145630501,0.0120741539,0.0123304874,0.0121107362,0.0130686853,0.0126257623,0.012665608,0.0122203324,0.0113359718,0.0105512161,0.0105026532,0.00924971327,0.00929030217,0.00829340052,0.00761181954,0.00762973912,0.00646305364,0.00699692173,0.00621644128,0.00523629226,0.00486237044,0.0048864847,0.00395576376,0.00394342095,0.00297747436,0.0029043362,0.0023702234,0.00238489127,0.00226634229,0.00213308586,0.00134132779,0.00179143273,0.0018763151,0.00197937526,0.00188612274,0.00141044741,0.00161717017,0.000777677342,0.000869775307,0.000198397844,0.000179236085,0.000306839152,0.000209202481,,3.2426673e-05,,,,,,,,,,,,,5.00653987e-05,,9.74402938e-05,0.000150357984,,,,,,,,,,,,,,,,,,
918,9.71899986,2026-08-30T08:55:46.212000+0000,-20.964536363380002,154.35972838636,0.0719009116,0.0586197898,0.067381233,0.0582561865,0.0580641292,0.0588574298,0.0652460381,0.0672299787,0.0674293265,0.0695295259,0.0700511932,0.0674420223,0.0629396886,0.0635901019,0.0603415146,0.0592000894,0.0587048456,0.0586442202,0.0575298779,0.0560793318,0.0556537434,0.0548727661,0.0533081368,0.053142447,0.0527668893,0.0524631888,0.0512292385,0.0518135726,0.0498304628,0.0502988994,0.0502028093,0.0481024235,0.0484361202,0.0476081893,0.0465445183,0.0464154147,0.0460747667,0.0451166406,0.0453424379,0.04484253,0.0446124561,0.0437953398,0.0441408269,0.0427647755,0.0427205898,0.0424646325,0.0418772809,0.0428544842,0.0419757217,0.0412936769,0.0418542847,0.0405740812,0.0416001081,0.0411409698,0.0407724641,0.0406691395,0.0405459031,0.0405723788,0.0399779715,0.0398794822,0.0401147418,0.0394435339,0.0392528363,0.0380416512,0.0384091176,0.0400753841,0.0380621403,0.0400767997,0.0391015597,0.037982367,0.0390058234,0.0374585651,0.0365653299,0.0376827605,0.0340244472,0.0365987085,0.0371149927,0.0325993448,0.0373494364,0.0324167386,0.0304630641,0.0323622711,0.0260064974,0.0299412217,0.0309640951,0.0295550302,0.0353035815,0.0229933932,0.0246770959,0.025546439,0.026099965,0.0250346549,0.0226439312,0.0202952232,0.0163433086,0.0155330561,0.0129541382,0.0121204816,0.0125907231,0.0132486708,0.012885754,0.0131555973,0.0117403269,0.0113359662,0.010561211,0.00980263762,0.00949970633,0.00929030217,0.00830339547,0.00811181311,0.00736974692,0.00726305228,0.0065769353,0.00614645937,0.00598630635,0.00452238554,0.00455650128,0.00411577523,0.00389344548,0.00357748452,0.00317435409,0.00252022734,0.00260489807,0.00181634829,0.00186309789,0.00221132301,0.00156143634,0.00235631131,0.00232937373,0.00182611577,0.0012304713,0.00131721294,0.00135774119,0.00109988847,0.000978545868,0.000509443809,0.000637085759,0.000709513377,9.52840783e-05,0.000742694945,0.000212926301,9.6587697e-05,,,,,,,,,1.63839431e-05,0.000170492684,0.000270105083,0.00026065702,0.000237441156,0.000100336183,,,,,,,,,,,,,,,,,,
919,9.79699993,2026-08-30T08:55:46.393000+0000,-20.964536369111666,154.35972839179,0.0678309426,0.0653898194,0.065981254,0.0567461699,0.059224125,0.0601974316,0.0662760362,0.0655699894,0.0707693323,0.0716095194,0.0704811886,0.0668319985,0.066839695,0.0642001107,0.0617515109,0.0622400939,0.0611248426,0.0600242205,0.0590898842,0.0585293248,0.0580737405,0.0567327775,0.0574481376,0.0555424467,0.0551968925,0.0546731912,0.0547492392,0.0531035736,0.0528604761,0.0529489107,0.0515028201,0.0510724373,0.0510261282,0.0494581945,0.0495545194,0.0486154184,0.0483647659,0.0479566492,0.0479924344,0.0478325337,0.0477824621,0.0476153456,0.0473408289,0.0451347828,0.0457106084,0.04527466,0.0443473198,0.0443145409,0.0443158038,0.0433037691,0.043744389,0.0430441834,0.0427401923,0.0420010351,0.0415425114,0.0414291769,0.0418259241,0.0416523889,0.0420379713,0.0412894785,0.0409647413,0.0396035351,0.039332848,0.0390116647,0.0396491326,0.0389453992,0.0401321426,0.0384967998,0.0394315571,0.0394423641,0.0369758271,0.0382485762,0.0377653614,0.0352328196,0.0367445461,0.0345088616,0.036205221,0.0363796577,0.0337298512,0.0329172909,0.0317937583,0.0260431394,0.0286375582,0.0289623737,0.0284853708,0.0331863612,0.0345149077,0.0210333895,0.0224071182,0.0262764208,0.0250799526,0.02469467,0.0223639365,0.0188152399,0.0177133214,0.014453047,0.0132841356,0.0129904673,0.0117807211,0.0128286779,0.0134857614,0.0121155968,0.011960323,0.0120059634,0.0105211986,0.0107326461,0.00925970636,0.00922029559,0.00832339097,0.00835181028,0.00717974221,0.00751304813,0.00659693265,0.00681646308,0.00589630613,0.00459238095,0.00461649895,0.00414577639,0.00346344756,0.00338749867,0.00285435352,0.00246023759,0.00242489344,0.00223633903,0.00212309486,0.00163132662,0.00202143588,0.00204632222,0.00185937632,0.00217611482,0.0015204685,0.00113721867,0.0011577605,0.000739910291,0.000728598912,0.00015951501,0.000397174765,0.000419606629,0.000125392689,0.000512781437,4.29963693e-05,,,,,,,,,,,,0.00033011596,0.000460657815,0.000497435452,,0.000337181205,0.000128447427,,,,,,,,,,,,,,,,
920,9.90299988,2026-08-30T08:55:46.642000+0000,-20.964536376996662,154.35972839926,0.0791709125,0.0647198036,0.062231224,0.0651461929,0.0596141182,0.0613474138,0.0647260472,0.0726399571,0.0696793348,0.0719995052,0.0699011981,0.0704819933,0.0640196875,0.0632600933,0.0629315078,0.0615500808,0.0606948286,0.0592142157,0.0593798831,0.0577193201,0.0572137423,0.0568427704,0.0553181209,0.055442445,0.0548968874,0.0542031899,0.0531292371,0.0530935675,0.0526904725,0.0510589145,0.051572822,0.0503724404,0.0499461256,0.0490081906,0.0488145165,0.0486954153,0.0478447601,0.0484866425,0.0473124273,0.0469825268,0.047482457,0.0460553393,0.046170827,0.0447447784,0.0448406115,0.044414673,0.0435773507,0.0439245813,0.0431858636,0.0427138582,0.0427344851,0.0425442792,0.0416402854,0.0419011116,0.041322574,0.0413392186,0.0410259552,0.0409724042,0.0406979769,0.0409394801,0.0398047343,0.0396235362,0.0396028534,0.0395016819,0.039309144,0.0394254066,0.0389621407,0.0401067883,0.0389115363,0.0390223488,0.0384958051,0.0388585515,0.037185356,0.0370028354,0.0380145907,0.0370189548,0.0354153886,0.0366499126,0.0346702039,0.0333577767,0.0327943861,0.030693952,0.0292485803,0.0317435078,0.0317266509,0.0309177469,0.0324763283,0.0235234201,0.0240971353,0.0268264394,0.0254399776,0.0256346762,0.0232339371,0.019365225,0.0183333419,0.0156730413,0.0124141518,0.0131104719,0.0123207262,0.0129086701,0.0135057624,0.0128856022,0.0122003229,0.0115459673,0.0112212133,0.0112026464,0.00997970253,0.00947031006,0.00856340583,0.00812181272,0.00790975336,0.00798304752,0.00728693372,0.00624645315,0.00536630582,0.00485239783,0.0049065128,0.00374579243,0.00389345852,0.00347749423,0.00320435711,0.00320023391,0.00294490252,0.00265634619,0.00252310466,0.00214133691,0.00202143774,0.00257631228,0.0020893754,0.00263611251,0.00152047211,0.00189723214,0.000937780016,0.000849941571,0.00100863865,0.000179579656,0.00043727085,0.000279713538,0.000645490945,0.000302894972,0.00045308948,,,8.28722259e-05,,,,,,,,,4.01331927e-05,0.000250664016,0.000537436979,0.000570325879,0.000517164299,0.000458431663,,,,,,,,,,,,,,,,
921,10.0220003,2026-08-30T08:55:46.891000+0000,-20.96453638488167,154.35972840673,0.0643710271,0.062909916,0.065961279,0.0574562177,0.0609041378,0.0620974377,0.0689660683,0.0686000064,0.0727393255,0.0736295208,0.0729311928,0.0682519972,0.0662996769,0.065030098,0.0621814914,0.0623900592,0.0611848272,0.0614242181,0.059359882,0.0595393218,0.0576837435,0.0574827716,0.0569581389,0.05622245,0.0556669012,0.0541932099,0.0546492673,0.0533736013,0.0521405078,0.0525189601,0.0509228669,0.0506024845,0.0501861535,0.0495282151,0.0497745425,0.0487554371,0.0483647808,0.0480266623,0.04837244,0.0479825325,0.0476324596,0.0469953418,0.0467108451,0.0454548299,0.0457907058,0.0451248474,0.0445876122,0.0445349589,0.0440263711,0.0438944958,0.0436151996,0.0430149771,0.0434409007,0.0428216085,0.0421729498,0.0423494801,0.0421061106,0.042432487,0.0420979895,0.0422994569,0.0416347086,0.0405335426,0.0411329083,0.0394617766,0.0404492505,0.0409054905,0.0399721675,0.0411567651,0.040911492,0.0401922986,0.0404857881,0.0396885872,0.0380455144,0.0398031734,0.0375651866,0.0376399234,0.0381168798,0.0374420024,0.036962986,0.0347015187,0.0315691233,0.0340999626,0.0279459469,0.0327215679,0.0309756361,0.0320671983,0.0349258147,0.0230834857,0.022897182,0.0259464886,0.0264500175,0.0252346862,0.0238839332,0.0200952552,0.017483335,0.015963044,0.0135341436,0.0133004664,0.0135607021,0.0129686603,0.0135057531,0.0129655898,0.0122202961,0.0117959473,0.0110112028,0.01002263,0.00999970641,0.00929030217,0.00830338709,0.00764181558,0.00736975577,0.00799304526,0.00723694637,0.00659648655,0.00612632977,0.00490242522,0.004506547,0.00406583585,0.00371349347,0.00293753971,0.0031243728,0.00242025265,0.00233490719,0.00253636064,0.0023131161,0.00209134212,0.00232144934,0.00223631226,0.00209937431,0.00182611577,0.000990503351,0.00142731238,0.000697936979,0.000690180052,0.000388975488,0.000870062155,0.000877882005,0.000620419683,0.000376201118,1.35210576e-05,0.000223616487,,0.000390664442,3.05182766e-06,0.000218088273,,,,,,,0.000450627995,5.0221337e-05,0.000400707388,0.000717428396,0.000320273917,0.000237111701,0.000138392672,,,,,,,,,,,,,,,,
922,10.1400003,2026-08-30T08:55:47.137000+0000,-20.964536392671665,154.35972841411,0.0684810728,0.0581599548,0.0636813343,0.0568162128,0.056524165,0.0591374487,0.0652961135,0.0679499954,0.0682893246,0.0709695071,0.0698111802,0.0667319596,0.0619896613,0.0627300888,0.0609814711,0.0591200367,0.0582748093,0.0583742075,0.0573298708,0.056809321,0.0559337325,0.0553427599,0.054278139,0.0541024581,0.0534469001,0.0527532138,0.051799275,0.0519036204,0.0507205389,0.0502989851,0.0500328913,0.0482525118,0.0489661731,0.0479782335,0.0474245548,0.0476754457,0.0468147919,0.0465366729,0.0457224436,0.0459125414,0.0460824519,0.0448853374,0.0450708531,0.0455348529,0.0457907803,0.0452849865,0.045117829,0.0444652699,0.0446968004,0.0442450382,0.0439758077,0.043695569,0.043221429,0.042472031,0.0413632765,0.0414897092,0.0418862551,0.0413125604,0.0415080041,0.0410994366,0.0406246819,0.0405735485,0.0400929563,0.0404618606,0.0403993428,0.0406555608,0.0411121808,0.0402867347,0.0410614312,0.0399522409,0.0393257514,0.0395985916,0.038595628,0.037853431,0.0391156562,0.0373207107,0.0382681154,0.0366437435,0.0349953249,0.0355346724,0.0327131338,0.0335350521,0.0324722193,0.0309484508,0.0332533047,0.030935308,0.0360439755,0.0224635415,0.0251372475,0.026186537,0.0256200619,0.0260146931,0.0229739677,0.0202252828,0.0184433796,0.0154530406,0.0132541172,0.0142404586,0.0134506868,0.013668648,0.0134257451,0.0131855812,0.0127002923,0.0122559369,0.011471197,0.0109626353,0.00996969081,0.00951030478,0.00903339032,0.00905180909,0.00757976575,0.00773305073,0.00746695278,0.00633649528,0.00590634812,0.00533245876,0.00550658582,0.00478586694,0.00391353387,0.00343756424,0.00317439996,0.00295027625,0.00258491654,0.00306637771,0.00243312772,0.00227136072,0.0026714541,0.00282632397,0.00292938366,0.00247611874,0.00188053423,0.00161736726,0.0011880626,0.000360375328,0.000469271967,0.000830479432,0.000408389955,0.000291024102,0.00024681096,3.40678962e-05,,0.000147464219,9.09171067e-05,0.000143209589,,1.11100962e-05,,,,,0.000366579159,0.000110719702,0.000430302694,0.00111074757,0.000817424268,0.000250232522,0.000397048309,0.000438348856,8.39445274e-05,,,,,,,,,,,,,,,
923,10.2580004,2026-08-30T08:55:47.386000+0000,-20.964536400556664,154.35972842158,0.0681511015,0.0654599816,0.0612213314,0.0576962195,0.0590841584,0.0610874481,0.0644061044,0.0688400194,0.0686093196,0.0700995252,0.0695511922,0.06731195,0.0642196536,0.0636100844,0.0609714799,0.0605100542,0.0595848225,0.0587242134,0.0581298769,0.0571693256,0.0562137477,0.0556127615,0.0553281419,0.0544924662,0.0541369133,0.0530432202,0.0534192882,0.0521836318,0.0512605421,0.0513289981,0.0503629036,0.0491225235,0.0492761843,0.0480482392,0.0481645614,0.047375448,0.0471147969,0.0466166772,0.0466324501,0.046062544,0.0460024625,0.0459053479,0.0453908592,0.0449748673,0.0453907885,0.0439549983,0.0439678393,0.0437752791,0.0433368124,0.0435750447,0.0433758162,0.0427555703,0.0425814241,0.0418620259,0.0418932699,0.0413497053,0.0409862511,0.0416325554,0.041298002,0.0407494344,0.0404146835,0.0399735495,0.0397729613,0.0395218618,0.0398993455,0.0402655639,0.0399321839,0.0414067432,0.0399514474,0.0403922535,0.0397357717,0.038778618,0.0377256572,0.038203463,0.0369256958,0.0378207564,0.0365681611,0.0360337906,0.0369653702,0.0343947224,0.0321131796,0.0330251008,0.0272822604,0.0319284722,0.0307733174,0.0327552892,0.0367639326,0.0238235332,0.0246872548,0.0272465385,0.026210051,0.0252546966,0.0232839622,0.020935284,0.0172933582,0.0172630474,0.0135341333,0.0139904553,0.0130506754,0.0132186431,0.0137257455,0.0131555656,0.0126702767,0.0117959334,0.0112411939,0.0107126199,0.00993969198,0.00944029633,0.00877337717,0.00865181535,0.00788976718,0.00769305415,0.0072369515,0.00682650367,0.00616635708,0.00503245229,0.00513658859,0.00434586359,0.00371352816,0.00343756191,0.00299439183,0.00272027496,0.00302491663,0.00295637618,0.00232312619,0.00250135898,0.00255145435,0.00235631107,0.00250937999,0.0022361218,0.00274054124,0.00263736816,0.00252806651,0.00190038292,0.00191927678,0.00155047618,0.00158839941,0.00159101514,0.00156679528,0.0013740611,0.00137406366,0.000787449768,0.000820905901,0.000703199068,0.000948167522,0.00102110126,0.000828559394,0.000215909677,0.000697495183,0.000338951882,0.000756576133,0.00122071896,0.00135029736,0.0018407458,0.00174742029,0.00145023293,0.00118705467,0.000828360324,,0.000427729683,8.83573666e-05,,,,,,,,,,,,,
924,10.3789997,2026-08-30T08:55:47.635000+0000,-20.96453640844167,154.35972842905,0.0743510649,0.0643799528,0.0663613454,0.0640262291,0.0607141703,0.0620874651,0.0674661174,0.0698400065,0.06871932,0.0733395144,0.0718711764,0.0697919503,0.0647396594,0.0648200884,0.0622214749,0.0614700392,0.0598448142,0.0582042038,0.0573198609,0.0563593246,0.0550037399,0.0551427603,0.0539881513,0.0531324632,0.0527669042,0.0519832149,0.0517092906,0.0511536337,0.0500005446,0.0499589965,0.0493829101,0.048962526,0.0482861809,0.0478282385,0.0475045666,0.0467754491,0.0466747917,0.0460966751,0.0461024493,0.0458325408,0.0454624556,0.0453553423,0.0455508567,0.0461648703,0.0455507971,0.0449650139,0.0442778729,0.0446853302,0.0443868786,0.0432351343,0.0444759168,0.0435956679,0.0431615189,0.0424721055,0.04245333,0.0420197472,0.042166274,0.0418025665,0.0419280007,0.0417694338,0.0412346758,0.0399435498,0.0399129651,0.0393718742,0.0393993594,0.0395855717,0.0391921885,0.0397967361,0.0396514311,0.0385522395,0.039275758,0.0377586111,0.0363956653,0.0371734947,0.0355657563,0.0356908664,0.036328353,0.0334640667,0.0345157459,0.0330552347,0.0291138347,0.0318459384,0.025963299,0.0267896187,0.0308846086,0.0278366655,0.0306553282,0.0223635323,0.0264572594,0.0258165468,0.0260600653,0.0252447203,0.023853967,0.0199952964,0.0169333536,0.0158530436,0.0130741373,0.0124404682,0.0124806752,0.0134686399,0.0128157474,0.0126655707,0.0122002782,0.0113259358,0.010991198,0.00977262575,0.00970969256,0.0091803018,0.00844339095,0.00809181575,0.00764975604,0.00768304151,0.00698694168,0.00650650449,0.00607635733,0.00485246675,0.00483659049,0.00453587575,0.00398354465,0.00306757237,0.00307440059,0.0029402799,0.00249492982,0.00220637349,0.00237312214,0.00198135572,0.00208145822,0.00263631903,0.00279937126,0.00252611283,0.00163054315,0.00172737951,0.00128808757,0.00080041145,0.000909324328,0.00136055495,0.000988491462,0.000741125725,0.00088690035,0.00086416502,0.000774143147,0.000467511592,0.000490952749,0.000483230106,0.000458191847,0.000401109806,,0.000325909466,,,0.000236592721,0.000490735169,0.00117031345,0.00117075199,0.00101741892,0.00106022402,0.00122704462,0.000988350133,,,,,,,,,,,,,,,,
925,10.4910002,2026-08-30T08:55:47.884000+0000,-20.964536416326666,154.35972843652,0.069541119,0.0741199702,0.0659914017,0.0607862622,0.0624441728,0.0627374575,0.0672461316,0.0690900087,0.0721493289,0.0748595223,0.0745311826,0.0691819489,0.0682196543,0.0669700876,0.0639914721,0.064040035,0.0636048019,0.0627842098,0.0630298629,0.0620993264,0.0617837384,0.0604227595,0.0607081465,0.0595924631,0.0603269078,0.0599932224,0.0592992939,0.0587336421,0.0582305603,0.0578090139,0.0568829291,0.0565725453,0.0558061972,0.0554982461,0.0550745726,0.0547954552,0.053914804,0.0541666821,0.053512454,0.0531225465,0.0534524582,0.0520653427,0.0525908656,0.0497148894,0.0492508374,0.0488750897,0.0486679822,0.0481154881,0.0480770953,0.0484054051,0.048116222,0.0480959639,0.0474217795,0.0469423197,0.0461534895,0.0459798574,0.0456363447,0.0457126051,0.0451980084,0.0447294265,0.0441846661,0.0436235555,0.0433529876,0.0425719172,0.0424594022,0.0429256074,0.0423821956,0.0433067232,0.0420114063,0.0423322171,0.0414057449,0.0418486185,0.0401557311,0.0402136333,0.0399260037,0.0384412743,0.0400289819,0.0381549485,0.0383769237,0.0387668274,0.0343058482,0.0340984911,0.031826444,0.0311230626,0.0344284475,0.0367007144,0.0358493961,0.0235735662,0.0248772893,0.0266565792,0.0265500639,0.0269347299,0.0237739533,0.0207153037,0.0184033625,0.0151530467,0.0139441229,0.0131704584,0.01369067,0.0136386408,0.0136457393,0.0131555591,0.0136002777,0.0120059289,0.0116811935,0.0109326188,0.00991969183,0.00946030952,0.0087133823,0.00851181988,0.00781976618,0.00844304543,0.00764694717,0.00662651286,0.00607636664,0.00541248219,0.00506660761,0.00433589006,0.00464356458,0.00356758083,0.00342440791,0.00341028627,0.00257492508,0.0031763853,0.00317312661,0.00249136868,0.00226145238,0.00275631808,0.00255937316,0.00287612621,0.00122056762,0.00153742265,0.000698156829,0.000510503887,0.0002194728,0.000380756886,0.000288740179,0.000781422888,0.000187205849,0.000354430405,,0.000137684168,1.08359382e-06,,,,,,,,0.000136629911,0.000320780207,0.000510350103,0.000690766261,0.000827418757,0.000420205644,0.00012702134,,,,,,,,,,,,,,,,,
926,10.6059999,2026-08-30T08:55:48.138000+0000,-20.964536424369996,154.35972844414,0.0811711475,0.0479599983,0.0682413876,0.060696274,0.0561741889,0.0570774712,0.0658561364,0.0704200342,0.0658393428,0.0695595369,0.0692211837,0.0704019517,0.0605096556,0.0639300793,0.0610814653,0.0598100238,0.0589747988,0.0589842014,0.0576098636,0.0558693334,0.0566837452,0.0549727492,0.0539781637,0.053812474,0.053446915,0.0520732366,0.0516993031,0.0522736609,0.0499205813,0.0509690382,0.0511729531,0.048492562,0.0498762056,0.0484182537,0.0480145849,0.0475154668,0.0473248139,0.0475966893,0.0464824624,0.0469825566,0.04647246,0.0460553467,0.0465608761,0.0456149094,0.0447608791,0.0453551635,0.0440380983,0.0435556546,0.043337319,0.0432756804,0.0431765318,0.0428162627,0.0419820398,0.0422625281,0.0413336456,0.0406999737,0.0413464084,0.0409126393,0.0411580168,0.0403394178,0.0406046584,0.0397235565,0.0395630151,0.0392919593,0.0383494496,0.0396556482,0.0403022058,0.0396867171,0.0405413881,0.0389821976,0.0386257432,0.0402886383,0.0372158028,0.0377637818,0.0383762643,0.036341697,0.0381796323,0.0363758579,0.035388127,0.0353484415,0.0319078863,0.0301110763,0.0305096097,0.0281265266,0.0327122882,0.0326147489,0.0356634483,0.0225435942,0.0257173236,0.0266366024,0.02585008,0.0257747099,0.023203956,0.020905301,0.0181533862,0.0153530473,0.0147641273,0.012860449,0.0137906615,0.0134086339,0.0139057301,0.0134255607,0.012460269,0.0120259188,0.0114711868,0.0102626132,0.00945968926,0.00994030479,0.00824338105,0.00832181424,0.0078397654,0.00716304965,0.0074669579,0.00652651954,0.00638637878,0.00529249758,0.00500663323,0.00434590597,0.00390357524,0.00370759098,0.00375441695,0.00325030065,0.00263493741,0.00255638338,0.00250313128,0.00227137352,0.00261145364,0.00199631392,0.00238938094,0.0022361218,0.00122058333,0.00102744927,0.000658228993,0.00119060348,0.00079961872,0.00061096414,0.000339009595,4.17330884e-05,0.000687514199,0.00012469932,,,,0.000193381216,,,,,,,,,3.03913257e-05,0.000350783463,9.74151117e-05,0.000120188255,,,,,,,,,,,,,,,,,,
927,10.7180004,2026-08-30T08:55:48.386000+0000,-20.96453643222333,154.35972845158,0.0568411648,0.0657100603,0.0627314448,0.0533863269,0.0579641983,0.0587674864,0.0660561621,0.0657800436,0.0705493465,0.0720795467,0.0690511689,0.0655419454,0.063769646,0.0629400909,0.060431473,0.060340032,0.0591348186,0.0592642203,0.0572298802,0.0575393513,0.0565937571,0.0561927631,0.0549481772,0.0543924943,0.053836938,0.0524532609,0.052659329,0.0516236834,0.0520606153,0.0510690771,0.0494529828,0.0489626005,0.0487362333,0.0480482839,0.0477846116,0.0469954871,0.0469648354,0.0465367138,0.0464024767,0.0464525707,0.0462324806,0.0459853634,0.0457808971,0.0471849479,0.0468909405,0.0464552566,0.0462782308,0.0450758301,0.0447775535,0.0439759716,0.0449768528,0.0432165638,0.0436622985,0.0430227332,0.042313803,0.0427500792,0.0426864736,0.0418626666,0.0421180166,0.041769404,0.0414946489,0.0405935645,0.0409630463,0.0395620093,0.0400495008,0.0411656871,0.0400022268,0.0409167185,0.0402413867,0.0403122045,0.0410057679,0.0393786952,0.0388959199,0.0391239896,0.036566589,0.0384121872,0.0396803506,0.0353268348,0.0374394096,0.0345901363,0.0307100136,0.0324437395,0.0272628553,0.0297400579,0.0323061794,0.029138796,0.0388174504,0.0239036102,0.025707325,0.0266166162,0.0263000987,0.0258447081,0.0239439681,0.0214853119,0.0180733614,0.0164630208,0.0143041136,0.0135704456,0.0130706467,0.0136086205,0.0135457208,0.0127355475,0.0124502378,0.0120059075,0.0114511801,0.0104626073,0.00990968011,0.00921029132,0.00869337283,0.00835180562,0.00755977165,0.0078530442,0.00691695604,0.00616652798,0.00569637166,0.00498250639,0.00498663634,0.00388592179,0.00422359211,0.00365760853,0.00338441133,0.00284030056,0.00217494182,0.00299638836,0.00259313849,0.00232137111,0.00243146392,0.00228631962,0.00179938506,0.0014561225,0.000860589091,0.000997489551,0.000968288165,0.000950709567,0.00125977036,0.000641172868,0.000389268069,0.000522031216,0.000317797356,0.000534961582,0.000304803136,,0.000491301995,3.44030559e-06,,,0.000158529147,,,,,2.08572601e-05,0.000600423722,0.000300796237,0.000347415538,,0.000336977886,,,,,,,,,,,,,,,,,
928,10.8310003,2026-08-30T08:55:48.634000+0000,-20.964536440076664,154.35972845902,0.0674611256,0.0606700331,0.0585714243,0.0591363013,0.0577841699,0.0589874722,0.0648761466,0.0696600154,0.0696793422,0.0718995258,0.0694011599,0.0662319511,0.0632496476,0.0630100816,0.0612314604,0.0600600354,0.0598348044,0.0585342012,0.0582298711,0.0576493368,0.0566837452,0.0547527485,0.0545581616,0.0534124747,0.0537369214,0.0520632379,0.052369304,0.0517136604,0.0508105755,0.0499490388,0.0497029535,0.0477725677,0.0483562052,0.0475982577,0.0471245833,0.0472254679,0.0465248153,0.0463166945,0.0461024605,0.0457625538,0.0454624593,0.0449653454,0.0447608754,0.0451349095,0.0465008803,0.0455951653,0.0449680984,0.0449956544,0.0441773161,0.0433156826,0.0434865318,0.0429962613,0.0428820401,0.0420825258,0.0416936465,0.0408499762,0.0415764116,0.0410026386,0.0404880159,0.0407694168,0.0399546586,0.0396235585,0.0394430161,0.0392319597,0.0392094478,0.0397156477,0.0399022028,0.0402867161,0.039801389,0.0391021967,0.0385057442,0.0380686373,0.0368658006,0.0374437869,0.0360262692,0.036551699,0.0365696326,0.035325855,0.0345281251,0.0342684388,0.0323078856,0.0290110726,0.0286096074,0.0289365314,0.0317522883,0.0319347493,0.0340234414,0.0226036161,0.0246573146,0.0263366122,0.0260800943,0.0255547091,0.0239339639,0.020205304,0.0174333919,0.0156930313,0.0132341068,0.0126104522,0.0128506664,0.012738633,0.0126957409,0.0129355509,0.0122302696,0.0117959194,0.0110011892,0.0104726152,0.00945968926,0.00946030859,0.00876337197,0.00780180842,0.00753977522,0.00739304908,0.00699694548,0.00648652483,0.00582637824,0.00482250005,0.00503662927,0.00410590786,0.00386358052,0.00325759104,0.00321441377,0.00258029974,0.00240493799,0.00290638185,0.00187313999,0.00164136733,0.00209146272,0.00240631937,0.0019193833,0.0019961237,0.000990569009,0.00119745662,0.00117821991,0.000520602567,0.000959627389,7.09609594e-05,1.90071587e-05,0.000331724586,,0.000754705514,,8.78586434e-05,,,,,,,,,,,5.0388684e-05,0.000140781398,0.000757417351,5.01900504e-05,0.000286991359,,,,,,,,,,,,,,,,,
929,10.9379997,2026-08-30T08:55:48.883000+0000,-20.96453644796167,154.35972846649,0.0709211156,0.0694400221,0.0675214157,0.0606262982,0.061964184,0.0633074641,0.0691561475,0.068430014,0.072749339,0.0725295171,0.0724111572,0.0683519393,0.0666196495,0.0654000789,0.06301146,0.0622200295,0.0614447966,0.0614142045,0.0596398599,0.0597193278,0.0589937344,0.0576027557,0.0570581555,0.0562124662,0.0557669178,0.0547732338,0.0546493046,0.0544836558,0.0526805781,0.0534490347,0.0523929447,0.0514625609,0.0516262017,0.050418254,0.050584577,0.0497854613,0.0496248119,0.0487766862,0.0488224551,0.0493625514,0.0483324602,0.0482453443,0.0478108712,0.0448949076,0.0450808741,0.0445751622,0.0441980958,0.0439356491,0.0440073088,0.0424256772,0.0438865274,0.0427562632,0.0426820442,0.0425325297,0.0415536501,0.0416199751,0.04130641,0.041212637,0.0413880162,0.04130942,0.0413746536,0.0406135581,0.0413530134,0.0407819599,0.0402594469,0.0422856435,0.0413422063,0.0418667123,0.0423513837,0.0408921912,0.0414057337,0.0414086282,0.039125789,0.0399437696,0.0393862464,0.0386416763,0.0400296114,0.0371058322,0.0395681038,0.0364784189,0.0337078646,0.0340810493,0.0325195864,0.0312365089,0.0327122845,0.0344347619,0.0336234644,0.0223635919,0.0239973161,0.0261766072,0.025690075,0.0258447193,0.0230239537,0.0204253085,0.0179133918,0.0151530467,0.0132941324,0.0131104486,0.0123706572,0.0126686292,0.0126057398,0.0126555599,0.0119802598,0.0113259237,0.0109911924,0.0104726171,0.00921969209,0.00896030106,0.00850337744,0.00750181917,0.0077097686,0.00712304097,0.00668695755,0.00665651774,0.00567636872,0.00519249635,0.00498662144,0.00409591012,0.00357357529,0.00351760234,0.00285441778,0.00280030118,0.00240493868,0.00250639045,0.0021431346,0.00186136866,0.00191145693,0.00263631903,0.00202938356,0.00199612323,0.000810577185,0.000607444323,0.000528215314,0.000270604563,0.000339618593,0.000480965216,0.000659011304,0.000421728182,0.000517509412,,0.000164604164,,,,,,,,,,,0.000170822605,,0.000580783933,0.000327414746,,,,,,,,,,,,,,,,,,,
930,11.0480003,2026-08-30T08:55:49.137000+0000,-20.964536456005,154.35972847411,0.0647311211,0.0687100515,0.0656214133,0.057986293,0.0605241992,0.0601374842,0.0665761381,0.0664000288,0.068319343,0.0700795278,0.0696811825,0.0663619488,0.0650496483,0.0634100884,0.0610414706,0.060690023,0.0590448044,0.0586142056,0.0577598587,0.057159327,0.0562137477,0.0551327579,0.0551381595,0.0538024753,0.0537269153,0.0530232377,0.0532293133,0.052913662,0.052240584,0.0511490405,0.0509229526,0.0502925664,0.0495762117,0.0489382632,0.048824586,0.0482554659,0.0476248115,0.0469766892,0.047162462,0.0466025546,0.046152465,0.0460553467,0.0464008749,0.0467149131,0.045550894,0.0456751883,0.0451181345,0.044845704,0.0443973877,0.0445457734,0.0447666347,0.0442463607,0.0435821265,0.0433025993,0.0431536995,0.0424400121,0.0423864312,0.0426026545,0.0431280173,0.0421994105,0.0419046544,0.0416535586,0.0411730222,0.0405319743,0.0415294655,0.041645661,0.0413722061,0.0412267148,0.0419813842,0.0407421887,0.0407357402,0.0409186408,0.0392158255,0.0394438319,0.0389263518,0.0388218351,0.0383198448,0.0375461504,0.0371185243,0.0370589755,0.0328085683,0.0323819369,0.0298806727,0.0289376937,0.0334735885,0.0324661247,0.0321848206,0.0224636141,0.0234873444,0.0254266057,0.0253300965,0.0252247099,0.0224339552,0.0193053074,0.0168933757,0.0140230292,0.0131441029,0.0124904523,0.0116706546,0.0128886262,0.0127857281,0.0123955607,0.0122102536,0.01132592,0.0107611902,0.0104726143,0.00824968424,0.00848030392,0.00824338011,0.00724180788,0.00705976505,0.00688304193,0.00668695755,0.00594652444,0.00536636729,0.00506250327,0.00490663759,0.00381592265,0.00338359014,0.00279759709,0.00320441811,0.00254029315,0.00222493405,0.0021563936,0.00259313639,0.00180137809,0.00191145751,0.00240631937,0.00208937586,0.00193611672,0.000690583838,0.000607456313,0.00077825028,0.000740636606,0.000179675582,0.000401031808,0.00055909832,0.000481836672,,6.47843117e-05,,0.000437915791,,,7.82827847e-05,,,,,,,0.000280836539,9.04040062e-05,0.000260793953,0.00037741437,,,,,,,,,,,,,,,,,,,
931,11.1560001,2026-08-30T08:55:49.386000+0000,-20.964536463889996,154.35972848158,0.0674911588,0.0670600012,0.069001399,0.0603162907,0.0608041883,0.0626774728,0.067776151,0.0685600117,0.0716393217,0.0752895102,0.0734811872,0.069191955,0.0686296374,0.0666800886,0.0639814734,0.0633500293,0.0623948127,0.0621242039,0.059809871,0.0600793287,0.0595537387,0.0577627532,0.0579181574,0.0570824742,0.056436915,0.0560232326,0.0553093031,0.0550436564,0.0538405739,0.0543090291,0.0528829433,0.0522525571,0.0519362055,0.0507982597,0.0508045815,0.04979546,0.0494748093,0.0489966869,0.048892457,0.0492925532,0.0481724627,0.048245348,0.0478908718,0.0429248996,0.0437408686,0.0427051373,0.0428080596,0.042855598,0.0423572436,0.0424655937,0.0421364307,0.0412061624,0.0415219516,0.0405424573,0.0407835916,0.040279936,0.0400263891,0.039652627,0.0400280133,0.0389494151,0.039054662,0.0385035574,0.038263008,0.0375219434,0.0376894325,0.038555637,0.0382622033,0.0383567214,0.0387713984,0.0380122066,0.0377257466,0.0375886373,0.0358157828,0.0360637419,0.035746187,0.0347415656,0.0375894234,0.0351555645,0.0343677364,0.0330479145,0.0323472209,0.0284002237,0.0273285657,0.0267353822,0.0301310234,0.0288234092,0.0304620937,0.0230836011,0.0253373031,0.0268565938,0.0258000661,0.0252047069,0.0237039477,0.0200252943,0.0176133644,0.0146130258,0.0128441146,0.0119004576,0.012310666,0.0119686322,0.0134557309,0.0124055631,0.0122002615,0.0110859256,0.0100611802,0.00976262055,0.00920969341,0.00870030466,0.0084733814,0.00804180652,0.00728976261,0.00684304722,0.0063469559,0.00646650931,0.00510636577,0.00566248875,0.00519661698,0.0042059035,0.00436356803,0.00310759107,0.0034244128,0.00266030105,0.00244493084,0.00294638961,0.00226313132,0.00192137319,0.00243146135,0.00222631334,0.00231937529,0.00227611652,0.00115057267,0.00116743473,0.000738196599,0.00101057964,0.00109957519,0.000480897957,8.92221578e-06,0.000361635291,0.000277408515,0.000584607827,0.000274523743,,0.000131159788,,,,,,,,,,0.000110375346,9.07745562e-05,,0.000260191591,,,,,,,,,,,,,,,,,,
932,11.2620001,2026-08-30T08:55:49.635000+0000,-20.964536471775002,154.35972848905,0.0767511651,0.064650014,0.066791378,0.0615462959,0.0615841746,0.0623774566,0.0663061514,0.0701900199,0.0711693391,0.0737895295,0.0717711523,0.0676519424,0.0656796396,0.0650400817,0.0619314685,0.0612700209,0.0607547984,0.0598342046,0.0588198639,0.0588093288,0.0570437387,0.0559727475,0.0553181469,0.0546724685,0.0540269166,0.0534232333,0.0533193015,0.0521736555,0.0514305718,0.0524290353,0.0499429479,0.0505225584,0.0503362082,0.0488582514,0.0489645824,0.0481054597,0.0481448062,0.0476566851,0.0477624536,0.0468225516,0.0473224595,0.0470753424,0.0464008711,0.0463949069,0.0462608747,0.045515161,0.0448180959,0.0443156511,0.0435073115,0.0440356769,0.0435965285,0.0427862629,0.0428820439,0.0420625322,0.0407736488,0.0413699746,0.0410564095,0.040922638,0.0406580158,0.0408794209,0.0400746539,0.0392435566,0.0398230106,0.0388019606,0.0398294479,0.039715644,0.0399022028,0.0412667096,0.040021386,0.0405821949,0.0399757363,0.0383686274,0.0381857902,0.0376937687,0.0363862514,0.0371416733,0.0368896089,0.0366558321,0.0362581052,0.0330584161,0.032117866,0.0324410498,0.0259995908,0.030596504,0.0317522846,0.031094756,0.0340234637,0.0227336176,0.0243073199,0.0263465997,0.0271500908,0.0248947404,0.0237539615,0.0202652998,0.0167433824,0.0157530569,0.0138741154,0.0131104486,0.01280066,0.0132486271,0.0132757407,0.0127155669,0.0121902619,0.0115559231,0.010761193,0.0102126217,0.00944969151,0.00893030502,0.00846338272,0.00781180803,0.00781976897,0.00735305529,0.00737695582,0.00650652265,0.00573637569,0.00575249689,0.00465663522,0.00368590467,0.00385358301,0.00315759052,0.00360440812,0.00272029685,0.00267493282,0.00260639214,0.00254314137,0.00180137658,0.0023114637,0.00257631205,0.00273937918,0.00186612539,0.00185057393,0.00187745539,0.00165821507,0.000890612078,0.000879621773,0.000550956,0.000689007342,0.00123172556,0.000637508463,0.000284697278,0.000234602368,0.000457860297,0.000251206337,,7.82737043e-05,,6.85531413e-05,,,,,0.000550824567,0.000240394904,0.000390786707,0.000477417285,4.01827274e-05,0.000146991806,0.000108318636,,,,,,,,,,,,,,,,
933,11.3900003,2026-08-30T08:55:49.884000+0000,-20.96453647966,154.35972849652,0.0750511214,0.0639000013,0.0687914118,0.0661162958,0.0648541749,0.0668674707,0.0731061399,0.0752200186,0.0766293257,0.0772595257,0.0757311657,0.0738819316,0.0694196299,0.0708100721,0.0692114606,0.0686700195,0.0676247999,0.0659242049,0.0645498633,0.0625493228,0.0614237376,0.0587227531,0.057418149,0.0561124682,0.0555669107,0.0541932322,0.0544592924,0.0543036498,0.0525905713,0.0527690314,0.0520629361,0.0507625602,0.0510962009,0.0494482517,0.0496245734,0.0491354614,0.0488148034,0.0481766872,0.0479124524,0.0479825437,0.0473224558,0.0468353406,0.046170868,0.0453749001,0.0455508716,0.0450451523,0.0443580858,0.044235643,0.0440173075,0.0434556752,0.0433365256,0.0429362617,0.042212043,0.0421525314,0.0420236513,0.0416399799,0.041516412,0.0413426422,0.0412680209,0.0407794192,0.0411746539,0.0405135565,0.0405130126,0.0404819548,0.0398294479,0.0407756418,0.0406021997,0.0412667058,0.0413113795,0.0406621881,0.0402757227,0.0399586111,0.0385757759,0.0395437516,0.0381062292,0.0378516577,0.038409587,0.036125809,0.036808081,0.0345783904,0.0337578394,0.0329910293,0.0298995674,0.031176487,0.032712277,0.0329147689,0.031263493,0.0249535963,0.0254073273,0.0261865947,0.0266600847,0.0260447264,0.0232939683,0.020155305,0.0190433823,0.0159330368,0.0140141295,0.0135604516,0.0127906641,0.0130486414,0.0134857455,0.013435564,0.0126902731,0.0120059261,0.0109811807,0.010682621,0.00964968186,0.00944029912,0.00843337364,0.00773181999,0.00851976685,0.00782305375,0.00757696014,0.0070765228,0.00576637266,0.00583248725,0.00547663216,0.00459590461,0.00484357262,0.00338760577,0.00333441491,0.0030502989,0.00296493992,0.00307639036,0.00289314054,0.00238137506,0.00220146379,0.00292631076,0.00267937197,0.00221612328,0.00104057579,0.00142745441,0.000818220666,0.00056060974,0.00117961061,0.000320955296,0.000169000821,0.000481735799,0.000117505318,0.000304713962,4.46031336e-05,,5.12164552e-05,0.000163388788,,,,,,,,,,9.07827343e-05,0.00018741854,,,,,,,,,,,,,,,,,,,
934,11.5220003,2026-08-30T08:55:50.134000+0000,-20.964536487576673,154.35972850402,0.0668011308,0.0571100302,0.0675013959,0.0571462885,0.0591941848,0.061347466,0.0686661452,0.0691300184,0.0709593296,0.0716095269,0.0711011812,0.0680219457,0.0637596473,0.0647300854,0.0612114705,0.0617900379,0.061104808,0.060434211,0.0598198771,0.0588893443,0.0587137528,0.057782758,0.0564581677,0.056602478,0.055666931,0.054963246,0.0546393171,0.0545736626,0.05259059,0.0538790487,0.0517329611,0.0516925715,0.0514662191,0.0502682626,0.0497645922,0.0498654768,0.0491748229,0.0489966981,0.04851247,0.0487425625,0.0481724702,0.0478453562,0.0476508811,0.0459249169,0.0461008884,0.0451251753,0.0441281088,0.0441656634,0.0437273271,0.0433056876,0.0436165333,0.0425062627,0.0428220406,0.0418825224,0.0414336398,0.0410599709,0.040926408,0.040622633,0.0409880131,0.0410194173,0.0405446589,0.0395435616,0.039293021,0.0385719649,0.0385594517,0.0393556505,0.0394322127,0.0400767252,0.0405413993,0.0394922122,0.039865762,0.0389386602,0.0360558331,0.0370738171,0.037376307,0.0360717364,0.036799673,0.0366459042,0.0345181711,0.0362284854,0.0303079356,0.0317911245,0.0305296481,0.0282365568,0.0329223014,0.0284447316,0.0351334028,0.0247335806,0.0254973155,0.025266584,0.0270300657,0.0253947228,0.0227539632,0.0204252973,0.0182133708,0.014803038,0.013574115,0.0137404464,0.0129106529,0.0135486247,0.0129657304,0.0129755558,0.0122302659,0.0115459189,0.0109811742,0.00999261625,0.00920968875,0.00871030055,0.00820336863,0.00752181327,0.00778977014,0.0073530525,0.0066169491,0.00665651541,0.00603636401,0.00464249263,0.00486662053,0.00416591298,0.0041335728,0.00278759142,0.00315440493,0.00306029408,0.00244493131,0.00232638279,0.00231314055,0.00180137507,0.00190145709,0.00169632339,0.0020893761,0.002106125,0.00103057991,0.00146745238,0.000678228331,0.00106060808,0.000489617523,0.000630963827,0.000589007745,0.000561722845,0.000397502678,0.000484687858,0.000194584369,0.000207846053,0.000111192698,2.33703759e-05,,,,,,,,2.08152924e-05,0.000220385613,0.000410780805,0.000787412981,0.000240189664,,,,,,,,,,,,,,,,,,
935,11.6529999,2026-08-30T08:55:50.383000+0000,-20.96453649546167,154.35972851149,0.0592211634,0.0666100085,0.0623214096,0.056936305,0.0600141957,0.0614374653,0.0657261536,0.06861002,0.0702893361,0.0732395276,0.0718811601,0.0689119548,0.0671296418,0.0651900768,0.0631414577,0.0627200156,0.0619548038,0.0612342022,0.0599798635,0.0599993244,0.0580537431,0.0578627549,0.0563681535,0.0557124689,0.0562469177,0.0554332435,0.0551193133,0.0548436642,0.0547305904,0.0530190542,0.0532829612,0.0521725789,0.0516162142,0.0514582619,0.0510245897,0.0503054671,0.049544815,0.0492266938,0.0491324626,0.0490625538,0.0488724634,0.0488653481,0.048520878,0.04474492,0.0443709046,0.0444252118,0.0440381728,0.0434757583,0.042967461,0.043295864,0.0428067371,0.0420764573,0.0417822152,0.0414526686,0.0406837538,0.0410300493,0.0409064554,0.0406626649,0.0408580191,0.0406294093,0.0399446525,0.0388835557,0.0395430364,0.038571991,0.0393094793,0.0395556726,0.0394022129,0.0405667089,0.0383313708,0.0396521799,0.0387057364,0.0376786441,0.0376358479,0.0372838788,0.0357564315,0.0376219675,0.0348700546,0.0348864459,0.0349989161,0.0316695012,0.0311692357,0.0301527809,0.0279217139,0.028988827,0.0290748607,0.0292874612,0.0327061675,0.0235136189,0.0248073284,0.0272566248,0.0273101088,0.0260247272,0.0244439747,0.0207453314,0.0181033835,0.0164830312,0.0138941072,0.0144504458,0.0140706478,0.0138286334,0.0149357254,0.0134355547,0.0124802599,0.0127159124,0.0114611862,0.011152613,0.0101596843,0.00941030029,0.00990338344,0.00874181837,0.00850976817,0.00807304867,0.00762695353,0.00659653125,0.00676637935,0.0063625006,0.00577663258,0.00476592174,0.00415358366,0.00412760535,0.00357441697,0.00373030291,0.00315493229,0.00342639163,0.00297314767,0.00246138219,0.00262145419,0.00276631652,0.00273937942,0.00275611272,0.00123059202,0.00160746928,0.00135826995,0.000690675981,0.000509725302,0.000731101376,0.000939179095,0.000601935841,4.77115391e-05,0.000504876138,0.000354748336,,,,,,,,,,,,0.000160415075,0.000630795723,,0.000400174496,,,,,,,,,,,,,,,,,,
936,11.7849998,2026-08-30T08:55:50.633000+0000,-20.964536503378334,154.35972851898998,0.0739711449,0.0653600246,0.0702213943,0.0610962808,0.0622041821,0.0621974804,0.0675761476,0.0698300079,0.0709093437,0.0728195235,0.0718811601,0.0694219321,0.0648396462,0.0651200861,0.0622114651,0.0618000291,0.0604048036,0.0594842099,0.0586498603,0.0577893332,0.057023745,0.0558727495,0.0545281507,0.0552524701,0.0544969179,0.0539032333,0.0536093041,0.0530036613,0.0517905802,0.0521690361,0.0515829511,0.0499825664,0.0497262105,0.0492382571,0.0481445827,0.0486154631,0.0478448123,0.0475866906,0.0470824577,0.0468225554,0.0470124632,0.0466753468,0.0463208742,0.0446649119,0.0444508791,0.0438751653,0.0438080989,0.0433956534,0.0437973179,0.0429956801,0.0426565297,0.0422662608,0.0412220396,0.0413925275,0.0413336456,0.0404899754,0.0406964086,0.0401326381,0.0401880145,0.0396294147,0.0391946584,0.0387235582,0.0388430171,0.0382719599,0.0380094498,0.0390056483,0.0389322042,0.0389867164,0.0395813882,0.0376221985,0.038055744,0.0377586372,0.0352058038,0.0364137851,0.0343962684,0.034831699,0.036799632,0.0333858579,0.0335781276,0.0324884392,0.0287178904,0.0295210723,0.0272896104,0.0261565261,0.0327122882,0.0306447484,0.0315834433,0.0250435919,0.0250173267,0.026496591,0.026700072,0.0257747099,0.0231939722,0.0207153112,0.0181233753,0.0147430534,0.0143341105,0.0130204577,0.0127806608,0.0132986335,0.0134157352,0.0126855541,0.012460269,0.0113459192,0.0110011892,0.00999261905,0.00944969058,0.00919029955,0.00815337803,0.00827180594,0.00771976635,0.00780303963,0.00811694656,0.00636652578,0.00574637391,0.00584249943,0.00466663344,0.0047659101,0.00419358164,0.00330759934,0.00374441827,0.00329029537,0.0029749372,0.00268638111,0.00274314429,0.00234137918,0.00262145232,0.00240631937,0.00214938284,0.00198612502,0.000800579204,0.00160744716,0.000938221812,0.000560612185,0.000899620412,0.000210957369,0.000769012375,0.000481734576,2.75119673e-05,0.000164694036,,,,,,,,,,,,,0.000290386786,0.000440786476,6.74190742e-05,,,,,,,,,,,,,,,,,,,
937,11.9069996,2026-08-30T08:55:50.882000+0000,-20.96453651126333,154.35972852646,0.0654111505,0.0699200258,0.0681014434,0.0593462922,0.0594942011,0.0603074767,0.0658861548,0.0664000288,0.06901934,0.0707895383,0.0708711892,0.0676519424,0.0665296465,0.0640800744,0.0625614673,0.0615300313,0.0602447949,0.0594642125,0.0584498718,0.0582393333,0.0574137382,0.0567327552,0.0555981584,0.055632472,0.0546969213,0.0538932346,0.0536993109,0.0530936606,0.0525105856,0.0522590429,0.0514129549,0.050532572,0.0497962125,0.0494582616,0.0487445891,0.0477954671,0.0475448146,0.0478766896,0.0472324602,0.0464425534,0.0466224626,0.0461253449,0.0459308736,0.0456149131,0.0450008921,0.0447351858,0.0441181362,0.0434857048,0.0435673892,0.0432257764,0.043536637,0.0428963639,0.0419221297,0.0424125977,0.0415537022,0.0413000099,0.0409964323,0.0411926545,0.0405480154,0.041039411,0.0403746553,0.0399935581,0.0399930216,0.0392519757,0.0391194634,0.040545661,0.0408022068,0.0409167111,0.041651383,0.0412821919,0.0409457386,0.0391586423,0.0394258276,0.0388538353,0.0392963514,0.0378518328,0.0383198448,0.0386761576,0.0357085243,0.0365489759,0.0317085721,0.0329719335,0.0292506665,0.0277176909,0.0331235901,0.0347361229,0.034024816,0.0263336245,0.0242773443,0.0256866012,0.0257100761,0.0254547242,0.0227139778,0.019895304,0.0166133828,0.016123049,0.0130841108,0.0130104581,0.0128006544,0.0131686339,0.0129057271,0.0124255568,0.0122202523,0.0113359187,0.0103011765,0.0106826164,0.00968968775,0.00947030727,0.00823338144,0.00828181952,0.00829976518,0.00732304342,0.00741695054,0.00719652325,0.00611637253,0.00567249721,0.00527663343,0.00453591673,0.00400358299,0.00393759552,0.00383440917,0.00285029691,0.00275493856,0.00238639303,0.00232314225,0.00163137075,0.00220146403,0.00140631746,0.0016793852,0.00229611387,0.00127058174,0.00152746891,0.000808246317,0.00102064433,0.000709665183,0.00011104031,0.000649101334,0.000501834031,0.000667604036,0.000194796943,,,,,,,,,,,6.6824723e-06,0.000250833051,0.000160402211,3.07870505e-05,3.74145748e-05,2.01794901e-05,,,,,,,,,,,,,,,,,,
938,12.0360003,2026-08-30T08:55:51.144000+0000,-20.96453651956,154.35972853432,0.0729411468,0.0546500459,0.0774114653,0.057706289,0.0596142001,0.0612874813,0.0708261728,0.0692400262,0.0682193413,0.0740195289,0.0739111826,0.0693119466,0.064329654,0.0680700988,0.0627214834,0.0628800392,0.061764814,0.0615642183,0.0600798801,0.0597893521,0.0591737591,0.0571927689,0.0576981753,0.0570824929,0.0564369336,0.0548632555,0.0546293259,0.0555936843,0.0517806113,0.0545590706,0.0529729798,0.050982587,0.0523862317,0.0509482771,0.0503546037,0.0494154878,0.0493948348,0.0492367074,0.0483624749,0.0485925674,0.0479424819,0.0476153642,0.0468708985,0.0441849418,0.0442909263,0.0439552367,0.0426581949,0.0431757793,0.0425274782,0.0419158787,0.0432967469,0.041856464,0.0416422114,0.0410526618,0.0405537449,0.0405700393,0.0404464491,0.0405826569,0.0408380143,0.0402194075,0.0398646519,0.0389235616,0.0389830396,0.0386719964,0.0385994874,0.0391056761,0.0390622243,0.0389467217,0.0400213934,0.0377722085,0.0380557738,0.0380686894,0.0363959037,0.0370939448,0.0364765078,0.0356620476,0.0368001387,0.0333865359,0.0355490074,0.0347695947,0.0291693341,0.0294928793,0.0298317969,0.0245488882,0.0310948845,0.0313274264,0.0304760858,0.0236036088,0.0248073135,0.0262266137,0.0260800924,0.0252046995,0.0233339425,0.0205253158,0.0173433796,0.0148230279,0.0143241119,0.0126204379,0.0124606406,0.0139586208,0.0126957297,0.012745548,0.012010254,0.0117959073,0.0119211785,0.0102326088,0.00941967126,0.00967029016,0.00919336732,0.00777180772,0.00803976692,0.0073030428,0.00681695342,0.00613651425,0.00608637696,0.00529250503,0.0044666389,0.00452592038,0.00414358126,0.00352760567,0.00347441109,0.00288029201,0.00231493614,0.0026863825,0.00267314073,0.00188136741,0.00221146201,0.00199631322,0.00197937619,0.00181611965,0.00162058801,0.0014774747,0.00120826403,0.000900682877,0.0013497239,0.000311102049,0.00128918036,0.001011924,0.000457691669,0.000414870679,0.000664723455,9.7950222e-05,,,,,,,,,,,0.00042041199,0.000780793838,0.000757414498,9.01755411e-05,,0.000108333654,,,,,,,,,,,,,,,,
939,12.1549997,2026-08-30T08:55:51.392000+0000,-20.964536527413333,154.35972854176,0.0636811629,0.0662300587,0.0588214472,0.0586963259,0.0586441979,0.0607574768,0.0656761602,0.0680300221,0.0712893307,0.071089536,0.0699511692,0.0658819601,0.0633596554,0.0627200827,0.0605914742,0.0601400211,0.0589348078,0.0589542128,0.0584698766,0.0574193485,0.056573756,0.0562627651,0.0550281778,0.0542724878,0.0536269397,0.053223256,0.0521693341,0.051983688,0.0514306091,0.0502890721,0.0508429855,0.0492725968,0.0486562364,0.0484182797,0.0477846116,0.047285486,0.0467348285,0.0470467135,0.0470824726,0.0460625663,0.0463124774,0.0457353629,0.0458508991,0.0452949479,0.0453909449,0.0448952764,0.0445882604,0.0449258797,0.0441876203,0.0445560589,0.0441369489,0.0437066555,0.0431223884,0.0421728045,0.0422538556,0.0415201187,0.0419964939,0.0414826833,0.0417880192,0.0414394028,0.0412946455,0.0404535644,0.0404630527,0.0393820219,0.0399895161,0.0398757011,0.0405022278,0.040986713,0.0400213711,0.0405821875,0.0399757586,0.0388586856,0.0380459279,0.0364240184,0.0361166522,0.0382122956,0.035920538,0.0366571024,0.0358697772,0.0348406397,0.0327206589,0.0302145686,0.0266638696,0.0319411717,0.0316474438,0.0312601402,0.0358588248,0.02351363,0.0244873501,0.0270966236,0.026820099,0.0253347084,0.0239739548,0.0209053066,0.0181533862,0.0154330255,0.0127341002,0.0133004393,0.0134806372,0.01301861,0.0136757204,0.0124955494,0.0122502483,0.0127159031,0.0112311803,0.0104526095,0.00993967615,0.00918029621,0.00892337319,0.00832181051,0.00771976728,0.0083030453,0.00662695151,0.00629652943,0.0058863801,0.00546250772,0.00515664974,0.00480592623,0.00405359128,0.00357761001,0.00289442041,0.00276029995,0.00236493442,0.00250639627,0.00187314674,0.00227138028,0.00221146434,0.00199631345,0.00209937501,0.00146612059,0.00104059931,0.00141750381,0.00120830699,0.000840740744,0.00065982237,0.000871239521,0.000539363595,0.000362138293,0.000117896881,0.000295043457,0.000424883096,0.000208072597,,,,,,,,,,0.000220877177,0.00014043937,0.000170805579,0.000357413432,,,,,,,,,,,,,,,,,,,
940,12.2749996,2026-08-30T08:55:51.640000+0000,-20.964536535266667,154.35972854919999,0.0681512058,0.0624200627,0.064881444,0.0573363192,0.0584941953,0.0604074709,0.0657461584,0.0695500225,0.0689093396,0.0707895383,0.0700511783,0.0673119202,0.0615296476,0.0639500767,0.0607014634,0.0604000203,0.0589447953,0.0585341975,0.058029864,0.0565093383,0.0567637496,0.0551327541,0.0547381565,0.0537824742,0.0545069203,0.0520632453,0.0523593202,0.0522636771,0.0507105999,0.050709065,0.0498629697,0.0487925895,0.049496226,0.0479582697,0.0484445952,0.0475854725,0.0472548231,0.0472066961,0.0465524644,0.0466025583,0.0460824594,0.0453553461,0.0453808829,0.043164935,0.0427209325,0.0426252633,0.0414982475,0.041885864,0.0418476053,0.0409460478,0.0411569402,0.0408566557,0.0403223932,0.0402928106,0.0399938598,0.0401501283,0.0395865031,0.0398626886,0.0399880223,0.0398194008,0.0397446454,0.0393235609,0.0390130505,0.0395920165,0.0394995101,0.0401356965,0.0402422175,0.0400067009,0.0402413569,0.0394921638,0.0386257283,0.0392486528,0.0368658863,0.0374239683,0.0377465934,0.0356922373,0.0377704687,0.0347070396,0.0340497047,0.0356005691,0.0309005827,0.0295444988,0.0285938159,0.0273811333,0.0292774253,0.03095017,0.0349488892,0.0234436337,0.0253373533,0.0264266171,0.0254700948,0.025534723,0.0228239838,0.0194753129,0.0170533936,0.0143030519,0.0127241258,0.011870442,0.0123406472,0.0124886278,0.012945734,0.0119855488,0.0115602566,0.010885912,0.0114611844,0.00978261326,0.00919967517,0.00872030202,0.00819336902,0.0082918182,0.00774976611,0.00686304457,0.00681695854,0.00666652806,0.00515638944,0.00541251665,0.00458665285,0.00358592626,0.00387360295,0.00307761994,0.00298442622,0.00293031009,0.00213493709,0.00228639739,0.00232314831,0.00181138283,0.00174145319,0.00170632254,0.00209937454,0.00163612654,0.000920598279,0.00101749471,0.00116830936,0.00102074316,0.000609810231,0.00109123671,0.000449358515,0.000542131194,0.000267914613,0.000105066458,0.000184900709,6.80861995e-05,3.13681085e-05,,,,,,,,,,,0.000670809881,0.000497410423,0.000190158418,,,,,,,,,,,,,,,,,,
941,12.3879995,2026-08-30T08:55:51.889000+0000,-20.964536543151667,154.35972855667,0.0654112026,0.0664000586,0.0653614625,0.0590562858,0.06118422,0.0621374734,0.0674861744,0.0684800372,0.0711693391,0.0719895288,0.0716211572,0.0675419345,0.0653396398,0.06494008,0.0613014586,0.0609900169,0.0610047914,0.0606142096,0.0590798631,0.0585993342,0.0588137507,0.0573827587,0.056358166,0.0554224774,0.0556469262,0.0551532581,0.0543593317,0.052993685,0.0526706129,0.0535390787,0.0512429886,0.0514726005,0.0506362393,0.0495982766,0.0492546074,0.0484654829,0.0476948246,0.0477967076,0.0473024659,0.0471325591,0.0463024639,0.0466753542,0.0460108891,0.0449749492,0.0445309654,0.0441053174,0.0437383279,0.0440059789,0.0430477522,0.043456234,0.0430371463,0.0422168523,0.0425425693,0.0417229533,0.0410939679,0.0409701988,0.0408465452,0.0406827144,0.040468026,0.0409393981,0.0401346311,0.0396535657,0.0398530662,0.0384420492,0.0402295403,0.0404257216,0.0398022272,0.0413766913,0.0403913483,0.0401621573,0.0403557308,0.0383086689,0.0383159444,0.0386040732,0.0375767797,0.0373725295,0.0374509133,0.0362176523,0.0364905186,0.0333816521,0.0316719562,0.0318362266,0.0266559366,0.0297434535,0.0292799976,0.028992869,0.0334315859,0.0237636678,0.0251073856,0.0253966302,0.0259501301,0.025344735,0.0233539604,0.0195653196,0.0179233849,0.0148130255,0.0123541094,0.0121504441,0.0121106384,0.0130086122,0.0129757244,0.0119655458,0.0124702472,0.0117959054,0.0109911822,0.0102326088,0.00943968352,0.00869030412,0.00868337415,0.00774181541,0.00750976987,0.00736305211,0.00628695497,0.00606653793,0.00573639246,0.00563252671,0.0046966644,0.00401593978,0.00387361413,0.00289762276,0.00263443287,0.00263031013,0.00218494888,0.0024063997,0.0022731435,0.00135138736,0.00186146866,0.00217631971,0.00138937903,0.00204611756,0.00133059954,0.00123751827,0.000848351978,0.000960803474,0.00148991263,0.000531375525,0.000709528802,0.000982334372,0.000228104647,0.000485238852,,,0.000391450943,,,,,,,,,,0.000470469531,0.000490822247,0.000277407467,,,,,,,,,,,,,,,,,,,
942,12.4989996,2026-08-30T08:55:52.144000+0000,-20.96453655122667,154.35972856432,0.066461198,0.0682100728,0.068021439,0.0597063303,0.0606942065,0.0614574701,0.0673561767,0.0681800395,0.0702993199,0.0724395141,0.0708611682,0.0671719313,0.0665096417,0.064260073,0.0620914549,0.061180003,0.0597147942,0.0594042018,0.0578298606,0.0586293265,0.0559137426,0.0559827462,0.0546381548,0.0542724766,0.0539169237,0.0534232482,0.0528393276,0.0523536839,0.0518706068,0.0516690761,0.0506729856,0.0504425988,0.0497262366,0.0479582734,0.048364602,0.0481754802,0.0478448234,0.0475867018,0.047232464,0.0468325578,0.0465424657,0.0459753461,0.0454608873,0.0456849448,0.0456309579,0.0445053093,0.0447383225,0.0441659689,0.0439477488,0.0435362309,0.0434871465,0.0432968549,0.0424925685,0.0422929525,0.0423739702,0.0419702008,0.0418565497,0.041362714,0.0414080285,0.0411693975,0.0405246317,0.0404135622,0.0401430652,0.039192047,0.0400795378,0.0400357209,0.0403322242,0.0397266895,0.0401313417,0.0395321511,0.0384957194,0.0377286561,0.0370159298,0.0361540616,0.0372067615,0.0353925079,0.0373608917,0.0361176282,0.0331904963,0.0340016298,0.031211935,0.0283862054,0.0286259167,0.0289434399,0.0291799977,0.0317928791,0.0304716043,0.0216636509,0.0248173829,0.0266766436,0.0260501206,0.0248947535,0.0223739743,0.0197453294,0.0177433826,0.0149730379,0.0128541207,0.0132204397,0.0119306352,0.0126886126,0.0126757221,0.0121755498,0.012230251,0.0115459105,0.0107411724,0.0104526114,0.00916967634,0.00918030087,0.00839336962,0.00773181766,0.00773977023,0.00802304037,0.0065769623,0.00676653581,0.00546638435,0.00515251653,0.00518666022,0.00468594162,0.00399361411,0.00356762484,0.00293442397,0.00292031746,0.00279494328,0.00244639511,0.00221315189,0.00169138762,0.00203146157,0.00199631392,0.00190938462,0.0017561256,0.00150060619,0.00129752443,0.00109834771,0.000910808914,0.000609908369,0.000701381708,0.000249529287,0.000482341333,0.000798121328,0.00060524221,0.000415052404,,,,,2.1151267e-05,,,,,,,0.000400465273,0.000160822237,0.00029741248,6.01466745e-05,0.000226937758,,,,,,,,,,,,,,,,,
943,12.6090002,2026-08-30T08:55:52.393000+0000,-20.964536559111664,154.35972857179,0.0771012455,0.0676600635,0.0728314891,0.067636326,0.0650142133,0.0657274947,0.0709961876,0.0721000433,0.0728193149,0.0753795132,0.0751311556,0.071791932,0.0683896318,0.0680000782,0.0637114495,0.0637599975,0.0626447946,0.0619041994,0.0599698611,0.0596993379,0.0592637509,0.0575627461,0.0574181713,0.056882482,0.0562469326,0.0550532602,0.0549293384,0.0551336929,0.0529406257,0.0539690889,0.0524730049,0.0517826192,0.0513162464,0.0498182848,0.0498446114,0.0500854813,0.0494748317,0.0491567105,0.04882247,0.0481225662,0.0480124652,0.047615353,0.0476508923,0.0464749634,0.0463409908,0.0447353609,0.0448984019,0.0446960852,0.0438778959,0.0438964143,0.0446873456,0.0436270535,0.0431127436,0.0428830944,0.0424340814,0.0420402773,0.0419165939,0.0418027341,0.0417280309,0.0416393913,0.0409046263,0.0405535698,0.0403030775,0.0392720737,0.0401995704,0.0398357436,0.0397622325,0.0407066867,0.0400213338,0.0391821414,0.0401957221,0.0374286734,0.0370559916,0.0372541696,0.0366569422,0.0371427946,0.0363913365,0.0342782438,0.035471309,0.0328627154,0.0311233029,0.0301479362,0.0279580373,0.0290557593,0.0292825643,0.0330755748,0.032714311,0.0227636714,0.0245073959,0.0267366488,0.0259201303,0.0244347285,0.0230139792,0.0191953313,0.0170633867,0.0145230489,0.0129841138,0.0124104377,0.01247063,0.0128186187,0.0135157257,0.0121755442,0.0122002326,0.0117759043,0.0109711681,0.0102026109,0.00943968166,0.00867030676,0.00794336572,0.00700180884,0.00670977263,0.00728304777,0.00634696381,0.00585654145,0.00568638975,0.00476253219,0.00473667122,0.00420595659,0.00375362718,0.00306764012,0.00320443814,0.00239031808,0.00185495161,0.00222639763,0.00198315596,0.00140138483,0.00196145754,0.00210631406,0.0020893761,0.00151611306,0.00039061447,0.00101753953,0.000928400317,0.000740868854,0.000560014392,0.000541512389,0.000289698946,0.000262542337,0.00032830867,0.000405416824,0.000275203027,,,,,,,,,,,0.000310935953,9.04935296e-05,,0.000417409319,,,,,,,,,,,,,,,,,,,
944,12.717,2026-08-30T08:55:52.642000+0000,-20.964536566996664,154.35972857926,0.0702312291,0.0596400909,0.0630214736,0.0589863285,0.056514211,0.0572574995,0.0619461872,0.067830056,0.0656993389,0.0686495304,0.0686511844,0.0662719384,0.0611696355,0.06196009,0.0595614687,0.0578900054,0.0573148057,0.0574942082,0.0555298738,0.0549693443,0.0547137484,0.0540127605,0.0522381775,0.0521524884,0.0509969406,0.0510032661,0.0508493446,0.0509737097,0.0499106348,0.0498691052,0.049533017,0.0476226285,0.0480462573,0.0471482985,0.047054626,0.0464854948,0.0459248386,0.0458567217,0.0451924801,0.0453025736,0.0450724773,0.0448853597,0.044290904,0.044664979,0.0447610132,0.0438753963,0.0436584428,0.043256145,0.0437179804,0.0430765115,0.0423174575,0.0427071527,0.0419828296,0.0406031609,0.0404341295,0.0400503092,0.0403866097,0.0406027436,0.0403380282,0.0398393869,0.0397046208,0.0397635698,0.0382230952,0.0388020948,0.0395895913,0.0385557599,0.0400022417,0.0405266881,0.0389513299,0.0396921486,0.039075736,0.0368587002,0.0380460322,0.0371742472,0.03683706,0.037442971,0.0356015861,0.0353385806,0.0364117436,0.0325532891,0.0337140188,0.0289988313,0.0260591246,0.0313069299,0.0301438533,0.0308069009,0.0345556177,0.0244836863,0.0233974103,0.0261666514,0.0253301319,0.0242547467,0.0230539683,0.0182453208,0.0168634076,0.0156730246,0.0129241142,0.0121304393,0.0131506212,0.0122586107,0.0135057224,0.0124755269,0.0115302242,0.0115558971,0.0105211642,0.00973260961,0.0096796751,0.00891030207,0.00814336631,0.00826180354,0.00741976779,0.00782304909,0.00704696076,0.00639654603,0.00587639632,0.00515252911,0.00441667344,0.00434595766,0.00362363365,0.00324763404,0.00324443402,0.00262031867,0.0026549506,0.00200639758,0.00210315594,0.00210138271,0.00157146447,0.00205632043,0.0026793729,0.00157612097,0.00134062942,0.00165755686,0.00104842323,0.000620904844,0.000950058806,0.000221580791,0.000349793583,0.000232630322,,,0.000155261252,,,,,,,,,,,,0.000220501213,0.000280835986,0.000207405887,4.01244615e-05,,,,,,,,,,,,,,,,,,
945,12.8249998,2026-08-30T08:55:52.891000+0000,-20.96453657488167,154.35972858673,0.0664611906,0.065130055,0.0623414628,0.0580263138,0.0600842126,0.0619574934,0.0648461655,0.068180047,0.0699393377,0.0721795186,0.0688911751,0.0681119338,0.0641896427,0.0639600754,0.0614714697,0.0611800104,0.0604948029,0.0593942069,0.0589098707,0.0577893369,0.0573037416,0.0563427471,0.0565681681,0.0553424805,0.0552769303,0.0537932478,0.0537893213,0.0532736816,0.0526806153,0.0513090715,0.0510829836,0.0504425988,0.050246235,0.0502682738,0.0499846041,0.0496354736,0.049314823,0.0495967045,0.049042467,0.04890256,0.0484024659,0.0484753549,0.047570888,0.0437949449,0.0435009524,0.0436352901,0.0428082906,0.0424159244,0.042007681,0.0420461446,0.0419470407,0.0415067561,0.0414324775,0.0409128815,0.0408739187,0.040100161,0.0405765213,0.0403327011,0.0399280228,0.0398394018,0.0394646376,0.0393235646,0.0387830585,0.0382920355,0.0393395275,0.0389157124,0.0391922221,0.0397566967,0.0396513529,0.0396421663,0.0384557322,0.0378986634,0.036775928,0.0353040323,0.0359266959,0.0357823893,0.0370307006,0.0353273526,0.0346801206,0.0323511139,0.032351274,0.030145362,0.0272948798,0.0281322859,0.0299287047,0.0286815055,0.0343502127,0.0225136597,0.0244973823,0.0263666287,0.0261700954,0.0255947448,0.0231939796,0.0205153245,0.0181633811,0.0155730443,0.0131341117,0.0129204486,0.013450643,0.0128786163,0.0135757206,0.0131955491,0.0124602513,0.0115459105,0.0114311697,0.0104526104,0.00991968066,0.00919029769,0.00892337319,0.00802180823,0.00749977026,0.00731304381,0.00684695458,0.00627653673,0.00572639052,0.00536251254,0.00530665228,0.00411593542,0.0038136011,0.00333761913,0.00328443339,0.00283031049,0.00237495126,0.00234639063,0.00170314219,0.00210137572,0.00226145959,0.00222631311,0.00172937883,0.00221612491,0.000680605765,0.00123750709,0.000968328794,0.000490772538,0.000709861808,0.000201304676,0.000229444704,0.000212229614,0.000318005565,0.000225151423,,,,,,,,,,,,0.000360891572,0.0003104551,,0.000137412077,0.000360152539,,,,,,,,,,,,,,,,,,
946,12.9309998,2026-08-30T08:55:53.142000+0000,-20.964536582830004,154.35972859426,0.0661211908,0.0587300584,0.0646714568,0.0571163185,0.0575342029,0.0589474849,0.0681461692,0.0670200437,0.0685193166,0.070649527,0.0701811761,0.0669819191,0.0631296411,0.0640600771,0.060321454,0.0607400201,0.0598048009,0.0593141988,0.0585698672,0.0575993285,0.0573137365,0.0557727441,0.0545281544,0.0546624772,0.054606922,0.0524432473,0.0526493192,0.0530136749,0.0502605997,0.0515690632,0.05076297,0.049262587,0.0497162268,0.0484082699,0.0485146008,0.0483254716,0.0479248241,0.0466766991,0.0472224653,0.0470625572,0.0463924631,0.0458953455,0.045620881,0.0437149331,0.0433409326,0.0435652621,0.0424282476,0.041885864,0.0417076051,0.0411060452,0.0420869403,0.041566655,0.0416223928,0.040502809,0.0400038622,0.0401001275,0.0398565046,0.0397426859,0.0403180234,0.0400894023,0.0400746427,0.0391035601,0.0386530496,0.0381220169,0.0384695083,0.039265696,0.0399022177,0.040146701,0.0406513549,0.039562162,0.0389557295,0.0387786515,0.0363058895,0.0389439687,0.0362865962,0.0359822363,0.0386804715,0.0357670337,0.0358597077,0.0352805667,0.0308005884,0.0323544927,0.029243812,0.0311311297,0.0334774293,0.0329201706,0.0336288847,0.0247736517,0.0249473602,0.0253366269,0.026400106,0.025804732,0.0237139706,0.0212053377,0.0182033759,0.015573048,0.0145141119,0.0130404513,0.0136406543,0.0134586189,0.0135157332,0.0131855542,0.0126902563,0.0122359125,0.011201174,0.0108926157,0.0093796812,0.00937030558,0.00843336713,0.00822181255,0.00793977082,0.00784304924,0.00730695343,0.00680652447,0.00572638866,0.00549250608,0.00473664794,0.00411593029,0.00423360011,0.00324761239,0.00359442038,0.00270031067,0.00269493763,0.00274639623,0.00221314793,0.00204138225,0.00185145356,0.00239632069,0.00196937681,0.00245612254,0.000790600548,0.000827490003,0.000858305604,0.000430746615,0.000559816835,0.000321234111,0.000339358143,,0.000277913292,,,,,,,,,,,,,,0.000370443217,0.000250805751,3.74115843e-05,,,,,,,,,,,,,,,,,,,
947,13.0360003,2026-08-30T08:55:53.390000+0000,-20.964536590683338,154.3597286017,0.0630311519,0.0622400381,0.0634214133,0.0550362915,0.057054203,0.059677463,0.0653061494,0.0653300434,0.067959331,0.0697295293,0.0685311705,0.0641319379,0.0622896403,0.0620800927,0.0588114671,0.0595500246,0.0580947958,0.057744205,0.0562298708,0.0560593419,0.0557437539,0.0547527522,0.0535781644,0.053212475,0.0530469231,0.0527432486,0.0534193181,0.0519936718,0.0516106002,0.0510590561,0.0492829643,0.0492725782,0.0485862233,0.0468382649,0.0474145934,0.0470654741,0.0466548204,0.0461567007,0.0458724648,0.04529256,0.0453824662,0.0446453542,0.0449108817,0.0448949262,0.0441309139,0.0434052199,0.04296818,0.042345766,0.042747464,0.0425658673,0.0425267369,0.042486459,0.0420422144,0.0411326699,0.0404337533,0.0403100438,0.0403864495,0.0400126651,0.0401280187,0.0403994098,0.0399346501,0.0392035618,0.0386330336,0.0386319943,0.038499482,0.0390056744,0.0389622152,0.040176712,0.0398313776,0.0391021855,0.0387057476,0.0371286571,0.0365258604,0.0356338918,0.0367464498,0.0363719873,0.0363900736,0.0361164697,0.0333389379,0.033309523,0.0333992615,0.0289428085,0.0286217313,0.0303788371,0.0308948644,0.0317774527,0.0327061452,0.0219136178,0.0246173348,0.0256365966,0.025190087,0.0253047291,0.0224039722,0.0187553074,0.0174233802,0.0142630236,0.0120441103,0.0120604467,0.0129006505,0.0120986206,0.0129357344,0.0124455495,0.0124702593,0.0113159167,0.0102811763,0.0104226181,0.00869968161,0.00866030809,0.00811337959,0.00747180637,0.00693976646,0.00731304381,0.00630694861,0.00635651732,0.00502636982,0.00489250012,0.00501664262,0.00368591468,0.00358358352,0.00324760121,0.00225441135,0.00247030426,0.002474932,0.00211638515,0.0023931344,0.00187137024,0.00243146392,0.00257631158,0.00219937647,0.0022661183,0.00103058922,0.00157747406,0.000738263479,0.00101067964,0.000829714118,0.000541097834,0.000539187924,0.000211927167,0.000177706708,0.000194882858,,,,,,,,,,,,0.000300847169,0.000550414261,0.00032079831,0.000557411753,,,,,,,,,,,,,,,,,,,
948,13.1429996,2026-08-30T08:55:53.640000+0000,-20.964536598600002,154.3597286092,0.0637311414,0.0669100583,0.0603814535,0.0593563132,0.0581241958,0.0592174642,0.0621461496,0.0661300272,0.0678993464,0.0701495409,0.0694511756,0.0675819516,0.0638096631,0.0631100982,0.0613214746,0.0603200383,0.0598048195,0.059214212,0.0584598817,0.0576993413,0.0565637574,0.0562527701,0.0544381775,0.0539824851,0.0538169332,0.0536232479,0.051699318,0.0523536727,0.0514305942,0.050469052,0.0502729677,0.0484025814,0.0482762232,0.0474382713,0.0471945964,0.0464154743,0.045324821,0.0455567017,0.0449624732,0.0442125686,0.0445324741,0.0435553603,0.0433508903,0.0450549275,0.043970909,0.0438752025,0.0429681502,0.043475721,0.0430474021,0.0428557843,0.0431566425,0.0415863618,0.0419821255,0.0413925946,0.0407636985,0.0405100025,0.0405264236,0.0403326489,0.0401780121,0.0402194113,0.0398746543,0.0392035618,0.0385930277,0.0388619825,0.0385594703,0.0389656648,0.0402322151,0.0393667221,0.0396913961,0.0389822125,0.0382657722,0.0388586745,0.0356058665,0.0367438793,0.0360164046,0.0348918959,0.0367099084,0.0354062207,0.033178594,0.0341890492,0.0312986448,0.0289220084,0.0305507258,0.0281277355,0.0295836069,0.0307960976,0.0315847546,0.0226935893,0.0241473056,0.0246565938,0.0255400725,0.0248447172,0.0222239569,0.0192053095,0.017603375,0.0152130248,0.0131941019,0.0134304389,0.0133206518,0.0133686149,0.0131457187,0.0126555497,0.012670246,0.0115459152,0.0107311746,0.0104126176,0.00938967708,0.00937030092,0.00913337804,0.00874181464,0.00821977295,0.0075130458,0.00699694408,0.00608651806,0.00624636794,0.0048924936,0.00489663659,0.00391590688,0.00389357982,0.00323759532,0.00301441061,0.00225029886,0.00219493592,0.00201639533,0.00182313239,0.00158137595,0.0020214566,0.00204632175,0.00254937517,0.00180612039,0.00137058552,0.00180746405,0.00113825046,0.000760637573,0.00102967152,4.10382054e-05,0.000149094965,0.000251835474,,,,7.89551996e-06,,,,,,,,,,,0.000170396466,0.000110788125,,,,,,,,,,,,,,,,,,,,
949,13.2609997,2026-08-30T08:55:53.889000+0000,-20.964536606484998,154.35972861667,0.0719411671,0.0628900379,0.0673314258,0.0594662949,0.0594541915,0.0604174882,0.0667361617,0.0672700331,0.069339335,0.0729495287,0.0734611675,0.0691919476,0.0675496459,0.0673100874,0.0635114759,0.0638400242,0.0629748106,0.0625242144,0.0605898611,0.060419336,0.0598037578,0.0590927601,0.0583681725,0.0576524846,0.0573069341,0.0566932522,0.0564393215,0.0554036759,0.0547306053,0.0549890622,0.0533729792,0.0523325875,0.0512362309,0.0503482781,0.0501345992,0.0494154803,0.0492548235,0.0483267009,0.0486724749,0.0475925617,0.0473924689,0.0475353561,0.0470308848,0.0473449379,0.0465709306,0.0462152474,0.0451282226,0.0455358215,0.0451475419,0.0441959649,0.044556845,0.0435665585,0.0433223024,0.043162737,0.041593805,0.0413900837,0.0413864776,0.0413226709,0.0403480157,0.0408994034,0.0404146463,0.0390235633,0.0394130461,0.0383620039,0.0380294956,0.0385556892,0.0383922234,0.0387067124,0.0386613756,0.0378921889,0.0380857512,0.0362786725,0.0371058919,0.0360739566,0.0350265503,0.0354821458,0.0347803049,0.0342767909,0.0349993594,0.0333100855,0.030669963,0.0295636915,0.0273128152,0.0282400213,0.0285161678,0.0317888148,0.0315874964,0.0216236189,0.0239373427,0.0254366286,0.0260601081,0.0251247231,0.0231639594,0.0193053093,0.0184033699,0.0155830244,0.0123441108,0.0135704521,0.0123706404,0.0129486229,0.0134857334,0.0129155423,0.0127002541,0.0117859105,0.010751171,0.0108826142,0.00982967857,0.009120306,0.00939337257,0.00771180307,0.00767977256,0.00716304779,0.00673695188,0.00650652917,0.00555637665,0.00498250779,0.00448664417,0.00431592669,0.00372360041,0.00338761671,0.00293441326,0.00283030374,0.00242494,0.00274639297,0.00250313641,0.00227137865,0.00232146424,0.0016463151,0.0020893761,0.0021561184,0.00116059277,0.0012474847,0.000928291352,0.00085070543,0.000889771909,0.000321168016,0.000659275684,0.000272035657,0.000127812847,0.000104967505,0.000164817437,,,3.45148146e-06,,,,,,,,,0.000200427428,0.000440802338,0.000277410261,,4.69725346e-05,,,,,,,,,,,,,,,,,
950,13.3859997,2026-08-30T08:55:54.143000+0000,-20.964536614528335,154.35972862429,0.0777912363,0.0591001213,0.0645214766,0.060396336,0.0583542064,0.0597274899,0.0640662014,0.0691200569,0.0683693364,0.0728395358,0.0709611624,0.0709619299,0.0656796396,0.0652800873,0.0640614778,0.0634300113,0.0615048073,0.0611142106,0.0610498786,0.0587893501,0.0590637587,0.0579527654,0.0565481856,0.0562925003,0.0558469445,0.054563269,0.0548293479,0.0535437055,0.0541106388,0.0528491102,0.0533730164,0.0513826311,0.0506962575,0.0507182963,0.0505046248,0.0499354973,0.0497648418,0.0495967232,0.0485924818,0.048042573,0.0481724814,0.0475353636,0.0471009091,0.0464749783,0.0459410064,0.0455953777,0.0452784188,0.0450861007,0.044637911,0.0444264263,0.0447973534,0.0444070585,0.0432727374,0.0430130847,0.0426740721,0.0426702686,0.0429265872,0.0426227264,0.0424780287,0.0424693897,0.0424346253,0.0410335697,0.0408730842,0.0414620787,0.0398195758,0.0423757471,0.0421822406,0.0410166979,0.0422013476,0.0415121652,0.040535748,0.0411887094,0.0374660306,0.0386742204,0.0408270024,0.0359828621,0.040671397,0.03673831,0.0357813723,0.0402327925,0.0318533741,0.0334580094,0.0325181,0.0306658037,0.0341025852,0.0354255512,0.0306742489,0.0232836828,0.0242973976,0.0258466527,0.0254301094,0.0263347328,0.0222439654,0.0202753264,0.0188733898,0.0149630094,0.0140740937,0.0132704349,0.0123906322,0.0128186112,0.0123957181,0.0126955286,0.0124602364,0.0108658997,0.010741164,0.010422607,0.0089096725,0.00940029602,0.00809335709,0.00747180264,0.00772976968,0.00655303756,0.00676695071,0.00619653892,0.00480639981,0.00476253033,0.00432667881,0.00400595088,0.00377362152,0.00283763744,0.00283443928,0.00270031905,0.00170495443,0.00199639634,0.00193314615,0.00176138047,0.00214146241,0.00216632057,0.00125938188,0.00180612097,0.000610617339,0.000877545448,0.000688405242,0.000260876259,0.000360014936,,0.000249706354,4.25397739e-05,0.000278307416,8.54163663e-05,,,,,,,,,,,,,0.000150488515,0.000300826214,0.000107404972,,,,,,,,,,,,,,,,,,,
951,13.5100002,2026-08-30T08:55:54.391000+0000,-20.96453662238167,154.35972863173,0.0733512342,0.0674201027,0.0647615045,0.0650763139,0.0631642118,0.063927494,0.0696362033,0.0735200346,0.0724393427,0.0736495256,0.0722511858,0.0695319176,0.0651296303,0.0659600794,0.0620814599,0.0622000135,0.0609047897,0.0605942123,0.0603398606,0.0591493398,0.0585137494,0.0573027544,0.0556781739,0.054842487,0.0538969338,0.0533132628,0.0531193465,0.0520737022,0.0515206344,0.050629098,0.0500230081,0.0491826274,0.0491862521,0.0477382913,0.0474846177,0.0476654917,0.0468048379,0.0469067134,0.0460924767,0.0459825695,0.0454524681,0.0449553579,0.0451508984,0.0441849716,0.0434210077,0.0433253907,0.0426584408,0.0423361398,0.0417079739,0.0412565097,0.0416574553,0.0408071503,0.0408028327,0.0399131589,0.0394241288,0.0396303087,0.0394566134,0.0390727445,0.0389380269,0.0390093848,0.0379146226,0.0379035696,0.037563093,0.0375520922,0.0382795855,0.0379457586,0.0381922424,0.0382866859,0.0379213244,0.0376221389,0.0378757268,0.0356686898,0.0359860212,0.0359142311,0.0349270441,0.0360529535,0.035281565,0.034268558,0.0341317207,0.0324832648,0.0297139939,0.029578805,0.0260191038,0.0304369107,0.0268038493,0.0317869075,0.0306756366,0.0208036974,0.0268774014,0.0269566551,0.0271301363,0.0265647285,0.0248039644,0.0221953541,0.0199534055,0.0171330422,0.0153141152,0.0137204397,0.0143406307,0.0139786089,0.0149157178,0.014165529,0.0138602322,0.0129258968,0.0116411671,0.011812605,0.0105696786,0.0101002958,0.00909336098,0.00815180503,0.00836977735,0.00791303813,0.00673695747,0.00740654767,0.00586639857,0.00523253437,0.00513668358,0.00398596097,0.00400362909,0.00324763521,0.00319444155,0.00304032373,0.00259494456,0.00241640373,0.00205314811,0.00198138412,0.00203146366,0.00175631547,0.00254937494,0.00168612087,0.000960619305,0.00129755889,0.000798425404,0.000660913298,4.0058454e-05,0.000261589215,9.7930897e-06,0.000322633947,0.000478416216,0.000785512268,,0.000118365278,0.000111570815,,,,,,,,,0.000230952399,9.05049383e-05,0.000500837807,0.000467408972,0.000860126689,0.000116916839,,,,,,,,,,,,,,,,,
952,13.632,2026-08-30T08:55:54.640000+0000,-20.964536630266668,154.3597286392,0.0630211979,0.0606000647,0.0630914867,0.0569062904,0.0577441975,0.0591074675,0.0653561801,0.0661100298,0.0681093186,0.0705595165,0.0691911578,0.0645018965,0.0624996237,0.0634200722,0.0584514476,0.0590899959,0.0580747761,0.0582641922,0.0563198552,0.0564193279,0.0552637316,0.0543627404,0.0540581532,0.053312473,0.0525569208,0.0511832424,0.0519893244,0.0512536839,0.0497206114,0.0511490777,0.048962988,0.048082605,0.0489662327,0.0468382724,0.047334604,0.0465454757,0.0466548204,0.0469766967,0.0465524606,0.0460625514,0.0463924557,0.0451953374,0.0454608835,0.0445849486,0.044760976,0.0444253422,0.0438183844,0.0430260673,0.0429778807,0.0425064042,0.0430273414,0.0422070548,0.0419927463,0.0409930982,0.0410940871,0.0404702835,0.0404665992,0.0400327407,0.0398780331,0.0402993932,0.0402746201,0.0395435654,0.0395030752,0.0387820676,0.0385495648,0.0395157412,0.0390322283,0.0398966745,0.0394313149,0.0385921225,0.0400756933,0.0378386378,0.0362059474,0.0374141186,0.0353868864,0.0368727371,0.036571268,0.034278173,0.0368112363,0.036172647,0.0313132331,0.0318178684,0.0286079794,0.0283557083,0.0318625495,0.0288356002,0.0327143781,0.0213036966,0.0256974138,0.0254866611,0.0259301253,0.0254947487,0.023113979,0.0206653439,0.0169134047,0.016013056,0.013504114,0.0131104439,0.0128306346,0.0130486256,0.0127157345,0.0127555486,0.0115302382,0.0113359094,0.0105111748,0.0104426146,0.0096396748,0.00888029858,0.00786336605,0.00797181763,0.00749977631,0.00749305263,0.00707695959,0.00563654304,0.00542639662,0.00464253547,0.00428667339,0.00398595864,0.00306363194,0.00320763979,0.00301443646,0.00275031803,0.00242495304,0.00267639966,0.00170314976,0.00181139179,0.00174145796,0.00210631476,0.0023793818,0.00186612492,0.00127061538,0.000827532378,0.000618393533,0.000490868464,0.000490004837,,,0.000212535844,0.000368326087,,,,,,,,,,,,,0.000190941733,2.04998069e-05,0.000280835491,0.00027740607,1.01293554e-05,0.000276914157,,,,,,,,,,,,,,,,,
953,13.757,2026-08-30T08:55:54.888000+0000,-20.964536638120002,154.35972864664,0.0692212358,0.0597901233,0.0616614781,0.0595163368,0.0576842204,0.0598374903,0.0635362044,0.0691300333,0.0680893362,0.0704195201,0.0681011826,0.0675519332,0.0620796271,0.063090086,0.0603214502,0.059700001,0.0592147857,0.0580842011,0.0575898662,0.0563193411,0.0562037565,0.0549327545,0.0535681769,0.0535924882,0.0521569401,0.0521632694,0.0511193424,0.0510537066,0.0500006378,0.0493491106,0.0486330204,0.0480126329,0.0472862534,0.0468482971,0.046534624,0.0452954955,0.0459948368,0.0451067165,0.045492474,0.0446725711,0.0446024686,0.0447353572,0.0439008996,0.0452149771,0.0446010195,0.044735413,0.0438984819,0.0438561924,0.043498043,0.0427266024,0.042897556,0.0427072532,0.0421329215,0.0413432345,0.0410341844,0.041040346,0.0413066372,0.0406227559,0.040868029,0.0401093848,0.0401746184,0.0401035696,0.0388231017,0.0387421064,0.039149601,0.0395157747,0.0395922363,0.039126683,0.0399513207,0.0388221294,0.0376857221,0.0378986895,0.0359060429,0.0368242823,0.0367371291,0.0351030901,0.0378617793,0.0338288546,0.033972118,0.0337538049,0.0297646727,0.0283596739,0.0279601626,0.0266980678,0.0302451383,0.0289882738,0.0319970101,0.0228637047,0.0234974101,0.0259566754,0.0249401499,0.0252647549,0.0220939815,0.0197653361,0.0168033931,0.0151430229,0.0135640912,0.0124804396,0.01146062,0.0134286052,0.0123957209,0.0124755269,0.0120002208,0.0115458984,0.0107411649,0.0101826098,0.00914967153,0.00915030204,0.00815336499,0.00721180951,0.00746977795,0.0064830482,0.00627695955,0.00585654657,0.0050263931,0.00459253462,0.00407668063,0.00392596051,0.00348362909,0.00237765093,0.00279443781,0.00247032754,0.0020249472,0.00211640075,0.00175316003,0.00192139414,0.00174145831,0.00234631216,0.00166937208,0.00197612727,0.00168063364,0.000877565937,0.000738440664,0.000140940829,0.000930109643,,0.000209884485,0.000632739917,0.000278515043,,,2.84283888e-05,,,,,,,,,,0.000150970649,0.0004005144,0.000340842671,5.74025325e-05,0.000190118706,3.69108748e-05,,,,,,,,,,,,,,,,,
954,13.8889999,2026-08-30T08:55:55.144000+0000,-20.96453664622667,154.35972865432,0.0657812655,0.0708300918,0.0583515055,0.0557963476,0.0593742207,0.0594474934,0.0607161857,0.0663100481,0.0696693361,0.0689195395,0.068301186,0.0657319203,0.0666596442,0.0615900792,0.061281465,0.0611000136,0.0596347973,0.0582442135,0.0578198694,0.0577793457,0.056363754,0.0561427623,0.0551081859,0.05524249,0.0541969426,0.0536932684,0.0533093475,0.0525337048,0.0526806414,0.0506291017,0.0505830124,0.050762631,0.0491862558,0.0480982997,0.048664622,0.0487654917,0.046944838,0.0474967211,0.0472224802,0.0463625751,0.0463824756,0.0464453623,0.0462409034,0.044974979,0.0448410138,0.0450453945,0.0446584448,0.0440161452,0.0439379811,0.0431565121,0.0433174595,0.0428371504,0.0419328287,0.0420131609,0.0414841287,0.0406603105,0.0411166102,0.0402927436,0.0406580269,0.0402193852,0.0398246199,0.0391835682,0.0384530947,0.0384220928,0.0377895907,0.0391057581,0.0388922431,0.0379366912,0.0393613279,0.0381221473,0.0371957384,0.0375087,0.0351960361,0.0357242487,0.0351070613,0.0346929729,0.0359815881,0.0346185789,0.0319217443,0.0327332914,0.0293040201,0.027808832,0.0266691186,0.0266369227,0.0285238512,0.0289869029,0.0284456126,0.0221236702,0.0255373958,0.0257466473,0.0267601367,0.0258247331,0.0229639653,0.0206953399,0.0184333939,0.0153930308,0.0140740965,0.0130404383,0.0126206316,0.0134286052,0.0131457103,0.0126655316,0.0122402348,0.0117758978,0.0111911651,0.0106526073,0.0093896687,0.0091403015,0.00862336252,0.00763181271,0.00743978005,0.00701303734,0.00703696208,0.00600653794,0.00546639087,0.00523253344,0.0047266772,0.00383596518,0.00358362403,0.00301763462,0.00279443385,0.00287031545,0.00237495778,0.00234639738,0.00210315594,0.00210138271,0.00243146997,0.00204632175,0.00231937575,0.00214612018,0.000900627929,0.00127754745,0.000718422118,0.000990915578,0.000790065038,0.000301585125,0.000369790941,0.00014264221,0.000278410211,0.000185497804,,,,,,,,,,,,,0.000480504124,0.000210837781,0.000277404091,8.01266287e-05,0.000276921201,,,,,,,,,,,,,,,,,
955,14.0159998,2026-08-30T08:55:55.393000+0000,-20.964536654111665,154.35972866179,0.0716212168,0.0637401193,0.0660415217,0.0585163496,0.0584442094,0.0601474941,0.0661561862,0.0669700503,0.0692893267,0.0716495216,0.0709811598,0.0673019215,0.0660796389,0.0647500753,0.0608414561,0.0616200007,0.0595347881,0.05993421,0.0585498586,0.0574993342,0.0580637492,0.0561527573,0.0554881766,0.05493249,0.0545869395,0.0539932661,0.0535993427,0.0528137051,0.0514206365,0.0515691079,0.050433021,0.0502126329,0.0493362583,0.047808297,0.0481446199,0.048165489,0.0475448407,0.0472067147,0.0468424745,0.0466725677,0.0461524725,0.045505356,0.0460909009,0.0448949784,0.0450010188,0.0444154143,0.044048477,0.0438561924,0.0435780436,0.0430366024,0.0442575552,0.0430072509,0.0432429202,0.0416232347,0.0412641838,0.0416003466,0.041336637,0.0414627567,0.04105803,0.0409793854,0.0401746184,0.0396735705,0.0395831019,0.0384021066,0.0392896011,0.0400657728,0.038992241,0.0410566851,0.0392813198,0.038712129,0.0393757187,0.036328692,0.0376360416,0.0376842804,0.0353871286,0.0377630889,0.0369817764,0.0356788561,0.0362521186,0.031913802,0.0306146722,0.030679673,0.0247301646,0.0304980651,0.0307951402,0.0309582744,0.0334370136,0.0224836953,0.0239974037,0.0255166739,0.0251701344,0.0246547312,0.0230739713,0.0199853368,0.0170433912,0.0159930438,0.0118041001,0.0130904336,0.0121106235,0.0119486069,0.0129457228,0.0126755303,0.0115102259,0.0115458984,0.0107311662,0.00924259983,0.00913967285,0.00863029622,0.00861336384,0.00746180629,0.00722977985,0.0070130378,0.00633696653,0.00581655186,0.00523639517,0.00437254878,0.00443669269,0.00363596878,0.00323363231,0.00332764466,0.00319444458,0.00234032981,0.00180494657,0.00181641045,0.00129316119,0.00197138754,0.00208147313,0.00204632198,0.00243937457,0.001046116,0.000960624369,0.000887564616,0.000388442219,0.000610938354,5.01066679e-05,0.000201651972,0.000219883164,0.000202737094,0.000218508067,0.000255599618,,,,,,,,,,,,6.09676354e-05,0.000240520632,0.000410840876,0.000197406378,0.00041011945,,,,,,,,,,,,,,,,,,
956,14.1440001,2026-08-30T08:55:55.642000+0000,-20.964536661996664,154.35972866926,0.0647512898,0.072920166,0.0552215241,0.0595163591,0.0597942397,0.0603574887,0.0610862337,0.067160055,0.0690693259,0.0715195239,0.0673611537,0.0649019033,0.065169625,0.0604500696,0.0596714541,0.0597999878,0.0582547858,0.0573841967,0.0567398518,0.0560393333,0.0547737516,0.0542527474,0.0536681861,0.0532124937,0.0525469407,0.0514732711,0.0517993569,0.0504037254,0.0507106632,0.0487591289,0.0485530384,0.0489626564,0.0472162701,0.0469983071,0.0457246341,0.0462655015,0.0445048474,0.0448767245,0.0451124795,0.0444425792,0.0440624729,0.0442553572,0.0431909077,0.0433950014,0.0441310741,0.0434055105,0.043038629,0.0427864045,0.0422383323,0.0427169651,0.0421679616,0.0419476479,0.0417832732,0.0406535193,0.0414243974,0.0403105021,0.0403267257,0.0398228057,0.0403380394,0.0395493731,0.0387346037,0.0390235744,0.0377631299,0.0383821614,0.0394296609,0.0381658226,0.0393522531,0.0402166657,0.03818129,0.0394221023,0.0386557057,0.0366587043,0.0394461229,0.0358244628,0.0362074524,0.0374436267,0.0348726138,0.0373800285,0.0375936888,0.0299459212,0.0335773602,0.0289930776,0.0279643461,0.0311926492,0.0289802514,0.030283669,0.0345524326,0.0255237222,0.0235574432,0.0256467052,0.0259101503,0.0245547555,0.0237639919,0.0192253627,0.0165334251,0.0165230185,0.0116641,0.0122804325,0.0124306139,0.0116585931,0.0136557147,0.01224552,0.0117502119,0.0119958911,0.0107211638,0.00973260589,0.00966967363,0.0085903015,0.00836336333,0.00697181141,0.00684977416,0.00698304176,0.00699695759,0.00577655435,0.00538641727,0.00489255972,0.0046467036,0.00409599114,0.00310365856,0.00342766615,0.00269444799,0.0024303447,0.00242496189,0.00216641696,0.00142316695,0.00204140111,0.00162146322,0.00186631584,0.00172937906,0.00139611447,0.000790651888,0.000937601842,0.000438538205,0.000261071429,0.000200312003,,,8.31406069e-05,,,,,,,,,,,,,,,,4.08689375e-05,5.73985453e-05,,,,,,,,,,,,,,,,,,,
957,14.257,2026-08-30T08:55:55.891000+0000,-20.96453666988167,154.35972867673001,0.0588813089,0.0717701614,0.057871554,0.0565363653,0.0585842319,0.0613175109,0.0631662309,0.0658500642,0.0687593147,0.070559524,0.0694611669,0.0660018995,0.0655896291,0.0621500686,0.0607414395,0.0597799867,0.0591047704,0.0584241897,0.057199847,0.0564993285,0.0562737435,0.0552127361,0.0544481836,0.0531924926,0.0527369417,0.0516732745,0.0518893562,0.0508637242,0.0503506586,0.0495191365,0.0492030457,0.0486426577,0.0477362685,0.0474383049,0.0469646305,0.0465455018,0.0462848507,0.0456967279,0.0460924804,0.0457525738,0.0453824662,0.0452753529,0.0443709083,0.0456850044,0.0460210852,0.0447355323,0.0444386601,0.0439364538,0.0427684002,0.0428170525,0.043198064,0.0421777479,0.0422833599,0.0418835916,0.0409744568,0.040720541,0.0408067517,0.0404128209,0.0400280468,0.040629372,0.0395645984,0.0395635776,0.0387231372,0.0383821726,0.0385296755,0.0384258293,0.0397022516,0.0391666591,0.0386912748,0.039442081,0.0370256975,0.0378186926,0.0356061347,0.0358144939,0.0366575196,0.0356437415,0.034602806,0.0346203074,0.0338240638,0.0337664336,0.0307680145,0.0290039182,0.0279553887,0.0297037978,0.0268115457,0.0336150415,0.0286538247,0.0229037516,0.0244674701,0.0265167039,0.0258301701,0.0258547701,0.0222540032,0.0192153584,0.018253414,0.0155930417,0.0127140982,0.0132904351,0.0125306156,0.0125385961,0.0127757126,0.0127055189,0.01202022,0.0113358879,0.0107511608,0.0106826006,0.00892966799,0.00842029508,0.00836336333,0.00769180711,0.00765978824,0.00696304534,0.00670696842,0.00624655606,0.00521641364,0.00473257154,0.00506671425,0.00399599643,0.00378366513,0.00307767373,0.00280445232,0.00278034713,0.00233496167,0.00264641573,0.00200316729,0.00199139537,0.00198147679,0.00187631475,0.0023293742,0.00192611851,0.000670657144,0.000817613094,0.00120854715,0.000711103785,0.000650360424,0.000372002949,,0.000423243095,0.000119013595,0.000436064787,,,,,,,,,,,,1.04465289e-06,0.000530586054,,,,,,,,,,,,,,,,,,,,,
958,14.3690004,2026-08-30T08:55:56.148000+0000,-20.96453667802,154.35972868444,0.0595812872,0.0597301237,0.0647615343,0.0552663542,0.0572242253,0.0601274967,0.065596208,0.0670900345,0.0691693351,0.0714795217,0.0713911653,0.0658918992,0.064379625,0.0631800815,0.0608314425,0.0601199865,0.0592747778,0.0576341897,0.0571198575,0.0560393259,0.0557337366,0.054062739,0.0534781665,0.0528124832,0.0523669273,0.0519632623,0.0513193496,0.0503137112,0.0493706428,0.0490991175,0.0477330312,0.047772646,0.0470562577,0.0462482981,0.045934625,0.0458154939,0.0454748385,0.0447267219,0.0446524695,0.0442125686,0.0442124605,0.0437953435,0.0437409021,0.044814989,0.0446010493,0.0437954776,0.0430485792,0.0431763418,0.0427582525,0.0422968678,0.0430378579,0.0420775451,0.042143181,0.0411334522,0.0403743498,0.0409904681,0.0404067077,0.0402227938,0.0399480425,0.0401493758,0.0393846072,0.0387835689,0.0384331197,0.0374321416,0.0385596417,0.0381458029,0.0384922437,0.0392666645,0.038911283,0.0376620963,0.0388356932,0.0370186791,0.0368460789,0.0368343852,0.0350273326,0.0358934551,0.0360723622,0.0337396935,0.0345332511,0.0328753479,0.0306766406,0.0307521839,0.0240732655,0.030451484,0.0300489701,0.0281623397,0.0340411179,0.0251337253,0.0253474582,0.0262966901,0.0268001668,0.0246747751,0.0235439967,0.0198953524,0.0171834193,0.0161130354,0.0126441121,0.0127204396,0.0125306249,0.0123686111,0.0125257205,0.0130155291,0.011790229,0.0117958933,0.0107511645,0.0104226088,0.00915967114,0.00864029769,0.00785335992,0.00769180804,0.00686978735,0.00746303983,0.0064769676,0.00571656134,0.00535640493,0.00507256202,0.00481670629,0.00410598563,0.00378365396,0.00339766731,0.0027544538,0.00278034201,0.00245495746,0.00175641081,0.0020031638,0.00182139943,0.00186147599,0.00164631556,0.00232937397,0.00209612539,0.000970636727,0.000537597458,0.00114851003,0.00054104405,0.000370253285,3.18638049e-05,0.000220142334,0.000353050709,0.000208816957,0.000145880389,,,,,,,,,,,,,7.05551356e-05,,0.000207402481,,,,,,,,,,,,,,,,,,,
959,14.4779997,2026-08-30T08:55:56.397000+0000,-20.964536685905,154.35972869191,0.0695312768,0.0616601296,0.0634315163,0.0595763735,0.0595842153,0.0611074865,0.0667962059,0.0713800564,0.0708493218,0.0724395141,0.0722811446,0.068471916,0.0652496219,0.0638500601,0.0618214421,0.0604499802,0.059884768,0.0591941848,0.0580898412,0.0577793308,0.0565437451,0.0553927347,0.0548181683,0.0536724813,0.0539069325,0.0521432571,0.0526393466,0.0530037135,0.051250644,0.0506291166,0.0507630259,0.0487926453,0.0492562577,0.0481082983,0.0476246253,0.0467654914,0.0465748385,0.0463767163,0.0462324694,0.0461325683,0.0460024588,0.0450353436,0.0449908972,0.0426849872,0.0429510586,0.042625498,0.0414986126,0.041506391,0.0419883169,0.0411469527,0.0406679548,0.0408576466,0.0397732742,0.0395035259,0.039074406,0.0384505056,0.038806729,0.03849281,0.0390580408,0.0388893746,0.0383845977,0.0380235724,0.0373831242,0.0382121578,0.0374196582,0.0389758162,0.0388922505,0.0392266549,0.0394712724,0.0392220765,0.0388056785,0.038418673,0.0366360806,0.0370044149,0.0363873988,0.0367535688,0.0381825492,0.0359499641,0.0351636186,0.0351558514,0.0322272889,0.0295330063,0.0286342874,0.0297526121,0.0312202368,0.0311136879,0.0360724889,0.0241237376,0.0241974592,0.0266067069,0.0252201781,0.0252047554,0.0229139812,0.0200153738,0.017543437,0.0157730542,0.0132340956,0.0128404405,0.0130406152,0.0126186078,0.0125157228,0.0127655324,0.0124902241,0.0108858943,0.0102911666,0.00950261205,0.00868967362,0.0084102992,0.00811337028,0.00720181409,0.00710978732,0.0072030453,0.00648696814,0.00583656365,0.00539641781,0.00495256856,0.00420671888,0.00404600054,0.00304365461,0.00307767093,0.00320445816,0.00244034594,0.00216496852,0.00207641558,0.00188316719,0.00131139485,0.00192146958,0.00170632266,0.00202938356,0.00151611201,0.000960642239,0.000987607753,0.000898534083,0.000571071636,0.000700301724,0.000451935193,0.000580225023,0.000703149883,0.000178923598,0.000275972532,9.56625445e-05,,,8.37504631e-05,,,,,,,,9.10282251e-05,,,,,,,,,,,,,,,,,,,,,,
960,14.5860004,2026-08-30T08:55:56.645000+0000,-20.964536693758333,154.35972869935,0.0688812733,0.0637601167,0.0637615472,0.0597563162,0.0588542372,0.0615775026,0.0661462098,0.0691000596,0.0702493414,0.073169522,0.0706011653,0.0683819205,0.0645096302,0.0641500726,0.0614814498,0.0611799844,0.059714783,0.0588541962,0.0579298586,0.0572293364,0.0567637533,0.0559627451,0.0543381795,0.0538824871,0.0534269363,0.0526332706,0.0528393537,0.0517937131,0.0509806462,0.0508891232,0.050263036,0.0496626459,0.0495662652,0.0488582999,0.0485846289,0.0486054942,0.048134841,0.047946725,0.047902476,0.047742568,0.0475524664,0.0475353524,0.0471009053,0.0506649911,0.0503510572,0.0495054834,0.0478385873,0.0478263497,0.0474882573,0.0471568704,0.0465478562,0.0460775457,0.0453531817,0.0449034497,0.0440743491,0.0437404662,0.0430967025,0.0434227958,0.0426880419,0.0422093756,0.0410946049,0.0413335711,0.0406731218,0.0399921462,0.0403196476,0.0410958044,0.0397922471,0.0403166674,0.0401712917,0.0393021032,0.0389257036,0.0383086912,0.0371460915,0.0382644013,0.0360173509,0.0371634737,0.0367123857,0.0351597145,0.034683276,0.0328053683,0.0317166671,0.0300922059,0.0279532876,0.0289415047,0.0294889752,0.0317923315,0.0306811016,0.0244437382,0.0250374507,0.0245866887,0.0251701549,0.0247447472,0.022483984,0.0196853615,0.0170734152,0.0141730206,0.0123241069,0.0110904444,0.0118406238,0.0124786086,0.011575724,0.0124955364,0.0115402155,0.0106358957,0.0104911672,0.00945260096,0.00840966403,0.00865029451,0.00736336363,0.00739181694,0.00710978452,0.00694304798,0.00600696914,0.00483655743,0.00497640949,0.00472256262,0.00365671003,0.00339598954,0.00344365346,0.00228766375,0.00234444742,0.00233034091,0.0015749539,0.00246642064,0.00159315788,0.00158140087,0.00197147601,0.00139631855,0.00142937375,0.0019761268,0.000610640156,0.000757599017,0.000668514811,0.000261037523,0.000100260426,0.000141865341,0.000330143375,0.000153046742,,0.000185870798,,,,,,,,,,,,,,,,,,,,,,,,,,,,,,,,,,
961,14.6750002,2026-08-30T08:55:56.893000+0000,-20.964536701611667,154.35972870679,0.0743512735,0.0617401265,0.0639415011,0.0618263371,0.0581142232,0.0600074902,0.0631462336,0.0661500543,0.0685593486,0.0703195333,0.0691911653,0.0669818968,0.0639096275,0.0627300814,0.0604014471,0.059609998,0.0584247783,0.0578141995,0.0568398535,0.0558593422,0.0547737516,0.0539727397,0.0534781814,0.0521324947,0.0517769456,0.0512832738,0.0514093563,0.0511537232,0.0499106571,0.0499491282,0.0493730418,0.047852654,0.0482762717,0.0471483096,0.0469746329,0.0458854996,0.0459148474,0.045406729,0.0451824851,0.0444425792,0.044212468,0.0440953597,0.0442109071,0.0446650013,0.044211071,0.0436355099,0.0431186259,0.0428664051,0.0419983305,0.0414669625,0.0422379635,0.0405876487,0.0406732708,0.0403635167,0.0393443964,0.0393804982,0.0392667279,0.0384328067,0.0383380391,0.0387493707,0.0380946025,0.0370035768,0.0380531326,0.0364221595,0.0367296599,0.0375958234,0.0373522565,0.0374766663,0.0379212871,0.036062099,0.0363257043,0.035068702,0.0341761261,0.0351544619,0.033657454,0.0326436274,0.034722615,0.0317100286,0.0323236883,0.0295159221,0.025027357,0.0266630724,0.0233943462,0.0253126584,0.0275702514,0.0232536644,0.0308824237,0.0229937434,0.0249974616,0.0264766999,0.0264201574,0.0245747529,0.0229239836,0.0202553608,0.0170434024,0.0154930213,0.0135040954,0.0129404347,0.0135306176,0.0136086037,0.0133057162,0.0127855232,0.0115502086,0.011785889,0.01120116,0.00993260927,0.00959966797,0.00930029713,0.00780336279,0.00815180503,0.00750977639,0.00712303817,0.00727696531,0.00601655245,0.00526641821,0.00460256822,0.00489671528,0.00438599754,0.0040936619,0.00306766899,0.00332445418,0.00278034317,0.00284496602,0.00241641374,0.00262315734,0.00193140074,0.00174146227,0.00240631914,0.00255937362,0.00174612785,0.00125065073,0.000877609767,0.000378531229,0.000411066518,0.000530313118,0.000231938,4.02239384e-05,0.000203139658,0.000488919672,0.000265961047,,,,,,,,,,,,,,8.66770279e-07,7.39769894e-06,,,,,,,,,,,,,,,,,,,
962,14.7580004,2026-08-30T08:55:57.144000+0000,-20.96453670956,154.35972871432,0.0650612712,0.0672201663,0.0628414899,0.0582963601,0.0585842282,0.0601674952,0.0642462224,0.0648200586,0.0689493343,0.0697495267,0.0702311695,0.0662319213,0.0652596354,0.0625400767,0.0601214506,0.060219992,0.0591047741,0.0586141981,0.0569398552,0.057239335,0.0559137464,0.0547327437,0.0540381745,0.0539824888,0.0531269386,0.0523432717,0.052649349,0.0514137112,0.0517806523,0.0509691201,0.0496930294,0.0499726497,0.0491762646,0.0485483035,0.048444625,0.0475754961,0.0470248461,0.0467467196,0.0464624725,0.0466725677,0.0461524688,0.0458153524,0.0458509065,0.0457649939,0.045001056,0.0451254845,0.0444385856,0.0437863506,0.0432982557,0.0436968692,0.043277856,0.0433775485,0.0430431813,0.0425134525,0.0423143506,0.0418504663,0.0416067056,0.041172795,0.0409680419,0.0413793735,0.0398646072,0.0399535708,0.0393831208,0.0394321457,0.0399196446,0.0399058051,0.03943225,0.0401766673,0.0387312919,0.0393821001,0.0387057029,0.0373486914,0.0373160914,0.0372544006,0.035937354,0.036963474,0.0364823863,0.0348897129,0.0340532735,0.0338253677,0.031766668,0.0278022103,0.0286232885,0.0305014923,0.0270189736,0.0327823348,0.0275311004,0.0217037424,0.0239674579,0.0256566815,0.0253501609,0.0256747585,0.0227639768,0.018795345,0.0176434144,0.0145630436,0.0130840959,0.0128404368,0.0116806151,0.0125186034,0.0122057153,0.0117655285,0.0118002258,0.0113458913,0.0100711631,0.00973260868,0.00867967308,0.00866030809,0.00813336577,0.00663181301,0.00660977606,0.00684304629,0.0060269665,0.00621655397,0.005356404,0.00508255977,0.00457670726,0.00395598961,0.00420365715,0.00353766256,0.00316444342,0.00291033881,0.00251496397,0.00265641045,0.00268316292,0.00217139744,0.00204146677,0.00199631369,0.00196937704,0.00140612759,0.00139064144,0.000877598068,0.000958506367,0.00044104355,0.00072025304,0.000811866252,0.000650145812,5.30450488e-05,0.000378821744,0.00057587889,,,,,,,,,,,,,,0.000370857713,,0.000120098353,,,,,,,,,,,,,,,,,,
963,14.8430004,2026-08-30T08:55:57.400000+0000,-20.964536717666668,154.359728722,0.0544412583,0.0690101311,0.0655714869,0.0511863492,0.0574442185,0.0586374924,0.0637961999,0.0617200397,0.0678893253,0.0695095286,0.0696411803,0.0631119162,0.0622896254,0.0622800812,0.057371445,0.0590099916,0.0568647906,0.0567642003,0.0554198585,0.0556793287,0.0551737361,0.0532027483,0.0528881699,0.0522324853,0.0517769307,0.0504132584,0.0509293415,0.0511637032,0.0488306321,0.0508091003,0.0486430153,0.0469826311,0.0484262556,0.0463982932,0.0464546159,0.0456654839,0.0462148301,0.0453367084,0.0456324741,0.0459125675,0.0439024642,0.0441753455,0.0438208953,0.0437149741,0.0439710245,0.0433254279,0.043428503,0.042646233,0.0429681093,0.0424866825,0.0418176539,0.0418573506,0.0410930067,0.0411933064,0.0409542397,0.040120393,0.0401966646,0.0400327742,0.0398180336,0.0398393832,0.0396246128,0.0391435698,0.0386631042,0.0385921113,0.0385596119,0.0394857824,0.0394322388,0.0395066701,0.0394313,0.038792111,0.0388857014,0.0381186679,0.0361460336,0.037504293,0.0362071693,0.0362531841,0.0367119424,0.0347091034,0.0344524644,0.0338842869,0.029265292,0.0312704705,0.0266211666,0.028199181,0.031766396,0.0298296325,0.0306784026,0.0256537255,0.0252374373,0.0259466767,0.0271601379,0.0253047589,0.0223839972,0.0205053687,0.0180334039,0.0160230324,0.0142341126,0.0131204482,0.0127606299,0.0134486062,0.0132557154,0.0130155329,0.012020234,0.011795897,0.0116611803,0.00993261579,0.00936967507,0.00934030954,0.00830336194,0.00839180499,0.00762977451,0.00792305358,0.0074069621,0.00658654468,0.00579640036,0.00516255526,0.00444669835,0.00410597352,0.00444364408,0.00329765561,0.00328445225,0.00278033596,0.00255495519,0.00229641004,0.00205315324,0.00194139453,0.00186147413,0.00158632349,0.00243937434,0.00180611899,0.000910634641,0.000637577148,0.000448469043,0.000540977984,0.000610153249,0.000411720132,0.000589963864,,,,,,,,,,,,,,,,5.05317585e-05,,1.74072266e-05,,,,,,,,,,,,,,,,,,,
964,14.9219999,2026-08-30T08:55:57.642000+0000,-20.964536725329996,154.35972872925998,0.0633512661,0.0595601201,0.0571615137,0.0561463572,0.0550342314,0.0573574901,0.0611262135,0.0670600608,0.0664893389,0.0687095225,0.0665611774,0.0641119108,0.0625196323,0.0604000799,0.0591414571,0.0582199991,0.0579047948,0.0572041944,0.0558598675,0.0555793345,0.0554437526,0.0544527546,0.0533781759,0.0527124889,0.0532369427,0.0519532673,0.0517793484,0.0513237119,0.0509706438,0.0501991138,0.0496830195,0.0487926379,0.0480362624,0.0474282987,0.0477746278,0.0470654927,0.0469548367,0.0463767201,0.046392478,0.0459825732,0.0458424687,0.0450353585,0.0446809009,0.0443449803,0.0447610356,0.0434854403,0.0432785153,0.0434062444,0.0426881164,0.0423566923,0.042337656,0.0414773487,0.0414530076,0.0409333035,0.0400442369,0.0401203856,0.039626658,0.0401427671,0.0395280309,0.039179381,0.0391546153,0.0387435742,0.0384331085,0.0377221182,0.0386896171,0.0385957845,0.0379922464,0.0396166779,0.0378113091,0.0393321216,0.0385757163,0.0362786949,0.0373360664,0.0365843251,0.0356572047,0.0366632231,0.0349619836,0.0332991481,0.0351625048,0.0311643295,0.0306753404,0.0295905136,0.0260112062,0.0296392143,0.0273664091,0.0280096121,0.0327183604,0.023013711,0.0235774107,0.0256466791,0.0259501562,0.0245747436,0.0230639894,0.0191053376,0.016803395,0.0142830173,0.012934099,0.01220043,0.0126906186,0.0121986018,0.0127757145,0.0125255333,0.0115602314,0.0113458931,0.0102911647,0.00996260904,0.00939966738,0.00890030526,0.00811336935,0.00772181666,0.00741977058,0.00749304891,0.00640695821,0.00624654302,0.00565640256,0.00482255407,0.00415669056,0.00410597213,0.00331364269,0.00298764976,0.00320444605,0.00301033352,0.00220495556,0.00207640813,0.00216315268,0.00171139406,0.00210147141,0.00181632244,0.00155937171,0.00156612182,0.00138063345,0.00134757441,0.000338470651,,0.000590158452,0.000591728487,0.000589965261,0.000202837211,0.000228606863,0.000235692598,5.42355701e-06,,1.16531737e-05,,,,,,,,,,,0.000120847864,,,0.000466904719,,,,,,,,,,,,,,,,,
965,14.9919996,2026-08-30T08:55:57.890000+0000,-20.96453673318333,154.3597287367,0.0681712553,0.0554801263,0.0642514899,0.0558363535,0.0545842163,0.0559474826,0.064806208,0.065540053,0.0651893243,0.0684095249,0.0685311556,0.066181913,0.0608196259,0.0619500801,0.0588914528,0.0581999943,0.0581447855,0.0584241934,0.0562298596,0.0557593368,0.0561937541,0.0541527458,0.0540481731,0.0528024882,0.0533269346,0.052053269,0.0518793501,0.0515237078,0.0508006439,0.0512291156,0.0501130261,0.0483926423,0.0491062626,0.0475082956,0.0471846238,0.0465354882,0.0467248373,0.0461467206,0.0455524735,0.0459025651,0.04631247,0.0450353548,0.0444409028,0.0450549833,0.0452310443,0.0448854603,0.0441985503,0.043566294,0.043728184,0.0427367762,0.0429777578,0.042297449,0.0417930931,0.0415433757,0.0405042917,0.0403904244,0.0405266806,0.0395127833,0.0400080383,0.0395693779,0.0390146114,0.0380435735,0.0385731123,0.0379321314,0.0388396308,0.0389457941,0.0387622453,0.0388066694,0.0390613005,0.0390221104,0.0376857072,0.0380286872,0.0357560702,0.0360643566,0.0365672708,0.0362533368,0.0370721743,0.0331194177,0.0352328755,0.0328648314,0.0302159861,0.0306413434,0.0279822294,0.026860334,0.0327276736,0.0281609632,0.0315997265,0.0249937288,0.0250574369,0.0260666944,0.0255601425,0.0254147593,0.0232439712,0.0203253627,0.0178034194,0.0157530494,0.0135741066,0.0133904386,0.0132906288,0.0130986031,0.0132857226,0.0125355329,0.0120102307,0.0113258958,0.0107311662,0.00994261168,0.00961966906,0.00911030825,0.00831335783,0.0081318086,0.00758977979,0.00739304814,0.00739696342,0.00672655785,0.00574640883,0.00507255597,0.00493669836,0.00420598034,0.003963653,0.00338766235,0.00323444605,0.0029503305,0.00240496127,0.00286641042,0.0024531614,0.00153139047,0.0022014745,0.00240631914,0.00213938439,0.00198612548,0.0010206406,0.0012175868,0.000658493896,0.000701005687,0.000750214444,0.00039179239,0.000740045914,0.000712945184,0.000398717006,8.57920386e-05,,,,0.000103684724,,,,,,,,,0.000180540897,0.000250852609,0.000447401399,,6.68932917e-05,,,,,,,,,,,,,,,,,
966,15.0559998,2026-08-30T08:55:58.144000+0000,-20.964536741226667,154.35972874432,0.0702312663,0.0602701455,0.0629115254,0.0607063584,0.0578942187,0.0597175136,0.0643762276,0.0689900592,0.067789346,0.0715195239,0.0698011592,0.0682719201,0.0630396307,0.0635600835,0.0616614446,0.0607199892,0.0603047833,0.0598941967,0.0588998534,0.0577693433,0.0579437502,0.0561527535,0.0557781793,0.0545424931,0.0544869415,0.0536932759,0.0533993579,0.0539237186,0.0509706512,0.0511391237,0.050833039,0.0491026491,0.0490262657,0.048178304,0.0485146344,0.0469854958,0.0471648462,0.0462967232,0.0459324792,0.0459725745,0.0456924736,0.0450353585,0.0446809083,0.0441049971,0.043341063,0.0431754887,0.0423485897,0.0426463522,0.0421482585,0.041326873,0.0415278599,0.0412175469,0.0405331813,0.0403034464,0.0396143459,0.0393204615,0.0390867032,0.0392827913,0.03900804,0.0386393741,0.0381346047,0.0379035734,0.0374431238,0.0368921459,0.0376296453,0.037845809,0.0384222493,0.0385666713,0.0386612974,0.038322106,0.0373857096,0.0373186991,0.0352061056,0.0360744148,0.0349373706,0.0351034924,0.0351024047,0.0342697352,0.0333432965,0.0325553939,0.0318166912,0.0289822333,0.0260233097,0.0290615186,0.0310089812,0.0293023232,0.0345610827,0.0226237364,0.0253574345,0.0261966959,0.0263001658,0.0246747676,0.0220539924,0.0194453597,0.0172234066,0.014713035,0.0125641013,0.0128204357,0.0121706221,0.0124686072,0.0127557153,0.0122455219,0.0120202247,0.0108758919,0.0102811642,0.00971261039,0.00866967253,0.009120306,0.00808335654,0.00740181422,0.00735978037,0.00719304383,0.00673696119,0.00650655944,0.0056164139,0.00443255575,0.00514670601,0.00462599006,0.00396365812,0.00324765523,0.00315444381,0.0026103328,0.00220495928,0.00234640623,0.00229316927,0.00171139813,0.00168146926,0.0019363215,0.00119937456,0.00151611352,0.000560647459,0.00134759629,0.000628506183,0.000431046064,0.000670260924,0.000211857288,0.000430145767,0.000323038606,0.000318812206,4.58700815e-05,,0.000118597643,,,,,,,,,,,,,6.74056646e-05,6.01000211e-05,1.68865081e-05,,,,,,,,,,,,,,,,,
967,15.1199999,2026-08-30T08:55:58.400000+0000,-20.964536749333334,154.359728752,0.0754012465,0.0694101527,0.0592014901,0.061026372,0.0598542243,0.061327491,0.0633462295,0.0684900656,0.0693693459,0.0711295307,0.0693111792,0.0673919171,0.0641996264,0.063000083,0.0603714548,0.0597699992,0.0591047816,0.0582542047,0.0570098646,0.0565893352,0.0559737571,0.054802753,0.0540481769,0.0533924885,0.0533169396,0.0525332689,0.0524593517,0.0521637164,0.0510706492,0.0506291166,0.04977303,0.0498126447,0.0488862656,0.0484082997,0.0477046259,0.047655493,0.0469448417,0.0469767191,0.0463824794,0.045822572,0.0457624719,0.0450353585,0.0452209041,0.0449749902,0.044921048,0.0446554609,0.0446685515,0.0445462987,0.0442581847,0.0439967848,0.0438077599,0.0435374491,0.0432730913,0.0427433737,0.0429442897,0.0424004197,0.042426683,0.0425027795,0.0427680351,0.0420793779,0.0416446105,0.0420935713,0.0400031172,0.0409421287,0.0416196287,0.0409657955,0.0411722437,0.0418266729,0.0402113013,0.0402021185,0.0390857123,0.0370986946,0.0376160853,0.0370743684,0.0372072905,0.0363933556,0.0361621939,0.0357794389,0.035782896,0.0298148561,0.0335760117,0.0295913629,0.0247222483,0.029860355,0.0282176882,0.0269509591,0.0338397101,0.02108372,0.02357742,0.0267366767,0.0262901466,0.0250047352,0.0231739916,0.0197653435,0.0171634108,0.0160030276,0.0124740992,0.0124704391,0.0125206234,0.0119386045,0.0125057194,0.0120655326,0.0110802175,0.0115558933,0.0105011649,0.00923259929,0.00911967363,0.0088302996,0.0083133569,0.00763181364,0.0067997789,0.00692304969,0.00686695799,0.00597655168,0.00574640837,0.00468254741,0.00448669773,0.00407598168,0.00330365007,0.00270764693,0.00345444586,0.00224033394,0.00254495721,0.00251641148,0.0018931604,0.00199138885,0.00174146029,0.00175631547,0.00219937647,0.0021561184,0.00149063882,0.00138758007,0.00059848791,0.000891011558,0.000630216673,0.000681799953,0.00037005078,0.00060294423,0.000258718035,0.000485779601,0.000145495287,,,0.000163678778,,,,,,,,,0.000220541551,0.000230854173,,,,,,,,,,,,,,,,,,,,
968,15.1809998,2026-08-30T08:55:58.641000+0000,-20.964536756965,154.35972875923,0.0702112615,0.0616301149,0.0661315247,0.0592663512,0.0585442223,0.060307499,0.0656961799,0.0659200549,0.0680593178,0.0699895248,0.0715511814,0.0653119311,0.0647196397,0.0642700791,0.0595814548,0.0606400073,0.058484789,0.0578741953,0.057179857,0.0571293347,0.055713743,0.0542427525,0.0540481694,0.0531924851,0.052336935,0.0515632629,0.0523593388,0.0510537028,0.0501706339,0.0512291044,0.0488830134,0.0483126268,0.0481962562,0.0466882922,0.0462946147,0.0463954881,0.0459148362,0.0453967117,0.0451724753,0.0452125631,0.0441324674,0.0444153547,0.0431908965,0.0454449728,0.044761017,0.0448154099,0.0436684787,0.0436461903,0.0438680388,0.0426565968,0.0433375537,0.0427772515,0.0423529223,0.0414032377,0.0406441875,0.0407903492,0.0401566364,0.0403727628,0.039638035,0.0405093879,0.0406846181,0.0393635705,0.0390930995,0.038512107,0.0380595997,0.0394557714,0.038592238,0.0395066775,0.0392113142,0.0392121226,0.0380557142,0.0376486778,0.0355860293,0.0364142656,0.0357471108,0.0357530676,0.035661757,0.0341788307,0.0342120938,0.0307737775,0.0327146538,0.0289596468,0.0273301434,0.0275580585,0.0277651399,0.0322482847,0.0306770336,0.0229537096,0.0237674229,0.0253066607,0.0255801287,0.0248147435,0.0226639844,0.0195053443,0.0172334146,0.0155030387,0.0118440986,0.0131104328,0.0124906208,0.012758607,0.0131757241,0.0119755361,0.0111002224,0.010885898,0.0102811679,0.010202609,0.00958967488,0.00859030243,0.00832335837,0.00733180996,0.00660977326,0.00773304794,0.00624696445,0.00639655069,0.00519640092,0.00396254379,0.00481668767,0.00371597405,0.00372364325,0.00302764052,0.00324443891,0.00278033223,0.0019349599,0.00180641236,0.0022331567,0.00141138746,0.00134146691,0.00187631475,0.00184937788,0.000986123458,0.000600626576,0.000987565494,0.000428450847,0.000590939773,0.000410117442,0.000611656229,0.000379876234,0.000132746936,8.85128975e-05,0.000235606567,,,,,,,,,,,,,,0.000140840362,,,,,,,,,,,,,,,,,,,,
969,15.2810001,2026-08-30T08:55:58.890000+0000,-20.964536764849996,154.3597287667,0.0472312234,0.0725900903,0.0648915023,0.0517363138,0.0598242022,0.0601375028,0.0667462051,0.0616700314,0.0697193369,0.0695995316,0.070261158,0.0636419281,0.065319635,0.064000085,0.0592114627,0.0607199967,0.0597747862,0.0590242073,0.0569898672,0.0576693378,0.0564637482,0.0558527485,0.0556781702,0.0538724847,0.0542869307,0.0533932559,0.0536793359,0.0524437018,0.0515006334,0.0525990948,0.0494430065,0.0500426218,0.0496462472,0.0480982922,0.0479146168,0.0479454808,0.0473948307,0.0462967083,0.0468424708,0.0461325683,0.0456024669,0.0462853536,0.0450708941,0.0453649648,0.0453910045,0.0451253876,0.0448184386,0.0447861366,0.0441079699,0.044056505,0.0442174524,0.0428371504,0.0434728339,0.042723164,0.0427341312,0.0424003117,0.0426766165,0.0424927473,0.0421680324,0.0419393852,0.0413546227,0.0409935676,0.0410330892,0.0405620895,0.0410295874,0.0406757556,0.0403622389,0.0411966816,0.0412413217,0.0399621315,0.0395057201,0.0394886807,0.03880601,0.038354218,0.0371170267,0.0377629288,0.0371215455,0.0358585343,0.0362617001,0.0328732431,0.0316239707,0.0317987874,0.0279590804,0.0310768858,0.0307938382,0.0308069177,0.0325156599,0.0217936747,0.0239174087,0.0258366559,0.0257001352,0.0249047428,0.0230739731,0.0196253546,0.0163934026,0.0148930447,0.0120541016,0.0119204428,0.0115906242,0.0117886029,0.0122157177,0.0122755431,0.0118002379,0.0108858999,0.0100611681,0.00948261563,0.00892967358,0.00865029451,0.00810337346,0.00740181562,0.00665978063,0.00666304026,0.00571695901,0.00575654302,0.00539640151,0.00426254375,0.00399668561,0.0039059578,0.00382362399,0.00284764427,0.00279443571,0.00256032846,0.00176495046,0.00229640515,0.00189315481,0.00124139304,0.00134146586,0.00187631475,0.00167938543,0.00104611553,0.000560626737,0.000597546343,,0.000160903641,0.000270056596,,7.97831453e-05,0.000462630938,,,,,,,,,,,,,,,,,,,,,,,,,,,,,,,,,,,,
970,15.4040003,2026-08-30T08:55:59.144000+0000,-20.964536772893336,154.35972877432,0.0654111803,0.0597800501,0.0661614463,0.0550262779,0.0583641939,0.0587474778,0.0665561482,0.0654600337,0.0689093322,0.0698695034,0.0708911791,0.0654419363,0.0637696236,0.0638900772,0.0596714579,0.0600299984,0.0595247857,0.0584241897,0.0569198504,0.0572293252,0.0565537401,0.0555027425,0.0540381521,0.0546624698,0.0529369116,0.0525332354,0.0524593107,0.0517036654,0.0507105924,0.0513990559,0.0491229594,0.0493425764,0.0485062152,0.0472882614,0.0473345928,0.0469154641,0.0465848148,0.0461566932,0.0469324589,0.0455225483,0.0455324575,0.0448753387,0.0446008742,0.0448149219,0.0450009219,0.0440352522,0.0438182354,0.0440158546,0.0433575921,0.0433160402,0.0431969352,0.0423166566,0.0426323973,0.0416228138,0.0414538682,0.0413301326,0.0412065051,0.0410926901,0.041278027,0.0413094051,0.0403946415,0.0405535623,0.0398130454,0.0395520106,0.0398195088,0.0404856913,0.0401322171,0.0416566916,0.0409813449,0.0399621539,0.0399957076,0.0386986285,0.0380258597,0.0381039344,0.0368365571,0.0372621976,0.0386804268,0.0356769897,0.0369696617,0.0348405205,0.0316705368,0.0329744443,0.0273037739,0.0320510939,0.029177418,0.0302701872,0.0338289328,0.0242336411,0.0225973651,0.024956625,0.0247401241,0.023604732,0.0221539773,0.0201353244,0.0163134113,0.0153330564,0.0122141251,0.0122004487,0.0122306515,0.0116486242,0.0125657292,0.0118255597,0.0108602494,0.0108859167,0.0102911787,0.00973262358,0.00916968193,0.00841030106,0.00785337202,0.00746181095,0.00718976837,0.00720304623,0.00644696457,0.00541653065,0.00505638914,0.00431251433,0.00399665767,0.00382594066,0.00326359645,0.00257761357,0.00253442815,0.00221031765,0.00193495012,0.00212638988,0.00138315419,0.00164137641,0.00122146308,0.00158632384,0.00149937882,0.0013461191,0.000670600042,0.00145749457,0.00101831218,0.000940736383,0.000799812318,,0.000479353126,0.000492139021,0.000307914568,0.000325075816,9.4908406e-05,,,,,,,,,,,,,5.08120575e-05,0.000187414524,,,,,,,,,,,,,,,,,,,
971,15.5240002,2026-08-30T08:55:59.393000+0000,-20.96453678077833,154.35972878179,0.0705611929,0.0548200384,0.0661314577,0.0588263124,0.0584741943,0.0589174703,0.0670961663,0.0681500286,0.0689993426,0.0705495104,0.0700511709,0.06780193,0.0622696392,0.063850075,0.0604014583,0.0598400198,0.0596147962,0.0590242036,0.0581998527,0.0569493212,0.0574037358,0.0554827489,0.0541381575,0.0539724752,0.0539069213,0.0520432331,0.0523493141,0.0529936627,0.0507105924,0.0517390557,0.0504329689,0.0491825826,0.0494062155,0.0482582673,0.0481445901,0.0476454645,0.0471648127,0.0466766916,0.0472324602,0.046212554,0.0463124625,0.0458153412,0.0449908748,0.0457649268,0.0453909151,0.0462952331,0.0452782065,0.0452358052,0.0453075282,0.043855954,0.0440168381,0.0436465591,0.0431323089,0.0425227433,0.0425238125,0.0424000882,0.0432464816,0.0432126746,0.0428380184,0.0427594073,0.0430446453,0.0421835594,0.0418930389,0.0418520011,0.041059494,0.0422856808,0.0421422161,0.0415167026,0.04205136,0.0401121676,0.0393457264,0.0395686366,0.0385158509,0.0386039056,0.0375664979,0.0369620845,0.0378202423,0.0362167209,0.0347592905,0.0347100161,0.0311698932,0.0306336246,0.031152755,0.0281299744,0.0318561494,0.0316388346,0.030867558,0.0213236399,0.0236973558,0.0256266296,0.0258301049,0.024554735,0.0223439597,0.0195353348,0.0173633993,0.0142130516,0.0130141061,0.0118704457,0.0116406549,0.0119886231,0.0118857278,0.0123055549,0.011810258,0.0102059161,0.0107511766,0.0102026202,0.00841969065,0.00814030506,0.00787338335,0.00692180637,0.00692977058,0.00717304926,0.00614695763,0.00602653529,0.00539638475,0.00499250833,0.00424664794,0.00434592506,0.00373360212,0.00348760677,0.00306442892,0.00277031446,0.00280493661,0.00304639968,0.00240315101,0.0023413857,0.00216145674,0.00223631226,0.00202938356,0.00256612245,0.00102059427,0.000877486542,0.000218292786,0.000590706477,0.000329767528,0.000251173711,5.92634606e-05,0.00010203007,,0.00010498031,,,,,,,,,,,,3.08639137e-05,,0.000330805226,0.000207412668,0.000310163217,,,,,,,,,,,,,,,,,,
972,15.6450005,2026-08-30T08:55:59.640000+0000,-20.9645367886,154.3597287892,0.062661238,0.0680600554,0.0610414408,0.0596262887,0.0609441958,0.0619574971,0.0654361695,0.0686600506,0.0720693395,0.0727395341,0.0723211542,0.0671519414,0.0672396347,0.0645300746,0.0621314533,0.0627000108,0.0620047934,0.0603842065,0.0600198545,0.0595893376,0.0589437485,0.0582227483,0.0572081693,0.0562724806,0.0561169349,0.055613257,0.0549993329,0.054743696,0.0546406172,0.0535290875,0.0527929924,0.0523226075,0.0515362434,0.0510082804,0.050124608,0.0501454771,0.0495348275,0.0495867096,0.0493424684,0.0488925651,0.0487024672,0.0480753556,0.0478808917,0.0451349542,0.0444509797,0.043955341,0.0441983677,0.0435560308,0.0427678227,0.0428763218,0.0423372462,0.042236954,0.0423426554,0.0412130207,0.0407240242,0.040470235,0.0406765677,0.0405427255,0.0402780287,0.0402393937,0.0391746275,0.0391035676,0.0385730714,0.0384720601,0.0390195586,0.0386557318,0.0389222316,0.0390566885,0.0389513411,0.0387121476,0.0371157229,0.036218673,0.0375059694,0.035414122,0.0353868604,0.0354826637,0.0340411216,0.0347179435,0.0333409086,0.031852182,0.03017262,0.027247075,0.0260469746,0.027664585,0.0277612768,0.0301242098,0.031792935,0.0235936549,0.0235974006,0.0247866455,0.023880126,0.024364749,0.0223339777,0.0181453321,0.0172633864,0.0152430432,0.011914107,0.0123104379,0.01125063,0.0123386094,0.012595729,0.0117355445,0.0118102422,0.0106559051,0.00982117187,0.0104326112,0.00842968188,0.00787030812,0.00813337136,0.00710181054,0.00709977979,0.00696304534,0.00624696119,0.00590653205,0.00491638435,0.00409252662,0.00456667272,0.00388594833,0.00312361494,0.00302762538,0.00271444023,0.00217031431,0.00198494736,0.00150640123,0.00176315312,0.00141138141,0.00134146388,0.00129631686,0.0014993794,0.00127611496,0.00125061499,0.00161752373,0.0014083744,0.000860834494,0.00122996583,0.000551441335,0.000769622158,0.000912428892,0.000848212396,0.000945328036,0.000185123179,,7.14901835e-05,,,,,,,,,0.000430927321,0.000270478951,0.000350824324,0.000367409491,0.00079014129,9.69343819e-05,,,,,,,,,,,,,,,,,
973,15.7810001,2026-08-30T08:55:59.889000+0000,-20.964536796485,154.35972879667,0.0564811379,0.0687400401,0.0678614229,0.0524163097,0.0604441874,0.0606974773,0.0657761618,0.0629700273,0.069779329,0.0697195157,0.0714211613,0.0628119558,0.0644496456,0.0645500943,0.0595614724,0.0593900308,0.0602147989,0.059654206,0.0576398633,0.0576793365,0.0564537495,0.0546027571,0.0548981689,0.053972479,0.0529269241,0.0516532511,0.0527293198,0.0520736687,0.0501705967,0.0517390557,0.0496129654,0.0488625802,0.0491762199,0.0478782691,0.0474045947,0.0471354723,0.046424821,0.0467567034,0.0458524674,0.0457425602,0.0452924632,0.0455053523,0.0452208817,0.0460849255,0.0452309139,0.0448152199,0.044358179,0.0438657664,0.0433674641,0.0438358672,0.0434167348,0.0433664583,0.0423522145,0.0419126675,0.0417237543,0.0414600447,0.0412864499,0.041092664,0.0411380194,0.0408394076,0.0399746522,0.0397335626,0.0393830352,0.0394919924,0.0400794819,0.038775675,0.0390222147,0.0398667119,0.0382513776,0.0394921862,0.0386757478,0.0383886546,0.0378758609,0.0371638983,0.0362064503,0.0369619876,0.0359800756,0.0348064676,0.0346789397,0.0318495259,0.0311192572,0.0300628096,0.0273017343,0.0297388472,0.0317548625,0.027467452,0.0317861475,0.0237636268,0.0232073274,0.0251965951,0.0247401018,0.0249147359,0.0223839749,0.019255301,0.0164033659,0.0149030285,0.0117741162,0.0123304557,0.0118706524,0.0118486239,0.0121357357,0.012275557,0.0120302578,0.0108859139,0.0109811733,0.00973261986,0.00866968557,0.00937030371,0.00739337085,0.00764181372,0.00689977175,0.00696304534,0.00701695913,0.0060265311,0.00491636945,0.00448249467,0.00358663825,0.00375592033,0.00354358903,0.00252760691,0.00248441077,0.00199030805,0.00149494247,0.00185638969,0.00120314269,0.00148137717,0.00169145735,0.00176631438,0.00179938448,0.00121612288,0.000670592126,0.00141748029,0.000618264428,0.000600674131,0.000779720722,0.000411100104,0.000529174344,0.000311928859,0.000457699527,0.00028487097,,,,,,,,,,,,,,0.000120794924,0.000187415921,2.01736984e-05,,,,,,,,,,,,,,,,,,
974,15.9289999,2026-08-30T08:56:00.144000+0000,-20.96453679928,154.35972879112,0.0702411458,0.0628500059,0.0705813989,0.0581162833,0.058724191,0.0598574579,0.066036135,0.0680600107,0.069069311,0.0719095021,0.0716411471,0.0684119239,0.0640796348,0.0657900795,0.0613914579,0.061930012,0.0602947921,0.060324192,0.0588998422,0.0583993122,0.0582237393,0.0570027381,0.0564481467,0.0561924614,0.0541769043,0.053783223,0.0537792891,0.0539236441,0.0522305705,0.0532790273,0.0520729385,0.0498825535,0.049936194,0.0489982478,0.0483645722,0.0479354486,0.0477648005,0.0473466814,0.0472924486,0.0467425361,0.0466924496,0.0460453369,0.0459308587,0.0463948958,0.0466508642,0.045365151,0.044908084,0.0456856377,0.0447773039,0.0441556722,0.0452165231,0.0437462628,0.0437720455,0.0439425334,0.0428836532,0.0431499816,0.0428664126,0.0423726439,0.0423080213,0.0426194184,0.042004656,0.0408135578,0.041053012,0.0406519547,0.039879445,0.0412156396,0.0403621979,0.0416867062,0.0411613733,0.0394221805,0.0414857194,0.0384385996,0.037955761,0.0391837358,0.0380162112,0.0375816338,0.0399695672,0.0364657864,0.037038058,0.0341883712,0.0314678177,0.0323510021,0.0266495459,0.0327964798,0.032402277,0.0316247791,0.0327035114,0.0231336001,0.0242173243,0.0244866144,0.0261500813,0.0241047479,0.0215339661,0.0199553352,0.0162234008,0.0144330598,0.0125441328,0.0121804588,0.0120406616,0.012538637,0.0127357421,0.0122755701,0.0115302643,0.0108659295,0.0105011864,0.0101726307,0.00889969338,0.00837030727,0.0083233742,0.00763181923,0.00711977435,0.00718304981,0.00719695166,0.00627652509,0.00507637486,0.00455249287,0.00448662927,0.00383591652,0.00390357827,0.00287759979,0.00283442228,0.00220029289,0.00192494399,0.00186638685,0.00199314067,0.00164136884,0.00185145077,0.00169632444,0.00195937743,0.00197612471,0.00125057728,0.00133745058,0.000908222748,0.000470605504,0.000749621424,,0.000309011433,,9.75105795e-05,,0.000144610065,,,,,,,,,,,,,,,,,,,,,,,,,,,,,,,,,
975,16.0720005,2026-08-30T08:56:00.393000+0000,-20.964536798035002,154.359728775765,0.0698811412,0.0593500398,0.0657014027,0.0573062636,0.0586541928,0.059387479,0.0654761344,0.0667500272,0.0676393434,0.07043951,0.069821164,0.0657619387,0.0637496412,0.063180089,0.0608414672,0.0603000298,0.059544798,0.0586742125,0.0576398596,0.0574093387,0.0564637445,0.0563427471,0.0551981516,0.0544424728,0.0545869209,0.0533932336,0.0534993075,0.0520636626,0.0525005795,0.0515690446,0.0504229516,0.0506825671,0.0491762124,0.0486982577,0.0489545837,0.0483054668,0.0479848161,0.0477166958,0.0475324579,0.0468925536,0.0473124646,0.0465153456,0.0460808761,0.045684915,0.045550894,0.0446551852,0.0444281362,0.0436357036,0.043287389,0.0438157767,0.042556636,0.042946361,0.0427621268,0.0414425991,0.0419837013,0.041200012,0.0416664332,0.041042652,0.0416780151,0.0405294113,0.0404846556,0.0405535586,0.0392630249,0.0401719734,0.0403894633,0.0397356637,0.0417422093,0.0411967114,0.0391013809,0.0416321903,0.0375157408,0.0394586399,0.0392358266,0.0357238315,0.0398363508,0.0367518365,0.0363598429,0.0382561535,0.0325585231,0.0328489766,0.0347585715,0.0284619331,0.0312406719,0.0325176828,0.02614359,0.034356121,0.0359748192,0.0217236225,0.0238273293,0.0273065958,0.0252100825,0.0254447106,0.0233839639,0.0189153142,0.0183933862,0.0164530501,0.011834112,0.0136704454,0.0119406637,0.0134486267,0.0143057359,0.0119655579,0.0124802627,0.0117959175,0.0100311823,0.0104326196,0.00983968284,0.00879030768,0.00908337347,0.00759180635,0.00759976823,0.00789304264,0.00673695095,0.00684652478,0.00641637761,0.00472250348,0.00525663607,0.00386591605,0.00382357696,0.00334759895,0.00248440891,0.00256030541,0.00267493422,0.0024963934,0.00275314506,0.00195137318,0.00221146271,0.00263631879,0.00213938416,0.00209612539,0.00114058401,0.0012874559,0.000678248587,0.000790644903,0.00109967333,0.000321027474,0.000389091001,1.82556687e-06,,0.000194796943,,,,,,,,,,,,,3.04044806e-05,0.00016079226,0.000257415319,,,,,,,,,,,,,,,,,,,
976,16.2180004,2026-08-30T08:56:00.642000+0000,-20.964536796790004,154.35972876041,0.0606012195,0.0673900843,0.06491144,0.0588563122,0.0605541989,0.0620174892,0.0659061819,0.0663600489,0.0696593225,0.0709995329,0.068271175,0.0656419471,0.0645996481,0.0625200942,0.0605614744,0.0602000244,0.0591648035,0.0592942089,0.0579898618,0.0572193414,0.0564537533,0.0552827567,0.0548081733,0.0546424799,0.0534069352,0.0530132577,0.0532093272,0.0519736856,0.0517806187,0.0508890785,0.0509129874,0.0493326001,0.0492562354,0.0483982787,0.048144605,0.0473454818,0.047394827,0.0465167053,0.0466124713,0.046672564,0.0454524681,0.0456553586,0.045460891,0.044024948,0.0446009561,0.0437952951,0.0440482944,0.0443959273,0.0433576815,0.0432461463,0.0435470454,0.0428667553,0.0425724797,0.0421728753,0.0420039147,0.0418101624,0.041876521,0.0420326963,0.0418880209,0.0417494029,0.0418846346,0.0410735644,0.0413430594,0.0404320359,0.0412395261,0.0421857126,0.0418422222,0.0428067036,0.0415413603,0.0416821726,0.0416457392,0.0394586734,0.0401959382,0.0393640511,0.0376667157,0.040482413,0.0384107232,0.0390473753,0.0364201441,0.0350911394,0.033721298,0.0335853845,0.0299148969,0.0334422924,0.0295887105,0.0360314958,0.035140194,0.0213236511,0.024487365,0.0262666382,0.0253501106,0.0248147249,0.0234539714,0.0190353077,0.0179533903,0.0155130187,0.0125741074,0.0136404391,0.0131606339,0.0134286154,0.0136857191,0.0127755422,0.0122702448,0.0120359035,0.0107511692,0.010192614,0.00961967371,0.00906029902,0.00805336796,0.00790180825,0.00815977156,0.00766304135,0.00648695696,0.00666652899,0.00583639042,0.0048225238,0.00486665033,0.00447593164,0.00302360021,0.00321761915,0.00315441983,0.00269031315,0.0029049404,0.00247640279,0.0023431466,0.00176137546,0.00233146478,0.00228632009,0.00214938307,0.00216611708,0.00102060626,0.000647511333,0.00112833839,0.000480775081,0.000799866102,0.00019130719,,,,,,,,,,,,,,,,,0.000270451419,5.08136e-05,4.74088665e-05,,1.69586856e-05,,,,,,,,,,,,,,,,,
977,16.3740005,2026-08-30T08:56:00.890000+0000,-20.964536795550003,154.35972874511668,0.0675011873,0.0541500598,0.0683714375,0.056436304,0.0552942082,0.057327494,0.0662061721,0.0666400418,0.0674793348,0.0697895214,0.0693111718,0.0648519397,0.0610996373,0.0634800717,0.0593314581,0.0584599972,0.0588447861,0.057624191,0.0572198592,0.0562193282,0.0561937466,0.0547327399,0.0542381629,0.0534924753,0.0523469225,0.0519432463,0.0520593263,0.051983688,0.0502606109,0.0507190786,0.0488729887,0.048392605,0.0480362363,0.0472082756,0.0471846014,0.0469154716,0.0465048179,0.0460066982,0.0457124636,0.0453625582,0.0445224606,0.0445653424,0.0442808829,0.044024948,0.0447609685,0.0442653298,0.0430483557,0.0433260165,0.042897813,0.042356316,0.0425472446,0.0418669544,0.0413326584,0.0418030247,0.0403140299,0.0405402407,0.0408065692,0.0409627259,0.0402380265,0.0407393984,0.0404446237,0.0398735665,0.0408030674,0.0393720567,0.0397295542,0.0409357287,0.0392622277,0.040106684,0.0406113304,0.0385221392,0.0403757058,0.0387686491,0.037145935,0.0399540924,0.036656823,0.0373726226,0.037771076,0.033567898,0.0361008607,0.0357221328,0.0316125751,0.0341270305,0.0272569396,0.0298545621,0.0342312604,0.0306542218,0.0349429809,0.0244036596,0.0236773975,0.0249266643,0.0261501167,0.0240947474,0.0227239784,0.0193653274,0.0160634033,0.0153030418,0.0124641154,0.0114404531,0.013210644,0.0127586182,0.0129657295,0.0129955458,0.0113102375,0.0110959103,0.0111811748,0.00923260953,0.00935968105,0.00882030465,0.00807336718,0.00760180596,0.00714977505,0.00738305133,0.00662695756,0.00642653927,0.00530639384,0.00472253421,0.00480667222,0.00361595582,0.00307362364,0.00256762886,0.00220443518,0.00238031801,0.00210494758,0.00218640198,0.00154315343,0.00130138209,0.00179146486,0.001636317,0.00184937753,0.00173611275,0.000780616072,0.00110752985,0.000908378744,0.000890843105,0.000709957385,,,,,,,,,,,,,,,,,,0.000110480702,2.08253914e-05,0.000207408681,,,,,,,,,,,,,,,,,,,
978,16.5429993,2026-08-30T08:56:01.142000+0000,-20.96453679429,154.35972872957666,0.0788112581,0.0553201251,0.068391487,0.0621063337,0.0578542128,0.059337493,0.0656062141,0.0698200464,0.0675393343,0.0713395178,0.0717311651,0.0706219375,0.0639696345,0.0667100847,0.0636114702,0.0618200041,0.0612347908,0.0604842119,0.0601498708,0.0578493327,0.0585037507,0.0567227565,0.0547981784,0.0542524904,0.0532069355,0.0523332655,0.0527393445,0.0528137013,0.0511606373,0.0507990979,0.0510030128,0.0487926267,0.0487962514,0.0480282903,0.0466646217,0.0470554903,0.0470948368,0.0467467122,0.0461624749,0.0462025702,0.0455324724,0.0450353585,0.0449908972,0.044894971,0.0446810089,0.0448153913,0.0435884409,0.0446261428,0.0435779728,0.0428165086,0.0438374542,0.0420771502,0.0423728339,0.0426131599,0.0405841284,0.0410003141,0.0409966148,0.0398927443,0.0394280255,0.0395293869,0.0392146222,0.0381435677,0.0388230942,0.0373120904,0.037189588,0.0393957607,0.0368122384,0.0385266878,0.0394313261,0.035872139,0.0376557261,0.0369686894,0.0340460204,0.0380142331,0.033117041,0.0346729532,0.038771566,0.0302985571,0.0355517194,0.0336332694,0.027023999,0.0317488089,0.0259791017,0.027666904,0.0333738439,0.0243769065,0.0329156406,0.0234136954,0.0248174053,0.0249066725,0.02714012,0.0253747515,0.0215439778,0.0208353251,0.0164533909,0.014623032,0.0143740894,0.0114004333,0.0131806349,0.0132386023,0.0119857164,0.0127855325,0.0117802387,0.0104159005,0.0114211664,0.00946260244,0.00935967453,0.00908029638,0.00731337257,0.00766180968,0.00808976963,0.00669305027,0.00659696106,0.00597654283,0.005126392,0.00473254081,0.00436668098,0.00359596801,0.00382362306,0.00238764449,0.0028844378,0.00219031679,0.00218495401,0.00207640394,0.00217316207,0.00176138349,0.00226146309,0.00175631547,0.00195937837,0.00191612029,0.00113062665,0.000987555133,0.0008484188,0.000480907271,0.000550065597,0.000251590536,,0.000272640551,,0.000175503315,,,,,,,,,,,,,,,,,,,,,,,,,,,,,,,,,,
979,16.7070007,2026-08-30T08:56:01.392000+0000,-20.96453679304,154.35972871415998,0.0578811727,0.0677400902,0.0651114807,0.0542762913,0.0587242171,0.0596174784,0.0651361719,0.0645000264,0.0694793388,0.0707195327,0.071141161,0.0645019189,0.06435965,0.064090088,0.0585914589,0.059410017,0.0593747981,0.058964204,0.0563898608,0.0572193377,0.0560037494,0.0548227541,0.0547181666,0.053582482,0.0535169318,0.0521432534,0.052439332,0.052263692,0.0502506196,0.051739078,0.0493729897,0.0488626026,0.0491062403,0.0475882813,0.0471746065,0.0469054803,0.0466448292,0.0468267091,0.04631247,0.0457425639,0.0449824668,0.0453453548,0.0449908897,0.0441049486,0.0441309661,0.0441053174,0.0430483297,0.0432559773,0.042377755,0.041926235,0.0433071442,0.0409668535,0.0414125696,0.0409729518,0.0397639684,0.0403901972,0.0401365459,0.0398927145,0.0396280289,0.0396593958,0.0388546325,0.0379435644,0.0392730646,0.0369320512,0.0377795435,0.0394957215,0.0370822251,0.0394766927,0.0392413475,0.0363821574,0.0397857279,0.0366086662,0.0359459445,0.039124079,0.0403867811,0.0626925305,0.0928909108,0.134967655,0.200420514,0.264571637,0.328981966,0.389706224,0.422455907,0.447493494,0.465639979,0.456752867,0.456691593,0.0226136558,0.0238973815,0.0251166373,0.0262801014,0.0247647222,0.0225539766,0.0209653433,0.0165334046,0.0159230419,0.0141441114,0.0120804384,0.0135606406,0.0130386231,0.0126457233,0.0133055476,0.011780249,0.0115559073,0.0109611712,0.00947260484,0.00936967786,0.00907029863,0.00801337324,0.00812180992,0.00732977828,0.00735305343,0.00696695456,0.00589653058,0.00504639419,0.00507252617,0.0046466561,0.0042459392,0.00373361772,0.00306763011,0.00318443472,0.00251031108,0.00262495037,0.00219639763,0.00178314862,0.00170138583,0.00209146808,0.00163631665,0.00213938439,0.00209612586,0.000950604968,0.000937513192,0.000778361224,0.00105080649,0.000439917203,0.000621378538,,,,,0.000105050858,,,,,,,,,,,,,,0.000557407795,0.000230147736,0.000456940441,,,,,,,,,,,,,,,,,
980,16.8729992,2026-08-30T08:56:01.641000+0000,-20.964536791795002,154.35972869880501,0.0582011715,0.0642100498,0.0682914257,0.0537862703,0.0587941892,0.0603674799,0.0694461763,0.0699200258,0.0797593221,0.0846795365,0.0868011862,0.0824219435,0.0834796429,0.0834400877,0.0818914697,0.0817100108,0.0784148052,0.0763442069,0.0745698586,0.0778693333,0.0795337483,0.081412755,0.0831981599,0.0813524798,0.0802869201,0.0800732449,0.0836493224,0.0876936838,0.0938105956,0.0979790688,0.096642971,0.0958025903,0.0924962312,0.0891682729,0.0888445973,0.0905754715,0.0938348174,0.0982967019,0.105232462,0.112842552,0.119432472,0.125985354,0.129000872,0.0891349465,0.0994809419,0.107225269,0.113318257,0.116345875,0.114867605,0.109226048,0.100476943,0.0881166607,0.0756223947,0.063862808,0.0547738597,0.0481201224,0.043706499,0.0414526872,0.0408480242,0.0415193997,0.0399946421,0.0392735638,0.0391130485,0.0389220193,0.0390795134,0.0395256951,0.0390922241,0.040216703,0.0392113626,0.0390321724,0.0396557376,0.0366886631,0.0362659059,0.0361439846,0.0360266156,0.0359822586,0.0364804938,0.0340970606,0.0351597257,0.0330005884,0.0307206064,0.0301345177,0.0266438331,0.0284111463,0.0284174327,0.0284501575,0.029948866,0.0232336428,0.0230773501,0.0245066285,0.0246101152,0.02447474,0.0226639714,0.0194253307,0.0169533733,0.0154230492,0.0128641045,0.0116404407,0.0130806509,0.0122086173,0.0125457244,0.0117955422,0.0113302553,0.011345909,0.0105211725,0.00950261857,0.00891968049,0.00839029904,0.00811337773,0.00793180522,0.00712977303,0.00710304175,0.00671695592,0.00522652362,0.00535637699,0.00452251406,0.00445665419,0.00347592495,0.00317360531,0.00329761952,0.00221442268,0.00199031411,0.00216494733,0.00175639219,0.00148313947,0.0015413732,0.00146146002,0.00164631533,0.00173937751,0.00134612061,0.000720595533,0.00105749024,0.0010683086,0.000380739482,0.000409823027,,0.000279351836,,,,4.48916107e-05,,,,,,,,,,,0.000260875036,,0.00019080512,0.00035741381,3.01583786e-05,,,,,,,,,,,,,,,,,,
981,17.0090008,2026-08-30T08:56:01.889000+0000,-20.964536790555,154.35972868351166,0.133961111,0.120549977,0.128941387,0.11303626,0.11289417,0.113657467,0.124806136,0.133620024,0.147359326,0.166039512,0.181941181,0.185811952,0.189429656,0.196410075,0.194461465,0.197910026,0.201134801,0.20572421,0.210059851,0.216759324,0.223973736,0.229782745,0.237168148,0.24450247,0.252056926,0.262303263,0.272069305,0.281323671,0.291050583,0.301148981,0.308072895,0.314732552,0.321226209,0.326438248,0.332684577,0.337465465,0.3428348,0.3494367,0.35423243,0.360842526,0.367822438,0.374435365,0.380770892,0.0898448899,0.0871108547,0.0836851075,0.0801980197,0.0780555382,0.0754971653,0.0734855011,0.0726763308,0.0702360645,0.0686118677,0.0666723847,0.0648635402,0.0641299039,0.0624763593,0.061552614,0.0610980093,0.0593394227,0.0583146624,0.0571935549,0.0570329987,0.0555219315,0.0569294207,0.0577056222,0.0568522029,0.0586367175,0.0577014014,0.057992205,0.0591657422,0.0581186228,0.0586557463,0.0616836771,0.0604460835,0.0636414066,0.0665091872,0.066395238,0.0691673085,0.0689273477,0.0723765194,0.0764693394,0.0725274831,0.0816642046,0.0878297091,0.0925920531,0.0998707414,0.0217435937,0.0233873017,0.0249865837,0.0248500854,0.0242647119,0.0227939654,0.0198853128,0.0168033671,0.0151530467,0.0119841285,0.0127204573,0.0120606739,0.0122886384,0.0127757341,0.0118055567,0.0113202631,0.010885926,0.0102711851,0.00970263127,0.00912969094,0.00835030712,0.00834338553,0.00766181294,0.0065697683,0.00640304666,0.00597694516,0.00571651664,0.00504637137,0.00477248244,0.00423661899,0.00353589747,0.00293357321,0.00288758636,0.00306441379,0.00226029195,0.00156492658,0.00167637703,0.00167313323,0.00130136416,0.00157145504,0.0015863236,0.00184937753,0.00168611936,0.00172056619,0.00227742549,0.00157818163,0.00173053937,0.00162951392,0.00115082797,0.00121883769,0.00138153322,0.00095730857,0.00120452757,0.000904451008,0.000357742654,0.00115112239,0.000813334831,0.00023824675,0.00109112414,0.000268560485,0.000165892299,0.000347494497,0.000278984488,0.000736645539,0.000860790838,0.000690361601,0.0010607756,0.000897415914,0.00104019872,0.000117006362,0.000128327985,,,,,,,,,,,,,,,,
982,17.1270008,2026-08-30T08:56:02.145000+0000,-20.964536789275,154.359728667725,0.0736810714,0.0640699118,0.0699913502,0.0609562211,0.0628241599,0.0631874576,0.0691761002,0.0699499995,0.0717293248,0.074899517,0.0730711669,0.0695319623,0.0670096651,0.067110084,0.0637614876,0.0640000403,0.0619948208,0.0617042072,0.0603798777,0.0603193231,0.0598037466,0.0590627678,0.0572981425,0.0564624593,0.0561169051,0.0558032095,0.0553892739,0.0548336133,0.0543705299,0.0537789762,0.0531228855,0.0522325039,0.0517561659,0.0506982245,0.0506345481,0.0503554381,0.0498247854,0.050106667,0.0502424426,0.049802538,0.050182458,0.0493253432,0.0494508483,0.227584854,0.22954075,0.231104925,0.232507721,0.233155116,0.234546602,0.235974759,0.237225503,0.236825258,0.237101167,0.237971812,0.237593114,0.237119585,0.237996176,0.238252521,0.238198012,0.239289448,0.239104703,0.239063561,0.237692922,0.237151816,0.237859294,0.23803553,0.237102181,0.236946762,0.235901475,0.233742267,0.232885778,0.231158584,0.228195578,0.227533311,0.225195423,0.223940328,0.221777499,0.219942883,0.219704166,0.215293095,0.21264112,0.2108825,0.207349092,0.204575032,0.201859489,0.20015125,0.197149888,0.0212835148,0.0241272133,0.0250065178,0.025670018,0.0248546861,0.022993952,0.0195052717,0.0182233658,0.0148630403,0.0128341429,0.0130904615,0.0119606964,0.0122086499,0.0127857411,0.0120055759,0.0117702875,0.0113259433,0.0104911942,0.0101526398,0.00936969742,0.00856030919,0.00809338223,0.00760180596,0.00731976563,0.00665304344,0.00616694195,0.00589648355,0.00560634769,0.00476244371,0.00406656368,0.00405585533,0.00368351559,0.00256754388,0.00274438737,0.00251026498,0.00217491924,0.00218636799,0.00239311135,0.00199134625,0.00209145295,0.0019263234,0.002199376,0.0022061253,0.00125052861,0.00138733571,0.000378000375,0.000580278516,0.000139125448,7.02701218e-05,9.81412886e-05,,,,,,,,,,,,,,,,4.02615988e-05,,,,,,,,,,,,,,,,,,,,,
983,17.2399998,2026-08-30T08:56:02.394000+0000,-20.964536788030003,154.35972865237,0.0781208873,0.0506297722,0.0753912479,0.0598761737,0.0591541119,0.0602774136,0.0706260279,0.0701699704,0.0685193092,0.0723295063,0.0716211721,0.0675520226,0.0641496852,0.066150099,0.061371509,0.0614000745,0.060824845,0.0598842129,0.0593498647,0.0577493235,0.0577637255,0.0554627702,0.0558581203,0.0552224405,0.0539868847,0.053193178,0.0538592264,0.054013554,0.0520404503,0.0534388907,0.0519827977,0.0498024188,0.0511561036,0.0494381748,0.0493145064,0.0486753993,0.0482047535,0.0483966358,0.0478224233,0.0482025146,0.0470024534,0.0480853356,0.0476508103,0.0443447568,0.0449205674,0.0440245979,0.0430472344,0.0434044152,0.0427456461,0.0422135815,0.0426841751,0.0417239815,0.0415900238,0.0413309,0.0403724127,0.0408491082,0.0403258838,0.0402923673,0.0399479717,0.0394094884,0.0394247472,0.0382035337,0.0385328308,0.0375516377,0.0370290987,0.0393553637,0.0377521291,0.0392667986,0.0394315571,0.0370423645,0.038725812,0.0364985354,0.0354752801,0.037002679,0.032934323,0.03718853,0.0363247357,0.0330290012,0.0372689962,0.0297461525,0.0304123368,0.0341213569,0.0233653933,0.030570019,0.0316127837,0.0267436784,0.0343822464,0.0226633865,0.0241571013,0.025336422,0.0256699473,0.0239846651,0.0220139157,0.0194752179,0.016103318,0.0155630447,0.0132641504,0.0113304891,0.0128607415,0.0117886774,0.0118557625,0.0123256091,0.0115403319,0.011325974,0.0109512098,0.00945264474,0.00936971419,0.00857031066,0.00803340599,0.0085918121,0.00723975059,0.00691305567,0.00612693606,0.00593645638,0.00495630689,0.00485238293,0.00448649097,0.00420577405,0.00334343966,0.00292747817,0.00264434842,0.00197022432,0.0027948874,0.00246635126,0.00251310063,0.00188132108,0.00122143643,0.00198631594,0.00166937103,0.00184611219,0.000660465623,0.00129720289,0.000607711612,0.000369844725,0.00021848976,7.93687941e-05,,0.000419406104,3.5195204e-05,,,,,,,,,,,,,,,2.06476252e-05,3.74391893e-05,0.000230345991,,,,,,,,,,,,,,,,,,
984,17.3549995,2026-08-30T08:56:02.642000+0000,-20.964536786790003,154.35972863707667,0.0537707955,0.0624497011,0.071891129,0.0509961024,0.058284089,0.0576273985,0.0684059709,0.0614299364,0.0680993274,0.0694895163,0.0722011998,0.0628720373,0.0629696921,0.0649700984,0.0586915202,0.0593101084,0.0589948483,0.0585842282,0.0561998859,0.0561793186,0.0567437224,0.0541427732,0.0545081049,0.0534724258,0.0538968667,0.0519431569,0.0529191904,0.0523535088,0.049980402,0.0523388311,0.0499427356,0.0487823486,0.0494860597,0.0475781411,0.0477644689,0.047275383,0.0473847277,0.0468166135,0.0469124094,0.0462825,0.0457624495,0.0456553325,0.0452207886,0.0445746928,0.0441304334,0.0444243513,0.0432768576,0.0437838845,0.0433449186,0.0420826636,0.0436231568,0.0420929939,0.0420891456,0.0418901965,0.0415718742,0.0411487259,0.0420456566,0.0410422496,0.0409679525,0.0402195156,0.0403947867,0.0388135202,0.0392227434,0.0390414931,0.0385489501,0.0404852442,0.039362099,0.039126832,0.0406516343,0.0381724387,0.0390558392,0.0383884907,0.0352450535,0.0385922007,0.0363834873,0.0370771587,0.0374926142,0.0363760293,0.0350650325,0.0344308242,0.0315455832,0.0305627994,0.0305248853,0.029698519,0.0293299649,0.0327201746,0.0296986923,0.0210932754,0.0233270098,0.0251563396,0.0254498906,0.0251046401,0.0223639291,0.0197851844,0.0182433072,0.0142730549,0.0132841608,0.0127104986,0.0122107705,0.0125287063,0.0127657736,0.0124656279,0.0115703745,0.0115659945,0.0105112195,0.0101926625,0.00912972633,0.00812031236,0.00857341941,0.00764181884,0.00732974429,0.00746304356,0.00620691618,0.00631642109,0.00548628205,0.00473233499,0.00464642607,0.00434571179,0.00354338414,0.00343743642,0.00337431277,0.0028102037,0.00302486774,0.00239632605,0.0025930705,0.00264130556,0.00285142008,0.00246631238,0.00213938323,0.00255612214,0.00143040263,0.00123708521,0.00106748962,0.0001895077,3.79926933e-05,0.000108688953,0.000466133817,3.84027662e-05,,,,7.59626273e-05,,,,,,,,,,,,,,0.000110415713,0.000177275157,,,,,,,,,,,,,,,,,
985,17.4629993,2026-08-30T08:56:02.892000+0000,-20.96453678554,154.35972862166,0.0695407912,0.0794396847,0.059821099,0.0622561201,0.0619640686,0.0639573783,0.0642059445,0.0689699501,0.0728093162,0.0728795007,0.0714011863,0.0686720237,0.0686196983,0.0635601059,0.063831538,0.0630401224,0.061564859,0.0599442311,0.0601898842,0.0604093112,0.058393728,0.0578327812,0.0573081039,0.0559824184,0.0553368665,0.0545431487,0.0550091788,0.0525134951,0.0538303852,0.0531088077,0.0514027178,0.0523223318,0.0497060455,0.0492081307,0.0491644591,0.0491853692,0.04789472,0.0476366021,0.048432406,0.0469724946,0.0476224497,0.0469053313,0.0464707837,0.0471846759,0.0472003929,0.04606428,0.0459767506,0.0447837263,0.0452447012,0.0449423939,0.0443728492,0.0439026952,0.04395888,0.0428199843,0.0434717163,0.0420186147,0.0424055904,0.0422422141,0.0420379452,0.0412095264,0.0411747992,0.0409335159,0.0390827209,0.0409414507,0.0403889045,0.039195206,0.0411320888,0.040246848,0.0390616581,0.0414024591,0.0387858525,0.0378984809,0.0392349958,0.0350520611,0.0378432423,0.0370467529,0.0350619853,0.0375351459,0.0338038541,0.032079231,0.0342335701,0.0266502425,0.0279717352,0.0324750654,0.0251361281,0.0331761241,0.0342946164,0.0238632504,0.0250769705,0.0276463293,0.025839895,0.0261146314,0.0248339083,0.0185751691,0.0192132741,0.0168230608,0.0128641604,0.0150705036,0.0124607766,0.0132987145,0.0146457823,0.0119756386,0.0134303765,0.0124959964,0.0112012215,0.011352662,0.0100697251,0.00930030551,0.00926342141,0.00830182154,0.00777974119,0.00817305408,0.00664691487,0.00658640638,0.00624626223,0.00478231348,0.00567642087,0.00449570362,0.00392336072,0.00435741898,0.00387431215,0.00339019252,0.00305487262,0.00267631281,0.00321307196,0.00201130821,0.00280142366,0.00287631783,0.00296937791,0.00280611892,0.000720392098,0.000927048502,0.000647419598,,6.78568904e-05,1.84793025e-05,0.000375870266,,,,2.18809582e-05,,,,,,,,,,,,,,4.74510598e-05,,0.000187308236,,,,,,,,,,,,,,,,,
986,17.5709991,2026-08-30T08:56:03.144000+0000,-20.96453678428,154.35972860612,0.0629907176,0.0650196671,0.0652110428,0.0566160642,0.0598740466,0.0609273948,0.066725947,0.0674999356,0.0703793243,0.0719495192,0.0720611885,0.0664620474,0.064879708,0.0643301159,0.061161533,0.0614701286,0.0601048619,0.059704233,0.0585898869,0.0592193156,0.0571737215,0.0576527752,0.0555580966,0.0558924153,0.0546568595,0.0546431392,0.054149162,0.0535434708,0.0530203581,0.0536187738,0.0509926789,0.0519322976,0.0506260283,0.0503381118,0.0503444411,0.0492553636,0.0490947068,0.0487665907,0.0491224043,0.0483524911,0.0480024442,0.0478453264,0.0474107713,0.0457646437,0.0458703227,0.0445041545,0.044516556,0.0440234505,0.0439643376,0.0431819335,0.0433323383,0.0426022001,0.0426384397,0.0419596285,0.0415714458,0.0412684269,0.0406954736,0.0404521525,0.0408879369,0.0404595435,0.0398448184,0.0394535139,0.0390926823,0.0388313793,0.0390288271,0.0392951444,0.0393320695,0.0393668599,0.0391016901,0.0389124937,0.0397358648,0.0378184542,0.037464872,0.0364118181,0.0362028107,0.0381360613,0.0355609134,0.0357636511,0.0364018641,0.0318265557,0.0325501822,0.031755954,0.0292064659,0.0326393098,0.0298797134,0.0307393745,0.0317278504,0.0225132201,0.023306936,0.0256062951,0.0262198485,0.024694629,0.0238739103,0.0201551523,0.0175632872,0.0156130604,0.0128041757,0.0119905155,0.0123607926,0.0123887286,0.0133557804,0.0125356521,0.0115803992,0.0120460233,0.0100712283,0.0102026714,0.00940972939,0.00888030231,0.00865341909,0.00768181495,0.0068497262,0.00741305109,0.00648691691,0.00572640169,0.00554625085,0.0040122862,0.00469638687,0.00454566814,0.00397334015,0.00371739035,0.00293428823,0.00292018102,0.00271486351,0.00255630445,0.0023030634,0.0019012983,0.00187142286,0.00252631959,0.00185937539,0.00204611453,0.00115036918,0.00111699733,0.00102731807,0.000379247504,0.000537608285,0.000198124442,0.000585436821,0.000237599626,0.000213374908,3.09876632e-05,,,,0.000302343396,,,,,,,,0.000180212839,0.000299867592,0.000420541182,0.000397454714,,2.73488695e-05,,,,,,,,,,,,,,,,,
987,17.6749992,2026-08-30T08:56:03.392000+0000,-20.96453678304,154.35972859082668,0.0657507107,0.0572996624,0.0680210441,0.0585060641,0.0575840659,0.0605273843,0.0663759112,0.0675099269,0.0692093149,0.0720795169,0.071271196,0.0671020523,0.0632197261,0.0647301078,0.0595615432,0.0604401343,0.0591648743,0.0589142367,0.0573498905,0.057199318,0.0565437339,0.0549927875,0.0541181043,0.0540624149,0.0535168648,0.0517431349,0.0524491668,0.051413469,0.0504403561,0.0507087745,0.0496026799,0.0494122989,0.048726026,0.0469781198,0.0472444445,0.0469753593,0.0464947075,0.0463665947,0.0457024053,0.0463624969,0.0457624495,0.0457353331,0.0446707718,0.0460046381,0.0455503166,0.0454341359,0.045356527,0.0450834073,0.0445642695,0.0441518463,0.0446622372,0.043942105,0.0433483496,0.0432695523,0.0424813926,0.0421483852,0.0424854532,0.0424321443,0.0415779352,0.0418295413,0.0416348241,0.0405335128,0.0401526727,0.039601367,0.0396288149,0.0408051386,0.0400320739,0.0418268666,0.0406117067,0.0389525071,0.0398858748,0.0383084677,0.0372348651,0.0377617814,0.0357527472,0.0373659469,0.0375207216,0.0368133746,0.0357714854,0.0339260437,0.0305395313,0.0323451124,0.0266054254,0.0289981663,0.030938426,0.031878002,0.0330464505,0.0224932078,0.0231069177,0.0235662833,0.0246098582,0.0240346193,0.021833906,0.0188051593,0.0156032704,0.0141130462,0.0119841779,0.0116405003,0.0118408017,0.011648722,0.0122657893,0.0121056484,0.0111003891,0.0108860126,0.00983122922,0.00877266563,0.00865973812,0.00809030142,0.00758342585,0.00739182206,0.00639972417,0.00637305342,0.00614691526,0.00522638904,0.00479624188,0.00444228342,0.00404637679,0.00323565514,0.00294333487,0.00280738529,0.00261429674,0.00217017182,0.00218485622,0.00197630376,0.00132305629,0.00159129209,0.00157141627,0.00176631531,0.00137937942,0.0018061169,0.000720362063,0.000516991829,0.00036729456,0.000189210608,7.55549991e-06,,,,,,,,,,,,,,,,,,,0.0001905346,,,,,,,,,,,,,,,,,,,,
988,17.7819996,2026-08-30T08:56:03.641000+0000,-20.964536781795,154.35972857547168,0.0685206577,0.0569195673,0.0625710413,0.0566660389,0.0563740432,0.0590373762,0.0647758842,0.0669799075,0.0675393119,0.0712795034,0.0693112239,0.0670720637,0.0631297305,0.0633601174,0.0604715534,0.0597501546,0.0579448827,0.0584742427,0.0576198921,0.0571093149,0.0565337352,0.0555627942,0.0541080981,0.0539524071,0.0537868515,0.0525131263,0.052619148,0.0521534532,0.051240325,0.0506187342,0.0508326441,0.0495722629,0.0496360026,0.0485481024,0.0482744239,0.0480053537,0.0483546965,0.0477165841,0.0473724008,0.0471224859,0.0470724478,0.0468253307,0.04600076,0.0445745997,0.0446802378,0.0448139943,0.0439763032,0.0434130915,0.0429938398,0.0423013009,0.0429316238,0.0423115082,0.0422878228,0.041579131,0.0410510674,0.0407481566,0.0412053131,0.040582072,0.0403079242,0.0403595604,0.039804846,0.0396735072,0.0389926247,0.0389112867,0.0389887244,0.0395750664,0.0393220559,0.039546892,0.0396517515,0.0387125537,0.0379458964,0.0380084477,0.0361847356,0.0380915105,0.0369222574,0.0365651362,0.0374894664,0.0354016088,0.0352891274,0.0339128636,0.0321754999,0.0305700004,0.0292491373,0.0297412705,0.0336107463,0.0318699032,0.0307983086,0.0232531372,0.0242068619,0.0246962197,0.0253198035,0.0245345943,0.0221838932,0.019325126,0.0167432502,0.0154930428,0.0126241734,0.0118005145,0.012520819,0.0121587403,0.012445786,0.0120256562,0.0115804179,0.010876026,0.0100512356,0.00924266875,0.00862973277,0.00835031178,0.00733343512,0.00683182152,0.00677972753,0.00666304491,0.00586690148,0.00540637737,0.00504623586,0.00443225494,0.00365634728,0.00346561871,0.00364329573,0.00324735674,0.00225426652,0.00229015271,0.00195484469,0.00202630018,0.0013730377,0.00153127313,0.00151140336,0.00163631758,0.00202938286,0.00132612069,0.000840331137,0.000336919911,0.000567166193,0.000479019363,3.72581126e-05,,,0.000136890361,,,,,,,,,,,,,,,,,,,,,,,,,,,,,,,,,,,,
989,17.8859997,2026-08-30T08:56:03.890000+0000,-20.964536780550002,154.35972856011668,0.0712706149,0.0688495412,0.0569810048,0.0623059981,0.0594840273,0.0612573475,0.0617659017,0.0705998987,0.0700693205,0.0716694966,0.0686512217,0.0692820847,0.0647397339,0.0633501187,0.0623415485,0.0616601631,0.060354881,0.0594142415,0.0595698915,0.0579193123,0.0575337224,0.056592796,0.0554680862,0.054722406,0.0543668531,0.0535831228,0.0530091412,0.0526134409,0.0527703129,0.0507887229,0.0511526279,0.0498922467,0.0488659889,0.0487680957,0.0478344224,0.0480853468,0.0465646908,0.0472665802,0.0464623906,0.0462724827,0.046612449,0.04612533,0.0453007556,0.0437845886,0.0430302136,0.0430139452,0.0432762317,0.0419629812,0.0426036939,0.0419111177,0.0411314219,0.0421513095,0.0408876464,0.0404089876,0.0407009572,0.0398680829,0.0399652682,0.0396420471,0.0395079181,0.0386595689,0.0391348563,0.038423501,0.0379226096,0.0379812568,0.0381886922,0.037385039,0.0385520458,0.0391269028,0.0371117704,0.0385625698,0.036385905,0.0376784392,0.0353246965,0.0352214202,0.0360220931,0.0347048678,0.034559045,0.037341021,0.0333983377,0.0309918001,0.0305841453,0.0283582844,0.0259870347,0.0275389664,0.026728183,0.0283771921,0.0357855931,0.0210431255,0.0236168448,0.0261762179,0.0252097901,0.0241345819,0.0226738676,0.0182051174,0.0166332442,0.0150530413,0.0111741889,0.0120205171,0.0109308269,0.0113987401,0.0122257881,0.0120156612,0.0110904146,0.0111060292,0.0100512384,0.00946267229,0.00866974518,0.00812031236,0.00734343566,0.00712181302,0.00580971967,0.00663304888,0.00610691262,0.00563637074,0.00518622622,0.00477224495,0.00383632677,0.0038656136,0.00232327939,0.00261735544,0.00323426537,0.0018501454,0.00205484265,0.00209628697,0.00235303841,0.00148127566,0.00151140138,0.00158632419,0.00196937588,0.00192611595,0.000310316624,0.00115689391,0.00042712572,7.89464975e-05,0.000287171657,,,0.000276684441,,0.000190172927,0.000120818615,,,,,,,,,,,,,0.00028048965,0.000157465431,,,,,,,,,,,,,,,,,,,
990,17.9909992,2026-08-30T08:56:04.140000+0000,-20.9645367793,154.3597285447,0.0712606683,0.0646895617,0.0680310056,0.0599060245,0.0607940257,0.0614973791,0.0677158833,0.0680999085,0.0700793117,0.0721995085,0.0716512129,0.0677720681,0.0654197335,0.0651001334,0.0612615608,0.061300166,0.0602748953,0.0594242401,0.0585098974,0.0581993237,0.0583037287,0.0570727922,0.0563280992,0.0559824109,0.0558268614,0.0555131249,0.0553791486,0.0553034469,0.0532003231,0.055568736,0.0539326444,0.0530922599,0.0541960038,0.0527181029,0.0526144244,0.0527153499,0.0527146943,0.0519765802,0.0528223999,0.0528024919,0.0518824533,0.0516653359,0.0515607595,0.0450545996,0.0449202284,0.0445839725,0.0436662696,0.0440930389,0.0443337709,0.0428112112,0.0439315252,0.043011412,0.042247735,0.0421090536,0.0413910076,0.0412881188,0.0412852876,0.0407920592,0.0404479206,0.0401595645,0.0397448502,0.0392735079,0.0386426225,0.0386412703,0.0383987091,0.0392850563,0.0396320522,0.0401468985,0.0399517678,0.0399225727,0.0390859097,0.0386684537,0.0376347303,0.0369014814,0.0375621952,0.0374550186,0.0369392708,0.0355913341,0.0347387493,0.0332223475,0.0325848386,0.0295191575,0.0285780951,0.030380128,0.0298594572,0.0300485287,0.0335569158,0.0221631341,0.0240068473,0.0253562108,0.0253397916,0.0241445955,0.0230638906,0.0191951208,0.0173532385,0.0152430572,0.0116941743,0.012670517,0.0129208108,0.0120087303,0.0126157915,0.0120156575,0.0115704201,0.011576023,0.0105212322,0.0101726791,0.00956974272,0.00804030616,0.00830342527,0.00759180961,0.0068097217,0.00683305133,0.00637690676,0.00560637703,0.00549623184,0.00405225437,0.00477634137,0.00397561863,0.00275328709,0.00325734937,0.00279426551,0.00234015705,0.00240484206,0.00199628668,0.00230304641,0.00199126941,0.001291416,0.00211631367,0.00219937554,0.00139611203,0.00072032772,0.000816905871,0.00101714511,0.000478987204,0.00042721795,0.000787585508,,0.000196779743,,,,,,,,,,,,,,,,0.000100495992,,0.000210523169,,,,,,,,,,,,,,,,,,
991,18.0949993,2026-08-30T08:56:04.389000+0000,-20.964536778055002,154.359728529345,0.0569006056,0.0562595129,0.0749510005,0.0519260056,0.0578540079,0.0588973537,0.0708558559,0.0632698908,0.0676693097,0.070989497,0.0714012012,0.0650020987,0.0626397356,0.0665701255,0.0589615554,0.0600701757,0.0603749007,0.0593642518,0.057179898,0.0577293076,0.0575637333,0.0551727936,0.0550680831,0.0551224016,0.0536768511,0.0528931096,0.0528991297,0.0528934263,0.0516802929,0.052928701,0.0510026105,0.0498022288,0.0503959805,0.0486980788,0.048494406,0.0478553399,0.0484946892,0.0469665676,0.0465223864,0.0472024828,0.0464524478,0.0453353301,0.0456907488,0.0443445668,0.0435801595,0.0432538502,0.0428160839,0.0431727692,0.0420234054,0.0425807536,0.0425210148,0.0410609171,0.0416672975,0.0402587056,0.039860744,0.040327929,0.0397751778,0.0391219966,0.0394479111,0.03913958,0.0378348716,0.0389434993,0.0388625748,0.0366912,0.0383286327,0.0378749929,0.0376120359,0.0396869183,0.0374418013,0.0376726054,0.0380559228,0.0355084278,0.0359446108,0.035911236,0.0341117643,0.037544325,0.0337982029,0.0339998379,0.0351267569,0.0314996727,0.0320714526,0.0294848643,0.0260028336,0.0319743641,0.0299630444,0.0283717774,0.0335501432,0.0218430702,0.02324678,0.025426181,0.0250397734,0.0244345609,0.0233838707,0.0187651161,0.0171832349,0.0165030435,0.0119441804,0.0122805163,0.01269083,0.0122487564,0.0131057948,0.0122656813,0.0113104274,0.0110860402,0.0104912436,0.00968267675,0.00910975039,0.0085803112,0.00779344002,0.0070818183,0.00652972469,0.00704305433,0.0063168956,0.00611635484,0.00551621523,0.00390222063,0.0040563033,0.00326559413,0.00311325537,0.00251733372,0.00229425821,0.00183013594,0.0019948273,0.00133627502,0.00136302703,0.00158126943,0.0012713992,0.00239632162,0.00148937979,0.00173611124,0.000760296767,0.00026684819,0.000817030785,0.000348823378,0.000516974833,0.000317227095,,0.00037628159,0.000722065626,0.000259799184,,1.47451647e-05,,,,,,,,,,,,,,,,,,,,,,,,,,,,,,,,
992,18.2000008,2026-08-30T08:56:04.638000+0000,-20.96453677681,154.35972851398998,0.063690573,0.0600895099,0.0654609725,0.0542560071,0.0578640178,0.0575473681,0.066775851,0.0633699074,0.0679793209,0.0692395121,0.0690812171,0.0631821156,0.0633197427,0.0625301301,0.0582315698,0.0582801849,0.0579648986,0.0573542528,0.0553898998,0.0554693118,0.0549637377,0.0534727983,0.0531580858,0.0524024069,0.052046854,0.0514631122,0.0512091257,0.0503034219,0.0492702872,0.0497686937,0.0481326021,0.0481522158,0.0476559736,0.0466780812,0.0462944023,0.0463153422,0.0458346903,0.0457765684,0.0460123904,0.0449024849,0.0447424538,0.0449553356,0.0446807481,0.0437045619,0.0436601378,0.0433338061,0.0430460125,0.0430226699,0.042753268,0.0412705764,0.0418908112,0.0411107168,0.0407071188,0.0407285541,0.0401706323,0.0402578562,0.0400251262,0.0397819728,0.039647907,0.0390795879,0.0385848768,0.0387935005,0.0384125635,0.037811175,0.0384586044,0.0392949693,0.0387620293,0.039266929,0.039061822,0.038052626,0.0383459404,0.0361684337,0.0374645852,0.0364111587,0.0345716178,0.0358840749,0.0362278037,0.0351392664,0.0348959938,0.030548634,0.0305801257,0.0318231806,0.0252707489,0.0303720776,0.0298504829,0.0300390627,0.0326274037,0.0239730477,0.0238467678,0.0253961496,0.0259497724,0.0239545554,0.0232038572,0.0193450879,0.0168332271,0.0158530511,0.0126441903,0.0126705244,0.0119508412,0.0116887568,0.0128757944,0.012575672,0.0118104396,0.0118060363,0.0100512421,0.00947267469,0.00939974282,0.0090803029,0.00830343273,0.00786181912,0.00686972169,0.00737305451,0.00621690601,0.00564635079,0.00571621163,0.00401220983,0.00464628683,0.00397557672,0.00354324491,0.00298732007,0.00315424171,0.0022901278,0.00209482433,0.00215628138,0.00235302583,0.00137126271,0.00192140031,0.00199631462,0.00226938119,0.0012161209,0.000320300867,0.000766835408,0.000386984902,0.000498753565,0.000366867956,0.000127100298,0.000114134746,0.000406074687,6.18585036e-05,,,,,,,,,,,,,,,,,,,,,,,,,,,,,,,,,,,
993,18.3169994,2026-08-30T08:56:04.887000+0000,-20.964536775565,154.359728498635,0.0712405741,0.0578695349,0.0669809505,0.0591859631,0.058384005,0.0601773597,0.0670258626,0.0677898899,0.0685493127,0.0721995011,0.0699412227,0.067552112,0.0639597401,0.0645301193,0.0608015694,0.0606001727,0.0598349012,0.059784241,0.0579598993,0.058019314,0.0572737269,0.0551527962,0.0553680882,0.0546224006,0.0540768504,0.0528031103,0.0531891212,0.0531734191,0.051770281,0.0521586873,0.0511525944,0.0497222133,0.0500859693,0.0491380729,0.0484244004,0.0479253344,0.047674682,0.0469565652,0.0474423915,0.0471224785,0.0465324447,0.0458053313,0.0459207445,0.0443445556,0.0439001322,0.0434838012,0.0424360074,0.0425826646,0.042383261,0.0419205762,0.0419708081,0.0415207185,0.0409871191,0.0406685583,0.039980635,0.0396778546,0.0395051278,0.0393219739,0.0391079076,0.0393895879,0.0388948768,0.0379434973,0.0382725596,0.037811175,0.0376286022,0.0385249704,0.0382520296,0.039086923,0.0385518186,0.0378626175,0.0381059311,0.0371284224,0.036264576,0.0361411422,0.0354715995,0.0351140536,0.0366977826,0.0328392461,0.034975972,0.0343586095,0.0285301059,0.0317431614,0.0252607297,0.0283420626,0.0309204776,0.0273890719,0.0328274295,0.0246630646,0.0225167815,0.0251961499,0.0253397524,0.0243545659,0.022623878,0.0201150943,0.0172432214,0.0148130432,0.0119141862,0.0121005122,0.0130808437,0.0127087589,0.0135557968,0.0123356758,0.0111204432,0.0115760388,0.0105212415,0.00995268766,0.00934975035,0.0083403131,0.0082834363,0.00729182037,0.00675972225,0.00737305544,0.00610690657,0.00590634672,0.00515621202,0.00469221035,0.00432630023,0.00369556993,0.00331324665,0.00284732482,0.0026142546,0.00229012873,0.00218482828,0.00175627507,0.00172303501,0.00194126251,0.00169140135,0.00152631721,0.00220937398,0.00162611087,0.000670298643,0.000466829515,0.000326991838,,0.000696867821,,,,,,,,,,,,,,,,,,,,,0.000140572782,,,,,,,,,,,,,,,,,,
994,18.4510002,2026-08-30T08:56:05.144000+0000,-20.964536774280003,154.35972848278666,0.0688705742,0.0595995039,0.0630309507,0.0564759821,0.0569440201,0.0582973436,0.0652558729,0.0665299073,0.0674793273,0.0692495257,0.0682612136,0.0659320951,0.0606997497,0.0633901283,0.0586215667,0.0584601834,0.0572549067,0.0571542531,0.0567499027,0.0553693175,0.0552237369,0.0536628067,0.0529580861,0.0528924055,0.0525368527,0.051463116,0.0506191254,0.051323425,0.0492702909,0.050618697,0.0494426042,0.0480722226,0.0478759781,0.0474280827,0.0467344075,0.0467553437,0.0467946976,0.0461465754,0.0454723984,0.0457424894,0.0453724563,0.0454253405,0.0445207544,0.0437845625,0.0442101434,0.0438738093,0.0426560156,0.0428026728,0.0426832736,0.041850578,0.0424108133,0.0415307172,0.0409871154,0.040808551,0.0395706296,0.0399478525,0.0402151234,0.0394519717,0.0392579064,0.0393295884,0.0393648781,0.0383435003,0.038442567,0.0385011733,0.0373086035,0.0386149734,0.0385920331,0.0385269336,0.0400618277,0.0377426334,0.0390059501,0.0379784442,0.0351746008,0.0375811756,0.0345616378,0.0360940956,0.037107829,0.0322192907,0.0351260155,0.032898657,0.0286701564,0.030623205,0.0265607685,0.0245920904,0.0317804888,0.0304190572,0.0296673886,0.0213430505,0.0252067633,0.0240961686,0.025549762,0.0236745588,0.0224938728,0.0191250835,0.0159032121,0.0136530399,0.0127641866,0.0112205185,0.0122408299,0.0119287521,0.0116557898,0.0120856753,0.0108604291,0.0101860398,0.010271241,0.00921267737,0.00839973893,0.0078602992,0.0070134378,0.00735181058,0.0070897215,0.00632304326,0.00616689678,0.00544634648,0.00477620121,0.00447220821,0.00427629054,0.00396557711,0.00330324587,0.00274732104,0.00260425382,0.00211013574,0.00195482746,0.00129627506,0.00199302821,0.00193126278,0.00134140207,0.00157631026,0.00125938072,0.000976123265,0.000380293641,0.000176839632,0.000266986841,0.000198764581,5.68804098e-05,0.000197092246,0.000104136765,,,3.96076357e-05,,,,,,,,,,,,,,,,,,,,,,,,,,,,,,,,,,
995,18.5820007,2026-08-30T08:56:05.393000+0000,-20.964536773035,154.35972846743167,0.074030593,0.0557294823,0.063670978,0.0593159609,0.057103999,0.058067359,0.064345859,0.0664998963,0.0661593303,0.0706295297,0.0688012317,0.0664120987,0.0615497641,0.0629901439,0.0598615743,0.0589601994,0.0589849092,0.058384262,0.057259921,0.0567493327,0.056063734,0.054122813,0.0539180934,0.0524824075,0.0521368533,0.0521431156,0.0514891334,0.0518834293,0.0490002856,0.0498486906,0.0490326062,0.0477622151,0.0484859794,0.0467580818,0.0462144092,0.0457153469,0.0458246917,0.0459165759,0.0454823971,0.0452824868,0.0446724556,0.0436253399,0.0436507575,0.0436345637,0.0436601341,0.0427037925,0.0431959853,0.0423426293,0.0417932048,0.0417704917,0.0406907164,0.0409806184,0.0410270281,0.0404684842,0.0403105728,0.0403878056,0.0402850993,0.0399119556,0.0395779014,0.0394095927,0.038524881,0.0383234993,0.0382125564,0.0387011617,0.0387685932,0.0400649607,0.0396920331,0.0398969389,0.0390218385,0.0388026461,0.0387259647,0.0370984524,0.0370545946,0.0370711461,0.0355615765,0.0363839827,0.0358776413,0.0349790193,0.0363056473,0.0308581553,0.0319795087,0.0318223797,0.0259497501,0.029840963,0.0292992219,0.0321577117,0.0321060158,0.0223930329,0.0232367571,0.0250761472,0.0249297451,0.0235545672,0.0231638514,0.0186850727,0.0167632084,0.0150330327,0.012244178,0.0123405177,0.0124308346,0.0119787445,0.0123157902,0.0118556749,0.011320428,0.0108660385,0.0102612413,0.00920267776,0.00889974646,0.00757030584,0.00750343222,0.00737180654,0.00655971467,0.00705305021,0.00639689434,0.00588634424,0.00557619613,0.00438221404,0.0041062911,0.0038355724,0.00330323912,0.00265731197,0.00291423872,0.00201013032,0.00230482314,0.00191628013,0.00155302417,0.00164125394,0.00220140629,0.00186631642,0.00154937245,0.0010861241,0.00095028861,0.000916821184,0.000376966462,0.000298719882,0.00053682935,0.000277029438,,8.59709253e-05,,0.000219518901,,,,,,,,,,,,,,,0.000367473898,,,,,,,,,,,,,,,,,,,
996,18.7110004,2026-08-30T08:56:05.642000+0000,-20.96453677179,154.35972845207667,0.0764305592,0.0689994842,0.0578109287,0.0621459745,0.0614539944,0.0618973337,0.0647858456,0.0698899031,0.0704293028,0.0719295219,0.07075122,0.0682321191,0.0665997416,0.0647301227,0.0624915771,0.0623401888,0.061464902,0.0607342534,0.059749905,0.0591993071,0.0588637255,0.0569627993,0.0562180839,0.0557723939,0.0557268448,0.0543431006,0.0545291156,0.0531634018,0.0528402664,0.0528486744,0.0508225746,0.0512921959,0.0507759564,0.0494280644,0.0489343926,0.0491053276,0.048494678,0.0477865599,0.0478123836,0.0475024767,0.0469924472,0.0472153313,0.0463907383,0.0453645363,0.0447600931,0.043873731,0.0437458977,0.043332506,0.0433630459,0.0431802981,0.0426305048,0.0417104214,0.0421668552,0.0409683473,0.0411404707,0.0406177379,0.0403050631,0.0396019369,0.0397179015,0.0396795943,0.0392148905,0.0388134941,0.0388225392,0.0375911295,0.039168559,0.0385149308,0.038612023,0.0402169339,0.0377318412,0.039072644,0.0389959402,0.0357784145,0.0378445089,0.0356510058,0.0350213572,0.0377536491,0.0346771553,0.0351483598,0.0372547917,0.02901702,0.0333880894,0.031230595,0.0227475818,0.0335286185,0.0306066349,0.0286650266,0.0359733552,0.0241230167,0.0237767342,0.0257061329,0.0261797421,0.0240545664,0.0227738675,0.0193050858,0.0159332212,0.016363062,0.0124141974,0.0123705249,0.0125708459,0.0122287534,0.0126458006,0.0123356814,0.0106304428,0.0111160455,0.0100412481,0.00900268182,0.0091297524,0.00857031252,0.00725344149,0.00733181508,0.00653971871,0.00703305565,0.00659689866,0.00593634881,0.00540619995,0.00400219718,0.00411628047,0.00375555921,0.00316323363,0.00279730163,0.00265424047,0.00177012896,0.00223481562,0.00204627542,0.00139302795,0.00176125055,0.00163140625,0.00146631023,0.00184937695,0.00145611842,0.000770285376,0.00115679484,0.00093691994,0.000708655571,0.000406729552,4.68881917e-05,0.000253870036,,,7.935334e-05,0.000120134559,,,,,,,,,,,,,,,,,,,,,,,,,,,,,,,,,
997,18.8390007,2026-08-30T08:56:05.891000+0000,-20.964536770545,154.35972843672167,0.0674905851,0.0630594715,0.0645509735,0.0583860017,0.0596939959,0.0601873398,0.066245839,0.0681098998,0.0695193261,0.072059527,0.0708612204,0.0677521005,0.0663797632,0.0641301349,0.0624115765,0.0623401888,0.0614749044,0.0605642498,0.0593799129,0.0593793169,0.0575237274,0.0568628013,0.0567080826,0.0555824004,0.0554268509,0.0546331033,0.0549091175,0.0535334125,0.0530202799,0.0524086803,0.0521325879,0.0516122058,0.0502359681,0.0499580763,0.0493044034,0.0490353331,0.0484146774,0.0477065593,0.0475923866,0.0469624773,0.0464524515,0.0467453338,0.0460007414,0.0444945469,0.0451501124,0.0444237553,0.0430559367,0.0437925607,0.0430631228,0.0423803963,0.0436206087,0.0421805158,0.0421169437,0.0421684124,0.0416605249,0.0419977754,0.0409750789,0.0412619486,0.0413879007,0.0414195918,0.0407448858,0.0401934981,0.0406425521,0.0389711447,0.0401585735,0.0394849479,0.038512025,0.0401769355,0.0401718356,0.0386826433,0.0402759463,0.036988426,0.0365045443,0.037831068,0.0337514542,0.0380738042,0.0347273834,0.036118675,0.0363152027,0.0317475684,0.0319387838,0.0323514678,0.0259586461,0.0318597704,0.0300579164,0.0283663552,0.0370946825,0.0228930209,0.0239867587,0.0258961562,0.026659742,0.0246545449,0.0232238509,0.0187051054,0.0160732307,0.0160930492,0.012774175,0.012710521,0.0116608404,0.0120287603,0.0128358016,0.012325679,0.0111004347,0.011566042,0.0105012441,0.00967267994,0.00935974997,0.00808030088,0.00776344631,0.0078218095,0.00674972078,0.00706305075,0.006526893,0.00582635077,0.00580619369,0.00434220117,0.00488628773,0.00375556387,0.00280322647,0.00256730593,0.00274424511,0.00162012107,0.00252482342,0.00204627705,0.00219302811,0.00211126544,0.00128139346,0.00169632444,0.00201938441,0.0012661143,0.000600283674,0.000576808699,0.000446947815,0.000708689564,0.000466771511,0.000246961165,0.000253956998,0.000115866089,,5.9426995e-05,,,,,,,,,,,,,,,3.74741867e-05,,,,,,,,,,,,,,,,,,,
998,18.9680004,2026-08-30T08:56:06.144000+0000,-20.964536769280002,154.35972842112,0.0667905137,0.0610994808,0.0735709295,0.0572659634,0.0617240034,0.0613573454,0.0704858378,0.0679298863,0.0705493167,0.0725894943,0.0741312131,0.0666021109,0.0646797419,0.0663701296,0.0605315641,0.0612001866,0.0609449074,0.0596742406,0.058939904,0.0582893044,0.0574537292,0.0558127984,0.0561280772,0.0550023951,0.0545568392,0.053673096,0.0543391071,0.0528934039,0.0516802669,0.0529286675,0.0505025759,0.0506621934,0.0500859544,0.0483080596,0.0488643907,0.0482253209,0.0478246734,0.0470365509,0.0467523858,0.0464324728,0.0460624434,0.0461253263,0.0454607345,0.0478945337,0.0476000905,0.0465337224,0.0459858887,0.0458424985,0.0448830426,0.0444602966,0.0442405008,0.0439104214,0.0442668535,0.0430883467,0.042510476,0.0424377434,0.0423250608,0.0427119397,0.0419378988,0.042389594,0.0413348898,0.0411234945,0.0412425399,0.0409711264,0.0416385569,0.0415749289,0.0414320156,0.0424569324,0.0408718325,0.041532632,0.0406259336,0.0397384018,0.0401944965,0.0394509882,0.0377513357,0.039823629,0.0386371315,0.0374383405,0.0388347693,0.0335869938,0.032988064,0.0346005708,0.0292375609,0.0334785953,0.0334966332,0.0306350365,0.0382133722,0.0220030323,0.0242067557,0.024846131,0.0254597515,0.0243645739,0.022963861,0.0189050827,0.0170432124,0.0149730556,0.0127042066,0.012940526,0.0128408577,0.0127287637,0.0129258102,0.0122956894,0.0113504538,0.0115760462,0.0102712493,0.0101426821,0.00912975427,0.00832031667,0.00777344871,0.0080918204,0.00700971717,0.00683305319,0.00663689431,0.00609634351,0.00545619382,0.00486220326,0.0042762747,0.00373556279,0.00303322193,0.00325730164,0.00297424383,0.00255013118,0.00218482269,0.00192627695,0.00172302953,0.00165125064,0.0016314066,0.00181632384,0.00207937602,0.00180611643,0.00102028146,0.000706793915,0.00082691852,0.00024865559,7.67271558e-05,,,0.000215768727,,2.9349234e-05,,,,,,,,,,,,,,,,,,,,,,,,,,,,,,,,,,
999,19.0930004,2026-08-30T08:56:06.393000+0000,-20.964536768035,154.359728405765,0.0664405301,0.0603294596,0.066150941,0.0569459498,0.0578240156,0.0589273535,0.067395851,0.0667698979,0.0683393255,0.0719295219,0.071111232,0.0673021078,0.0644697547,0.0660601258,0.0607115738,0.0614601821,0.0606049113,0.0602942519,0.0591299124,0.0586493202,0.0582937263,0.0565928034,0.0556480847,0.0557824001,0.0544568412,0.0543530993,0.0543391146,0.0532634072,0.0518602729,0.052928675,0.0507425815,0.0498722009,0.0503159612,0.0485380664,0.0482043959,0.0480753295,0.0477546789,0.0470365547,0.0472923853,0.0462024771,0.0460624471,0.0462853312,0.0456907377,0.0444945432,0.0443701074,0.0445737541,0.0435059331,0.0431125574,0.0430631153,0.0420203917,0.0421306044,0.0417605154,0.0418069437,0.0412184186,0.0411205254,0.0407477766,0.0407650843,0.0401419513,0.0403878987,0.0407395922,0.0398848876,0.0394134931,0.0400625467,0.0397211425,0.0397585742,0.0406749472,0.0401020236,0.0407769345,0.0405818336,0.0391526334,0.0398359373,0.0391284153,0.0373745337,0.0382510498,0.0363814346,0.0365037844,0.0369373597,0.0333786532,0.035915181,0.0328375474,0.0301287547,0.0317614488,0.0265786257,0.0289797634,0.0292979069,0.0308663677,0.0309847072,0.0222730469,0.02406675,0.0250261407,0.0266797431,0.0246745758,0.0228338614,0.0197551046,0.0166432336,0.0158530548,0.0127841923,0.0110105239,0.0126108518,0.0124487523,0.012455795,0.0120856827,0.0113604469,0.0111260423,0.0105112446,0.00970269274,0.00933975354,0.0083403131,0.00779344374,0.00759181054,0.00654971832,0.00733304583,0.00676689204,0.00590634067,0.00567619689,0.00495221093,0.00427627983,0.00432556402,0.00364323566,0.00284731481,0.00270423666,0.00259012775,0.00270481501,0.00227627694,0.00224302197,0.00212126458,0.00216139667,0.0024063203,0.00202938286,0.00168611784,0.000560288259,0.00106681767,0.000726939645,0.000248689495,0.000646776287,0.00012696092,0.000213961583,8.5870648e-05,4.1661493e-05,0.000139435637,0.000290209893,,,,,,,,,,,,,3.0437368e-05,,,,,,,,,,,,,,,,,,,,
1000,19.2169991,2026-08-30T08:56:06.641000+0000,-20.964536766795,154.35972839047167,0.0671605468,0.0620795041,0.0609609149,0.0569559596,0.0569939874,0.0585273467,0.0630758479,0.0668498874,0.0674793199,0.0697895065,0.0689412057,0.0655721128,0.0628197491,0.0633001328,0.0592215769,0.0592201836,0.0582849048,0.0578442477,0.0572599061,0.0567293055,0.05578373,0.0550827943,0.0547980852,0.0543323979,0.0530068465,0.0523230992,0.0530091152,0.0519634038,0.0507902689,0.0511386693,0.0499325804,0.0488621965,0.0492459573,0.0484680645,0.0473143905,0.0470453314,0.0467846729,0.0465865545,0.0465323888,0.0464324765,0.0455924496,0.0454953313,0.0458507389,0.0456045382,0.0459400937,0.0452837311,0.045055896,0.0441725068,0.0435230434,0.0434802994,0.0436505042,0.0432404205,0.0430868529,0.0426183455,0.0415604711,0.0421677381,0.0416350625,0.0418519378,0.0412679017,0.0417095944,0.0409048907,0.0406734943,0.0401125401,0.0397111289,0.0402485579,0.0407049321,0.0398920216,0.0409469381,0.0399518423,0.0400026403,0.0404059403,0.0379984118,0.0363245085,0.0374910049,0.0367413573,0.0360036492,0.038397152,0.0344383642,0.0352847911,0.0351770222,0.0300280936,0.0311605968,0.0278575849,0.0261386186,0.0310166404,0.0308650266,0.031503357,0.0231330134,0.0241867546,0.0259861257,0.0260197334,0.024704555,0.0228138622,0.0198850986,0.0162032302,0.0147730485,0.0131842,0.0121205281,0.0123508452,0.0122287534,0.0119258063,0.0125456834,0.0115504405,0.0108660487,0.0109412484,0.00991268083,0.00882974733,0.00880031195,0.00775343506,0.00724181207,0.00731972,0.00728305243,0.00644690357,0.005506346,0.00539620128,0.0051521943,0.00451627234,0.00352555956,0.00369322347,0.00351731083,0.00251424406,0.00254011666,0.0019548228,0.00208627013,0.0018930214,0.00141125207,0.00168139965,0.00198631617,0.00236938265,0.00143612106,0.00141027535,0.00104679447,0.00105691899,0.000738651608,0.000686722342,0.000166887243,0.000133870984,0.0002857738,0.000571565761,5.93410805e-05,,,,,,,,,,,,,0.000259629916,0.000340435159,,,,,,,,,,,,,,,,,,,,
1001,19.3349991,2026-08-30T08:56:06.890000+0000,-20.96453676555,154.35972837511667,0.0705705285,0.0561894961,0.0644909441,0.0587459505,0.0581040084,0.0594373345,0.0665658489,0.0666298866,0.0668693334,0.0704395026,0.0698212162,0.0660221055,0.0627897605,0.063460134,0.0601815768,0.0599901974,0.0601049103,0.0590742566,0.0581399202,0.0569993258,0.0568837412,0.05592281,0.0553480946,0.0548124015,0.0541668497,0.0537631102,0.0535691231,0.0527034104,0.051680278,0.0516386777,0.0503325909,0.0495622009,0.0493259691,0.0486180745,0.0481344014,0.0474153385,0.0470846891,0.0462165661,0.0464523919,0.0460524857,0.0454424545,0.0451853387,0.0454607494,0.0444945469,0.0439701043,0.0438737385,0.0436659046,0.0431125127,0.0426930562,0.0425803065,0.042070508,0.0419004187,0.0411268547,0.0411583409,0.0407204665,0.0398877338,0.0411350578,0.0399919339,0.0398478992,0.0400095955,0.03927489,0.038643498,0.0389325432,0.0388311297,0.0384285599,0.0384849347,0.0391920246,0.0388769433,0.0394718461,0.0384826548,0.0374559574,0.038138438,0.0361145362,0.0367310382,0.0367513932,0.0357036926,0.037167199,0.0350484066,0.0342648402,0.0340970643,0.0306281354,0.0288306437,0.0285676196,0.0290286485,0.0318766497,0.0305650067,0.0305833183,0.0233230274,0.0242467411,0.0253261458,0.0255797245,0.025084557,0.0223338585,0.0199350696,0.0171832126,0.014983058,0.0126341768,0.0114605203,0.0122608365,0.0123087522,0.0122357905,0.0123156803,0.0118204458,0.0113460412,0.0107412413,0.0101626888,0.00861974247,0.00880030915,0.00798343215,0.00801181234,0.00750970794,0.00706304982,0.00679690018,0.00605634646,0.00541619724,0.00546219666,0.00443628151,0.0039255498,0.00370322005,0.00311730197,0.00328424457,0.00325012533,0.00221481686,0.00256626518,0.0020230182,0.00189126201,0.00216139504,0.00187631533,0.00225938275,0.00167612021,0.000730277156,0.00111680175,0.000736918533,0.000598657643,0.000206728757,0.000746887526,0.000363871804,0.000305769965,1.5613623e-06,2.93364283e-05,,,,,,,,,,,,,,0.000190430437,1.74776214e-05,,,,,,,,,,,,,,,,,,,
1002,19.4449997,2026-08-30T08:56:07.144000+0000,-20.964536764280002,154.35972835945333,0.0643905401,0.0607394762,0.0676309168,0.0539059937,0.0572839975,0.0577273369,0.0643858388,0.0648598969,0.0672793239,0.0690995306,0.070401229,0.0635821,0.0621597581,0.062730141,0.0577015765,0.0576601923,0.0576149113,0.056724254,0.0545499176,0.0549793243,0.0549537428,0.0534728058,0.0530580841,0.0524924025,0.0519468524,0.0515531115,0.0512991175,0.0509534106,0.0495302789,0.0510486811,0.0487925857,0.0482322052,0.0486459695,0.0471280701,0.0468043983,0.045865342,0.0461946875,0.0456965677,0.0450123958,0.0448924899,0.0441224575,0.0441653393,0.0441207476,0.0432345457,0.0436601043,0.0427037366,0.042505905,0.0416725129,0.0420930572,0.041110307,0.0415505059,0.0411104187,0.0402868539,0.0403383411,0.0402104668,0.0392777361,0.0392350592,0.0391319357,0.0392979011,0.0386695936,0.0388348885,0.0381234996,0.0379025415,0.0382311344,0.0372185633,0.0371349342,0.038992025,0.0382169448,0.0387718491,0.0377826579,0.0371959619,0.0370984338,0.0355645381,0.0356210396,0.0362013914,0.0348236933,0.034967199,0.0360284075,0.0334748402,0.0326370671,0.0310781356,0.0276506431,0.0292376205,0.0282786507,0.0291966461,0.02935501,0.0307833143,0.0252230149,0.0257667489,0.0271161329,0.0254497267,0.0252045412,0.0235738438,0.0199050885,0.017653225,0.0152330399,0.012564186,0.0124805197,0.0124408426,0.0124187525,0.0131357908,0.0118156867,0.0115804477,0.0111160418,0.0102712438,0.00944267958,0.00933975168,0.0090203099,0.00874343608,0.00728181982,0.00692971004,0.00750305131,0.00709689036,0.00605634646,0.00544619327,0.00447219331,0.00439627189,0.00407555979,0.00331322663,0.00316731026,0.00296424213,0.00197011558,0.0025348193,0.0016462676,0.00179301866,0.00154124876,0.00134139904,0.00210631476,0.00189937069,0.00115611439,0.00154027448,0.000986804022,0.000996928895,0.000808659708,0.000586723268,0.000326883397,0.000403866521,0.000235779211,0.000171553809,,,,,,,,,,,,,,,,6.74784678e-05,,,,,,,,,,,,,,,,,,,
1003,19.552,2026-08-30T08:56:07.393000+0000,-20.964536763035003,154.35972834409833,0.074370563,0.0610695072,0.0593709685,0.0599559881,0.0577240027,0.0582373478,0.0628858656,0.068329908,0.0675193295,0.0703595206,0.0687912181,0.0669421107,0.0642897636,0.0624001473,0.0607015863,0.0607901998,0.0591449216,0.0588242635,0.0577899255,0.057379324,0.0571837351,0.0567828044,0.0554580912,0.0558824055,0.0552368537,0.0547331125,0.0535691306,0.0527934209,0.0525802821,0.0513886847,0.0497625954,0.0500422083,0.0486459732,0.0479480773,0.0479044057,0.0474853404,0.0468646921,0.046286568,0.0464523956,0.0456624888,0.0459824614,0.0454953425,0.0447507538,0.0435545519,0.0435001068,0.0434037447,0.0431159101,0.0419725217,0.0418730602,0.0417103097,0.0412705094,0.0413304195,0.0409668535,0.0402883403,0.0405804627,0.040077731,0.0401150547,0.0399319306,0.0401778966,0.039469596,0.0387348905,0.0390434973,0.0377725437,0.0388511345,0.0385185629,0.038354937,0.0397920273,0.0392969474,0.0373718552,0.0389926583,0.036575973,0.03646845,0.0368245542,0.0352910534,0.03620141,0.0373437107,0.0324772187,0.0363884307,0.0338648632,0.029777091,0.0336181596,0.0260706693,0.0279376432,0.031918671,0.0290966593,0.0314750038,0.0366932936,0.025893027,0.0219367296,0.0261261258,0.0249397457,0.0240345579,0.0231638476,0.018325083,0.0176331922,0.0146930479,0.011814177,0.0125205107,0.0122408364,0.011378753,0.0124557884,0.0118156839,0.0113404468,0.0111060403,0.00957124494,0.0094526764,0.0095397383,0.0073002968,0.00801344123,0.00779181067,0.00621971302,0.00726305228,0.00632690173,0.00555633707,0.00610619457,0.00408219919,0.0041862689,0.00355555303,0.00250322837,0.0031173008,0.00237422972,0.00170012063,0.00240482064,0.00176626595,0.00161302718,0.00154124829,0.0012813916,0.00169632398,0.0014293734,0.00138611428,0.000950278598,0.000876804464,0.000436929375,0.000488658494,0.000466725556,0.000446898601,0.000263870839,7.57699163e-05,5.15520805e-05,,0.000140115968,,,,,,,,,,,,4.96233115e-05,2.04294338e-05,0.0001774712,,0.000387520879,,,,,,,,,,,,,,,,,
1004,19.6599998,2026-08-30T08:56:07.642000+0000,-20.96453676179,154.35972832874333,0.0637204945,0.068219468,0.0639709309,0.0577459447,0.0600439757,0.0621873327,0.065415822,0.0678698868,0.0705393031,0.073199518,0.0703612193,0.066932112,0.0664897561,0.0627101213,0.0608615652,0.0618101843,0.0601749048,0.0592542514,0.0577598959,0.0588493012,0.057083711,0.0566827841,0.0564280674,0.0552023835,0.0541568324,0.0543430895,0.0537590981,0.052793391,0.0530202538,0.0522486493,0.0509025566,0.0505121723,0.0494759418,0.0492080487,0.0480543748,0.047995314,0.0477546677,0.047406543,0.0469123684,0.0466624647,0.0463724434,0.0458853245,0.0454507247,0.0444945134,0.0441300571,0.0437936708,0.0433558114,0.0434823893,0.0429128967,0.0426001064,0.0427602939,0.0416902192,0.0421666801,0.041818209,0.0411203653,0.0408676676,0.0409550183,0.040521916,0.040257901,0.0401596017,0.0400748961,0.0392934904,0.0397525206,0.0390010998,0.0403085239,0.040704906,0.0394920111,0.0409469381,0.0400918461,0.0396926478,0.0401659273,0.0378383845,0.0384444408,0.0384208784,0.0368411504,0.0385433361,0.0363766924,0.0354177281,0.0363039561,0.0323159099,0.0324766934,0.0311888419,0.0266454387,0.0319762826,0.0289840605,0.0301823355,0.0355706774,0.0235730018,0.0240567438,0.0253361296,0.0257897452,0.0237945709,0.0228438769,0.0196750797,0.0168732163,0.0158230513,0.0117442049,0.012750526,0.0129008582,0.0113787707,0.0126158111,0.0118356971,0.0111104641,0.0113360547,0.0102512557,0.009682687,0.00932976138,0.0085303057,0.00820343941,0.0074818125,0.0069497088,0.00752305239,0.00682689762,0.00600633537,0.00624618866,0.00460219849,0.00475625973,0.00431554951,0.00321321678,0.00315729086,0.00291423174,0.00281012151,0.00208481774,0.0018162732,0.00189301837,0.00177126098,0.00134139869,0.00210631546,0.00172937743,0.00179611729,0.00060026662,0.000686773739,0.000946872518,0.000758580514,,0.000126751984,0.000523688504,0.00021556711,,5.91672724e-05,,,,,,,,,,,,,0.000269605487,,0.000277475861,,,,,,,,,,,,,,,,,,,
1005,19.7670002,2026-08-30T08:56:07.891000+0000,-20.964536760545002,154.35972831338833,0.0647305101,0.0560794547,0.0689509138,0.0546559915,0.0577140115,0.0582973324,0.066795826,0.0647698939,0.067639336,0.0704695135,0.0703512207,0.0631721169,0.0632797629,0.0635601357,0.05883158,0.0597202033,0.0590649173,0.0584742613,0.0572499186,0.0574693233,0.056343738,0.0547928102,0.0545980893,0.0537424013,0.0540868528,0.0528031066,0.0536791123,0.051783409,0.0510502718,0.0514686704,0.0497625843,0.0496421978,0.0489359647,0.0482380688,0.0486443974,0.0473353341,0.0476846769,0.0471865609,0.0474423952,0.0472824872,0.0469224565,0.0466753393,0.0459207445,0.0449745394,0.0444500931,0.0440337136,0.0438958667,0.0434824601,0.0428429842,0.0420202166,0.0426204056,0.0415503234,0.0414867625,0.0409682691,0.0409304164,0.0408076979,0.0407450348,0.040771924,0.0399878956,0.0406095982,0.0396648943,0.0389334969,0.0387925319,0.0388511196,0.038398549,0.0395449251,0.0389920212,0.0394369476,0.0395418592,0.0385626666,0.0392159633,0.0369884297,0.0371245146,0.0386909917,0.0352013111,0.036983557,0.036556989,0.0341681167,0.0350544453,0.0333465412,0.0300774723,0.0294397995,0.0259465836,0.0282275099,0.0315653756,0.0318536647,0.0307819657,0.0227030106,0.0235567186,0.025616115,0.0254597347,0.0241245609,0.0222838484,0.0191550776,0.01593321,0.0147230327,0.0132241892,0.0121505186,0.0117908418,0.0116787637,0.0122357914,0.0121256784,0.0113704484,0.0108960439,0.0105112428,0.0101426775,0.00908974092,0.00881030783,0.00751343509,0.0082718078,0.00748970965,0.00730304793,0.006306889,0.00605634321,0.00563619472,0.0046121995,0.00497626374,0.00412554713,0.0036032123,0.00284730271,0.00305424212,0.00202012109,0.00186481641,0.00209626579,0.00162302435,0.00120124698,0.00134139811,0.00181632326,0.00190938427,0.00109612232,0.000910278177,0.00104678515,0.00124690379,0.000598624931,0.000366673921,0.000406819279,0.000483784475,0.000345679466,,0.000479246373,0.000200045411,,,,,,,,,,,0.000169924402,,0.000260430155,,,,,,,,,,,,,,,,,,,,
1006,19.8780003,2026-08-30T08:56:08.145000+0000,-20.964536759275003,154.359728297725,0.09645053,0.0802794546,0.0864409208,0.073665984,0.072924003,0.07131733,0.0772658214,0.0745698661,0.0755093172,0.0761295035,0.0735912248,0.0686021224,0.0646797493,0.0643401295,0.0612615794,0.0608701967,0.0596649051,0.0591642521,0.058049906,0.0577393025,0.056613721,0.0549727939,0.0545880757,0.055302389,0.0549468361,0.0542530939,0.0547090992,0.054463394,0.0530202538,0.0536886454,0.0519725569,0.0512121767,0.0511459447,0.049578052,0.0487943813,0.0484553203,0.0475246608,0.0472665504,0.0465223752,0.0465824716,0.0466924421,0.0463553295,0.0464707278,0.0452845171,0.0450700521,0.0445736498,0.0442057773,0.0433423407,0.0434428267,0.0435500219,0.0431301929,0.0424701236,0.042446591,0.0417681336,0.0410603136,0.04185763,0.0405749902,0.0407319032,0.0407678932,0.040429607,0.0404049009,0.0395534895,0.0396525115,0.0397210829,0.0386685096,0.0401248932,0.0403620079,0.0425269455,0.0430818573,0.0433626622,0.0435259454,0.0430583917,0.0410244316,0.0429708511,0.0417410918,0.0405532271,0.0416865014,0.0376174599,0.037723586,0.0355554074,0.0295660552,0.0312280152,0.0272044167,0.0275851563,0.0309127942,0.032380987,0.0303793065,0.0246029869,0.0244367104,0.0259961188,0.0261297226,0.0252445675,0.0227438547,0.0204950832,0.0170232058,0.0158030502,0.0139041999,0.0126205273,0.012420862,0.0132187651,0.013045812,0.0127956895,0.0122604612,0.0115560554,0.0109312544,0.00965269003,0.00974974968,0.00875030458,0.00815344602,0.00849181227,0.00772970868,0.00721304771,0.006516892,0.0059963325,0.00557618355,0.00485218968,0.00471625803,0.00406554574,0.00391320698,0.00305729825,0.00281422609,0.00244012172,0.00202480843,0.00250626914,0.00185302133,0.00148125214,0.00168139709,0.00139631971,0.00177937106,0.00160611304,0.00182026508,0.00190676632,0.000926854322,0.000678559591,0.000946569839,0.000696683943,0.000613605953,0.000585476984,0.000271260797,0.000199084054,0.000219913782,,2.86253635e-05,0.000211794395,,,,,,,,,,,0.000247480639,0.000230616541,,,,,,,,,,,,,,,,,,
1007,19.9880009,2026-08-30T08:56:08.394000+0000,-20.96453675803,154.35972828237,0.0805605277,0.0600394383,0.0674409196,0.0633259416,0.0599039868,0.0616373233,0.0681158081,0.0713398829,0.0682093129,0.0716794953,0.069541201,0.0705321059,0.0631297454,0.0645901114,0.0618915558,0.0608601831,0.06000489,0.0599342398,0.0594098903,0.0576292872,0.0573437102,0.0563027784,0.055348061,0.0545223691,0.0538668185,0.0537730716,0.0529990755,0.0539133735,0.0512402318,0.0518186279,0.0510825403,0.0490221605,0.0490859263,0.0486980341,0.0480543599,0.0474153012,0.0470846519,0.0470365249,0.0463823602,0.0463524498,0.0460724235,0.0452653095,0.0453007072,0.0456844941,0.0456200317,0.0454336293,0.0446657576,0.0443323217,0.044932805,0.0445100032,0.0445901863,0.0442301184,0.0434265994,0.0438981429,0.0432703234,0.0426976383,0.0427049994,0.0421919115,0.0425079018,0.0423096083,0.0420649014,0.0403334871,0.0405125059,0.0405510813,0.0398085043,0.0409848914,0.0412620008,0.0400369279,0.0413118415,0.0394126326,0.0393859074,0.0395883471,0.0372643769,0.039260786,0.0367410183,0.0367031433,0.0391864143,0.0357573666,0.0361534953,0.0354253128,0.0301159546,0.0305479206,0.0298443362,0.0289150961,0.033592768,0.0328310207,0.0335293934,0.0240030196,0.0248867404,0.0259761363,0.0260097533,0.0249145832,0.0225638635,0.0200050883,0.0170132369,0.0145830773,0.0141942194,0.012450546,0.0124508692,0.0135187805,0.0124658085,0.012305703,0.0120304702,0.0113160647,0.0113912607,0.010122695,0.00926975999,0.00925031863,0.00868345518,0.0077018165,0.00757971779,0.00695305597,0.00716689928,0.00629634084,0.00583619671,0.00493218191,0.00479626516,0.00399554381,0.00355321378,0.00310729584,0.00331423851,0.00323012518,0.00202481123,0.00255626487,0.001953025,0.0019312544,0.00162139174,0.00186631805,0.00241937512,0.00149611069,0.000820260262,0.000846769079,0.000876856968,0.000618547783,0.000516576692,0.000276674982,0.000453609391,0.000445468118,0.000231276499,6.9103553e-05,,,,,,,,,,,,,,,,,,,,,,,,,,,,,,,,,,
1008,20.0960007,2026-08-30T08:56:08.642000+0000,-20.96453675679,154.35972826707666,0.0826105326,0.0560494699,0.060370937,0.0636259541,0.0578339919,0.059197329,0.0639758408,0.0702698827,0.0693493262,0.0712795034,0.0687512159,0.0696521103,0.0639797449,0.0633401275,0.0625015795,0.0616501942,0.0609649122,0.0603742562,0.0596499033,0.0582693107,0.0589337312,0.0573527925,0.0566180833,0.0553923994,0.0555268414,0.0547330976,0.0540491082,0.0541834049,0.0532102622,0.05120866,0.0524625741,0.0505121872,0.0501559526,0.050328061,0.0497543924,0.0492553264,0.0482646748,0.048156552,0.0478223823,0.0469624735,0.0471524484,0.0467453301,0.0457607321,0.0462345295,0.0456300825,0.0457537025,0.0448258594,0.0442624539,0.0453829728,0.0433402099,0.0439004041,0.0437403247,0.0425267667,0.0432882756,0.0422704183,0.0416277014,0.0419650376,0.0414719284,0.0412078984,0.0409195982,0.0412548929,0.0403134935,0.0404625274,0.041281119,0.0395785421,0.0395749211,0.0408620164,0.0396469384,0.0402118489,0.0400026515,0.0387659445,0.0401184112,0.0387244821,0.0376609564,0.0377512723,0.0371635184,0.0368969478,0.0363780707,0.0345744006,0.0337764919,0.034127418,0.0300697535,0.0292465407,0.0326074809,0.0296053682,0.035943687,0.0303920135,0.0199830178,0.0229567438,0.0256961416,0.0248397347,0.0248845574,0.0217138566,0.0185850859,0.0173932035,0.0144430473,0.0112541877,0.012700526,0.011590844,0.0121687632,0.0118558016,0.011795681,0.011830451,0.0108960476,0.00980125088,0.00991268177,0.00932975672,0.0075203022,0.00876343623,0.00754181715,0.0069797188,0.00776304863,0.00595689239,0.00601633498,0.00550619839,0.00443219487,0.00365627557,0.0032055513,0.00299322046,0.00298730144,0.00215424388,0.00188012631,0.00230481941,0.00137627264,0.00168301747,0.00149125443,0.00146139797,0.00205632183,0.00154937187,0.00156611879,0.000970268855,0.000926784473,0.000376897544,0.000138623669,0.00064667908,0.000146821432,,7.56716181e-05,,,,,,,,,,,,,,,,9.042499e-05,,,,,,,,,,,,,,,,,,,,
1009,20.2049999,2026-08-30T08:56:08.891000+0000,-20.964536755545,154.35972825172166,0.0616805181,0.059399467,0.0726308823,0.0548459403,0.0571440011,0.0579773374,0.067415826,0.0641098768,0.0674493089,0.0692295209,0.0698312148,0.0645321086,0.0617197528,0.0643601269,0.0587815791,0.0588701926,0.0581949055,0.0583042465,0.0565399118,0.0561893135,0.055883728,0.0539427958,0.0538180731,0.0526823923,0.0526168384,0.0519430935,0.0520491004,0.0512333885,0.0494402498,0.0509586483,0.0488725565,0.0479921699,0.0494059436,0.0474280529,0.0470943749,0.0467553139,0.046864666,0.0461465493,0.0456123762,0.0465824716,0.0449024476,0.0452653281,0.0450607277,0.0444945171,0.0447600521,0.0448836498,0.0438957773,0.0435623415,0.0433628261,0.0431800224,0.0433501936,0.042390123,0.0429865941,0.042168133,0.041600313,0.0411476269,0.0413549915,0.0409919061,0.0410578921,0.040839605,0.040544901,0.0395734906,0.0403225124,0.0389610864,0.0396585092,0.0398348942,0.0403620079,0.0402069427,0.0409118608,0.0390726626,0.0391859449,0.0383583903,0.0364744328,0.0376508497,0.0359210894,0.0363832265,0.0369265042,0.0361974537,0.0359135866,0.0319354087,0.0310660508,0.0322980136,0.0285344198,0.0296651646,0.0315627903,0.0290409811,0.0320993103,0.024172999,0.0215967279,0.0242961049,0.0244397223,0.0234545507,0.0214538611,0.0184850954,0.0159832239,0.0139830522,0.0127442041,0.0111405291,0.0123808524,0.0116187679,0.0119758043,0.0120556979,0.0113204513,0.0106460564,0.0100212554,0.00896269176,0.00884974934,0.00807030499,0.00779344887,0.00752182119,0.00678971317,0.00645305868,0.00605689315,0.00531633291,0.00491618132,0.00408218708,0.00356626092,0.00348554784,0.00340321474,0.00219729263,0.00206423574,0.00187012251,0.00138481823,0.00173626631,0.00138302369,0.00113125367,0.00116139126,0.00175631687,0.00160937861,0.00120612117,0.000600262312,0.000926761713,0.00111685903,0.000698556949,0.000646579661,,0.000143608428,0.000285471935,,,,,,,,,,,,,,,,,,,,,,,,,,,,,,,,,,,,
1010,20.3139992,2026-08-30T08:56:09.144000+0000,-20.96453675428,154.35972823612,0.0692405403,0.0618194826,0.0641309097,0.0582459718,0.0578240044,0.0588273332,0.0648458228,0.0683598742,0.0675293356,0.0702195019,0.0692012385,0.0668421239,0.0634397566,0.0630801469,0.0605415814,0.0604502037,0.0597649179,0.0588242635,0.0577899218,0.0568193197,0.0568137355,0.054882817,0.0546880886,0.0543324016,0.0535868481,0.0535831042,0.0528191067,0.0518633984,0.051230263,0.0512186624,0.0505025685,0.0494921841,0.0497059524,0.048538059,0.048354391,0.0479253307,0.0475246757,0.0476365574,0.0469823927,0.0471924767,0.0472324565,0.0470553376,0.0471007414,0.045914527,0.0465700664,0.0459036641,0.0448257923,0.0451623574,0.0439728387,0.0440800339,0.0444502011,0.0440201238,0.043286588,0.0433481261,0.042810306,0.0421676189,0.0423649885,0.0420619026,0.041607894,0.0417096056,0.041644901,0.0409534946,0.0410725176,0.0408210903,0.0409285128,0.0416349024,0.0405320153,0.0416469537,0.0410918742,0.0401626825,0.0409459695,0.0396184251,0.0387644731,0.0398508981,0.0382911488,0.0386632904,0.0389565676,0.0362075269,0.0374136567,0.0340254754,0.03416612,0.035768088,0.0285244808,0.0326052085,0.0341428109,0.0326809585,0.0346492454,0.0224229973,0.0244566984,0.025346119,0.0252697337,0.0244045481,0.0228638574,0.0184350759,0.0170132108,0.0149330497,0.0130241876,0.0129105244,0.0120608564,0.0124087604,0.012545797,0.0123256855,0.0117804594,0.011096051,0.0102412505,0.00940268766,0.00858974922,0.00803030655,0.00772343902,0.00768181169,0.00690970942,0.00648305193,0.00640688883,0.00580634037,0.0051361802,0.00480217952,0.00458625844,0.00362554146,0.00316321361,0.00269728294,0.00268422533,0.00191011454,0.0021248078,0.00190627202,0.00143301557,0.00164124439,0.0011613901,0.00157631026,0.00154937222,0.00131612306,0.000830263831,0.000696764677,0.000786860939,0.000258559012,,,0.000373609946,,0.000101245707,,,,,,,,,,,,,,,,0.000227475219,5.06215147e-05,,,,,,,,,,,,,,,,,,
1011,20.4239998,2026-08-30T08:56:09.393000+0000,-20.964536753035002,154.359728220765,0.0712605193,0.0587494113,0.0663909167,0.0583859719,0.0590639859,0.0600173362,0.066825822,0.0679298788,0.0680493191,0.0715495124,0.0698212087,0.0674321204,0.0637597516,0.0643301383,0.0605315715,0.060680192,0.0599249154,0.0596942566,0.0583199002,0.0577393025,0.0575537309,0.0559228025,0.0556480773,0.0546223894,0.0539668389,0.0531830937,0.0537590981,0.0531633794,0.0519502461,0.0518986434,0.051242549,0.0498021692,0.0500859357,0.0486880504,0.0481243804,0.0483653173,0.0480446666,0.0473265499,0.0475123785,0.0473524667,0.046452444,0.0459653288,0.0467107259,0.0436345078,0.0435800366,0.0434836261,0.0419657417,0.0422722846,0.0419327542,0.0416899323,0.042040091,0.0413900204,0.0411865041,0.040808063,0.0408302583,0.0397475921,0.0398449674,0.0399918891,0.0398478918,0.039739605,0.0397849083,0.0389834903,0.0388525054,0.0381610692,0.0388584957,0.0392548814,0.0389520079,0.03975695,0.039841868,0.0385226682,0.038765952,0.037838392,0.0376144126,0.0375008062,0.0355610065,0.0375430882,0.035966292,0.0346971564,0.0352831893,0.0318748727,0.0305253752,0.032367155,0.0259333588,0.0296640024,0.0307014957,0.0308596194,0.0357679352,0.020982977,0.0217967201,0.0252461061,0.024949722,0.0240045488,0.0218438506,0.0184450671,0.0157932006,0.0143530481,0.0117542027,0.0119105335,0.0126808612,0.0118587678,0.012495812,0.0120756971,0.0113504659,0.0113460552,0.010271254,0.00944268983,0.00908974931,0.00833031535,0.00772344507,0.0076118242,0.00700971298,0.00676304754,0.0065968954,0.00555632822,0.00540618831,0.00460218778,0.00422625709,0.00388553366,0.00275320513,0.00288728578,0.00242422987,0.00178011646,0.00191480585,0.00181626866,0.0016730132,0.00165124261,0.00158139435,0.00140631839,0.0023793811,0.00132612023,0.000300252199,0.000696751173,0.0010168351,0.000808523968,0.000256522006,0.000246613985,,0.000345376815,0.000291156059,,,,,,,,,,,,,,,,,,,,,,,,,,,,,,,,,,,
1012,20.5310001,2026-08-30T08:56:09.642000+0000,-20.964536751790003,154.35972820541,0.0692405179,0.0616194271,0.0609909147,0.0583959222,0.0567139797,0.0575573295,0.0643358082,0.0683198795,0.0668693259,0.069559522,0.0676112249,0.0662721246,0.0623897612,0.0639401302,0.0602815822,0.0601702072,0.0594149157,0.0594242513,0.057889916,0.057199318,0.0570937358,0.0559428036,0.0549780726,0.0536423959,0.0542768389,0.0527130887,0.0529090986,0.0523333848,0.050420247,0.0512186438,0.0501725487,0.0492521673,0.0492459349,0.0476480536,0.0477643758,0.0474953204,0.0473846644,0.0468165502,0.0464523807,0.0466524735,0.0463824496,0.0457353331,0.0453707278,0.0454445072,0.0456200279,0.0455136113,0.0442057103,0.0442522392,0.0443326868,0.0429698452,0.0432999916,0.0427499264,0.0419164151,0.0421179943,0.0416602045,0.0417475477,0.0415449478,0.0411118791,0.0404078886,0.0407596081,0.0400349125,0.0397134908,0.0393224992,0.0400210582,0.039228484,0.0398348719,0.0402320065,0.0396469571,0.0402818806,0.0386326835,0.039105963,0.0376483984,0.0365644023,0.0388407744,0.0364609472,0.0366829745,0.0379861072,0.0332768857,0.0349628218,0.0340943635,0.0300647244,0.0317463353,0.0285223406,0.0282728728,0.0339402333,0.0285882708,0.0320865661,0.0222629737,0.0220266916,0.02490611,0.0250397138,0.0243945364,0.0217738394,0.019615069,0.0170231964,0.0145030394,0.013174192,0.0116005279,0.0123408614,0.0121687707,0.0126658035,0.0128156878,0.0115504554,0.010866059,0.0104812551,0.00989268906,0.00905975234,0.00803030934,0.00770344725,0.00799181778,0.00699971244,0.00692305528,0.00654688524,0.00558633544,0.00539618637,0.00433217315,0.00364625268,0.00315553369,0.00270318985,0.00260728691,0.00232422422,0.00209010136,0.00140481093,0.00146626763,0.0016030051,0.00136124867,0.00115139014,0.0013363125,0.00189937034,0.00137611409,0.0011302575,0.00133674592,0.00106680766,0.000648498652,0.000536482432,,0.000533442944,,4.1056599e-05,,,,,,,,,,,,,,0.000219562731,,7.74825385e-05,,,,,,,,,,,,,,,,,,,
1013,20.6399994,2026-08-30T08:56:09.891000+0000,-20.964536750545,154.359728190055,0.0774204805,0.049209442,0.0727808923,0.0575559735,0.0571339838,0.0579573363,0.0668458194,0.066999875,0.0665193275,0.0703294948,0.0700612143,0.0667421073,0.0611997694,0.0646101311,0.0597615764,0.0597302057,0.0585149154,0.058434248,0.05770991,0.0566293187,0.0569837354,0.0545928031,0.0544680804,0.0541323908,0.053576842,0.0526030883,0.0532891005,0.0532633811,0.0509702414,0.0518986434,0.051652547,0.0487721637,0.0503059365,0.048988048,0.0488643795,0.0479253158,0.0484046638,0.0480865464,0.0466723815,0.0474224687,0.0466824472,0.0464353301,0.0460807271,0.0443345085,0.0445200279,0.0451236106,0.0437457114,0.0445422418,0.0435726866,0.0428198427,0.0440599918,0.0422299244,0.042396415,0.0421079919,0.0411402024,0.0412275493,0.0414149463,0.0408418775,0.040517889,0.0403696112,0.0399949104,0.0382634923,0.0392424986,0.0386810638,0.0381384827,0.0398948714,0.038282007,0.0401069596,0.04020188,0.0362326801,0.0391959623,0.0380883999,0.0348144025,0.0390107743,0.0356509462,0.0348729752,0.0391861051,0.0335468873,0.0360728204,0.0340943635,0.0284747258,0.0339463353,0.0278823357,0.0289728772,0.0335902274,0.0298782643,0.0347265676,0.0218829643,0.0240767039,0.0262461118,0.0265297107,0.0255945567,0.0220838431,0.0203550607,0.0174232032,0.015573062,0.0139341811,0.0124805309,0.0129808662,0.0136287715,0.0129958047,0.0123356916,0.0120704612,0.0113460552,0.0109512527,0.0103326906,0.0087897582,0.00900031533,0.0072134519,0.0079318108,0.00794970524,0.00676304661,0.00671689259,0.00612632371,0.00584618654,0.00541217951,0.00434624963,0.0043555242,0.00356319547,0.00288727973,0.00300422381,0.00227010739,0.00243480876,0.00188625674,0.00173301774,0.00143123942,0.0017514003,0.00204632315,0.00207937625,0.00184611161,0.00119024958,0.000986747444,0.000426817714,0.000618487713,0.000176485308,0.000166542421,,0.000305266498,3.10579198e-05,,,,,,,,,,,,,,,,0.000277478481,1.0630989e-05,,,,,,,,,,,,,,,,,,
1014,20.7490005,2026-08-30T08:56:10.144000+0000,-20.96453674928,154.35972817445332,0.0723304823,0.0817194283,0.0691808909,0.0649159625,0.0675040036,0.0668573305,0.0705358237,0.0706598982,0.0747793168,0.075339511,0.0737412348,0.0674821362,0.0694197565,0.0663501471,0.0619115792,0.0635301992,0.061884921,0.061004255,0.0589099191,0.0599293187,0.0580937266,0.0578928031,0.0572880842,0.0562523976,0.0554268472,0.0546330921,0.054709103,0.0532533862,0.0533702485,0.0539586432,0.0502425507,0.0520721711,0.0509959385,0.0494980589,0.050494384,0.0496253185,0.0484946705,0.0481565483,0.0485723875,0.0475024767,0.0470724516,0.046905335,0.0467807315,0.0437845103,0.0435000323,0.0434036143,0.0428857133,0.0428722426,0.0427526943,0.0418398492,0.0424099974,0.0415299237,0.0414464138,0.040747989,0.040440198,0.0400775485,0.040424943,0.0399818756,0.0401178896,0.0398896113,0.0397449136,0.0391534939,0.0391325019,0.0390010588,0.0391984843,0.0398048721,0.0399620049,0.0406369604,0.0400918834,0.0397626907,0.0381459743,0.0392384082,0.0375444181,0.0375807919,0.0367409661,0.0382229947,0.0374361277,0.0356669053,0.0363828428,0.0330743864,0.0330747515,0.0311863571,0.029192362,0.031102879,0.0315602347,0.0311582591,0.0355665386,0.0201329682,0.0228067059,0.0252161101,0.025069721,0.0247645285,0.0224938598,0.018895071,0.0170532037,0.0147830583,0.0119641991,0.0120105296,0.0129408538,0.0122987665,0.0125858113,0.012295695,0.011350465,0.0111160539,0.0102512538,0.0101126879,0.00883975066,0.00875030179,0.00774344057,0.00701181171,0.00747970724,0.0069930451,0.0064568962,0.0060063242,0.00514618866,0.00409217412,0.00385623891,0.00372553198,0.00346319261,0.00265727914,0.00247421814,0.00210011401,0.00203481643,0.00216626399,0.00168300886,0.00143123884,0.00117138703,0.00157631049,0.00160937896,0.00161611277,0.000730251428,0.000766747515,0.000716810231,0.000258491724,,6.65419211e-05,,2.52730824e-05,,,0.000279750559,,,,,,,,,,,,,,,,,,,,,,,,,,,,,,,,,
1015,20.8560009,2026-08-30T08:56:10.393000+0000,-20.964536748035002,154.35972815909832,0.0730104744,0.0698093697,0.0723208338,0.0641559213,0.0634239614,0.063477315,0.0691457912,0.0703698769,0.0716093257,0.0738595203,0.070841223,0.0689421147,0.0659497604,0.0655501336,0.0626715794,0.0625902042,0.0611849166,0.0608042441,0.0596399046,0.0596592985,0.058843717,0.0575327948,0.0569980703,0.0556723848,0.0555168279,0.0541430824,0.054229077,0.0537233613,0.0529402196,0.0517286174,0.0516425222,0.0508221425,0.0494659171,0.0491380319,0.0482643582,0.0487353019,0.0475946553,0.0479365289,0.0475923643,0.0468824618,0.0469124392,0.0464353226,0.0463107154,0.0459144786,0.0453099757,0.0452035256,0.0448255911,0.0447820723,0.0447824635,0.0435795598,0.0444496833,0.0433996283,0.0436261557,0.0430877842,0.0423600413,0.0422974415,0.0423648804,0.0423918441,0.0419178903,0.04224962,0.0416449234,0.0410334878,0.0413024724,0.0407010131,0.0405884348,0.0415948369,0.0408919901,0.0410869606,0.0405418947,0.0412126929,0.0398459584,0.0392883644,0.0375643149,0.0397706032,0.0368306637,0.0376825333,0.0384554341,0.0355859622,0.0370115973,0.0352327302,0.0309726689,0.0334337279,0.0266191531,0.0312693976,0.0315563753,0.0285042375,0.0359625369,0.0219129529,0.0223866813,0.0253660921,0.024929706,0.0247245356,0.0224338435,0.0191850755,0.0167232044,0.0150330514,0.0120242042,0.0116005354,0.0123108793,0.0124787865,0.0117258159,0.0118157119,0.0115804793,0.0113360668,0.0100212628,0.00942269806,0.0090397615,0.00827031024,0.00745345559,0.00696182158,0.00664971257,0.00745304674,0.00587689783,0.00619632192,0.00475617358,0.00395216513,0.00384622463,0.003265518,0.00345317903,0.00329727214,0.00255421665,0.00244010775,0.00198480417,0.00210625282,0.00173301261,0.00177124899,0.0014613918,0.00145631202,0.0015993797,0.00178611861,0.000300231593,0.000456708425,0.000246743846,0.000138390315,0.000296335027,,,,,,,,,,,,,,,,,,,,,,,,,,,,,,,,,,,,,,,
1016,20.9629993,2026-08-30T08:56:10.642000+0000,-20.964536746790003,154.35972814374333,0.0637504682,0.0660893843,0.0648808554,0.05740593,0.06012398,0.060777314,0.0663757846,0.0667698756,0.0699393228,0.0711795166,0.0701212287,0.0663721263,0.064489767,0.0641501322,0.0603515916,0.0606902055,0.060004916,0.0597942472,0.0575999096,0.0577393025,0.0568137243,0.055352807,0.0543980673,0.0541323833,0.0540768355,0.0524130799,0.0529190823,0.0517733656,0.0509602204,0.0513886139,0.0492725186,0.0489321351,0.0484059155,0.0477180369,0.0473143607,0.0472653024,0.0473846532,0.0465865321,0.0460723713,0.0457324609,0.0453624465,0.0451853275,0.0450607166,0.0457544774,0.0464899726,0.0462135077,0.044435557,0.0452420227,0.0443423912,0.0440094769,0.044659581,0.0432595313,0.0428760648,0.0425977111,0.0415599905,0.0418974012,0.0415048525,0.0417718291,0.0412478819,0.0409696214,0.040094927,0.0397734866,0.0398524664,0.0384909995,0.0395384207,0.0397348218,0.0391819924,0.0398569703,0.0399119072,0.0387527086,0.0390559733,0.0379983746,0.0362643078,0.0376505703,0.0361905992,0.0356124192,0.0379252434,0.0338956863,0.0370112211,0.0333322138,0.0299620107,0.0329028852,0.0252681114,0.0282682516,0.0316550918,0.0282028634,0.03484115,0.0248429254,0.023096649,0.0248660576,0.025139682,0.0243945271,0.0232838597,0.0202150661,0.0171731822,0.0157030635,0.0136042163,0.0126705412,0.0131808845,0.0133387763,0.0125658074,0.0130757093,0.0115704816,0.0117760682,0.0111512616,0.0108026937,0.00973975752,0.00919030607,0.00840344932,0.00796182267,0.00716970162,0.00691305753,0.00666689593,0.00546632521,0.00548617775,0.00437216321,0.00396621693,0.00401550159,0.00336316903,0.00305726822,0.00307421852,0.00221010437,0.00202479633,0.00199624989,0.00172301149,0.00147124147,0.00197139755,0.00174631819,0.00176937238,0.00189611944,0.000420226279,0.000286705646,0.000896726153,0.00035835887,,1.62697979e-05,0.00019309402,,,,,,,,,,,,,,,5.98086626e-05,0.00104951416,0.000430385262,0.000597485108,5.0660019e-05,0.000137592317,5.87042887e-05,,,,,,,,,,,,,,,,
1017,21.0779991,2026-08-30T08:56:10.890000+0000,-20.964536745550003,154.35972812845,0.0719504803,0.0643594339,0.0607008673,0.061265938,0.0585439876,0.0598973185,0.0662657917,0.0691398829,0.0689393133,0.0711595267,0.0689112395,0.0681321323,0.0630097762,0.0636301339,0.0609815903,0.0600702241,0.0598249324,0.0595942698,0.057949923,0.0575593263,0.0570637323,0.056302812,0.0545780845,0.0549023971,0.0538668446,0.053483095,0.0527090952,0.0530733839,0.051050242,0.0513886362,0.050992541,0.0488521606,0.0497059338,0.0480880551,0.0481943786,0.0480753258,0.0477546751,0.0471065529,0.0472823866,0.0465824828,0.0465324521,0.0460453406,0.0459207334,0.0433945023,0.0431900136,0.043323569,0.0425856486,0.0421921425,0.0420125537,0.0408996679,0.0411097929,0.040959727,0.0407662354,0.0402578451,0.0399800912,0.0402574725,0.0396248959,0.0393418521,0.0389878862,0.0390796177,0.0385249183,0.0383634903,0.0381524861,0.0381110311,0.0379984528,0.038574852,0.0381520018,0.0388069712,0.0384419039,0.0380927101,0.0376559906,0.0370984115,0.0355443917,0.0371507145,0.0355708189,0.0348427445,0.038135726,0.0343363434,0.0349720791,0.0330733471,0.0314734243,0.0299346708,0.0292102732,0.0289706048,0.0309076756,0.0318455435,0.031693805,0.0209929515,0.0241866782,0.0257660616,0.0254496858,0.0245345328,0.0225038361,0.0200850666,0.0171831902,0.0144530535,0.0129941814,0.0115105212,0.0120208589,0.0121387737,0.0119558051,0.0121256895,0.0109004686,0.0106660556,0.01073125,0.00897268951,0.00882975198,0.00784030184,0.00749344425,0.006761814,0.00662969798,0.00597304478,0.00569688948,0.00525632687,0.00488617178,0.0042221616,0.0037762369,0.00336552225,0.00295318756,0.00216727331,0.00242421776,0.00210010726,0.00132480112,0.00109625165,0.000883005676,0.0013812409,0.00111139263,0.00158632384,0.00178938522,0.00126611476,0.000830243807,0.000746728911,0.000486767705,0.000228430785,7.63880671e-05,,,0.000285065616,,5.86954411e-05,0.000369588495,,,,,,,,,,,,,,0.000177478389,1.06474035e-05,,,,,,,,,,,,,,,,,,
1018,21.2080002,2026-08-30T08:56:11.145000+0000,-20.964536744275,154.359728112725,0.0781604499,0.052819442,0.0637208521,0.0616759546,0.0552139916,0.056577336,0.0639958084,0.0671798736,0.0665093139,0.0684795156,0.0668312386,0.0667621419,0.0600897707,0.0625101402,0.0590515845,0.0581802092,0.0578549169,0.0579442568,0.0565399192,0.0548993088,0.0561537258,0.0536528118,0.0532280765,0.0532723889,0.052126836,0.0516430847,0.0507190898,0.0513133779,0.0495402329,0.0499286279,0.0500125326,0.0469721481,0.0483359285,0.0468280427,0.0459143743,0.0462353118,0.0463446639,0.0455365442,0.0448523797,0.0453424715,0.0447424501,0.0443953313,0.0442807227,0.0445744917,0.0449900031,0.0448935628,0.0442756377,0.0436421372,0.0434325412,0.0427296609,0.0424897894,0.0411997288,0.0405962393,0.0408878513,0.0402600951,0.0408674739,0.0400949009,0.0399818569,0.0395278856,0.039479617,0.0389949195,0.0387834869,0.0380024835,0.0384010337,0.0383684523,0.037864849,0.0382420011,0.0382469669,0.0385418944,0.0377026983,0.036865972,0.0359983929,0.0354943611,0.0351306833,0.0344707817,0.0356827043,0.0344356857,0.0347762965,0.0321320333,0.0309833027,0.0300633758,0.0289046206,0.0259402338,0.0281005688,0.027567666,0.0288855638,0.031693846,0.0229629502,0.0225066673,0.0250460748,0.0246796906,0.0241945256,0.0223338511,0.0184850767,0.0168132018,0.0141530409,0.0118041961,0.0126305278,0.0118708694,0.0121187661,0.0125658037,0.0117856935,0.0108804749,0.0108760614,0.0100212581,0.0089426972,0.00859975535,0.00802031066,0.00771344779,0.00700181397,0.0066497121,0.00619304739,0.00574688474,0.00497632055,0.00491616921,0.00438217167,0.00368623529,0.00319551653,0.00255318289,0.00183727429,0.00251422287,0.00147010281,0.00175480533,0.00141625525,0.00150301424,0.00118123856,0.00104138779,0.00151631853,0.00118937471,0.00108612259,0.000220248505,0.000556722633,0.000126768573,3.84236919e-05,,,,,,,,,,,,,,,,,,,,,,,,,,,,,,,,,,,,,,,,
1019,21.3360004,2026-08-30T08:56:11.395000+0000,-20.964536743025,154.35972809730833,0.0816004872,0.0553693958,0.0601808801,0.0629559755,0.0582939759,0.0602773279,0.0624858215,0.0684698671,0.0679293051,0.0703294948,0.0681212321,0.0676321238,0.063549757,0.0634301379,0.0620515868,0.0610402003,0.0597349182,0.0587842502,0.0585899167,0.0571793057,0.0572637282,0.0559128113,0.0551580749,0.0547123924,0.0544468351,0.0537630916,0.0537590943,0.0527033769,0.0522102378,0.0521586314,0.0513925441,0.0511321574,0.0503859296,0.0491980463,0.0489943735,0.048585318,0.0477446616,0.0478565469,0.0472023748,0.0471924655,0.0461324453,0.0467453301,0.0460807271,0.0438644998,0.043110013,0.0431735851,0.0425056741,0.042122189,0.0420226119,0.0417697541,0.0411898904,0.0417498238,0.0417263284,0.0409479216,0.0408701487,0.0403475128,0.0403649248,0.0403118655,0.0401978903,0.0398296118,0.0387349166,0.0395134874,0.0398724899,0.037821047,0.0396284685,0.0388048626,0.0382120013,0.0397169627,0.0373318866,0.0384926908,0.0389259681,0.0361883938,0.0377343819,0.0375107266,0.0341208614,0.0372728407,0.0340858921,0.0344465896,0.0363824256,0.02806383,0.0334340446,0.0295454711,0.0240212772,0.0320217162,0.0280189384,0.0278269015,0.0348451957,0.0213429667,0.0236466769,0.0249460954,0.0262796935,0.0236945357,0.0235738382,0.0200350694,0.0164931882,0.0160830393,0.0123242009,0.0115005262,0.0125908609,0.0113287643,0.0126758032,0.0126256999,0.0108804721,0.011106059,0.00979125779,0.00869269948,0.00931974873,0.00726030674,0.00695344247,0.00772182317,0.00665971171,0.00719304942,0.00595688773,0.00517632673,0.00493618427,0.0035721641,0.0033662389,0.00433552079,0.00321319094,0.00279727159,0.00286422437,0.00187011249,0.00193481345,0.00166625413,0.00128301559,0.00148124574,0.00175139937,0.00157631061,0.00171937922,0.000606111542,0.000350251183,0.000446733146,0.000186782476,0.000758450711,0.00034642822,,,0.000435162132,,,,,,,,,,,,,,,,,,,,,,,,,,,,,,,,,,,,
1020,21.4629993,2026-08-30T08:56:11.643000+0000,-20.964536741785,154.35972808201498,0.0681805089,0.0742794573,0.0603809245,0.0589459576,0.0613439828,0.0629773363,0.062575832,0.0678099021,0.0712893158,0.0710095018,0.0706612319,0.0657421276,0.0673597604,0.062320143,0.0616715848,0.061730206,0.0609649271,0.0590642616,0.0592799187,0.0587393194,0.0572437383,0.0572428033,0.0566080883,0.0560624041,0.0555168465,0.0544330999,0.0543291047,0.0525133908,0.0532002524,0.0521586463,0.0505725592,0.0520821735,0.0497059412,0.04934806,0.0493043885,0.0488853231,0.0475246683,0.0475465581,0.0484323874,0.0468124822,0.0474624559,0.0467453375,0.0462407358,0.0431545191,0.0431900397,0.0431736186,0.0422757193,0.0424222499,0.0426726975,0.0418398529,0.042469997,0.0410999246,0.0412664115,0.0410079844,0.0405001976,0.0400775447,0.0401549414,0.0399118736,0.0395878889,0.0396196097,0.0395249128,0.0389234945,0.0387025028,0.0380510613,0.0382684842,0.0393848754,0.0379820094,0.0390569642,0.0387718901,0.0381326973,0.0386759825,0.0369884185,0.0355444327,0.0373408087,0.0354709849,0.0368630178,0.0363161489,0.0347769335,0.0359128639,0.0328944139,0.0311147757,0.0288863778,0.0265723765,0.0290229023,0.0299502425,0.0301782545,0.0335365199,0.0224629715,0.022996692,0.025076095,0.0254397132,0.0240045357,0.0228238571,0.0198350623,0.0166231822,0.01583305,0.0127741788,0.0126505177,0.0128308507,0.0127487639,0.0123758074,0.0125656873,0.0116004599,0.0111260507,0.010251252,0.00965268724,0.00857975334,0.00799031183,0.0076834471,0.00673181796,0.00639970042,0.00693305209,0.00581689039,0.00597632723,0.00494618481,0.00439217873,0.00410625013,0.00375552708,0.00308319717,0.00243727723,0.00278422097,0.00192010717,0.00265480811,0.00216626329,0.00168300839,0.00184124371,0.00169139251,0.00164631591,0.00160937919,0.00208612555,0.00112026022,0.00148674264,0.000796815497,0.000808494748,0.000716476177,0.000366548193,0.000253436621,3.5271165e-05,0.000221042545,0.000238883775,0.00032974605,,,,,,,,,,,,,0.000230402627,0.000107478176,,,,,,,,,,,,,,,,,,,
1021,21.5890007,2026-08-30T08:56:11.891000+0000,-20.964536740545,154.35972806672166,0.0651205331,0.0629294291,0.0686008856,0.0585659817,0.0603539832,0.061227344,0.0679858178,0.0690398738,0.0700893253,0.0715695173,0.0719212443,0.068032138,0.0651997626,0.0657601357,0.0625915974,0.0621602014,0.0607749186,0.0607142672,0.0596599132,0.0590093285,0.0580037422,0.0574428067,0.0568980873,0.0569523983,0.0561168492,0.0541431047,0.0548991077,0.0536233969,0.0519402511,0.052748654,0.0517225564,0.0504221804,0.0509959459,0.0496580601,0.0495943911,0.0490353331,0.0484146774,0.0483065583,0.0476623923,0.0475724787,0.047772456,0.0475253388,0.0466307402,0.0460745208,0.0468100533,0.0459036417,0.0452057533,0.0453822985,0.04449277,0.0443099402,0.0442500971,0.0441200249,0.0440565012,0.0432980582,0.0433102511,0.0434175842,0.0425749645,0.0427818857,0.0421478935,0.0419996046,0.0414149091,0.041253496,0.0412125103,0.0406610742,0.0417684987,0.0421448871,0.0414620154,0.0418969616,0.0408018827,0.04047269,0.0408659801,0.0393984243,0.0391044505,0.0397008546,0.0384610668,0.0388431512,0.0381363556,0.0378772244,0.0363032594,0.0340849385,0.0345654413,0.0329472236,0.0285634138,0.0327140465,0.0332815163,0.0331295915,0.0357678719,0.0216629673,0.0238466933,0.025576096,0.0256297085,0.0248145349,0.023493845,0.0196150653,0.0170031935,0.0166630447,0.0127241993,0.0127805285,0.0122908596,0.0124587556,0.0125657963,0.0125356894,0.0115704611,0.0113160536,0.0104612531,0.00986268837,0.00926975068,0.00823030993,0.00795344077,0.00746181095,0.00686971378,0.00661304966,0.00662688864,0.00617633341,0.00544618117,0.00497218175,0.00424625259,0.00366553012,0.00321320095,0.00323728099,0.00289422437,0.00256011495,0.00231481064,0.00204626634,0.00167301169,0.00182124844,0.00185138732,0.00168631063,0.00218937709,0.00148611551,0.000880267122,0.000566755829,0.000986842089,0.00091852789,0.000516536238,0.000216606597,0.000353524578,0.000335361459,0.000271150959,,,,,,,,,,,,,,,,,,,,,,,,,,,,,,,,,,,
1022,21.7099991,2026-08-30T08:56:12.143000+0000,-20.964536739285002,154.35972805118166,0.0657904744,0.0572094508,0.0664108768,0.0564459562,0.0583839826,0.0592673309,0.0654757991,0.0671498924,0.0682893246,0.0699495226,0.0705312267,0.0648421273,0.0638597682,0.0626201481,0.0600115918,0.0596502088,0.0585349165,0.0586542562,0.0565299094,0.0564493164,0.055683732,0.0542128161,0.0537180752,0.0534623973,0.0527168438,0.0519330911,0.0520590991,0.051233381,0.0494402424,0.0495886393,0.0491125435,0.048072163,0.0481059365,0.0469780527,0.0462143794,0.0458653234,0.0459746681,0.0451665483,0.0450923815,0.044892475,0.0450624488,0.0448753349,0.0446007289,0.044494506,0.0446000174,0.0439535901,0.0434356779,0.0427321941,0.0426126197,0.0423697568,0.0425498933,0.0413298234,0.041806329,0.0411579199,0.0405201428,0.0406175107,0.0399749205,0.0401218645,0.0403678901,0.0402196124,0.039464917,0.0390034914,0.0390524939,0.0382510461,0.0385484695,0.0394148603,0.038622003,0.0394769646,0.0399818905,0.0383226946,0.0385159776,0.037478406,0.035004396,0.0365507454,0.0354708806,0.0354128592,0.0370159149,0.0337166116,0.0353624485,0.0333938524,0.0290640723,0.0329054892,0.0265413001,0.0246917214,0.0315589383,0.0285868999,0.0324151739,0.0243329704,0.0234166905,0.0244160872,0.0256496985,0.0245945323,0.022613842,0.0200950578,0.0169032048,0.0151130594,0.0123741906,0.0110205282,0.0125708608,0.0119387712,0.0122558111,0.0121256895,0.0113504678,0.0111060571,0.0107012549,0.00940269325,0.0087897582,0.00897030253,0.0071334471,0.0071618217,0.00687971152,0.00662304927,0.00617688755,0.00489631854,0.0046661743,0.00421216805,0.00375624606,0.00393552799,0.00294319564,0.0023772812,0.00245421776,0.00160010264,0.00192481407,0.00188625429,0.00134300708,0.00171124458,0.00139138685,0.00133631239,0.00165937236,0.0010261162,0.000170245854,0.000856739352,0.000296783837,0.000118461961,0.000176437054,,,0.000115159099,,,,,,,,,,,,,,,,,,,,,,,,,,,,,,,,,,,,
1023,21.8290005,2026-08-30T08:56:12.392000+0000,-20.96453673804,154.35972803582666,0.0688805059,0.0632794201,0.0623909123,0.0596759357,0.0589639992,0.0606973357,0.065275833,0.0684398934,0.0698693246,0.0708995014,0.070371218,0.0663521215,0.0638397634,0.063460134,0.060521584,0.0603402033,0.0592349283,0.0580042638,0.0572399162,0.0565393195,0.0558637381,0.0549828,0.0542180873,0.0538423955,0.0532968454,0.0517330952,0.0513791032,0.0514933877,0.0503402464,0.0496786423,0.0495125502,0.0483821668,0.0483359396,0.0472680554,0.0472543798,0.0469053201,0.0460446663,0.0456965528,0.0453923829,0.0449724756,0.0450624488,0.0444053337,0.0443607308,0.0444145128,0.0445200317,0.0442636162,0.0430457145,0.0429622456,0.0435026959,0.0420798473,0.0423599966,0.0418999232,0.0410764143,0.0411579907,0.0406502001,0.0400975496,0.0406349413,0.0397918746,0.040037889,0.0396996103,0.0396049134,0.0386434942,0.0386625007,0.0390010588,0.0388584845,0.0401848741,0.0393520072,0.0394769609,0.0401318856,0.0389826894,0.0387659743,0.0387484096,0.03620442,0.0376607925,0.036100965,0.0361829959,0.0371061265,0.0353969112,0.0348128416,0.0344743878,0.0316147506,0.0328863561,0.0291623585,0.0282228868,0.0350002311,0.0287382584,0.0314965397,0.0224929843,0.0231866855,0.0247761086,0.0256597176,0.0239645448,0.0222538617,0.0204350762,0.0174332131,0.0158130564,0.0128941955,0.01212053,0.0120408535,0.0122787692,0.0117258057,0.0128256846,0.0116204591,0.0104260556,0.0104712546,0.00963269174,0.00855975784,0.00849030633,0.00739344209,0.00790181383,0.00629971456,0.00606304873,0.00591689302,0.00516633084,0.00475618057,0.00404218072,0.00388624985,0.00370553462,0.00299319508,0.00247727311,0.00304421736,0.00205010572,0.00148481457,0.00138626271,0.00146300811,0.00149124581,0.00180139323,0.00181632349,0.00171937933,0.000966124062,,0.00108674995,0.000126813626,,0.000176486588,0.000116550218,,3.52717616e-05,,,,,,,,,,,,,,,,,,,,,,,,,,,,,,,,,,,,
1024,21.9500008,2026-08-30T08:56:12.641000+0000,-20.964536736795,154.35972802047166,0.079150483,0.0502294414,0.075640887,0.0600059517,0.0594439842,0.0604373328,0.0701158047,0.0695498735,0.0680593029,0.0726395026,0.0725612119,0.0697121248,0.0623497702,0.0677701309,0.062341582,0.0618802123,0.0609249286,0.0609842576,0.0591199063,0.0579793192,0.0583737306,0.056772802,0.057188075,0.0560623929,0.055026833,0.0545330904,0.0542190894,0.0553933755,0.0514102317,0.0529986247,0.0532825328,0.0501021519,0.0516759269,0.0504780449,0.0498143733,0.0493253134,0.0497446619,0.0491265468,0.0484123789,0.0484924652,0.0479224473,0.0483853295,0.0474107228,0.0456044935,0.0445200019,0.0444235615,0.0438256413,0.0443221368,0.0437325425,0.0430496633,0.0439897887,0.0421197265,0.0425362401,0.0421178527,0.0411500931,0.0418774746,0.0407949015,0.0410718545,0.0408078842,0.0408596173,0.040154919,0.040213488,0.0409924835,0.0390010327,0.0394084528,0.0411548503,0.0383819975,0.0419269651,0.0408718958,0.0382226966,0.0410459712,0.0377283916,0.0373343602,0.0388406813,0.0349207819,0.0375027061,0.0393056832,0.0321362987,0.0376420356,0.0344833024,0.0298733786,0.0345646255,0.0252502356,0.0306305625,0.0332776643,0.0280555598,0.0309738442,0.0266229436,0.0248066615,0.0240360741,0.0262497067,0.024484532,0.0227338579,0.0205150619,0.0157031845,0.0157230571,0.0140441833,0.0114305373,0.0130008692,0.011968771,0.0115658017,0.0128856972,0.0108904736,0.0108660627,0.0106912591,0.00890268758,0.0085297497,0.00843030121,0.00658344757,0.00714181038,0.00661970116,0.00635305606,0.00686688581,0.00535632996,0.0054561724,0.00464216713,0.00372623,0.00428552134,0.00337317889,0.00251727388,0.00298422039,0.00207009795,0.00232480466,0.00195625843,0.00163301197,0.00142123667,0.00186139869,0.00151631853,0.00182937959,0.00154612144,0.000690246001,0.000556722633,0.000456769689,,6.63867977e-05,,,0.000235073414,,,,,,,,,,,,,,,,,,,,,,,,,,,,,,,,,,,,
1025,22.0750008,2026-08-30T08:56:12.891000+0000,-20.964536735545,154.359728005055,0.0651005059,0.0644594207,0.0692909285,0.0573559478,0.0609840043,0.0612873361,0.0672758073,0.0655298755,0.0698393136,0.0718295127,0.0714212209,0.0661321208,0.0663697571,0.0653101355,0.0610615872,0.0615302101,0.0609349273,0.0598442629,0.0581999123,0.0590093285,0.0579937287,0.057342805,0.0561980829,0.0569423996,0.0565968454,0.0552030988,0.0554591082,0.0550133921,0.053370256,0.053948652,0.0527825579,0.0517521761,0.0515259504,0.0503980592,0.0506243892,0.0500653312,0.0494546816,0.0489765592,0.0488723889,0.0482724756,0.0475324541,0.0475253388,0.0470207408,0.044254519,0.0448400527,0.0438736416,0.0438157544,0.0437122993,0.0425527692,0.0425899439,0.0423400961,0.0417700224,0.0418065004,0.0408880562,0.0401502512,0.0397075824,0.0396549664,0.0396618843,0.0393278934,0.0392896049,0.0383449085,0.0383434929,0.0386225097,0.0369310752,0.0384185016,0.0388348885,0.0378420129,0.039686963,0.0375918821,0.037672691,0.0383059792,0.0359484255,0.0362644568,0.0362208523,0.0354710631,0.0352031514,0.0347663574,0.0342572257,0.033783257,0.0317449383,0.0299254432,0.0288472213,0.0259934179,0.0297140423,0.0290915165,0.0291995909,0.0305778719,0.0224329699,0.0233366862,0.0269661061,0.0257797036,0.0239945538,0.0242738612,0.0198450796,0.0179931968,0.0160730481,0.0131141925,0.0126205198,0.0129608605,0.0121387681,0.0128358053,0.0123156887,0.0118204579,0.0113360509,0.0109312506,0.0103126885,0.0087297475,0.00816030428,0.00762343919,0.00740181888,0.00726970565,0.00739305094,0.00610689772,0.00607633172,0.00527618872,0.00511217816,0.00519624632,0.00393553916,0.00341320434,0.00324727967,0.00263422891,0.0016301038,0.0026248144,0.0016762556,0.00134301058,0.00120124093,0.00117138773,0.00210631476,0.00129937544,0.00178612059,0.000950257876,0.000676756201,0.00069683569,0.000798528839,7.65347504e-05,5.66128292e-05,8.35304381e-05,0.000435363152,,,0.000219821115,,,,,,,,,,,,,0.000180407776,,,,,,,,,,,,,,,,,,,,
1026,22.2080002,2026-08-30T08:56:13.144000+0000,-20.964536734280003,154.35972798945332,0.0623405464,0.0661194995,0.0651609525,0.0564259514,0.0582239889,0.059947338,0.0649558306,0.0660499036,0.0677793175,0.0693695098,0.0697112158,0.0655321255,0.0641697571,0.0634501353,0.0611615852,0.0605102032,0.0595649108,0.0587842502,0.0581299216,0.0568993241,0.0562137403,0.0555228032,0.0550580882,0.0541224033,0.0536668487,0.0524931028,0.0527091138,0.0528834127,0.0507002659,0.0505286679,0.0502525792,0.0484621972,0.0490159616,0.0482480675,0.0474643968,0.047035329,0.0466346815,0.0462065637,0.0460023917,0.0455824882,0.0457524583,0.0451053381,0.0449907444,0.0456045382,0.0446000919,0.0445837118,0.0442058668,0.043052461,0.0441129841,0.0431102179,0.0422404073,0.0435103253,0.0420267656,0.0420682691,0.0419904143,0.0409576967,0.0410450362,0.040291924,0.0402678959,0.0393095985,0.0402548946,0.0396134965,0.0385225303,0.0394711196,0.0377785489,0.0384749249,0.0400620215,0.0374769457,0.0393218584,0.0403126702,0.0370859653,0.0385484323,0.0368645117,0.0349409916,0.0382913128,0.0344135575,0.0347569883,0.0371681154,0.0326044485,0.034666542,0.0332174674,0.0276897997,0.0305265822,0.0266675074,0.0271253791,0.0339736678,0.0299919657,0.0219229944,0.0235567186,0.0262161251,0.0244697314,0.0251745563,0.0226338468,0.0187650844,0.018453205,0.0152230561,0.0129841911,0.0135505125,0.0116608441,0.0121587599,0.0123858014,0.0110656843,0.0120904427,0.0106660444,0.00979124848,0.00989268068,0.00778974872,0.00795030221,0.00785343535,0.00640181685,0.00680970959,0.00706304982,0.00511689717,0.00596634019,0.00520619191,0.00392220123,0.00420627603,0.00316555472,0.00281321234,0.00284730271,0.00206423877,0.00151011383,0.00201481162,0.00111627602,0.00157301605,0.00116125226,0.00129140471,0.00134631083,0.000839376589,0.00131612306,0.000350277667,0.00055679027,0.000256900472,5.86217211e-05,0.000466675614,,7.37790251e-05,0.00028567249,,,,,,,,,,,,,,,,,,,,,,,,,,,,,,,,,,,,
1027,22.3409996,2026-08-30T08:56:13.392000+0000,-20.964536733040003,154.35972797416,0.0637405589,0.0683995187,0.0641609207,0.059006013,0.0608740225,0.0627073348,0.0661158487,0.0685699061,0.0712993369,0.0718595311,0.0711712316,0.067172125,0.0665997565,0.0644301474,0.0616715774,0.0617101938,0.0612849221,0.0602842644,0.0593699254,0.0587293245,0.0573337451,0.0562728122,0.0564080924,0.0552824102,0.0549268574,0.0541431159,0.0535591282,0.0529734232,0.0524802841,0.0517286882,0.0515625998,0.0498022139,0.0493059717,0.0489080809,0.0481944084,0.0479953401,0.0475246869,0.0474765673,0.0468223989,0.0470324941,0.0469924584,0.0460353419,0.045920752,0.0427545533,0.0429501235,0.0421537682,0.0418859497,0.0418125726,0.0411931314,0.041250404,0.040670611,0.0400705189,0.0402169377,0.0395984091,0.0393305197,0.0389577672,0.0394450761,0.0392619446,0.0387378968,0.0388295911,0.0387148857,0.0383634977,0.0380025506,0.0377111472,0.0388585776,0.0383149497,0.0394520313,0.0392969437,0.038251847,0.0398826525,0.0391659699,0.037778452,0.0373045728,0.0369911045,0.0365514904,0.0372438431,0.0356374271,0.0358387232,0.0359952487,0.0332076177,0.0311188307,0.0311615169,0.0285686851,0.0296698082,0.0291979238,0.0311663412,0.0344546475,0.0222030319,0.0245767478,0.0258161295,0.0251497403,0.0247045457,0.0226738397,0.0200550817,0.0168231968,0.0153630339,0.0128841698,0.0118005155,0.0120608415,0.0119087556,0.0121457987,0.0115756691,0.011130441,0.00995604135,0.0102212476,0.00962268282,0.0082697412,0.00748030283,0.00813343935,0.00692180637,0.00634971168,0.0069130538,0.00609688833,0.00557635212,0.00518619968,0.00408220431,0.0040362794,0.0030655642,0.0028532329,0.00237731403,0.00236423383,0.00185011851,0.00152481988,0.00182627502,0.00156302087,0.00177126459,0.00104139466,0.00133631192,0.00112938322,0.00119612447,0.000690288143,0.00106682,0.000626940979,9.86980449e-05,3.6771351e-05,,,,,,,,,,,,,,,,,,,,,,,,,,,,,,,,,,,,,,,
1028,22.4710007,2026-08-30T08:56:13.641000+0000,-20.964536731795,154.359727958805,0.0640805885,0.0606995337,0.0645510107,0.0569559969,0.0587040447,0.0607073829,0.0684058815,0.0673399195,0.0699793398,0.0711395442,0.0707312375,0.0669521168,0.0632697642,0.0653701425,0.0612415895,0.0615302026,0.0609449223,0.0604442656,0.0582899265,0.0587093383,0.058373753,0.0562728196,0.0566881113,0.0555624254,0.0548268743,0.0542331375,0.0550891496,0.0535334498,0.0517603159,0.0525787249,0.0509826317,0.0500222445,0.050375998,0.049508106,0.0486344323,0.0487353615,0.0481147133,0.0476265922,0.0470524132,0.0469625033,0.046212472,0.046195358,0.0460007749,0.047184594,0.0464101881,0.0460638776,0.0451361127,0.0447928011,0.0444234349,0.0435807742,0.0444010273,0.043550916,0.0432372876,0.0428886898,0.0420907289,0.0417779163,0.0420351662,0.0416019857,0.0414579026,0.0409895778,0.0407848731,0.0405335054,0.0403725877,0.039381206,0.0402486399,0.0409550034,0.0403620526,0.0406269394,0.0401718318,0.039572645,0.0396759808,0.0394584984,0.037674699,0.0391713306,0.0377418771,0.0362044461,0.039018333,0.0350499712,0.0352068953,0.034729816,0.032021597,0.0334450081,0.0298629515,0.0283444598,0.0327430777,0.0328417383,0.0296700206,0.0231630541,0.0250467602,0.0251461677,0.0253997631,0.0246945638,0.0232538488,0.0203450918,0.0176632069,0.0150230387,0.0125241587,0.0128405001,0.0121408124,0.0124287317,0.0122757861,0.0118856588,0.0113704223,0.010876026,0.0104612373,0.00869267806,0.0082797315,0.00865029357,0.00736342929,0.00742181158,0.00681971014,0.00658304989,0.00663689245,0.0053863572,0.0046662041,0.00395222474,0.00383629836,0.00369557668,0.00266324915,0.00223731948,0.00294425571,0.00217013038,0.00187482417,0.00165627385,0.00174303341,0.000961258891,0.00128139544,0.00104631984,0.000949377776,0.00113611901,0.000110312307,0.000266852963,0.000587037357,0.000218832836,0.00017698278,,,,,,,,,,,,,,,,,,,,,,,,,,,,,,,,,,,,,,,
1029,22.6049995,2026-08-30T08:56:13.889000+0000,-20.964536730555,154.35972794351167,0.0633806065,0.069039546,0.0630010068,0.0589560345,0.0596540198,0.0615073629,0.0662258789,0.0672099218,0.0705893263,0.0721195266,0.071021229,0.0662321076,0.0653197467,0.0647101328,0.0615115687,0.0610101819,0.0598049089,0.0592042506,0.0587399118,0.0580793209,0.0568737462,0.0558028072,0.0558281019,0.0547024198,0.0543468595,0.0538531318,0.0535691492,0.0526034497,0.0520403124,0.0517287254,0.0508226305,0.0499522462,0.0505359955,0.0489080958,0.0487844199,0.0485153608,0.0478147082,0.0475465879,0.0478124022,0.0471924953,0.0464424603,0.0467453413,0.0459207669,0.0436245948,0.0444402024,0.0437239148,0.0429661721,0.0419728942,0.042323567,0.0419309475,0.0415512212,0.0410611145,0.0414074697,0.0404888391,0.0403208435,0.0400779955,0.0399852134,0.0394720174,0.0397179127,0.0393495746,0.0391348638,0.0385835059,0.038002599,0.0370212346,0.0379186682,0.0384150222,0.0386520475,0.0394769199,0.0385518,0.0379826054,0.037985947,0.0367084667,0.0360947028,0.0363913774,0.035471987,0.0362046584,0.0371086933,0.034610495,0.0361576192,0.0325108059,0.0304328743,0.0311466493,0.0272749923,0.0290367138,0.0325456336,0.0290544592,0.0333528072,0.022183096,0.0235168003,0.0250861701,0.024809761,0.0242145546,0.0223438498,0.0190451052,0.017103238,0.0144330524,0.0127541665,0.0117305042,0.0123508153,0.0118687339,0.011785781,0.0116556613,0.0113604227,0.0104260268,0.0100212386,0.00893267896,0.00830974523,0.00774029829,0.00759343058,0.00720181409,0.00638971245,0.006333041,0.00614690268,0.00517636351,0.00467621069,0.0044722273,0.00368631724,0.00365559664,0.00258325972,0.00242733746,0.00223425427,0.00182014063,0.00148483715,0.0020562862,0.00141303777,0.00103127002,0.00116139953,0.00104632042,0.0014293734,0.0011361175,0.000290311378,0.000726886385,0.000347080349,,,0.000267375523,0.000114484719,0.000466484984,,,,,,,,,,,,,,,,,5.74651349e-05,,,,,,,,,,,,,,,,,,,
1030,22.7509995,2026-08-30T08:56:14.146000+0000,-20.96453672927,154.35972792766333,0.0726706535,0.0624895431,0.063741006,0.0609960072,0.0584740303,0.0589773543,0.064035885,0.0677999184,0.06792932,0.0706595108,0.0688012317,0.0681421086,0.0633397549,0.0632601306,0.0606215708,0.0601701885,0.0588649027,0.0586242564,0.0568699241,0.0565393344,0.0555737428,0.0546728112,0.0543881021,0.0539324209,0.0531768687,0.0531831346,0.0529091544,0.0526134558,0.050960321,0.0513887368,0.0499226414,0.0488522612,0.0491660051,0.0476381071,0.0476044342,0.0472653583,0.0468547121,0.0464265905,0.0467524119,0.0463524982,0.0454324633,0.0452553481,0.0452207699,0.0440246053,0.0437302142,0.0436439402,0.0431262106,0.0435629487,0.0425336435,0.0420810431,0.0423413292,0.0410612114,0.04113755,0.0408889055,0.040460892,0.0407480374,0.0407852381,0.0402120277,0.0399979129,0.039999567,0.0398148634,0.0392935053,0.0396126099,0.0386412442,0.0391986817,0.0408350378,0.0383420512,0.0401769206,0.0399817936,0.038062606,0.0400059484,0.0385284871,0.0366447344,0.0373914391,0.0368320867,0.0364148095,0.0378089212,0.0348808095,0.0352880321,0.0344113559,0.0298835635,0.0328575149,0.027246058,0.0297278687,0.0310269091,0.0326957963,0.0330241323,0.0225331001,0.0249268133,0.0246961825,0.0261397809,0.0239945836,0.0230338611,0.0191151109,0.0164832305,0.0146830315,0.0127441781,0.0121205086,0.0123008173,0.0115887374,0.012005779,0.0121056577,0.0115904175,0.0108760232,0.0102412365,0.00913266465,0.00876974221,0.00842029694,0.00762342475,0.00714180619,0.0065097115,0.00759305246,0.00626690174,0.00580637204,0.00519621884,0.00434223423,0.00474631693,0.00350560667,0.00322326948,0.00301733799,0.00241426216,0.00190014706,0.00200482924,0.00185628445,0.00158303161,0.00108126481,0.00146140531,0.00139631878,0.00147938181,0.00130612543,3.25526344e-07,0.000156883951,0.000247101474,0.000348927017,0.000197124318,,,,,,,,,,,,,,,,,,,,,,,,,,,,,,,,,,,,,,,
1031,22.8939991,2026-08-30T08:56:14.395000+0000,-20.964536728025,154.35972791230833,0.0678506196,0.0665395707,0.0649710074,0.0574760027,0.0591240227,0.0600173697,0.0651958883,0.0637799129,0.0693093166,0.0706595108,0.0701312125,0.0662420839,0.0642597526,0.0641601309,0.0607015677,0.0610301718,0.0594749041,0.0590542555,0.057489913,0.0577193238,0.0564137325,0.055232808,0.0549580976,0.0542224161,0.0535768643,0.0526931323,0.0530991517,0.0513134561,0.0508703291,0.0515587367,0.0491026454,0.0492422618,0.0490960069,0.0476381071,0.0476844311,0.046075359,0.0461847112,0.04665659,0.0459924042,0.0458124988,0.0450524576,0.0451853424,0.0447507724,0.0441746041,0.0443602279,0.043873962,0.0437362455,0.0433329977,0.0430737063,0.042531129,0.0422914289,0.0418513119,0.0418876447,0.0409789793,0.0408109501,0.0407480747,0.0402452573,0.0399420373,0.0400579162,0.0393495671,0.0392648578,0.0393535048,0.037712615,0.0383612588,0.0390786976,0.037545044,0.0396920554,0.0399269126,0.0370317847,0.0391525924,0.0370359384,0.0371184796,0.0375847407,0.0353814699,0.036112152,0.0371549278,0.0351391099,0.0347110853,0.0360784084,0.0300218724,0.0334342197,0.0282383561,0.0273071006,0.029099023,0.0287582017,0.0342871696,0.0335555263,0.0241230968,0.0244068354,0.0262462124,0.0249197725,0.0249445681,0.0234638546,0.0191051047,0.0178332217,0.0165930353,0.0119441673,0.0131305112,0.0134308161,0.0127787292,0.0132357813,0.0123556545,0.0111404164,0.0115660215,0.0104612382,0.0100826742,0.00900974032,0.00814030506,0.00807342492,0.00761181954,0.00679971976,0.00776304584,0.00672690244,0.00648637535,0.00652622571,0.0045922366,0.00498632155,0.00424560532,0.0035132831,0.00365734915,0.00303425896,0.00255015446,0.00270482898,0.00247629452,0.00204303302,0.00196127035,0.00216140365,0.00239632092,0.00218937732,0.00159611634,0.000870319316,0.000836893858,0.00101712532,0.000498954265,0.00105716335,0.000207506731,0.000174651068,0.000616682402,0.000312456861,0.000190159888,0.000100805308,,,,,,,,,,,,,,,,,,,,,,,,,,,,,,,,,
1032,23.0340004,2026-08-30T08:56:14.643000+0000,-20.964536726785,154.359727897015,0.057230629,0.064299576,0.0670609996,0.0527260527,0.0586040355,0.0591673777,0.0675559118,0.0649499297,0.067079328,0.0702495202,0.0705112219,0.0634220988,0.063689746,0.0640501305,0.0598215647,0.0602501668,0.0590549,0.0591642521,0.0569699034,0.056619335,0.0560437366,0.054392796,0.0538981073,0.0542224199,0.0529968627,0.0521131344,0.0524191558,0.0514934622,0.0499703325,0.0515587442,0.0496026538,0.0489222668,0.0496960096,0.0480081066,0.0479744337,0.048075363,0.0473047122,0.046806585,0.0463724099,0.046572499,0.0458224602,0.0462753437,0.0463207699,0.0457546115,0.0457002372,0.0451239832,0.0445962809,0.0445530489,0.0433137789,0.0436512195,0.0433815271,0.0428514108,0.0422577336,0.0420590527,0.0417510048,0.0410281122,0.0411752835,0.0404220521,0.0406679139,0.0406295657,0.0397048481,0.0395135097,0.0394826196,0.0387512743,0.039448712,0.0394750573,0.0393820591,0.0408069044,0.0388817787,0.0395025834,0.0387959294,0.0384984799,0.0372047611,0.0378315151,0.0372922309,0.0379350632,0.0356993191,0.0364613794,0.0364688002,0.0325023979,0.031484887,0.0282192044,0.0318081416,0.0296801627,0.0301694665,0.0329985097,0.0321068801,0.0217131134,0.0240068398,0.0255762041,0.0253897924,0.0249145906,0.0229038727,0.0183151085,0.0176532492,0.0144930445,0.0118541773,0.0132905031,0.0109208161,0.0125087332,0.0126257855,0.010855657,0.0108904159,0.0108660227,0.00999123883,0.00960267615,0.00828972925,0.0084102992,0.00730342092,0.00656180922,0.00701972144,0.00688304286,0.00636690622,0.0056863646,0.00448622974,0.00459224125,0.00395632908,0.00338562066,0.00289328163,0.00264735334,0.00222426443,0.00185014552,0.00192484458,0.00154628523,0.00134303805,0.0015412682,0.00122140953,0.00121631287,0.00100938417,0.00124611787,0.00082033081,0.00108691654,0.000287139264,0.000448993611,0.00012721552,9.75748117e-05,,0.00042677793,,2.02427618e-05,,,,,,,,,,,,,,,,,,,,,,,,,,,,,,,,,,
1033,23.1739998,2026-08-30T08:56:14.892000+0000,-20.96453672554,154.35972788166,0.0616507195,0.0611295998,0.0639810935,0.0548260733,0.0588440523,0.0599473789,0.0655859113,0.0673599392,0.0693493485,0.0711595416,0.0701012388,0.0655020922,0.0648897439,0.0637401342,0.0607815646,0.0610101745,0.0598949008,0.0593942627,0.0584699251,0.0585393496,0.0566837564,0.0563728139,0.0555381291,0.0553824417,0.0545468889,0.0529731587,0.0537591837,0.0516734906,0.0508603677,0.0513887815,0.0498326905,0.049712304,0.04946604,0.0486081354,0.0485644639,0.0481353849,0.0472947285,0.0471766107,0.0468224287,0.0463425182,0.0462124757,0.0454953611,0.0456107967,0.044494655,0.0448403098,0.0443440974,0.0435964465,0.0443332791,0.0428640917,0.0433515981,0.0433619507,0.0419318043,0.0423280746,0.0416693278,0.0412912108,0.0415582582,0.0410453677,0.0403420962,0.03988792,0.0403695516,0.0396848358,0.0391135179,0.0391026624,0.0390913375,0.038918782,0.0384851098,0.0384120792,0.0394369066,0.0391717628,0.0386025757,0.0382259525,0.0373985358,0.0369748995,0.0358017646,0.0360226333,0.036415685,0.0361102484,0.0359426513,0.0344304703,0.033464618,0.0334476791,0.0306127165,0.0266224258,0.0318748243,0.0275946297,0.0321738981,0.0324422382,0.0250731427,0.0255768504,0.0255262144,0.0257997904,0.0250545666,0.0228238758,0.0201951303,0.0176732428,0.0167930257,0.011174161,0.0121804867,0.0120607931,0.0114387078,0.0121557759,0.0116556389,0.0116203893,0.0113560017,0.00978122652,0.00939266384,0.00854972936,0.00820029154,0.00789342355,0.00765181007,0.0067797238,0.00677303923,0.00634690979,0.00631637964,0.00530623505,0.00456226245,0.00404635351,0.00342563563,0.00310330372,0.00334736588,0.0025542737,0.00164016685,0.00183484692,0.00196629507,0.00152305013,0.00155128783,0.0014114168,0.00199631345,0.00112938404,0.0013161255,0.000530347228,0.00066695956,0.00057723769,,,,,,,,,,,,,,,,,,,,,0.00044051322,0.000247462071,8.05046002e-05,,9.86040104e-05,,,,,,,,,,,,,,,,
1034,23.3050003,2026-08-30T08:56:15.143000+0000,-20.964536724285,154.35972786618166,0.0692407787,0.0587396882,0.0629111156,0.0594861135,0.0586240701,0.0604773983,0.0661459565,0.0692999586,0.07057935,0.0724295378,0.0700912178,0.0683720633,0.0637497306,0.0638201237,0.0617715493,0.0611701459,0.0608448908,0.0600942522,0.059369918,0.0590093434,0.057313744,0.0573327988,0.0561081283,0.0554624386,0.0554168858,0.0542331673,0.0539291985,0.0540835112,0.0527503975,0.0523988158,0.0517927259,0.0504923388,0.0515260622,0.0500981472,0.0494444743,0.0494653918,0.0491447411,0.0490566194,0.0488724262,0.0484925173,0.0480724685,0.0476853587,0.0474908054,0.0463946834,0.0453103818,0.0461442396,0.0459066667,0.0446435958,0.0445745178,0.043662142,0.04419256,0.0435624011,0.0431786068,0.0428497568,0.042121537,0.0419184864,0.0423855074,0.0416821688,0.0417479351,0.0412595309,0.0408848152,0.040153522,0.03967271,0.0391414165,0.0398488678,0.040405184,0.0403920934,0.04059688,0.0402117074,0.0406225212,0.0383559167,0.0392385423,0.0374350138,0.0376520231,0.0375631079,0.0374564752,0.0383714847,0.0369943976,0.0341928117,0.0362577885,0.0315816998,0.0322778262,0.0292387158,0.0290517211,0.0316923223,0.0325620286,0.0308104139,0.0232031979,0.0252569262,0.025026273,0.024899831,0.0250045825,0.0225938763,0.0198151488,0.0169232599,0.0158830434,0.0133941481,0.0124404933,0.0120607773,0.0127387047,0.0112957666,0.0123556256,0.0113803754,0.0108759953,0.00999122486,0.0095926635,0.00850971602,0.00865029357,0.00783341192,0.00706181442,0.00748972595,0.00678303838,0.00652690791,0.00553639745,0.00496625435,0.00459228968,0.00416638935,0.00345566869,0.00318334508,0.00292739295,0.00236428785,0.00220017135,0.00145485008,0.00100631511,0.00153306127,0.00120128691,0.00139141083,0.00116631889,0.00147938228,0.00088612223,0.000340386789,0.000617031474,0.000587367569,0.000679327059,,0.000158276263,,,,,,,,,,,,,,,,,,,,,,,,,,,,,,,,,,,,,,
1035,23.434,2026-08-30T08:56:15.392000+0000,-20.964536723040002,154.35972785082666,0.0620207824,0.0628297329,0.0630311221,0.0558461323,0.0581640787,0.0602574013,0.0660959631,0.0657299459,0.0697193369,0.0706395134,0.0692212209,0.0656520501,0.0640697256,0.0627901256,0.0598815344,0.0598901361,0.0589448772,0.0580742434,0.0573899038,0.0567093305,0.0561237484,0.0557327941,0.0548681207,0.0539324395,0.0536668859,0.0524031743,0.052609209,0.0523235276,0.0513204075,0.0504388325,0.0504127406,0.0492423587,0.049316071,0.0485381521,0.0478944853,0.0475554019,0.0464047492,0.0467266254,0.046602428,0.0461125188,0.0461424701,0.0456553549,0.0448208079,0.0466247015,0.0466504321,0.0463743284,0.0459068082,0.0454038046,0.0458448008,0.0449825004,0.0451929606,0.0442827977,0.0444189571,0.0436000414,0.0433217548,0.0431786403,0.0433156006,0.0430722199,0.0429479443,0.0421695188,0.0425147973,0.0415035225,0.0412027352,0.040801473,0.0415389277,0.0420452319,0.0424721055,0.0422468595,0.0425016768,0.0421924852,0.0410058908,0.0408285446,0.0387450866,0.0400921926,0.0379334167,0.039466992,0.0398123041,0.0376255549,0.0375043601,0.0365798771,0.0345443524,0.0339612104,0.0311928745,0.0307262912,0.0336274244,0.0331674255,0.0339658558,0.0231632479,0.0252569709,0.0258463174,0.0272198804,0.025014611,0.0233838893,0.0204151776,0.0178532563,0.0164130218,0.0136141479,0.0125004835,0.013000763,0.0128487004,0.0128257703,0.0118756248,0.011840364,0.0111059891,0.0104612187,0.0103126541,0.00895971339,0.00912030693,0.00785340555,0.00730181392,0.00719973957,0.00652304385,0.0061869123,0.00576640945,0.00563626736,0.00464231847,0.00391641725,0.0036956917,0.00342336786,0.00296742329,0.00258430163,0.00198019855,0.00217486778,0.00217631808,0.00129307166,0.00120129541,0.00116141583,0.0012763195,0.00188937259,0.00136611797,0.0006904045,0.00113706547,0.000757446745,0.000269451935,0.000607900263,3.85511084e-05,0.000115964562,0.000158196606,,,,,,,,,,,,,,,,,,,,,,,,,,,,,,,,,,,,
1036,23.5650005,2026-08-30T08:56:15.641000+0000,-20.964536721795003,154.35972783547166,0.0767708868,0.0643297732,0.0655711964,0.0639461577,0.0601041242,0.0611474104,0.0656260401,0.0696799681,0.0692593455,0.0729195178,0.0709712058,0.0703520253,0.0651097,0.0659201145,0.0637315363,0.0622201152,0.0615248643,0.0609642416,0.059799891,0.0585293323,0.0587237515,0.0580827892,0.0566881411,0.0561424531,0.0548069067,0.0551031977,0.0544092357,0.0543535687,0.0533704646,0.0521488935,0.0524528027,0.0520024225,0.0502961166,0.050318189,0.0497345142,0.0492454246,0.0480347723,0.0485266484,0.0479724407,0.0476525314,0.0473024696,0.046985358,0.0461508296,0.0468647666,0.0469705649,0.0466145761,0.0457571857,0.0459343381,0.0459255278,0.045053415,0.0459239855,0.0446937867,0.0442998409,0.0439307503,0.0438422933,0.0427990183,0.0428158343,0.0428823382,0.042497959,0.0421494916,0.0420447588,0.0411435366,0.0402828231,0.0406316146,0.0409290753,0.0412453525,0.0418021381,0.0408768244,0.0414615981,0.0409824103,0.0391458608,0.0395685844,0.0384653099,0.0381526686,0.0383942537,0.0373683646,0.038054429,0.036998529,0.0352183282,0.0353852175,0.0321511179,0.0299997814,0.0299334154,0.0306878164,0.0312702656,0.0330309533,0.0326694474,0.0231533311,0.0239670742,0.0245263912,0.0248399228,0.0243346374,0.0217338987,0.0192551892,0.0170833096,0.0148830274,0.0125641394,0.012480475,0.0115907229,0.0121086705,0.0123257507,0.0118955988,0.010940332,0.0104459645,0.010021206,0.00938264653,0.00873970147,0.00846030377,0.00756340381,0.00737180328,0.00657974137,0.00657305121,0.00634693075,0.00555643672,0.00476629287,0.00456236349,0.00406647194,0.003075758,0.00310342456,0.0023974732,0.00264433771,0.00190022332,0.00134487776,0.00141633372,0.0013030899,0.000981329125,0.00135143008,0.000996311544,0.00124938285,0.00137611711,0.00064044696,0.000847184914,0.000467676553,0.00045978828,8.39697896e-06,6.92392641e-05,0.000136833871,2.92095792e-05,,,,,,,,,,,,,,,5.00609167e-05,7.06310675e-05,,,,,,,,,,,,,,,,,,,,
1037,23.691,2026-08-30T08:56:15.891000+0000,-20.964536720545002,154.35972782005499,0.0729908794,0.0598997809,0.0682112053,0.0605561435,0.0598241016,0.060977418,0.0661260337,0.0685399696,0.0682893395,0.0715795457,0.070481196,0.0677820221,0.0646796972,0.064510107,0.0616015308,0.0609201081,0.0605948679,0.05928424,0.0585598908,0.0578793436,0.0571437515,0.0562827885,0.0557281412,0.0548824556,0.0552269034,0.0533631966,0.0536492392,0.0536235683,0.0521204658,0.0528388917,0.0510628074,0.0512824208,0.0513761155,0.0500981882,0.0498845167,0.0492454246,0.0485547706,0.0480766483,0.0471224412,0.047802534,0.0476924703,0.0466653593,0.0470208302,0.0463147648,0.0460205674,0.0460645743,0.0452971868,0.0457043387,0.0452555269,0.0442534164,0.045263987,0.0441237874,0.0442198403,0.0438607484,0.0426722914,0.0433190167,0.0428558327,0.0423623361,0.04268796,0.0423694924,0.042494759,0.0414835364,0.0412028208,0.0408716127,0.0408590771,0.0418853536,0.0414321348,0.0423868224,0.0422715992,0.0413324125,0.0402358621,0.0406685844,0.0389753096,0.0393426679,0.037664257,0.0395583659,0.0381944291,0.0379885286,0.0371883288,0.0352552198,0.0349611193,0.0317397825,0.0292834118,0.0307378247,0.0313702673,0.0362909548,0.0369394496,0.0232033394,0.0236870516,0.02577639,0.0260399133,0.024744628,0.022723902,0.0191552024,0.0166232809,0.0148730436,0.0120441336,0.0125204697,0.0127907284,0.0118786711,0.0129057486,0.0118556041,0.011850331,0.0111259641,0.0104712062,0.00963264331,0.00872970279,0.00837030075,0.00855340715,0.00762181496,0.00627973629,0.00683304667,0.00534692872,0.00608644122,0.00486629456,0.00435236143,0.00458647776,0.00390575291,0.00314341928,0.00307747279,0.00228434056,0.00216021878,0.00178487913,0.00190634339,0.00147308235,0.0010913146,0.00140142348,0.00146630907,0.00135938323,0.00130612636,0.000290448486,0.00062718417,0.000637669,0.000689787674,,,0.000136833871,6.92042959e-05,0.000174978282,,,,,,,,,,,,,,,,5.74375299e-05,,,,,,,,,,,,,,,,,,,
1038,23.7999992,2026-08-30T08:56:16.148000+0000,-20.96453671926,154.35972780420667,0.0603208914,0.0674397647,0.0728612021,0.0548861288,0.0620441027,0.0619374104,0.0700260177,0.0655599758,0.0713793337,0.0720695257,0.0732412264,0.0660320446,0.0662397072,0.0672101229,0.0612215251,0.0616801195,0.0613548607,0.0615042485,0.0593699068,0.0583393462,0.0578837618,0.0566327907,0.0562981442,0.0557624549,0.0550269037,0.0540431999,0.0540292412,0.0534335636,0.0523004644,0.0527488962,0.0513928086,0.0503424183,0.0508361124,0.0488281921,0.048254516,0.0485854261,0.0478147753,0.04769665,0.0472824462,0.0468025357,0.0457424708,0.0458753631,0.0458408371,0.047974769,0.0483805537,0.0473945551,0.0468371511,0.0465442911,0.0461654589,0.0457233265,0.0458538868,0.0453436859,0.0449797474,0.044480674,0.0439322405,0.0437789783,0.043445807,0.0430123247,0.0430879593,0.0426994935,0.0423747636,0.041563537,0.0412828103,0.0406516008,0.0416690633,0.0425353423,0.0419721343,0.043126829,0.0420516133,0.0415624306,0.0412758775,0.0393685922,0.0390853025,0.0398526341,0.0378341936,0.040028248,0.0388742387,0.0387682542,0.0387579501,0.0359547064,0.0340004675,0.0345589444,0.0318323746,0.0321166702,0.0362289771,0.0356795788,0.0400880501,0.0234133434,0.0249970574,0.0251363739,0.0257499274,0.0246946439,0.0226338934,0.0192551799,0.017483281,0.0151830139,0.0136041492,0.013120478,0.0128707327,0.0126786707,0.0126257548,0.0121156005,0.0113703348,0.0113259684,0.0104512088,0.0095926486,0.00897969864,0.00863029435,0.0080034053,0.00732180895,0.00728973467,0.00731304241,0.00622692937,0.00576643459,0.00462629227,0.00476236083,0.00465647643,0.00312574441,0.00346341473,0.00300746108,0.00249433867,0.00242021028,0.00199487852,0.00184633397,0.00179308234,0.00183131872,0.00151142257,0.000926320616,0.00129937648,0.00159611832,0.000920450315,0.0010671753,0.000677657372,0.000249754055,0.000378344586,0.000239178073,,0.000419100077,,,,,,,,,,,,,,,,,,,,,,,,,,,,,,,,,,,,
1039,23.9090004,2026-08-30T08:56:16.397000+0000,-20.964536718015,154.35972778885167,0.0671809688,0.0683098659,0.0680112839,0.0587661862,0.0628041476,0.0633674264,0.0707260445,0.0697099939,0.0721293464,0.0727595463,0.0725812241,0.0668120161,0.0665697083,0.064990133,0.0615615211,0.0622201115,0.0612748675,0.0595442429,0.0592699088,0.0587293468,0.0566737652,0.0560827926,0.0548481531,0.0544924736,0.054446917,0.0539432168,0.0537592694,0.0521335974,0.051940497,0.0512989424,0.0496728495,0.0499524623,0.0493061468,0.0481482185,0.0484145433,0.047985442,0.0478847921,0.0476966687,0.047582455,0.0461825468,0.0465124846,0.046825368,0.0457608551,0.0467048138,0.046730645,0.046454709,0.045607388,0.0456346162,0.0450358987,0.0442638807,0.0447745062,0.0440742821,0.0440202765,0.0436610952,0.0428625569,0.042529203,0.0429959409,0.0422923937,0.0420279726,0.0418194756,0.0415447354,0.0411635414,0.0411828645,0.0403016917,0.0406791568,0.0415354148,0.0410921574,0.0418568142,0.041721575,0.040942397,0.0411658697,0.0401186347,0.0381854586,0.0403629467,0.0368447229,0.0377191007,0.0383755416,0.0349800698,0.0382103659,0.0339879431,0.0340045579,0.0328841172,0.0279787183,0.0321836211,0.0335467011,0.0312176868,0.0341861732,0.0213533696,0.023557093,0.025556419,0.0262399353,0.0245846529,0.0229439009,0.0199552216,0.0172232948,0.0159730073,0.012734117,0.0124404654,0.0129607124,0.0122686625,0.0134757357,0.012895585,0.011380312,0.0111059509,0.010681198,0.00936263893,0.00945970044,0.00863029156,0.0080433907,0.00758180209,0.00672973786,0.00755303865,0.00656693336,0.00549645722,0.00498630619,0.00437239651,0.00411650771,0.00356578012,0.00355345174,0.00255748862,0.00226435508,0.00242022634,0.00207489333,0.00157635065,0.00113309105,0.00143132289,0.00111143582,0.000806321157,0.00123938476,0.00129612919,0.000930480426,0.000897235703,0.000697788899,0.000389951165,0.000608640956,,0.000227273704,,,,,,,,,,,,,,,,,,,,,,,,,,,,,,,,,,,,,
1040,24.0149994,2026-08-30T08:56:16.645000+0000,-20.964536716775,154.35972777355835,0.0657811239,0.0615899935,0.0640713573,0.056116242,0.0581541955,0.0589274839,0.0669361353,0.0654600337,0.0690993518,0.0692495555,0.0686512068,0.064361982,0.0619296767,0.0635601133,0.0591015071,0.059020061,0.0579148382,0.0580042414,0.0559498891,0.0561593473,0.0556537695,0.0542927794,0.0547681823,0.0537324883,0.0532769337,0.0523032509,0.0533693172,0.0524136648,0.0520305783,0.0525790378,0.0501629449,0.0497025587,0.0503062122,0.0483082607,0.0483345874,0.0480654798,0.0475148223,0.0473267063,0.0470524766,0.046572566,0.0459824912,0.0458053723,0.0456808917,0.0462349057,0.0463308468,0.0457550772,0.0449879467,0.0451054238,0.0453269854,0.0445452482,0.0450560376,0.0437157713,0.0439415909,0.0438621566,0.0426733643,0.0426097699,0.042916283,0.0421025679,0.0421679989,0.0423494279,0.0422146767,0.0410035588,0.0409429856,0.0404218994,0.0404893868,0.0410855934,0.0412322059,0.042176757,0.0415414609,0.0410522819,0.0394858159,0.0398986898,0.0375057869,0.039013654,0.0373859741,0.0368011445,0.0389387123,0.03691452,0.0367262959,0.0354559273,0.0331546664,0.0340569466,0.0273344796,0.0307008661,0.0320459232,0.0337379463,0.0342065245,0.0229835249,0.0249172393,0.0258065462,0.0257900357,0.0252646934,0.0227639209,0.0198452789,0.0174733475,0.0152230281,0.0138540994,0.013040443,0.0127906576,0.0130386325,0.0127957184,0.0129155498,0.0121102585,0.0113559151,0.010931178,0.00983261969,0.00895967521,0.00865028799,0.00755337952,0.00757180247,0.00726975547,0.0070330468,0.0064669461,0.0060064937,0.00511634862,0.00490246061,0.00396658713,0.00357586797,0.00315353414,0.00288756378,0.0025943853,0.00229027262,0.00151492225,0.00220637117,0.00187312707,0.0017913644,0.00140144187,0.00157630863,0.00130937574,0.00148611946,0.00105055515,0.00101740041,0.000328123919,0.000610447838,0.000919380691,0.000130630302,8.57797568e-06,9.12181131e-05,0.000436982198,0.000234219129,,2.75340863e-05,,,,,,,,,,,,,0.000297422288,,,,,,,,,,,,,,,,,,,
1041,24.1149998,2026-08-30T08:56:16.894000+0000,-20.964536715530002,154.35972775820332,0.0712912381,0.0630901232,0.0626915023,0.0590363443,0.0595442206,0.060767509,0.065866217,0.0687000602,0.0701193437,0.0705995485,0.0703412071,0.0668219626,0.0638096705,0.0645801127,0.062021479,0.0608100332,0.060654819,0.0601742342,0.058539886,0.0588093661,0.0577037819,0.0564527772,0.0560982078,0.0554625168,0.0549169704,0.054423295,0.0533593707,0.0532437302,0.0525706634,0.0521491244,0.0513930358,0.0504226498,0.0500662774,0.0492683128,0.0493646488,0.0486555137,0.0482548587,0.0482967459,0.0476525016,0.0466425978,0.0471425019,0.0468953885,0.0462309308,0.0462349989,0.0460210294,0.0459854044,0.0454484448,0.0447961278,0.0447379351,0.0439664498,0.0439173691,0.0437270589,0.0436627306,0.0429930761,0.0426540636,0.0416702591,0.0417465791,0.041832719,0.0416880213,0.0412193872,0.0412946269,0.0410535745,0.0404030904,0.0402720869,0.0398395844,0.0405657589,0.0407922529,0.0409167148,0.0408313721,0.0404322036,0.0397257954,0.0401687697,0.0386161022,0.0376443006,0.0381170921,0.0368929654,0.0371515118,0.036488425,0.0332614891,0.0345629081,0.0335234962,0.0305881258,0.0325582027,0.030605875,0.0296926163,0.0332255103,0.0308741368,0.0244536456,0.0253673736,0.0259766318,0.0256700888,0.0252547078,0.023453949,0.0195953064,0.0188933667,0.0149530079,0.0145740714,0.0133704226,0.0123506086,0.0126986001,0.0129557075,0.0121055208,0.012800226,0.0113458857,0.0109211607,0.0100626005,0.00919965561,0.00838028919,0.00808335189,0.00757179921,0.00797976088,0.00703304401,0.0066969553,0.00611653039,0.00586639019,0.00460253283,0.00424667075,0.00433594733,0.0030136127,0.00275762752,0.00272443402,0.00180031429,0.00225493778,0.00158640288,0.00164315221,0.00138138351,0.00175146712,0.00151631597,0.00124938425,0.00141613022,0.0013506274,0.00149754214,0.000358409132,0.000620879408,0.000120023324,,0.000389706256,6.25341345e-05,,0.000105392188,,,,,,,,,,,,,,,0.000147406128,,,,,,,,,,,,,,,,,,,
1042,24.1870003,2026-08-30T08:56:17.145000+0000,-20.964536714275003,154.359727742725,0.0840112939,0.0572501905,0.0633915588,0.061476361,0.0584642403,0.0604975224,0.0612162575,0.0692900866,0.0662893653,0.0696695745,0.0678812042,0.0692019314,0.0624196529,0.06257011,0.0608814768,0.0595400296,0.0586948209,0.0580542348,0.0576498881,0.056239374,0.0560137928,0.0555227846,0.0545782261,0.053822536,0.0533669852,0.0530833192,0.0517494008,0.0513937697,0.0506907031,0.0497591794,0.0504130833,0.0492526963,0.0490163118,0.0477083474,0.0470846742,0.0464455411,0.045804888,0.0460467711,0.0460725203,0.0454126149,0.0453625135,0.0449454002,0.0446709581,0.0454450548,0.0449211374,0.0442755893,0.0438287184,0.043666508,0.0439784564,0.043057099,0.0438280925,0.0429877527,0.0428933464,0.0426235683,0.0417044312,0.0417805128,0.041596733,0.0418728031,0.0416080318,0.0408193655,0.0409445986,0.0398735851,0.0392931551,0.0399221927,0.0389196947,0.0402758494,0.0401322804,0.0396166965,0.0404713303,0.0397321582,0.0380857959,0.0382488221,0.0366562903,0.0377346724,0.0360277258,0.0358339697,0.0367730446,0.0355105549,0.0334243178,0.0354066901,0.0288882796,0.0323441736,0.0273656137,0.028473977,0.0321816057,0.0314249508,0.0340335853,0.0230837222,0.0252974257,0.025446672,0.0253101382,0.0250647273,0.0224639475,0.0195653141,0.0168133825,0.0149629805,0.0129840719,0.0129204076,0.0128305759,0.0130685735,0.0128356945,0.012175505,0.011650186,0.0115858633,0.0109211486,0.00960258953,0.00919964444,0.00913029071,0.00783334486,0.00802179612,0.00747977104,0.00677303085,0.00597695075,0.00551655423,0.00530640921,0.00443255901,0.00442671683,0.00372599252,0.00367365382,0.00275765918,0.00263444893,0.0022103379,0.0020849572,0.00203641527,0.00147315732,0.00128139427,0.00140145957,0.00163631444,0.00189937348,0.00154612947,0.000170656422,0.000547627802,0.000288560434,0.00015111643,0.000490366016,,5.03175252e-05,,,,,,,,,,,,,,,,,,,,,,,,,,,,,,,,,,,,,
1043,24.2600002,2026-08-30T08:56:17.395000+0000,-20.964536713025,154.35972772730833,0.0664613619,0.0641202107,0.0715315714,0.0591063872,0.0601242743,0.0609275475,0.0662362799,0.0667600855,0.070179373,0.0716995597,0.0713912025,0.067301929,0.0650796518,0.0652701035,0.0621214733,0.0616100132,0.0608448163,0.0596342348,0.0590898916,0.0578793846,0.0581737943,0.0560827851,0.0555182286,0.0555625483,0.0553169958,0.0539433286,0.0537494235,0.0531537943,0.0523007363,0.0528392121,0.0514731184,0.0508927293,0.050376337,0.0494183637,0.0488546975,0.0482855551,0.0481848978,0.0476267822,0.0478825346,0.0473426208,0.0476125181,0.0475254022,0.0467009693,0.0459950902,0.045391202,0.045595713,0.0449889079,0.0454067774,0.0445088185,0.0440975539,0.044538606,0.0439182445,0.0441337861,0.0426339209,0.0424446948,0.0419207029,0.0418468453,0.0417428613,0.0414780378,0.0411893502,0.0404645763,0.0402935892,0.0402331948,0.0394422635,0.0401897691,0.039865911,0.0399222933,0.0396166779,0.0392812975,0.0392721295,0.0396757871,0.0381988473,0.0380864069,0.0373349227,0.0356681533,0.0376746655,0.0367741175,0.0350820534,0.0345263109,0.0331193693,0.0315316617,0.0312784612,0.027360877,0.0306197312,0.0293980166,0.0294616986,0.0336503536,0.0224637613,0.022727469,0.0254867021,0.0254301485,0.02496472,0.0231739637,0.0192453396,0.0179533903,0.0160929915,0.0129140569,0.013380398,0.0120905666,0.0128185647,0.0138156768,0.012115486,0.0118801687,0.0118158506,0.0106911417,0.0105425771,0.00897963624,0.00864027906,0.00826334115,0.00778179662,0.00671977131,0.00694303727,0.00650695898,0.00592657365,0.00504642772,0.00431258371,0.00420674495,0.0038160244,0.00311368238,0.0032076831,0.00250446517,0.00194034295,0.00191495928,0.00198641629,0.00142317335,0.0012814037,0.00129147863,0.00122630876,0.00135938544,0.00177612947,0.000530679245,0.000737688271,6.86706917e-05,0.000691285764,6.06243557e-05,,,,,,,,,,,,,,,,,,,,,,,,,,,,,,,,,,,,,,,
1044,24.3309994,2026-08-30T08:56:17.643000+0000,-20.964536711785,154.359727712015,0.0682014003,0.0727902949,0.054931663,0.0618364289,0.060614273,0.0625175461,0.0609362945,0.0697601214,0.0704593658,0.0702095628,0.0678812042,0.0671419054,0.0660996363,0.0607401058,0.0608514622,0.0606699996,0.0586647913,0.0584042259,0.057909891,0.0574293844,0.0560137965,0.0566627756,0.0549582355,0.0542025566,0.0532569997,0.0533633456,0.0530894399,0.0521338172,0.0516707674,0.0506992489,0.0506531522,0.0497927628,0.048856359,0.0483783856,0.0480347127,0.0471755676,0.0467649139,0.0470968001,0.0464425385,0.0459526256,0.0455025136,0.0451754034,0.0452909842,0.0452851281,0.0450712815,0.0446658544,0.0438291281,0.0440370962,0.0438392498,0.0434281006,0.0433192179,0.0433288403,0.0424043126,0.0422243439,0.0419550203,0.0408609323,0.0412569828,0.0406929329,0.0404380523,0.0403893292,0.0403345525,0.0388335995,0.038543243,0.0387223475,0.0385198593,0.0382559821,0.0392223112,0.039436657,0.0391412452,0.0391120836,0.0378257632,0.0380288661,0.0360965356,0.0362951942,0.0361186415,0.0353354737,0.0368653759,0.0342838205,0.0335086733,0.0331925526,0.0296756923,0.0295335781,0.027967168,0.0254366267,0.0296156965,0.030149797,0.0310984906,0.0222338066,0.0249975417,0.025926752,0.025060188,0.0251347609,0.0223039556,0.0189553574,0.0177734029,0.0153829809,0.0136340456,0.0127503863,0.012390554,0.0127585456,0.0123756826,0.0123754842,0.0125701642,0.0108958408,0.0104611367,0.00961257517,0.0091996314,0.00890028942,0.00782333408,0.00710179703,0.0070397798,0.00629303372,0.00577697204,0.00577658135,0.00493644504,0.00426262058,0.00392677356,0.00341605372,0.00245371601,0.00224770606,0.00161448156,0.00154036912,0.000944980187,0.00168643822,0.000563179783,0.000691419176,0.000941471255,0.000996309333,0.00142937619,0.00106613385,0.000810716883,0.00101774698,0.000448811857,0.000441486627,0.000210912869,0.00027277373,,,,,,,,,,,,,,,,,,,,,,,,,,,,,,,,,,,,,,
1045,24.3999996,2026-08-30T08:56:17.891000+0000,-20.964536710545,154.35972769672165,0.0616814941,0.0686703101,0.0669217408,0.0578764528,0.0623943061,0.0637575835,0.0671263337,0.0698901415,0.0716593638,0.0732095614,0.0718011856,0.0677419007,0.0672096312,0.0646801069,0.0624514557,0.0623799823,0.0614247955,0.0607942231,0.0594398826,0.0588793941,0.0584437959,0.0576927736,0.0559982546,0.0563225672,0.0551070161,0.054613363,0.0544094667,0.0541738532,0.0533708073,0.0531692989,0.0518732034,0.0516728163,0.050986398,0.0497184098,0.0494347438,0.0490155816,0.0487749353,0.0480768159,0.0481125563,0.0476426408,0.0470625274,0.047135409,0.0470210053,0.0463151783,0.0460213833,0.0450560339,0.0443693995,0.0446474776,0.0440597646,0.0438187458,0.0441099368,0.0432195365,0.0429049246,0.0423648395,0.042495396,0.0421711877,0.0413871408,0.0414130166,0.0408280641,0.0414593071,0.0407845229,0.0397536047,0.0402932987,0.0395924486,0.0397499688,0.0399960689,0.0394223407,0.0410866328,0.0397612005,0.0389520414,0.0397557504,0.0378389098,0.0384667106,0.0386755541,0.0370192528,0.0372864604,0.0366868898,0.0357959308,0.0345314741,0.0340763144,0.0331804492,0.0301196016,0.0299545582,0.0327147096,0.0311346836,0.032129243,0.0360979587,0.0228438936,0.0221676081,0.0257267971,0.0247802306,0.0242447574,0.0224439744,0.0200553816,0.0175634287,0.0147529831,0.0131740337,0.0128903696,0.0124105243,0.0131785311,0.0129156588,0.0123854652,0.0118601276,0.0113358246,0.0111411251,0.00982256606,0.00967963226,0.00886027701,0.00777333044,0.0083117988,0.00716978265,0.00669303862,0.00652696751,0.00617660768,0.00524645345,0.0052326452,0.00415681349,0.00395609718,0.00295376452,0.00269773882,0.00213449146,0.00250038086,0.00234498666,0.0017964514,0.0017531995,0.00109142403,0.00175148982,0.00162631518,0.00158938521,0.0018261238,0.000580753898,7.78304966e-05,0.000528957229,0.000281711342,,,,,,,,,,,,,,,,,,,,,,,,,,,,,,,,,,,,,,,,
1046,24.4610004,2026-08-30T08:56:18.144000+0000,-20.96453670928,154.35972768112,0.0702715367,0.059890423,0.0637117773,0.0587665066,0.0582943335,0.0596275926,0.0678663924,0.0678201392,0.0688093752,0.0715895742,0.0698411763,0.0667318925,0.0635396242,0.0629601106,0.0605914555,0.0605599731,0.0596147887,0.0596542284,0.0577398874,0.058079388,0.0569438078,0.0558927767,0.0546582751,0.054602582,0.0541470312,0.0528733879,0.0528894924,0.0520438887,0.0507808477,0.0506893434,0.0509832464,0.0493928567,0.0491564311,0.0490584411,0.0478147678,0.0473956093,0.047294952,0.0473968387,0.047052566,0.0464126579,0.046132531,0.0458854213,0.0456010289,0.0455952249,0.0453114696,0.0452861898,0.0444396287,0.0439678095,0.0442902036,0.0439492986,0.0437605493,0.0437001288,0.0429654531,0.0428952612,0.0415257141,0.0415314175,0.0414672755,0.0415630825,0.0410880744,0.0411492884,0.0417445004,0.0406936146,0.0398433506,0.0404525362,0.0396600626,0.0396661423,0.0404223651,0.0408766195,0.0402811654,0.0405520089,0.0396857485,0.0393689498,0.0378268659,0.0379858576,0.0383797809,0.0369873121,0.0378881916,0.0388677493,0.0363438874,0.0354095511,0.0331345461,0.0318147764,0.0299709029,0.0299416464,0.031452395,0.0328173488,0.0351860859,0.0227239337,0.0242176428,0.025026843,0.0250302404,0.0253247749,0.0225939732,0.0196254104,0.017443426,0.0142329847,0.0120840315,0.0128903585,0.0124904905,0.0128685096,0.0123956576,0.01188544,0.0123101063,0.0113358088,0.0106711183,0.0102925543,0.00846961886,0.00838027801,0.00756331999,0.00727180019,0.00725978985,0.00695303269,0.00648697745,0.00599661795,0.0046264776,0.00412267121,0.00415684795,0.00321612507,0.00347378943,0.00269776676,0.00231451355,0.00215039845,0.00150500389,0.00202646153,0.0016332115,0.00143143488,0.00139148289,0.000986309838,0.0012393872,0.00124612683,0.0012707836,0.00146789337,0.00113910029,0.00104191597,0.00092155108,0.0003536804,0.00042240441,0.000715663307,0.000491406186,0.000318180537,,6.00174535e-05,6.27432019e-05,,,,,,,,,,0.000130874629,0.000381002261,0.000147373561,4.99373709e-05,,,,,,,,,,,,,,,,,,
1047,24.5200005,2026-08-30T08:56:18.392000+0000,-20.96453670804,154.35972766582665,0.0599316023,0.0718204454,0.0608518012,0.0596265011,0.0605243593,0.0624675788,0.0665264055,0.0677101463,0.0705693811,0.0735195726,0.0699711964,0.0673718825,0.0663596168,0.0636200905,0.0623614341,0.0612499565,0.0612547696,0.0601742268,0.0589798801,0.0587993935,0.0584437996,0.0574027784,0.0573682636,0.0557425804,0.0559770241,0.0551033914,0.0548795052,0.0545338988,0.0535508618,0.0528293625,0.0530232638,0.051282879,0.0508264378,0.049938444,0.0493647791,0.0494656079,0.0487749614,0.0482268445,0.0484225638,0.0474126525,0.0474525318,0.0466554128,0.0467010327,0.0461552404,0.0466515161,0.0463062823,0.0452997759,0.045938015,0.045040492,0.045069661,0.0452809595,0.0443705283,0.044785805,0.0442155451,0.0436959341,0.0438715741,0.0440673716,0.0436831303,0.0435680822,0.0427092798,0.0420644879,0.042003613,0.0420533828,0.0407225899,0.0417601205,0.0420161895,0.0416023694,0.0426665992,0.0418311283,0.0413719676,0.0414557196,0.0402589515,0.0400069356,0.0392560288,0.0393000916,0.0396578349,0.0387090147,0.0372989066,0.037375439,0.0352216512,0.0345472172,0.03464818,0.031285096,0.0335362367,0.0337275229,0.0334327742,0.0372315496,0.0226639863,0.0221576914,0.0247768946,0.0248202812,0.023894785,0.0226139817,0.0187654253,0.0160034522,0.0146929873,0.0123240286,0.0125203617,0.0121604949,0.0113185002,0.0126356538,0.0118854335,0.0111600989,0.0106658014,0.010471113,0.00912254304,0.00851961039,0.00743028568,0.00785330869,0.00759178866,0.00697980216,0.00700302655,0.00604698062,0.00520663103,0.00485649006,0.00400269311,0.00404687272,0.00305615622,0.00263382122,0.00243779225,0.00241452828,0.00141040492,0.00168500375,0.00128646358,0.000963219092,0.00110145716,0.000421496166,0.0011663161,0.000719381147,0.00101612695,0.000180797899,0.000447937287,,,,,,,,,,,,,,,,,,,,,,,,,,,,,,,,,,,,,,,,,,
1048,24.5799999,2026-08-30T08:56:18.642000+0000,-20.964536706790003,154.35972765041,0.0757616907,0.0645105094,0.0660419017,0.0614365712,0.0598343834,0.0607076287,0.0660664663,0.0676301867,0.0689493939,0.0715895817,0.0710012019,0.0698018596,0.0651296079,0.0645901039,0.0625714287,0.0613399483,0.0602247678,0.0599842258,0.0587198921,0.0577894114,0.057973817,0.0568327829,0.0558982939,0.0554626063,0.0548170581,0.0536534265,0.0532695502,0.053803958,0.0527509302,0.0514594391,0.0521333478,0.050342951,0.0499164946,0.0487484895,0.04781482,0.0473956503,0.0480349995,0.0471768752,0.0464425907,0.0458726846,0.0456625447,0.0452554338,0.0456010699,0.0454453193,0.0452316701,0.0452865399,0.0442101657,0.0441185646,0.0438312292,0.0429305844,0.0436819866,0.0434115157,0.0428866781,0.0420462489,0.0421864651,0.0415319428,0.04173759,0.0409732461,0.0414980985,0.0407392457,0.0403544493,0.0398736298,0.0395534672,0.039652735,0.039560277,0.0398963168,0.0400924124,0.0405565761,0.0402110666,0.0400119126,0.0394057184,0.0387690291,0.0370372012,0.0368765518,0.037210986,0.0364292637,0.0383011997,0.0353519469,0.0357194729,0.0331370533,0.0299540367,0.0317868106,0.0273656677,0.0283577945,0.0321203619,0.0311662536,0.0333650522,0.0207440574,0.0229977835,0.0245169364,0.0249203108,0.0242748093,0.0218739938,0.0189954322,0.0176234599,0.0149429543,0.0120240003,0.0121703418,0.012340446,0.0121684773,0.0114556421,0.0116254101,0.0111600608,0.0104257753,0.0102210995,0.00888252817,0.0077596046,0.00839027297,0.00676330365,0.00730179297,0.00729979528,0.00652302708,0.00576699432,0.00546666794,0.00515652215,0.00417274795,0.00342693692,0.0026362082,0.00277387351,0.00224783318,0.00214454532,0.00184043415,0.00163502758,0.00162648107,0.00169323012,0.000801470072,0.00105149578,0.000936315861,0.00106938044,0.00118613639,,0.000608044211,0.00052940246,,,,,,,,,,,,,,,,,,,,,,,,,,,,,,,,,,,,,,,,,
1049,24.6539993,2026-08-30T08:56:18.890000+0000,-20.964536705550003,154.35972763511668,0.0675018281,0.0653806403,0.0729419813,0.0593566932,0.0617344268,0.0616776496,0.0668065399,0.06608022,0.0702894181,0.0730796009,0.0721911862,0.0671718419,0.0656996146,0.0668101162,0.061651431,0.0626399219,0.0606447682,0.0609442443,0.0582599044,0.05998943,0.0586438477,0.0565427914,0.0560983419,0.055552654,0.0554871038,0.0544234887,0.0542196222,0.0539040454,0.0522910319,0.0532595553,0.0512234606,0.0508130603,0.0500665791,0.0488185547,0.0488548912,0.0482857078,0.0481150523,0.0473269373,0.0472026318,0.0472627282,0.0469925739,0.0470554605,0.0460011289,0.0447354391,0.0438918844,0.0439569168,0.0434407219,0.0435793437,0.0433822758,0.042771887,0.0431034341,0.0422929041,0.0422679037,0.0420172289,0.0417072028,0.0411924571,0.0413378999,0.040703401,0.0410981216,0.0404691994,0.0405243933,0.0397536494,0.0394735895,0.0390829444,0.039720498,0.0390864983,0.0401624702,0.0398265459,0.0388409942,0.0392718539,0.039545726,0.0381091498,0.0376775973,0.0370673127,0.0359422676,0.0371112972,0.036284294,0.0356262363,0.0347851515,0.031684652,0.0325236246,0.0318389237,0.0267605092,0.0312539972,0.029358346,0.0305051208,0.032073915,0.0238841753,0.022907896,0.0257370397,0.0257903878,0.0244348031,0.0228939783,0.019055482,0.0167134609,0.0145229548,0.0119639719,0.0135603035,0.0123603819,0.0127884243,0.0123856077,0.0118853617,0.012099999,0.0111157317,0.0102410698,0.00962250773,0.00898958091,0.0084002614,0.00779327843,0.00731178373,0.00671980437,0.00656301528,0.0062369993,0.00604670262,0.00419655209,0.00353280781,0.00359700853,0.00307628745,0.00249395752,0.00225789426,0.00174458825,0.00172047061,0.00178504572,0.00135651056,0.0018732606,0.00161149178,0.00106150575,0.00157630444,0.00136938691,0.00136613101,0.000240932568,0.000448210048,0.000429730688,8.28446064e-05,,,0.000104859879,,,,,,,,,,,,,,,,,,,,,,,,,,,,,,,,,,,,,
1050,24.7980003,2026-08-30T08:56:19.144000+0000,-20.96453670428,154.35972761945334,0.073331885,0.0541507155,0.0685020983,0.0597166829,0.0562744588,0.0572076738,0.0672165751,0.0665702522,0.0654394254,0.0706596002,0.0691711977,0.0679218397,0.0602396019,0.0638001114,0.0611714311,0.0592599101,0.0583147593,0.0592042357,0.057209909,0.0555794388,0.0564838573,0.0546527877,0.054168351,0.0534326658,0.052187115,0.0524035059,0.0516596548,0.0519540794,0.0498910695,0.0490696058,0.0501635075,0.0484631136,0.0484766178,0.0474085845,0.0467949174,0.0462957211,0.045655068,0.0465069525,0.0446926504,0.0448727384,0.0448925793,0.0448654704,0.0438811481,0.0452054888,0.0451519862,0.0446570925,0.0441409908,0.043879725,0.0429527909,0.0433625318,0.0432341509,0.0425635949,0.0425385125,0.0416777208,0.0414375737,0.0408427194,0.0406680554,0.0402334854,0.0399581268,0.0402591787,0.0398343652,0.03967366,0.0394736491,0.0387230441,0.039600607,0.0396365859,0.039692495,0.0399665236,0.0401309505,0.0402018167,0.0391057171,0.038169194,0.0378877707,0.0373176634,0.036672879,0.0368122831,0.0364258066,0.0374783427,0.0364379548,0.0335284173,0.0331683867,0.0307149515,0.028067898,0.0285420865,0.0314973332,0.0302145705,0.0328033902,0.0221842565,0.0252879728,0.0247070901,0.0257904232,0.0243948214,0.0231639948,0.0193154979,0.0173034705,0.0154729271,0.013993958,0.0131502999,0.0122703519,0.0130584147,0.0128955878,0.0121153425,0.0120999739,0.011115714,0.0104610594,0.0103224935,0.0084895622,0.00838026125,0.00804326497,0.0071017798,0.00723981531,0.00653301738,0.00600700499,0.00592672313,0.00493657822,0.00460284902,0.00445705466,0.00326633244,0.00357398903,0.00265793386,0.00192461326,0.00211049803,0.00195506564,0.0016365163,0.00169326761,0.00110151269,0.00175152509,0.00163631106,0.00153937971,0.00159613136,0.000580968743,0.000778289745,0.000129881577,0.000773091218,,,0.000165462319,6.91876194e-05,,,,,,,,,,,,,,,,0.000271198689,,,,,,,,,,,,,,,,,,,,
1051,24.9389992,2026-08-30T08:56:19.393000+0000,-20.964536703035,154.35972760409834,0.0585619882,0.0689007863,0.0635821447,0.057436727,0.0595444851,0.0602976866,0.0658866242,0.0662802607,0.0700594112,0.0706596002,0.0691711903,0.0658518076,0.0644595921,0.0633401051,0.0606714264,0.0610098988,0.0591047481,0.0593042336,0.0576498918,0.0571694411,0.0567838661,0.0548427887,0.0548583604,0.0539126731,0.0533671267,0.0524935201,0.0517496765,0.0511141084,0.050241109,0.0505296439,0.0496735498,0.0486931577,0.048236642,0.0474086106,0.0477549434,0.0464457422,0.046555087,0.0465069711,0.0456126593,0.0447227545,0.0454325862,0.0453354716,0.0442711674,0.045045536,0.0452320836,0.0444272645,0.043841254,0.0439601019,0.0430232957,0.0432931744,0.0432648696,0.042314291,0.0424291305,0.0420882143,0.0413179509,0.0411929823,0.0411282182,0.0409535654,0.0406881422,0.0402591564,0.0397843383,0.0390536711,0.0395337045,0.038123142,0.0391607098,0.0394466668,0.0393225215,0.0397564992,0.0392508954,0.0387617648,0.0391856991,0.037509229,0.0375079326,0.0381780043,0.0356634706,0.0378632471,0.0361372977,0.0359804332,0.0358107314,0.0312421583,0.0336231217,0.0295809507,0.028045265,0.031380143,0.0285163131,0.0315040313,0.0350428857,0.0190043263,0.0237780176,0.0263171233,0.0260204449,0.0246248525,0.0230239928,0.0192355029,0.0183634963,0.0150329219,0.0129639506,0.013260291,0.0126603376,0.0121683963,0.0127755804,0.0131253274,0.0118599534,0.0111156981,0.0104510523,0.0105524845,0.00920956302,0.008390259,0.00854325108,0.00756177725,0.0072698174,0.0075230198,0.00642700028,0.00516673923,0.00521659153,0.00426288368,0.00420709932,0.00400636485,0.00319403573,0.00274797063,0.00232462515,0.00184050901,0.00230507739,0.00220652902,0.00239327806,0.00145152467,0.00146152533,0.00186631025,0.00194938539,0.0013661324,0.000821002584,0.000558366824,0.000530028425,0.000293312274,6.36352634e-05,,,0.000279896078,,,,,,,,,,,,,,,,,,,,,,,,,,,,,,,,,,,,
1052,25.0790005,2026-08-30T08:56:19.641000+0000,-20.964536701795,154.359727588805,0.0692120418,0.0590308607,0.0664121807,0.0587467551,0.0596045293,0.060817726,0.0677966699,0.0706202686,0.0693094134,0.0705896318,0.0708811954,0.0677817985,0.0635095835,0.0646701157,0.0610414185,0.0611698851,0.0596147515,0.0592742451,0.0580899008,0.057419464,0.0570438728,0.0557028018,0.0546583906,0.0543026924,0.0530671477,0.0524935499,0.0523197092,0.0522241555,0.0506911576,0.0514596999,0.0506535992,0.0494732112,0.0496866852,0.0480786413,0.0481149778,0.0481357686,0.0475851186,0.0474769957,0.046742674,0.0463327654,0.0464425981,0.0455654897,0.0451311953,0.0455255881,0.0457821861,0.0447474495,0.0443715267,0.0440404899,0.0442138165,0.0430838205,0.04418559,0.0433549844,0.0428297445,0.0423687063,0.0423683189,0.0418032408,0.0419283696,0.0412436463,0.0418181531,0.0413391329,0.0405443087,0.0404936746,0.0394937657,0.03953325,0.0394708216,0.0397667624,0.0405925475,0.0399664827,0.0409108587,0.0400417298,0.0395157002,0.0387692824,0.0370381251,0.0368883796,0.037484102,0.0362242535,0.0372588374,0.036942564,0.0360535607,0.0363959447,0.0328179002,0.0300469995,0.0287326835,0.0301182456,0.0322753079,0.032883469,0.0339423344,0.0225143842,0.0242580716,0.0258871838,0.0258004759,0.0249348655,0.0222740192,0.0204255246,0.0171035212,0.0144429142,0.0140739214,0.0127002746,0.0130602997,0.0121783735,0.0123455627,0.0131153082,0.0120999236,0.0108956769,0.010701037,0.00961247738,0.0096995458,0.00867026206,0.00808324106,0.00729177985,0.00677982625,0.00650301808,0.00593701005,0.00604676083,0.00437661679,0.00461291475,0.00397713995,0.00274640694,0.00264407275,0.00243799877,0.0022846486,0.00220052456,0.00159509364,0.00208654208,0.00192329299,0.00110153866,0.00117152475,0.00134630385,0.000839383574,0.00213613664,0.000881046639,0.000668446592,0.000220196613,0.000153550471,,0.000147078536,0.000346689194,6.06005196e-05,,,,,,,,,,,,,,,,0.000161277916,,,,,,,,,,,,,,,,,,,,
1053,25.2189999,2026-08-30T08:56:19.890000+0000,-20.964536700550003,154.35972757345002,0.064092055,0.0675108582,0.0647121817,0.0587667748,0.0612845086,0.0616877079,0.0676966384,0.0685502812,0.0697694123,0.0714396238,0.0702112019,0.067631796,0.0650895834,0.0644801036,0.0624514073,0.0617698915,0.0608247519,0.0597942285,0.0588099025,0.0591794476,0.0575138628,0.0563627966,0.0564983748,0.0553626828,0.0553071313,0.0545235351,0.0541296974,0.0530541465,0.0531011447,0.0523196869,0.0514635928,0.0507331975,0.0502966754,0.0495686345,0.0489949621,0.048725754,0.0487751067,0.0483669862,0.04818267,0.0476427563,0.0472925901,0.0464254767,0.047091186,0.0469455756,0.0473621637,0.0468474105,0.045911476,0.0461704247,0.046163734,0.0455237255,0.0455754884,0.0450048856,0.0448096618,0.0443686396,0.0439482704,0.0436032079,0.043338351,0.0430936366,0.0427581519,0.0428291373,0.0426743105,0.0415236726,0.0415737517,0.0410832316,0.0412308052,0.0421067476,0.0419325344,0.0429164767,0.0414208546,0.0413017198,0.0407556854,0.0406092554,0.0396180712,0.0390883014,0.0386639833,0.0395740755,0.0387785845,0.0389822274,0.036213126,0.033785373,0.0351271853,0.0318361074,0.0307015944,0.0314970687,0.0322740264,0.0340121463,0.0337310284,0.0205043629,0.0221980736,0.0253871866,0.0258804969,0.0241548549,0.0225840304,0.0197355468,0.0174435135,0.0156229148,0.0128839221,0.0123802787,0.0125603145,0.0120183872,0.0123955766,0.0121453088,0.012069934,0.0113356849,0.0102110459,0.0100424839,0.00895954296,0.0086002592,0.00773324585,0.00701177446,0.00716982083,0.00722301379,0.00656701671,0.00568674691,0.00502660358,0.00442290679,0.00390712963,0.0031263975,0.00295407255,0.00292799086,0.00226465007,0.00201053359,0.00180508033,0.00174654159,0.00158329215,0.00132153835,0.00111153256,0.0011063061,0.00117938302,0.00118614186,0.000281030108,0.000838426524,0.000530161604,,,,,,,,,,,,,,,,,,,,,4.12751397e-05,,,,,,,,,,,,,,,,,,,,
1054,25.368,2026-08-30T08:56:20.145000+0000,-20.964536699275,154.359727557725,0.0599320903,0.077690877,0.0581521727,0.0570668019,0.0606145002,0.0613276996,0.064096652,0.0649702847,0.0718494281,0.0706596002,0.0701411888,0.0646517873,0.0679595768,0.0625000894,0.0616613925,0.0614398718,0.0603047311,0.0603442192,0.0589798838,0.0588894486,0.0576038584,0.0567327812,0.0555983707,0.0548626781,0.0551071316,0.0528635383,0.0544096977,0.0531541407,0.052651152,0.0531796962,0.0509736016,0.0512832105,0.0501466766,0.0495686382,0.0486949682,0.048725754,0.0484051034,0.0478369892,0.0475726649,0.0480327532,0.0472125821,0.0467354693,0.0463811792,0.046705585,0.0472021922,0.0458374768,0.0456115827,0.0447305739,0.0448939428,0.0447639897,0.0444257855,0.0447051823,0.0440799221,0.0432088561,0.0430084392,0.0421433263,0.0421484262,0.0421036743,0.04235816,0.0418591276,0.0417043008,0.0414236747,0.0402137786,0.0402132683,0.040090844,0.040086776,0.040662542,0.040766459,0.0405008197,0.0406716838,0.0392756537,0.0391792431,0.0387681052,0.0368984044,0.0371241905,0.037504442,0.0362891667,0.0366030633,0.037154261,0.0335369185,0.0324891582,0.0306386203,0.0281147063,0.032260485,0.0304478481,0.0323562101,0.0345351361,0.022024408,0.0230581146,0.0266671982,0.0254205223,0.0246348679,0.0239140317,0.0192355439,0.0177235231,0.0151229287,0.0142139439,0.0128002856,0.0127403177,0.0129183708,0.0131555824,0.012625318,0.0113999294,0.0115756802,0.0111410432,0.00936248526,0.00872954447,0.00888025481,0.00800325442,0.0074917879,0.00747982971,0.00673302077,0.00616701506,0.00592677109,0.00529662333,0.00507292664,0.00412714947,0.00285642315,0.00283409352,0.00247800793,0.00245465082,0.00192054117,0.00193510018,0.00220654742,0.00176330528,0.00134154281,0.00153154042,0.00187630916,0.00176937913,0.00165613834,0.000991039327,0.00101846387,0.000620228529,0.00048361285,,,,5.0806455e-05,,,,,,,,,,,,,,,0.000201517832,2.12904706e-05,2.73211044e-05,,2.62786634e-05,,,,,,,,,,,,,,,,,
1055,25.5100002,2026-08-30T08:56:20.394000+0000,-20.964536698030003,154.35972754237,0.0695720911,0.0600509048,0.0705922171,0.0578367859,0.0584645085,0.0596177094,0.067506671,0.0670202971,0.0679294169,0.0702096224,0.0712611973,0.067661792,0.0639295802,0.0659201071,0.062121395,0.0614198782,0.0602247305,0.0600842312,0.0588198975,0.0584294572,0.0576838702,0.0561727881,0.0556183755,0.0554626882,0.0548171401,0.0541235469,0.0543097183,0.0540841594,0.0521211699,0.0529997163,0.0519636236,0.0501732267,0.0507566929,0.0492686443,0.0495849811,0.0490957685,0.0484051146,0.0483669974,0.0482626706,0.0478027612,0.0474525914,0.0472854748,0.0469411947,0.0466256067,0.0468922257,0.0459175333,0.044531662,0.0451906882,0.0448940955,0.0444041789,0.0450659953,0.0439853817,0.0431300998,0.0433089957,0.0422485396,0.0419933982,0.0420584679,0.0416236967,0.0408381633,0.0410091206,0.0403342918,0.0398336761,0.0397037938,0.0391032994,0.03962088,0.039436806,0.0396925509,0.0403864607,0.0393608101,0.0389616825,0.0386856645,0.038199272,0.0377381779,0.0379185267,0.0355743915,0.0367247537,0.0364596285,0.0355436988,0.0378650948,0.032268025,0.032080546,0.0318603739,0.0274368413,0.0301228203,0.0319704302,0.0312188994,0.0332178175,0.0226544123,0.0231581461,0.0251972079,0.0249305181,0.0246248823,0.0228340216,0.0193755552,0.0175335314,0.0163329244,0.0118739316,0.0120502729,0.0127803003,0.0124183688,0.0123755746,0.0124153076,0.0116299177,0.0118056722,0.0104510393,0.00934246741,0.00896953698,0.00833026506,0.00727324234,0.00782177132,0.00662982278,0.00669302419,0.00573701225,0.0054367655,0.00447663199,0.00370293716,0.00338715361,0.00339643634,0.00272410293,0.00215802831,0.00204466423,0.00224054791,0.00190509181,0.00209654984,0.00148330047,0.000931540329,0.0012315365,0.0016363106,0.0017193862,0.00153614033,5.10556856e-05,0.000618495629,7.02726829e-05,0.000333686243,0.000284176524,,,,,,,,,,,,,,,,,,,7.13011541e-05,,,,,,,,,,,,,,,,,,,,
1056,25.6550007,2026-08-30T08:56:20.643000+0000,-20.964536696785,154.359727527015,0.0747420937,0.0637608841,0.0593722463,0.0623567924,0.0591145307,0.0611377209,0.0620166734,0.0698802844,0.0677594244,0.0707796216,0.0680211782,0.0677417815,0.0655695647,0.0615201034,0.0616613925,0.0599498749,0.0590047389,0.0578642227,0.0580898859,0.0572494492,0.0557138622,0.0555027835,0.0546583869,0.0531226881,0.0528771393,0.0530735552,0.0525097176,0.0516641662,0.0522111729,0.049669724,0.0497436263,0.0498732366,0.0480866991,0.0475486517,0.0469249785,0.0474757701,0.0462551191,0.0464970022,0.0465926789,0.0458727665,0.04605259,0.0453354754,0.0449011996,0.0466256142,0.0466522425,0.0457575545,0.0456117019,0.0448007435,0.0440141633,0.0451942682,0.0438460968,0.0438154787,0.0436701849,0.0430590659,0.0424785949,0.0425334349,0.0417484902,0.0415837094,0.0416481681,0.0414791182,0.0408442914,0.0412236787,0.039613802,0.040023312,0.0414208956,0.039276816,0.0422025546,0.0422864556,0.0397308059,0.0425916724,0.0406556614,0.0389092714,0.0414981991,0.0371485688,0.0391344726,0.0407248847,0.0362898409,0.0390039943,0.0364454836,0.0324585512,0.0366312191,0.0295912232,0.0288078897,0.0351539664,0.0298017021,0.0338002443,0.0402491689,0.0243544355,0.0274981484,0.0289272144,0.0268805195,0.0261348803,0.0251740422,0.0200655721,0.01817354,0.0165929198,0.0126039237,0.0137702683,0.013130296,0.0120883659,0.0136055751,0.0123652974,0.0118499156,0.0118056703,0.0104510384,0.0105324732,0.009909546,0.00835026242,0.00903324783,0.0075217816,0.00668983068,0.00773302093,0.00589702185,0.00618677353,0.00527663343,0.00460294262,0.0048671579,0.00350644276,0.00332410424,0.00288802618,0.00285466458,0.00233055395,0.00265509915,0.00175655214,0.00193330261,0.00219153985,0.000881539017,0.0013463042,0.00170938752,0.00130614091,,0.00105849316,0.000680303317,0.000103719562,0.000194222113,,,0.000461098272,0.000176821079,0.000233030878,,,,,,,,,,,,,,,,,,,,,,,,,,,,,,,,,,
1057,25.7989998,2026-08-30T08:56:20.892000+0000,-20.96453669554,154.35972751166,0.05892222,0.0716109648,0.0592723079,0.057486847,0.0597345755,0.0608177558,0.0654367208,0.0666803196,0.0702194348,0.0720396414,0.0686911941,0.0652617663,0.0658395737,0.0623901114,0.0609214008,0.0612698495,0.059884727,0.0588542335,0.0581798963,0.0575194582,0.0566738844,0.0559827872,0.0554384068,0.0548827201,0.0538371652,0.0534535833,0.0531697609,0.0525942147,0.051761236,0.0512097925,0.0508136936,0.0504132994,0.0496067517,0.0491186976,0.048555024,0.048505798,0.0478851497,0.0478470325,0.0474226959,0.0469527878,0.0473026074,0.0468154959,0.0466212295,0.0467856862,0.0464123748,0.0461477935,0.0461420529,0.0460212417,0.0447548367,0.0450051017,0.0445070229,0.0440263711,0.0443109721,0.0432096981,0.0426890738,0.0423437655,0.0429386906,0.0427638106,0.0425681807,0.0422890894,0.0421742536,0.0409036912,0.0409938805,0.0406534411,0.0408310331,0.0410769321,0.0420725979,0.0413664319,0.0407607555,0.0411016345,0.0407556631,0.0403893478,0.0394884422,0.0390890576,0.0389352888,0.0397461876,0.0395418182,0.0364267416,0.0358191207,0.0353834257,0.0335373692,0.0335490033,0.0306674242,0.0306043737,0.0312232692,0.0351723768,0.0343513116,0.0226744954,0.0231782272,0.0253872946,0.0252605639,0.0240348987,0.0226740167,0.0196155757,0.0170035399,0.015612917,0.0122938976,0.0132302595,0.0119802607,0.0123383347,0.0126755461,0.0121252723,0.0120798796,0.0106456485,0.00998102501,0.00980244949,0.00893952418,0.00810026005,0.0075532347,0.00696177641,0.00693983212,0.00692302035,0.00595701952,0.00568678882,0.00538665801,0.00425297162,0.00402721576,0.00375649007,0.00323415129,0.0028380733,0.00244468218,0.00228056917,0.00212510978,0.00214657583,0.00165332586,0.00149155885,0.0012215462,0.00186630921,0.00140938326,0.00147613534,0.000391108246,0.000728609157,0.000700502773,0.000164013531,,,,,,,,,,,,,,,,,,,,,,,,,,,,,,,,,,,,,,,,
1058,25.9489994,2026-08-30T08:56:21.143000+0000,-20.964536694285,154.35972749618165,0.0668522939,0.064381063,0.0681723729,0.0591669157,0.0607945882,0.0615377761,0.0686567947,0.0720203593,0.0712594539,0.0741696209,0.0734812021,0.0701417327,0.066139549,0.0661100969,0.0629713908,0.0632998347,0.0628647283,0.0625042245,0.0609399043,0.0605994798,0.0599139035,0.0587127879,0.0584884286,0.0571827367,0.0567471907,0.0550836138,0.0550598055,0.0553742684,0.0531912968,0.053939864,0.0525337644,0.0515833683,0.051816795,0.0500787348,0.0501650646,0.0499758273,0.0496651754,0.0489670672,0.0487827286,0.0484828092,0.0477526188,0.0478355065,0.0478812642,0.0453557521,0.0449925102,0.0448980257,0.0443724059,0.0441317335,0.0442954972,0.0431059375,0.0432779454,0.0430872664,0.0431317575,0.0425803289,0.0416595526,0.0414141007,0.040908888,0.0407239161,0.0406481959,0.0413390584,0.0404042229,0.0402337052,0.0401939601,0.0392235778,0.0394711755,0.0400770456,0.040152628,0.0402764119,0.0403906964,0.0396915823,0.0394056551,0.0388494097,0.0360686742,0.0376395173,0.0372060835,0.036437463,0.0372537747,0.0361594632,0.0359827429,0.0355182812,0.0294434987,0.0329267606,0.0281069335,0.027084779,0.0323048271,0.02912453,0.0321234837,0.0238745976,0.0255382955,0.0260173455,0.0262205992,0.0253949147,0.0233640354,0.0208056085,0.0181335714,0.016212916,0.0136638917,0.0126002366,0.0128202187,0.0130783152,0.0125755286,0.0123852575,0.0118498467,0.0110956244,0.0104310112,0.00934243668,0.00868951436,0.00884024799,0.00725321705,0.00799177121,0.00686984789,0.00618301099,0.00610703602,0.00541681936,0.00542667788,0.0047630216,0.0037772709,0.00379653601,0.0034642017,0.00314810406,0.00302470406,0.00151059078,0.00118513079,0.00146659242,0.0013533372,0.00144158187,0.00133155449,0.000986305648,0.00128938479,0.00105613272,0.00109115231,0.0012387028,0.000550708733,0.000474317989,0.000365105952,,0.000318697828,,0.00025862566,,,,,,,,,,,,,,,,,,,,,,,,,,,,,,,,,,,
1059,26.0990009,2026-08-30T08:56:21.392000+0000,-20.96453669304,154.35972748082665,0.059942387,0.0664211437,0.0656024516,0.0563069358,0.0606546253,0.0610977858,0.0653168187,0.067680344,0.069649443,0.0711696297,0.0701111779,0.0660917237,0.0650895461,0.0632401034,0.0609313808,0.0603698157,0.0592547171,0.0591142252,0.0580898896,0.0578794815,0.0560839027,0.0554027893,0.0551284365,0.0544827469,0.0540371947,0.0532536283,0.0527898259,0.0525842905,0.0523913205,0.0512098931,0.0500637963,0.0502634048,0.0496068224,0.0493387543,0.0488450788,0.0484258421,0.0478051864,0.0482270792,0.0478027277,0.0475728139,0.0469826199,0.0465055071,0.0467812754,0.046465788,0.0457825847,0.0462281704,0.0456126258,0.0447320491,0.044975929,0.045076482,0.0444285609,0.043967858,0.0436922871,0.0426807553,0.042949874,0.0427443311,0.0423590243,0.0425039865,0.0428382047,0.0420390405,0.0418041982,0.0416437089,0.040854007,0.040173661,0.0409312658,0.0408871137,0.0412926488,0.0410863832,0.0402806476,0.0414515324,0.0404256284,0.0398694314,0.0388488024,0.0384997912,0.0384965725,0.0377982706,0.0370850302,0.0365312323,0.0359850973,0.0362214558,0.0325975306,0.0301318746,0.0307532251,0.0307316631,0.0323125049,0.0335326269,0.0328616239,0.0215946604,0.0232183635,0.0256173871,0.0248106271,0.0254849344,0.0235440545,0.0191256162,0.0183235779,0.0151228961,0.0128338914,0.0129202325,0.0115702022,0.0126183042,0.0128955245,0.0116152428,0.0113998288,0.0111256083,0.0099910032,0.00959244184,0.00893950462,0.00838024914,0.00780321285,0.00728177559,0.00720985373,0.00667300588,0.00573703134,0.00516684074,0.00445669005,0.00417305529,0.00400730642,0.00337658264,0.00325423549,0.00306814443,0.00272473181,0.00215061358,0.00198514131,0.00192660326,0.00141335616,0.00127158652,0.00111155957,0.00122630375,0.00159938855,0.000776139903,0.000531181693,0.00038877668,0.000360835809,0.000394511299,,0.000119088916,2.92125042e-05,2.35159823e-05,,,,,,,,,,,,,,,,,,,,,,,,,,,,,,,,,,,,
1060,26.2460003,2026-08-30T08:56:21.641000+0000,-20.964536691795,154.35972746547168,0.0868124664,0.0590412579,0.0677425414,0.0646570176,0.0615146421,0.0629477948,0.0653668642,0.0745103806,0.0695794523,0.0731796622,0.0711011887,0.0717716962,0.0670195371,0.0653100982,0.065411374,0.0635798052,0.0624347031,0.0624942295,0.061489895,0.0603294894,0.0591539145,0.0586128011,0.0579084642,0.0570927709,0.0570372231,0.05615367,0.0552598685,0.0555443577,0.0557014011,0.0523899794,0.0540738851,0.0526934862,0.0513568856,0.0509788021,0.0509051308,0.0501158871,0.049355235,0.0496371202,0.0485527515,0.0485528409,0.0482226349,0.0477555245,0.0478713177,0.0473358817,0.0475127622,0.046148479,0.0455330908,0.0457227081,0.0455768146,0.0446475931,0.0452297926,0.0447190516,0.0442533419,0.0436216034,0.0434305146,0.0431647785,0.0431392975,0.042704124,0.0425082296,0.0424990058,0.041394148,0.0413037241,0.0407341085,0.0403838344,0.0404214486,0.0407272689,0.0406526886,0.0413263477,0.0408305749,0.0407914631,0.0403056182,0.0398695096,0.0374991111,0.0378004126,0.0381176323,0.0368199721,0.0387876444,0.0374048688,0.0360699296,0.0362779312,0.0320057198,0.0334422365,0.0294559225,0.030155547,0.0331879295,0.0336888358,0.0332678705,0.0193147399,0.0245584697,0.0248074718,0.0250007045,0.0246549305,0.0221540518,0.0200356599,0.0181035958,0.0144728925,0.0128638474,0.0131602073,0.0118401647,0.0124382647,0.0123455012,0.0123152081,0.0111497873,0.0106355818,0.0101909721,0.00981242303,0.00795948133,0.00784024037,0.00727319112,0.00700176368,0.00683985045,0.00618300727,0.00507703703,0.0053768754,0.00427673198,0.0045431084,0.00352737936,0.00316664902,0.00308431126,0.00241819629,0.00221475679,0.00210065255,0.00135517132,0.00124662532,0.00129337923,0.000861603185,0.00111157005,0.00139631028,0.00152938371,0.00111614168,9.1258029e-05,0.000468901475,,,0.000245994364,,,,,,,,,,,,,,,,,,,,,,,,,,,,,,,,,,,,,,,
1061,26.3950005,2026-08-30T08:56:21.889000+0000,-20.964536690555,154.35972745017833,0.0692225918,0.0627513304,0.0688726157,0.0591570586,0.0597846843,0.060747847,0.066416949,0.0665204078,0.0682894662,0.0707796589,0.0718111917,0.0660216734,0.0642295182,0.0644000918,0.0604013503,0.061239779,0.0596746802,0.0597342327,0.0578298979,0.0569394976,0.0569439158,0.0553127863,0.0549284816,0.0546827912,0.0536472425,0.0535437018,0.0531699136,0.0529644042,0.0513114631,0.0524000637,0.0510639623,0.0500235558,0.0498369336,0.0480788387,0.0485551693,0.0484359153,0.0475852676,0.0472471453,0.0473527722,0.0471128635,0.0462026484,0.0467355326,0.0456013493,0.0457559526,0.046102915,0.0455987565,0.0444535129,0.0452633016,0.0446676128,0.0438385978,0.0442909189,0.0433801375,0.0432143025,0.0432523713,0.0420111045,0.0424051918,0.0420795418,0.0422342531,0.0418382473,0.0413789675,0.0417041071,0.041023735,0.0405941978,0.0398539901,0.0410816185,0.041017402,0.0412627272,0.0412963144,0.0411704965,0.0409113877,0.0408055969,0.039489571,0.0390893742,0.0388409495,0.0383985713,0.0384214967,0.0380899943,0.0365381539,0.0381243043,0.0339438096,0.0346131586,0.0330616646,0.0281374957,0.0345082209,0.0308220293,0.0321936794,0.0348027535,0.0198048521,0.0229785722,0.02534757,0.0254207663,0.0245349724,0.0232640821,0.0191956889,0.0171336159,0.0162528884,0.012243838,0.0120601878,0.0123901283,0.0125882477,0.0132054919,0.0121451737,0.0118597466,0.0115855495,0.0104409698,0.00934239663,0.00893947296,0.00805023964,0.00776318787,0.00739176944,0.00683985977,0.00690301461,0.00612705667,0.00520689972,0.00469676778,0.00366315874,0.00445744069,0.00324670272,0.00319437543,0.00297824969,0.00241479138,0.0018906818,0.00198518322,0.00192664575,0.00085339864,0.0014516355,0.000891579548,0.00134630164,0.00118938426,0.00106614921,0.000461310148,0.000389034481,,5.2843825e-06,2.65345443e-05,,,,,,,,,,,,,,,,,,,,,,,,,,,,,,,,,,,,,,,
1062,26.5359993,2026-08-30T08:56:22.143000+0000,-20.964536689285,154.35972743451498,0.0644026697,0.0774614066,0.0670326799,0.06006708,0.0638747215,0.0644278526,0.0690269917,0.0691504255,0.0728194565,0.0748396665,0.0732411966,0.0670216754,0.0681295171,0.0661301017,0.0628813431,0.062879771,0.0613946877,0.061364226,0.0602198951,0.0599695072,0.058983922,0.0574827977,0.0572284982,0.056112811,0.0564472601,0.0548937209,0.0551599488,0.0545344464,0.0537315048,0.0539401099,0.0524540059,0.052453611,0.0515869707,0.0508288704,0.0505351983,0.0503459349,0.050035283,0.049567163,0.049312789,0.0489528775,0.0481526516,0.0476755388,0.0477213673,0.0475760065,0.0471230187,0.0473189317,0.0466937758,0.0456536822,0.0462581292,0.0453092419,0.0461816415,0.0455708317,0.045154918,0.0448728651,0.0442914739,0.0434354506,0.043679703,0.0427243337,0.0434282534,0.0429089479,0.0432240777,0.0421237461,0.0415442549,0.0414040908,0.0412617289,0.0421374887,0.0430827551,0.0408062898,0.0433804505,0.0422713496,0.0401555821,0.0414096154,0.040139541,0.038581308,0.0407691821,0.0362324864,0.0402315073,0.038820263,0.0342671089,0.0383275747,0.0332179181,0.0312376842,0.0321048871,0.0293762945,0.0296210106,0.0381931253,0.0308622252,0.0211849138,0.0254386384,0.0259475987,0.0250708014,0.0254749786,0.0230940655,0.0193457026,0.0190436281,0.0152228838,0.0129838306,0.0132001732,0.0116200987,0.013258229,0.0130154751,0.0118651623,0.012359729,0.0111355307,0.0100109559,0.0105523895,0.00867946632,0.00835024193,0.00794316921,0.00674176356,0.00789987389,0.00661300635,0.00643705064,0.00630692299,0.00500677619,0.00465319585,0.00465748459,0.00346674374,0.00297441497,0.00271828729,0.00241481024,0.00215069647,0.00194520107,0.00138665526,0.00199341006,0.00106164056,0.00158158399,0.00152630731,0.00147939101,0.00177614589,0.000581345637,0.000849111937,0.000411497283,0.000675518706,,,0.000231831771,,,,,,,,,,,,,,,,,,,,,,,,,,,,,,,,,,,,,
1063,26.6730003,2026-08-30T08:56:22.392000+0000,-20.964536688040003,154.35972741916,0.0654826611,0.0682714507,0.0677927062,0.0604971349,0.0628747344,0.0645678714,0.0694869906,0.0699104443,0.072329469,0.073899664,0.072701171,0.0684516728,0.0678094998,0.0658200905,0.0638613403,0.063839756,0.0625446737,0.0611042231,0.0597698875,0.0594095029,0.0585139208,0.0573827885,0.0569484979,0.0565128103,0.0554772541,0.0553837232,0.0549699441,0.0541644432,0.0532715097,0.0530801155,0.0523640141,0.0513536111,0.0510569662,0.0502288677,0.049725201,0.0493059382,0.0494452864,0.0482071638,0.0486327894,0.047792878,0.0476026498,0.0473655351,0.0470913686,0.0463060103,0.0460930243,0.0452889502,0.0449238084,0.0451837294,0.0445281975,0.0447793305,0.0448517427,0.0436809324,0.0437750071,0.0426729433,0.0426915325,0.0427454971,0.04293973,0.0423043482,0.0424282625,0.0419789441,0.041644074,0.0400137492,0.0408542641,0.0392741039,0.0411417447,0.0406675003,0.0406527556,0.0419262834,0.0407204367,0.0403213352,0.0405755751,0.0379996039,0.0391495526,0.037651334,0.0377592444,0.0383726023,0.036621701,0.0380405374,0.0357574821,0.0334280916,0.0342485681,0.0324285328,0.0300959311,0.0315674357,0.0324523002,0.0344045013,0.0346136168,0.0253049172,0.0244486481,0.0254676137,0.0265808068,0.0253049955,0.0233040899,0.019975733,0.0183436405,0.0167328808,0.013153825,0.0126401745,0.0134800915,0.0129982196,0.0134954881,0.013085166,0.0123197194,0.0115555357,0.0106509617,0.0100023886,0.0091394661,0.00901024509,0.00848317239,0.00721176248,0.00707986485,0.00731300423,0.00660705986,0.0062869289,0.00550678791,0.00510320161,0.00410748925,0.00331675564,0.00356441853,0.00319828931,0.00302480813,0.0023106942,0.00214520725,0.00203666161,0.00209341454,0.00178165233,0.00151157985,0.00156630215,0.00187938276,0.00158614072,0.000211354127,0.000359112455,0.00109151797,0.00061554386,0.000716926646,0.000231222715,0.000241917616,1.66454993e-05,,8.79813451e-05,,,,,,,,,,,,,,,0.000167256308,,,,,,,,,,,,,,,,,,,
1064,26.8099995,2026-08-30T08:56:22.640000+0000,-20.964536686800002,154.35972740386666,0.0685626715,0.0664214417,0.0716726705,0.0591671132,0.0636047125,0.0643378571,0.0707969815,0.0699904338,0.0733394697,0.0740096644,0.0740111619,0.0685916543,0.0662195012,0.06729009,0.0617113411,0.0626097471,0.0623646677,0.0617242269,0.0595098883,0.0597795099,0.0590739176,0.0571927801,0.0570384897,0.0560228042,0.0551872514,0.0547037199,0.0544999391,0.0540744439,0.0532815047,0.0533501059,0.0515540056,0.0509636067,0.0505969636,0.0489588678,0.0489151999,0.0487959348,0.0484752767,0.0480771624,0.0473427847,0.0471828729,0.0470626466,0.0468155332,0.0460713618,0.0477360003,0.0475130193,0.0470889471,0.0457638055,0.0457237251,0.0454981923,0.044649329,0.0452917367,0.044380933,0.0450150073,0.0444329418,0.0439515337,0.0440155007,0.0438697301,0.0428043492,0.043778263,0.0431189425,0.0428240746,0.0423437469,0.0422342606,0.0417041034,0.0415417403,0.0428474993,0.041462753,0.0425262824,0.043010436,0.0414913259,0.0420755595,0.0396495946,0.0385695398,0.039851319,0.0373092256,0.0381225795,0.0392316729,0.0366205163,0.0389874578,0.0336280689,0.034118548,0.0335885026,0.0287859049,0.0309874229,0.0331022963,0.0328845084,0.0396136343,0.0242749229,0.0237286575,0.0264676344,0.0266107917,0.0253249966,0.0238240846,0.0207457393,0.0174436439,0.0169228744,0.0143338218,0.0132401874,0.0147100957,0.0145082315,0.0143054873,0.0139251612,0.0127997324,0.0117955357,0.0111309597,0.00956238899,0.00867946912,0.00837024208,0.0069831782,0.00720176473,0.00693986937,0.00739300949,0.00604706025,0.00534691988,0.00542678451,0.00459319539,0.00423748791,0.00362676033,0.00277441973,0.00269828201,0.00275481492,0.00241069682,0.00153519912,0.00157666323,0.00158340763,0.00150164496,0.0017515932,0.00110630353,0.00170939008,0.00147613976,0.000511343591,0.000889116141,0.00085151894,0.000605543959,,0.000201225484,,6.64741674e-06,0.00011233741,,,,,,,,,,,,,,,,,,,,,,,,,,,,,,,,,,,
1065,26.9459991,2026-08-30T08:56:22.888000+0000,-20.964536685560002,154.35972738857333,0.0723327771,0.0659515038,0.0601527952,0.0623971485,0.0600647703,0.0623578727,0.0663770288,0.0726904646,0.0704594702,0.0721496791,0.0712611899,0.0688216463,0.065739505,0.0645601004,0.0624513254,0.0620197393,0.0619346574,0.0607442297,0.06022989,0.0588695109,0.0584139302,0.0579727888,0.0570485145,0.0565128289,0.0559672788,0.0557737611,0.0551599897,0.0549945012,0.0539115742,0.0529101938,0.0526940934,0.0514336862,0.0513570271,0.0509789139,0.0499452427,0.0507159717,0.0495853163,0.0494172014,0.0485528037,0.0482528955,0.0484626591,0.0477555506,0.047641404,0.0487660877,0.0472031794,0.0472492278,0.0468442291,0.0468643308,0.0458890051,0.0463203415,0.0453128666,0.0445420183,0.0448159724,0.0442537144,0.0442321189,0.0438159034,0.0437599756,0.0433744788,0.04319828,0.0431989133,0.0428840294,0.0427137576,0.0416043587,0.042214267,0.0428819135,0.0425276384,0.0430127904,0.0427362509,0.0425703637,0.042191267,0.0417855531,0.0402796715,0.0401798263,0.0396818891,0.0394002013,0.0391641483,0.0385640711,0.0389238484,0.0366318747,0.0352239944,0.0353160352,0.0324479826,0.0307575241,0.0315301232,0.0323664062,0.0352493264,0.0335084908,0.0245050341,0.0243987404,0.0267176908,0.0257908609,0.0257850122,0.0229541007,0.0201257598,0.0185136534,0.0162528753,0.0144238006,0.0136101609,0.0131300511,0.0134481899,0.0134754572,0.0124151362,0.0128196878,0.0113555035,0.0109109413,0.0105123799,0.00889945216,0.00905023608,0.00796315167,0.00768175675,0.00765988557,0.00713301077,0.00655707531,0.00599695323,0.005176818,0.00443325378,0.00511755375,0.00383682433,0.00330448593,0.00275833951,0.00262484606,0.00254072365,0.00223521516,0.00177667127,0.00206343876,0.00185166346,0.00170159421,0.00204631267,0.00206938805,0.00176614826,0.000451409287,0.000779239868,0.000581770553,0.000605911366,0.000217475317,,0.000172869855,0.00023775411,,,,,,,,,,,,,,,,,,,,,,,,,,,,,,,,,,,,
1066,27.0610008,2026-08-30T08:56:23.145000+0000,-20.964536684275,154.359727372725,0.0651129708,0.0780716538,0.0593328811,0.0628072545,0.0624147914,0.0644179061,0.0657771304,0.0675905198,0.0728694648,0.0725096613,0.0710211769,0.0695016012,0.0684894621,0.0642000884,0.0635012984,0.0625396967,0.0620246269,0.0600542128,0.0601198711,0.0586895198,0.0584239289,0.0567127727,0.056278538,0.0555428416,0.0552872978,0.0546937883,0.0536400378,0.0529545657,0.053641662,0.0522302911,0.0514641888,0.051433783,0.050447084,0.049488958,0.0499552898,0.0490860045,0.048245348,0.0482072309,0.0478028245,0.047102917,0.047602661,0.0470555499,0.0463114381,0.0464661829,0.0460233912,0.0457596108,0.0456148237,0.0451251753,0.0449801534,0.044701796,0.0443845019,0.0452836044,0.0432173796,0.0438448489,0.0432829857,0.0430165119,0.0423603393,0.0424546674,0.0423183143,0.0414488651,0.0418839641,0.0412237756,0.040614482,0.0414044894,0.0403721482,0.0409478322,0.0433828421,0.0407761894,0.0416102372,0.0426911414,0.0386254899,0.0414397158,0.0379101634,0.0369626284,0.0408615135,0.0370963067,0.0372974314,0.0408685654,0.0346681848,0.0364324935,0.0358768106,0.0260916464,0.0340943262,0.0298785232,0.0269769207,0.0400509648,0.0320202373,0.0236352049,0.024688907,0.0265778378,0.0261409543,0.0267550666,0.023724135,0.0190758277,0.0196637139,0.0164228678,0.0142037841,0.0147301452,0.0128100011,0.0139681641,0.0139054442,0.0125750983,0.0125996396,0.0115754725,0.0109009268,0.0107423635,0.0093494365,0.00901024137,0.00895313919,0.00739176525,0.00755989971,0.00713301077,0.00651708152,0.00667700078,0.00553686311,0.00404334022,0.00447764527,0.00387691543,0.00372458622,0.00325841317,0.002844895,0.00262077618,0.00280524627,0.00211670296,0.00240347045,0.00198169309,0.00240160711,0.00257630227,0.0030593914,0.00257614558,0.00121147837,0.00110941706,0.000842118054,0.000256440951,0.000648262212,0.000103090832,0.000394262926,,,0.000100423116,,,,,,,,,,,,,,,,,,,,,,,,,,,,,,,,,,
1067,27.1739998,2026-08-30T08:56:23.394000+0000,-20.96453668303,154.35972735737,0.0788730681,0.0673018098,0.0689330325,0.0671173334,0.0632948428,0.0648779646,0.068447195,0.0730805248,0.0728194714,0.0761796832,0.0742411688,0.0724615753,0.0682594553,0.0674200803,0.0656612962,0.0645096749,0.0639046282,0.0629242137,0.0622898899,0.0610595383,0.0599939525,0.0593727753,0.0586785637,0.0579528734,0.05780733,0.0574038289,0.056670092,0.0560146347,0.054801736,0.0547003746,0.0542442761,0.0523738749,0.0528871566,0.0510490164,0.0506753474,0.050556045,0.0504053943,0.0500172749,0.0502328575,0.0494829454,0.048612684,0.0489255711,0.048581481,0.0470262803,0.0464135706,0.0467799306,0.0460752919,0.0458758362,0.0462610461,0.0453829095,0.0458157361,0.0448147953,0.0447384268,0.0439856909,0.0435136184,0.0432969555,0.043490611,0.0434948057,0.0431083292,0.0426588245,0.0423339158,0.0417237915,0.0412545875,0.0410246663,0.0415423401,0.0421779826,0.0417728871,0.0424961559,0.041760169,0.040401075,0.0408554897,0.039729815,0.0384304859,0.0400232598,0.0379525907,0.0392880291,0.0395700596,0.0368022211,0.0375130288,0.034988977,0.0326449983,0.0341820084,0.0294670276,0.0308123976,0.0338123292,0.0321871415,0.0317164287,0.0246252827,0.0242990162,0.0255879126,0.0262809899,0.0252850838,0.0235141218,0.0203258544,0.0175437406,0.015822839,0.0136337569,0.0124801192,0.0128199505,0.0126781184,0.0123654306,0.0126750646,0.0118895974,0.011365436,0.0106809046,0.00982234441,0.0094194077,0.00879023317,0.00770312175,0.00721175363,0.00706989691,0.00713300612,0.00612709578,0.00641703792,0.00517689856,0.00473339483,0.00441770628,0.00344697991,0.00315463892,0.00275847432,0.00316491351,0.00259081158,0.00216527679,0.00160673191,0.00160347857,0.0018017235,0.00176162715,0.00157629931,0.0017693839,0.0014761443,0.000801551272,0.00106955832,0.000522384595,0.000446847553,0.000788853038,0.000483934069,0.000395310082,,,6.14837045e-05,,8.38888809e-06,,,,,,,,,,,,,,,,,,,,,,,,,,,,,,,,
1068,27.2870007,2026-08-30T08:56:23.643000+0000,-20.964536681785003,154.359727342015,0.0695732012,0.0684919357,0.0719631389,0.0621174052,0.0634748861,0.063967973,0.0690472722,0.069030568,0.0720194951,0.0741496757,0.0725511611,0.069291532,0.0683394447,0.067840077,0.0644012839,0.06435965,0.062774606,0.0618542172,0.0609198734,0.0606895499,0.0596239641,0.0590927787,0.0579985827,0.0580628961,0.0570373461,0.0564438626,0.055920139,0.0551746935,0.0551618114,0.0541104674,0.0529343635,0.0532439649,0.0517372116,0.0515790582,0.0506853908,0.0503360778,0.0492854267,0.0495673083,0.049082879,0.0485629663,0.0483826883,0.0479855761,0.047801517,0.0464663655,0.0458637513,0.0454502478,0.0449157879,0.0443565398,0.0438619889,0.0437741019,0.0440670699,0.043246083,0.0438195691,0.0421966128,0.0422143191,0.0418874472,0.0417009071,0.0417749584,0.0416483544,0.0419587865,0.0409638658,0.0411038063,0.0408546925,0.03946485,0.0403325371,0.0410181433,0.0403529294,0.0421061106,0.0410200767,0.0400909893,0.0408854559,0.0392098762,0.0382807851,0.0384138972,0.0376836993,0.0376298279,0.0383328386,0.0367361084,0.037678197,0.0355659351,0.0316038057,0.0341931656,0.0281907264,0.0301873963,0.0332790166,0.0322047099,0.033364065,0.0240854174,0.0246391222,0.0262079872,0.0271210689,0.0254751053,0.0231641419,0.0201258957,0.0170337651,0.0159928538,0.0143537316,0.0120001044,0.0129299061,0.0124681005,0.012335402,0.0121950377,0.0114195412,0.0113554075,0.0109108873,0.0102823265,0.00915939547,0.00855023228,0.00746310782,0.00747174677,0.00738991052,0.00736300368,0.00585709792,0.00622707,0.00509693148,0.00494346069,0.00427778671,0.00333705568,0.0031647284,0.00274853827,0.00218496076,0.00232085469,0.00210529449,0.00165674998,0.00171350385,0.00111175026,0.0011216345,0.0014063064,0.00170939229,0.000946140848,0.000991607551,0.000589691801,0.000852673897,0.000667280052,0.000419497228,0.0004248271,0.000396443298,1.89361162e-06,0.000137557567,4.26614424e-05,,,,,,,,,,,,,,,,,,,,,,,,,,,,,,,,,,
1069,27.3969994,2026-08-30T08:56:23.892000+0000,-20.96453668054,154.35972732666,0.0640733168,0.0715420172,0.0674132034,0.0602374785,0.0629049316,0.0648880005,0.0689673126,0.0693406016,0.0726094916,0.0737396851,0.0734911412,0.0687915012,0.0673894063,0.0660100728,0.0626812354,0.063309595,0.0623445772,0.0614541918,0.0602198578,0.0607995465,0.0595439561,0.0588127524,0.0576285981,0.0565129109,0.0555773564,0.0556738898,0.0547801778,0.0542547442,0.0540818684,0.052910544,0.0522044376,0.0518340394,0.0505172648,0.0496290997,0.0500154272,0.0493061021,0.0494454503,0.0489673354,0.0486428887,0.0474129729,0.0474526882,0.0471255742,0.0461515374,0.047176443,0.0466539152,0.0466205589,0.0459262654,0.0460272245,0.0457429178,0.0458952859,0.0453983918,0.0450973734,0.0449607186,0.0441275388,0.0441150218,0.0438179411,0.0431112051,0.0434551165,0.0433883816,0.0429287441,0.0424338132,0.0419438183,0.041924797,0.0412550345,0.0413927287,0.0412782952,0.04244297,0.0420360565,0.0421299636,0.0421508737,0.0411253944,0.0400899015,0.0390010402,0.0385044701,0.0391347446,0.0382215604,0.0384255424,0.037349917,0.0372033007,0.035252817,0.0336625315,0.0307842456,0.0295443647,0.0322823338,0.0292956885,0.0354723111,0.0333817601,0.0215355437,0.0244792476,0.0261181202,0.025781149,0.0250351466,0.0233541615,0.0197559558,0.0182937905,0.0163328424,0.0140637457,0.0137100918,0.01273988,0.0136380717,0.0135453958,0.0126450136,0.0125895133,0.0113553833,0.0109008774,0.0102723166,0.00916938297,0.00903023034,0.00844310038,0.00786175579,0.00732993241,0.00733299367,0.00658711977,0.00645710947,0.00543697132,0.00516352756,0.00493786763,0.00407714117,0.00353480363,0.00307860551,0.00249500433,0.00249088695,0.0022853273,0.00234677503,0.0019535434,0.00157177565,0.00159164553,0.00163630606,0.00129938661,0.00170614431,0.000511675607,0.000419841672,0.0010929571,,0.000220129878,,,,,,,,,,,,,,,,,,,,4.71904568e-05,,,,,,,,,,,,,,,,,,,
1070,27.4890003,2026-08-30T08:56:24.144000+0000,-20.964536679280002,154.35972731112,0.0702535808,0.0626822263,0.0719333813,0.058437597,0.0615450069,0.0632980764,0.0718074515,0.0694106668,0.071909517,0.0740097165,0.0736111552,0.0691614524,0.0675793886,0.0681100637,0.0643112287,0.0644195601,0.0633845553,0.0635441989,0.0616498664,0.061509572,0.0609339923,0.0595627613,0.0593586452,0.0583529547,0.0573174097,0.0572139584,0.0571602695,0.0551748537,0.054612007,0.0554806925,0.0532645956,0.0526841916,0.0526573732,0.0508991852,0.0514955185,0.050706163,0.0506955162,0.0503174029,0.0497629382,0.0501730219,0.0493827127,0.0495456047,0.0487316102,0.0466266014,0.0464142226,0.0459910966,0.0448470712,0.0454983711,0.0448344648,0.044587221,0.0447305515,0.0445294566,0.0442625545,0.0438890159,0.0428961404,0.0424187258,0.0423016772,0.0420553535,0.0421084128,0.0425586775,0.041643735,0.0411038473,0.0411449745,0.0397253335,0.0411730558,0.0412485562,0.0411630496,0.0428060032,0.04127983,0.0413707606,0.040465381,0.039130047,0.0386815853,0.0397055559,0.036406599,0.0396845415,0.0371401086,0.0370962732,0.0380017348,0.034124136,0.0336268321,0.0336723439,0.0276265536,0.0340365879,0.033972647,0.031710647,0.0365701504,0.0235557333,0.0255694538,0.0267582387,0.0261412598,0.0255651865,0.0249542017,0.0208560154,0.0184538346,0.017462831,0.0139836837,0.01440005,0.0143297976,0.0134680048,0.013865361,0.0131749613,0.0123394253,0.0129553396,0.0113608427,0.010732282,0.0101193599,0.00953021366,0.00889307167,0.00869174302,0.00814994238,0.00783299562,0.00685712835,0.00701716729,0.00605703657,0.00520362193,0.00497798342,0.00457725441,0.00357491709,0.00293870643,0.00347505021,0.00227094302,0.00240536337,0.00301681366,0.00235357368,0.00168181455,0.00216166303,0.00175630371,0.00199938496,0.00200615288,0.000981783029,0.00106006826,0.00119342783,0.000438410032,,,0.000179405441,0.000155334725,0.000160989002,,0.000432057306,,,,,,,,,,,,,,,,,3.72437062e-05,,,,,,,,,,,,,,,,
1071,27.5809994,2026-08-30T08:56:24.393000+0000,-20.964536678035003,154.359727295765,0.0761240125,0.0649026111,0.0661338046,0.0631678179,0.061635159,0.0622181743,0.068577677,0.0712907687,0.0706795454,0.0733597279,0.0717811361,0.0702413693,0.0654093474,0.0659200624,0.063611187,0.0621694699,0.0614745095,0.0612742007,0.0599498674,0.0593196005,0.0586940311,0.0580527671,0.0570487306,0.0567030385,0.0556774959,0.0547040924,0.054880444,0.0547250733,0.0531022623,0.0533409901,0.0524448864,0.0508044772,0.0514275841,0.0507593527,0.0498756878,0.05019629,0.0492856428,0.0488875248,0.0487830229,0.0485631078,0.0483827516,0.0478356481,0.0475617386,0.0459969044,0.0458648317,0.0456021801,0.044538714,0.0444407016,0.0446076132,0.0439911745,0.0440949611,0.0435337126,0.0429563262,0.0424120426,0.0419484377,0.0421503335,0.0416226462,0.0415858589,0.0417584889,0.0414885432,0.0410335585,0.0403138995,0.0405053347,0.0402759537,0.0400937162,0.0410190932,0.0409232005,0.0415458567,0.0418295413,0.0410904884,0.0406752974,0.0403102897,0.0390926301,0.0389277041,0.0390403084,0.0377105474,0.0383493565,0.0367491841,0.0357289053,0.0354771987,0.0317960009,0.0319492966,0.029581897,0.0295261927,0.0334778242,0.0352586918,0.0314383581,0.0239961315,0.0248798355,0.0269185547,0.027221486,0.0260952804,0.0245842244,0.0208461341,0.0187739115,0.0170127805,0.015353621,0.013469982,0.0134196421,0.0136479,0.0134352921,0.0133748418,0.0130392862,0.0117952237,0.0113407839,0.0107222218,0.00937929377,0.00947020762,0.00867301412,0.00819173828,0.00831996836,0.00805298798,0.00727716647,0.00625729933,0.00609715329,0.00511382706,0.00505823875,0.00397750828,0.00403516414,0.00306890812,0.00288517261,0.00280106743,0.00240544253,0.00211689342,0.00187365874,0.00168189546,0.00175171136,0.00192630908,0.00187938788,0.00187616004,0.0010920054,0.00159055367,0.000914390839,0.00081983523,0.000443288329,0.000150166423,0.000453161658,0.000169669584,0.000475294015,0.000249603065,0.000295275473,,,,,,,,,,,,0.000373885734,0.000132366637,0.000237127766,0.00024833213,7.47309532e-05,,,,,,,,,,,,,,,,,
1072,27.6709995,2026-08-30T08:56:24.641000+0000,-20.964536676795003,154.35972728047167,0.0692443326,0.0650728792,0.0645640045,0.0626479909,0.061765261,0.0645482466,0.0680978447,0.0712908432,0.0703395456,0.0740097612,0.0714911222,0.0706812963,0.0677293092,0.0653100386,0.0644911379,0.0639094114,0.0632844716,0.0619541928,0.0610998571,0.0598396286,0.0600840524,0.058702752,0.0573087856,0.0581530966,0.0569275469,0.0570241734,0.0555305593,0.0559252165,0.0543524362,0.0535111949,0.0535950921,0.0523046814,0.0522677265,0.051799465,0.0507458001,0.0507063717,0.0503957197,0.0503876135,0.0496130735,0.048783157,0.0489927791,0.0487656705,0.0481818244,0.046787113,0.0459452532,0.045922935,0.0457698591,0.0447523221,0.0449198037,0.0450939313,0.0447580367,0.0444066823,0.0436689593,0.0431841649,0.0429100432,0.0425214581,0.0427633263,0.0425162092,0.0421285406,0.0419784486,0.0415434428,0.0416639335,0.0410855822,0.0414063819,0.0412341766,0.0418194607,0.0418033078,0.0421357639,0.0416493341,0.0418402888,0.0400252342,0.0398404524,0.0380433425,0.0378891751,0.0386928804,0.0378547199,0.0381457917,0.0374681689,0.0365308672,0.0353632681,0.03162634,0.0325250626,0.028963523,0.0288107917,0.0341763198,0.0308292005,0.0323990025,0.0246964097,0.0261701085,0.0277087744,0.0266216323,0.0264053512,0.0242642723,0.0215162169,0.0190539993,0.0162327737,0.0149935605,0.013239936,0.0140495272,0.0143178254,0.0132252462,0.0131447688,0.0130491834,0.0118051497,0.011580742,0.0111921793,0.00958925579,0.00946020056,0.00884296838,0.00868172664,0.00879000407,0.0073229745,0.00704719219,0.00625738455,0.00557723362,0.00490397075,0.00443842169,0.00410768064,0.00395534839,0.00342904869,0.0026252612,0.00262114592,0.00267549232,0.00176695117,0.0016637136,0.000821947004,0.00123173313,0.0016363014,0.00175939011,0.00122615951,0.00079216942,0.000890891533,0.000515050138,0.000650825212,0.000604760018,,7.57667003e-05,0.000422693061,1.83099182e-05,,,,,,,,,,,,,,,0.000182540913,,,,,,,,,,,,,,,,,,,,
1073,27.7639999,2026-08-30T08:56:24.890000+0000,-20.96453667555,154.35972726511667,0.0846945345,0.05789309,0.073774159,0.0662081018,0.0620053224,0.0624582879,0.0717079714,0.0740808994,0.069489561,0.0745497569,0.0734211057,0.0734712556,0.0643092692,0.0697100312,0.0655011013,0.0645193607,0.0631044507,0.0628141686,0.0610998459,0.0607696362,0.0604540594,0.0581227429,0.0578888208,0.0581531301,0.0567375869,0.0561442263,0.0554306358,0.0562953092,0.0537325516,0.0541013293,0.0540052205,0.0515148118,0.0521878116,0.0511995405,0.0509058721,0.0500364304,0.0502457768,0.0491876677,0.0481631123,0.0492431894,0.0486927889,0.0482956842,0.0480318815,0.0494772457,0.0488555245,0.0485034287,0.0475506149,0.0479534008,0.0478412583,0.0459557585,0.0475300848,0.0457586683,0.0452407114,0.0459055752,0.044211112,0.0447222106,0.0437337793,0.0439264439,0.043868579,0.0433483832,0.0432633646,0.0421539582,0.0429257452,0.0419166684,0.0413544811,0.0440097079,0.0423633754,0.0431556962,0.0449991897,0.0400101505,0.0429651812,0.0414305478,0.0380838104,0.0431501456,0.0394045785,0.0389674827,0.0434700511,0.0350841358,0.0389088094,0.0374739543,0.0293998625,0.0381722003,0.0302445721,0.0281938221,0.0360219665,0.032366205,0.0354561023,0.0255766008,0.0272103101,0.028418934,0.0292817485,0.0279953815,0.0251443014,0.0234362967,0.0187740233,0.0173627473,0.0169435255,0.0131299077,0.0148894684,0.0155777764,0.0137852198,0.0149047291,0.0135091152,0.0122451056,0.0122707151,0.0111521445,0.00979923364,0.0101801902,0.00930294394,0.00917171873,0.00928001571,0.00778297056,0.00765720289,0.0068974318,0.0063472935,0.00596407708,0.00410853839,0.00425779307,0.00419546338,0.00310914288,0.00319531746,0.00306120468,0.00234552915,0.00233698869,0.00196375698,0.00180199009,0.00158175034,0.00209629978,0.00205939566,0.00198616507,0.00149226841,0.00110111595,0.00108549208,0.000751490123,0.000765752047,0.000703628524,0.00086750777,0.000394714094,0.000130321307,0.000144113204,,0.000266346382,,,,,,,,,,0.000415596063,,0.000722660683,0.000377072371,,9.43071209e-05,,,,,,,,,,,,,,,,,
1074,27.8759995,2026-08-30T08:56:25.148000+0000,-20.96453667426,154.35972724920666,0.0799147189,0.0681132451,0.0758843124,0.0667381361,0.0673253909,0.0678983182,0.0750380531,0.0755009204,0.0753895566,0.0784697756,0.0770811141,0.0743411854,0.0707492381,0.0717400163,0.0683210716,0.0674393028,0.0665544048,0.0656141564,0.0644098297,0.0640796497,0.0628840625,0.0608627386,0.0615688413,0.0600831434,0.0601375997,0.0586542673,0.0593406856,0.0582353808,0.0566726401,0.0561614335,0.055555325,0.0548849218,0.0544078909,0.0537395924,0.0534859262,0.0526164621,0.0526258126,0.0513577014,0.0518231243,0.0510932058,0.0505527891,0.0499356836,0.05022192,0.0511373542,0.0507557578,0.050773859,0.0493312813,0.0497043543,0.0490525514,0.0489773974,0.0492519215,0.0477004498,0.0482723005,0.0472968519,0.0465020835,0.0465328991,0.0463741906,0.0458766632,0.045808617,0.0460983329,0.0457832925,0.0452439748,0.0460358895,0.0443869196,0.0451647528,0.0461599231,0.0448534265,0.0461756214,0.0467390455,0.0452800095,0.0451951064,0.0440506004,0.0417241827,0.0434809737,0.0407760516,0.0413199104,0.041183833,0.0396994464,0.0421459079,0.0376035161,0.0368019789,0.0343075767,0.0310034752,0.0325445309,0.0343250446,0.0346705504,0.0365205668,0.026016783,0.0262204874,0.0274190605,0.0278218407,0.0272554439,0.0249443352,0.0220963676,0.0201840848,0.0172727443,0.0150635168,0.015529885,0.0143494103,0.0143677359,0.0150551973,0.0148446858,0.0139790587,0.0122550679,0.0129506961,0.0125921294,0.010529208,0.0108701885,0.00986292586,0.00908173062,0.00873003248,0.00879297126,0.00773722585,0.00765749021,0.00693734409,0.0058741644,0.00586863747,0.00465790788,0.00432556914,0.00356923183,0.00369536481,0.00319125643,0.00264557032,0.00218702969,0.00246378663,0.00208201888,0.00176177442,0.00245629693,0.00240939413,0.00198616507,0.0013923567,0.00117130461,0.00131588767,0.00123209541,0.00121663453,0.000964866311,0.00109907368,0.000426528655,0.000372137933,0.000195745146,,,,,,,,,,,,,0.000484756485,0.000682766549,0.00016705232,0.000387870823,,,,,,,,,,,,,,,,,,
1075,27.9839993,2026-08-30T08:56:25.397000+0000,-20.964536673015,154.35972723385166,0.073694855,0.0686634406,0.0779344961,0.0647182241,0.0685254335,0.0694483444,0.0750981271,0.074850969,0.0762495622,0.0784297511,0.0786610916,0.0744611248,0.0718891919,0.0724999905,0.0683810413,0.0692592412,0.0679243803,0.0674441308,0.0659298077,0.0656296313,0.0641740561,0.0633427128,0.06251885,0.0616331547,0.0608076155,0.0591342933,0.0599007383,0.0592554472,0.0575727262,0.0580415428,0.0563754328,0.0552050211,0.0557779558,0.054259643,0.0539959781,0.0530564934,0.0529858395,0.052487731,0.0519631393,0.0519432202,0.0517927855,0.050955683,0.0504519455,0.0489174575,0.0487859845,0.0485042855,0.0480919369,0.0478653014,0.0471038446,0.0466090329,0.0473137535,0.0466222316,0.0466538817,0.0458481349,0.0454830602,0.0451735854,0.044714611,0.0445968769,0.0444086529,0.0448782817,0.0440632217,0.0436339937,0.0431960337,0.0427771695,0.0427850187,0.0437501408,0.0431734771,0.0445655473,0.042788893,0.0431698523,0.0429950282,0.0413806438,0.0400745496,0.040531788,0.0392375141,0.0383623242,0.0413675904,0.0379247367,0.0377429761,0.0371730514,0.035364069,0.0355129316,0.0310023632,0.0317652225,0.0342481248,0.033554893,0.0345050618,0.0256269742,0.0263906624,0.0257992148,0.0274919514,0.0263454877,0.0244843774,0.021606436,0.0192941576,0.0160827413,0.0153035019,0.0146998763,0.0138293523,0.0140577136,0.014305192,0.0136946542,0.0130690075,0.0127350455,0.0122706806,0.0109321093,0.00980919786,0.00947019644,0.0091529144,0.00834172498,0.00848005433,0.00794298016,0.0071472479,0.00690753944,0.0058474089,0.00555425277,0.00539874891,0.00368801062,0.00401567481,0.0031193227,0.00329542812,0.00235131802,0.00231560576,0.00207706564,0.00298382901,0.00164205395,0.00141179434,0.0017563001,0.00212940131,0.00229615322,0.00132244045,0.00141151494,0.00112629298,0.000762676005,0.000487507583,,0.000340650469,0.000478341186,0.000253959966,,0.000281764311,,,,,,,,,,,,2.49932054e-05,,4.70354571e-05,0.00039774226,,,,,,,,,,,,,,,,,,
1076,28.0939999,2026-08-30T08:56:25.647000+0000,-20.964536671765,154.35972721843498,0.0778751448,0.0774037018,0.0721946806,0.0689883903,0.070355542,0.0711084306,0.0748982802,0.0782510415,0.0790095776,0.0821397752,0.0788910761,0.076421082,0.0747591779,0.0716199949,0.0700810179,0.0692591891,0.0687143579,0.0672741458,0.0664698184,0.06544967,0.0646640956,0.0631627142,0.0620389134,0.0612432137,0.0608176738,0.0598243773,0.0592408478,0.0579555891,0.0579328984,0.0567617379,0.0559656322,0.0548852198,0.0547080934,0.0538197458,0.0528860837,0.0532065853,0.0522559285,0.0517378189,0.050983198,0.0503232814,0.0505528189,0.0500957146,0.0496020392,0.0490776598,0.0490963757,0.0485049784,0.0485529862,0.0479467772,0.0473458283,0.0479215235,0.0465365313,0.0469749048,0.0465162471,0.0456500351,0.0455545001,0.0454445928,0.0450952128,0.0451771915,0.044018697,0.0438781939,0.0435331129,0.0440940224,0.043026261,0.0431075655,0.0440554395,0.0435004756,0.0435135737,0.0444954671,0.0429387242,0.0437596962,0.0429449975,0.0419008136,0.0413352288,0.0411331616,0.0406098738,0.040406134,0.040223442,0.0390028842,0.0394837968,0.0373175815,0.0346424356,0.0349161811,0.0329408795,0.034796413,0.0324527957,0.0376813486,0.0377015956,0.0226872191,0.0259309057,0.0280494168,0.0274720863,0.0265255459,0.024994405,0.0207965132,0.0194341876,0.0176327303,0.0144134611,0.0146698151,0.0145892538,0.0145076392,0.0151951481,0.0146245789,0.0139689101,0.0134149743,0.01226064,0.0114020798,0.0105291521,0.0101601835,0.00957288034,0.00861170981,0.00850007124,0.0082329642,0.00750726461,0.00716762431,0.00693747448,0.0053243828,0.00546891103,0.00476817181,0.00409583282,0.00383945811,0.00378549588,0.00297138467,0.00257564965,0.00223710877,0.00196387945,0.00209210394,0.00222181552,0.00163629942,0.00217939611,0.00222616666,0.0012125806,0.00136181014,0.00132688356,0.00117358228,0.000268840609,0.000217975408,9.29940725e-05,0.000541071175,,,5.3775264e-05,,,,,,,,,,,0.00028653245,,,,,,,,,,,,,,,,,,,,,,
1077,28.2040005,2026-08-30T08:56:25.894000+0000,-20.964536670530002,154.35972720320333,0.0706456006,0.0691140369,0.0747650638,0.0628586337,0.0671056807,0.068198517,0.0741484985,0.0756311342,0.0762296095,0.078329809,0.0768410489,0.0726909786,0.070839107,0.0703099817,0.0672409534,0.0668291003,0.0657742918,0.0655341148,0.0643198043,0.0637896955,0.0632641166,0.0622127056,0.0604889803,0.0609632879,0.0606277473,0.0591444932,0.0594310015,0.0583257899,0.0573931336,0.0583020188,0.0564559065,0.0549654961,0.0551582836,0.053879898,0.0533962362,0.0534966961,0.0535860434,0.0524779335,0.0526432693,0.0520933494,0.0516328514,0.051185742,0.0509221517,0.0491579436,0.0494169593,0.0487360209,0.0480245724,0.048629038,0.0479288884,0.0469153747,0.0471708328,0.0459890701,0.0462599359,0.0458530001,0.0450167544,0.045116175,0.0448261648,0.0441376828,0.0445387773,0.0440880619,0.0438729487,0.043434076,0.0436866023,0.0426281616,0.0440560803,0.0440709926,0.043233715,0.0447353274,0.0445984192,0.0439894125,0.043074891,0.0423710234,0.0400562137,0.041295208,0.0411434546,0.0407119468,0.041372411,0.0393554345,0.039340511,0.0374000482,0.0348108783,0.0355422087,0.0297651216,0.033394821,0.0334666818,0.0349380746,0.0381585136,0.0266876221,0.0263012964,0.0274797287,0.0282923225,0.0265956502,0.0253044646,0.0217966698,0.0198142957,0.0176026952,0.0148933921,0.0147097623,0.0153891072,0.0145475324,0.0153550832,0.0141844936,0.0134987719,0.0131648649,0.0120205879,0.0106720179,0.0107590985,0.0103901727,0.00981282815,0.00930171553,0.00846011098,0.00818296429,0.00769730518,0.0068877372,0.00632760162,0.00553458976,0.00512915803,0.00466841599,0.00413607247,0.00305965915,0.00332561624,0.00305150845,0.00229573599,0.00273719709,0.0023539532,0.00202219374,0.00216184766,0.00215630396,0.00234938995,0.00163617346,0.00136280549,0.000932274968,0.00106781919,0.00103498029,0.000590910146,0.000460879906,0.00103666284,0.000265301205,0.000460894196,,0.000226930017,,,,,,,,,,,6.71504531e-05,0.000415868475,0.00038327559,0.000206964673,0.000237275977,,,,,,,,,,,,,,,,,,
1078,28.3600006,2026-08-30T08:56:26.140000+0000,-20.964536669300003,154.35972718803333,0.086446777,0.0684951693,0.0752060413,0.0701792464,0.0682060719,0.0701987967,0.077369146,0.0782414228,0.0788496807,0.0805798545,0.0804210082,0.0778506994,0.0728389546,0.0745799467,0.0706907958,0.0706288293,0.0698241293,0.0687540919,0.0678997636,0.066259779,0.0658641979,0.0642026663,0.0625191852,0.0616234913,0.0614979491,0.0599148162,0.0597114414,0.0598163418,0.0573938005,0.057872802,0.0571066849,0.0553562641,0.0555388294,0.054030329,0.0534766726,0.0536470115,0.0529163554,0.053158246,0.0526434667,0.0525535494,0.0519429371,0.0522058308,0.0510024764,0.0494787358,0.0496585704,0.0490589142,0.0481789745,0.0472052954,0.047497347,0.0467760116,0.0472027175,0.0462905578,0.0460701138,0.0464711934,0.0452929623,0.0453905351,0.0452887937,0.0447390452,0.0446789861,0.0442377031,0.0442824885,0.0436542109,0.0437375605,0.044339817,0.0432178527,0.0445924215,0.0443541147,0.0441749357,0.0447476059,0.0430186316,0.0440346189,0.0435516201,0.0415789485,0.0435808897,0.0409833528,0.041048035,0.0432472304,0.0378001258,0.0400966965,0.0390521325,0.0347094275,0.039591752,0.0324873254,0.0345085226,0.0387854911,0.0329747237,0.0387156904,0.0261486955,0.0281424094,0.0270905569,0.0279729217,0.0265259091,0.0244745892,0.0222970434,0.0195445493,0.0170426331,0.0154432114,0.0141795836,0.0145287123,0.0146672474,0.0139549254,0.0144342119,0.0137783727,0.0127346031,0.0129604284,0.0114118699,0.0110089453,0.0111801438,0.00934268627,0.00956168771,0.00851020031,0.00820294302,0.00756738987,0.00682807621,0.00571794109,0.00538514555,0.00509982882,0.00452909665,0.00401674863,0.00362021686,0.0031159413,0.00280184089,0.00243594963,0.00229741493,0.00174418092,0.00152240694,0.00199196278,0.00163629383,0.00217940193,0.00134617754,0.00121339015,0.00153357768,0.000510391314,0.00111883727,0.000676625059,0.000708906213,0.000306761765,0.000407015905,0.000452556938,6.40725484e-05,,,,,,,,,,,,,,0.000753944216,0.000456841255,0.000596486381,0.000102428719,,,,,,,,,,,,,,,,,
1079,28.5170002,2026-08-30T08:56:26.388000+0000,-20.964536668060003,154.35972717274,0.0826767832,0.0709451586,0.0687360093,0.070899263,0.0670560524,0.0694287866,0.071609132,0.0783814266,0.0754296854,0.0785798803,0.0757410303,0.0764507055,0.0700189546,0.0702699348,0.0689307973,0.0671688318,0.066814132,0.0655140802,0.0647697672,0.0623997785,0.0632342026,0.0617226586,0.0602891855,0.0603634901,0.0593479462,0.0585648119,0.057911437,0.0579563379,0.0571337938,0.0554727949,0.0564566776,0.0540262572,0.0543188229,0.0532103218,0.0528866649,0.0523970015,0.0519463532,0.0516582392,0.0509834662,0.0510135442,0.0504729338,0.049385827,0.049912475,0.150838733,0.160708562,0.168358907,0.173848972,0.178885281,0.18142733,0.183876008,0.185102716,0.185110554,0.18494013,0.185191184,0.184702978,0.183400527,0.182598799,0.180419043,0.179098979,0.175687715,0.172502473,0.167634219,0.162127569,0.153949812,0.147067845,0.13868241,0.129684106,0.123464927,0.114287592,0.103358626,0.0949646086,0.0837315992,0.0764489323,0.0718008652,0.0640933365,0.0628080145,0.0587072037,0.053680107,0.0517166741,0.0452821031,0.0407694094,0.0407517329,0.0325273089,0.0380385183,0.0377154909,0.035924729,0.0385157093,0.0258287117,0.0271823909,0.0269705765,0.0280929394,0.0267559271,0.0255246181,0.0217870399,0.01975457,0.0180726349,0.0156532023,0.0145795783,0.0143687064,0.0144372508,0.0146049159,0.0146742128,0.0137583772,0.0129546057,0.0125004314,0.0116318725,0.0112489602,0.0101901414,0.00957268756,0.00883168075,0.00845020916,0.00850294903,0.00800739229,0.00720807165,0.00712793414,0.00563515769,0.00477984175,0.00515908888,0.00437674671,0.00398021517,0.0036459465,0.00297183427,0.00315594464,0.00269742217,0.00219418132,0.00261241221,0.00251195417,0.0023362909,0.0027094062,0.00210618111,0.00150339585,0.00127356651,0.00148039625,0.00110882253,0.00110662659,0.000928905793,0.000296762388,0.000397002907,0.000142555742,0.000694082817,,,,,,,,,,,,0.000188857259,0.000187339436,2.39449437e-05,0.000236848166,,,,,,,,,,,,,,,,,,,
1080,28.6779995,2026-08-30T08:56:26.643000+0000,-20.964536666785,154.359727157015,0.0750671774,0.0602355301,0.0842663348,0.0644494817,0.0678161755,0.068488881,0.0794593394,0.0759615153,0.0759196728,0.0800498873,0.0804209709,0.0760105848,0.0704488829,0.0764199048,0.070820719,0.0714187101,0.0695340633,0.0709240511,0.0693297312,0.0696197897,0.070424214,0.0686326325,0.0702192411,0.0699435398,0.0718879998,0.0719049051,0.0740815774,0.0764265209,0.0752540231,0.0806830525,0.0822169408,0.0826565176,0.0879690051,0.0897004604,0.0932367966,0.097637102,0.101786442,0.106268331,0.111083515,0.116913594,0.121182941,0.126805842,0.131672576,0.079568997,0.0762491077,0.0721399114,0.067950502,0.0646174774,0.0603103079,0.0567397512,0.0546168983,0.0507446229,0.0504037254,0.048004102,0.0466751717,0.0466020852,0.0461697355,0.0453295335,0.0450190641,0.0453075804,0.0435923226,0.0433342531,0.0442078896,0.0421803966,0.0437084697,0.0455329157,0.0427742451,0.0454047807,0.0437872857,0.0425883159,0.0449844748,0.0426717624,0.0425598361,0.04571281,0.0398067534,0.0432736129,0.0457858816,0.0392422676,0.0455629006,0.0406639539,0.0360970795,0.0442068279,0.0350704342,0.0391257219,0.0444580764,0.0348501429,0.0427313782,0.0273791011,0.0270127971,0.0276608765,0.028823182,0.0269560423,0.0250546765,0.0236271881,0.0181546845,0.0185926147,0.0168831535,0.0155495349,0.0156185748,0.0151271587,0.0143748689,0.0157141201,0.0132882502,0.013414517,0.0134103838,0.0109118167,0.0109789055,0.0108801359,0.00955262966,0.0096316766,0.00921023544,0.00846293662,0.00886743609,0.00690818764,0.00667805551,0.00584536279,0.00461007841,0.00507934252,0.00434699375,0.00366041414,0.00372605631,0.0033619625,0.00305603794,0.0029375006,0.00231426116,0.00227249321,0.00246200059,0.00251629646,0.00240940158,0.00204617553,0.00162360212,0.00189402758,0.00142129441,0.00100017909,0.000798636174,0.000751747808,0.000680326833,0.00110115483,0.000186699326,0.000227789278,0.000658743666,0.000101326033,,8.8053057e-05,,,,,,,,0.000189467624,0.000847870309,0.000504191325,0.000786800985,0.000766201701,0.000252068625,,,,,,,,,,,,,,,,,
1081,28.8330002,2026-08-30T08:56:26.886000+0000,-20.96453666557,154.35972714202998,0.0837473869,0.0789557025,0.0703465641,0.0718395561,0.0700162575,0.0715189353,0.0757794529,0.0801815763,0.0816796944,0.0843898878,0.0845909566,0.0869205371,0.0851788446,0.0873198882,0.0888806954,0.0920386612,0.0965040252,0.10045404,0.104249723,0.108909801,0.113174222,0.118462622,0.121939272,0.125723571,0.130288035,0.134524956,0.137731656,0.141056612,0.146314144,0.148593202,0.151417091,0.154206663,0.156529099,0.15972054,0.162226886,0.164817154,0.166776508,0.16922839,0.17081356,0.171843633,0.174432963,0.173765853,0.175312623,0.0795691386,0.0806194171,0.0828504562,0.0825113282,0.0840586647,0.0860619023,0.0864817649,0.0885091498,0.0891667977,0.090265654,0.0921056569,0.0926363543,0.0934329107,0.0952702388,0.0963797942,0.0976890996,0.0992375091,0.0998722315,0.100574277,0.101508066,0.101880707,0.102478802,0.103813186,0.104474321,0.106334701,0.107307129,0.107018165,0.105854414,0.107751869,0.105200343,0.105713874,0.106498614,0.105336644,0.106840566,0.105378821,0.106081627,0.106945701,0.102631949,0.102255672,0.102443591,0.101671062,0.101666287,0.106599852,0.102711208,0.023519313,0.0257630069,0.0275910664,0.0279432982,0.0276860744,0.0249547213,0.0221972875,0.0201847255,0.0175325945,0.0153431157,0.0156395063,0.0152785005,0.0155871073,0.0156548489,0.0143540706,0.0144481733,0.0134044681,0.0124803605,0.0123317959,0.0107388804,0.0106501319,0.00986260828,0.00905167498,0.0082302643,0.00849294476,0.00769746024,0.00753825717,0.00667811884,0.0055354666,0.00530020613,0.00449947361,0.00446712133,0.00398052298,0.00324612274,0.00314202509,0.00269606779,0.00246754522,0.00224429788,0.00221252861,0.00228201528,0.00256628916,0.00228940323,0.00239617564,0.00162371423,0.00192426797,0.000891791715,0.00116091711,0.00118971081,0.000253260368,0.000842250884,0.000693368609,0.000808905228,0.000349776703,0.000330398092,,0.000226165634,,,0.000183008378,,,,,,0.000289794349,0.000338151993,0.00102431828,0.000446778606,0.000486051082,0.000101877842,,,,,,,,,,,,,,,,,
1082,28.9699993,2026-08-30T08:56:27.145000+0000,-20.964536664275002,154.35972712605835,0.0878075212,0.0676757991,0.0751866102,0.070369646,0.0672662854,0.0669789612,0.0770495087,0.076531589,0.0747796968,0.0793899074,0.0788809881,0.0763405114,0.0717688352,0.0738098994,0.0707906857,0.0707986429,0.0707640275,0.0710140467,0.0716497302,0.0716498122,0.0724642351,0.0735026225,0.07407929,0.0753835961,0.0760580525,0.0780149922,0.0788516998,0.0808866695,0.0829042047,0.0841232687,0.0850171447,0.0855767205,0.0875091553,0.0875105783,0.0883969143,0.0892371759,0.0894165263,0.0913384184,0.0914335698,0.0928636491,0.0937029719,0.0947358608,0.0956026539,0.0958692133,0.0945495516,0.0920207128,0.0892317146,0.088189207,0.0857626423,0.0830326825,0.0816901848,0.078657791,0.0772665218,0.0733463615,0.0712768883,0.0691732839,0.0669904649,0.0642899126,0.0617791228,0.059977483,0.0574721955,0.0553042851,0.0539081544,0.0516908541,0.0511889607,0.0501333103,0.0491543487,0.0498046763,0.0470070615,0.0472781025,0.0462544002,0.0442419276,0.0437805951,0.0425743796,0.0418094881,0.0426280573,0.0422127359,0.0409318469,0.040525645,0.0382010862,0.0379987583,0.0362842977,0.0332141593,0.0372026265,0.0371591412,0.0361833721,0.0404547453,0.0216594115,0.0252330936,0.0285011213,0.0279833414,0.0275360979,0.0253047273,0.022057306,0.02031474,0.0179026108,0.0155931078,0.0153794941,0.0153084584,0.0150570748,0.0149348238,0.0146240378,0.0142381359,0.0134244394,0.0122703435,0.0121117802,0.0109688649,0.0104201287,0.0100725964,0.0090916818,0.00927026849,0.00850294065,0.00824746955,0.00713827787,0.00598814897,0.00589551171,0.00543026207,0.0043795174,0.00433718087,0.00376056903,0.00351615879,0.00350204948,0.00332609192,0.00281756208,0.00259431498,0.00222256081,0.00270202826,0.00263629435,0.00258940877,0.00234618364,0.00156377431,0.00147438026,0.00110200222,0.000501248869,0.000500207068,0.000233957515,4.31254448e-05,0.000474377477,,0.000430679414,,,6.6567678e-05,1.88540434e-05,,,,,,,,0.000339940656,0.000938280427,0.000254372513,0.000406773266,0.000245986477,0.000241801143,,,,,,,,,,,,,,,,,
1083,29.1000004,2026-08-30T08:56:27.394000+0000,-20.964536663030003,154.35972711070335,0.0688776076,0.0721458793,0.0748467073,0.0631196871,0.0667463243,0.0675989911,0.0748095661,0.0733916089,0.0766497031,0.0774999037,0.076960966,0.0724404827,0.0705088228,0.0702798814,0.0670406744,0.0670886189,0.0660240129,0.0649140403,0.0634997189,0.06359981,0.0627842471,0.0611526221,0.0609793104,0.0604636185,0.0590580739,0.0584550202,0.0590517409,0.0575867221,0.0565842614,0.0567633398,0.0549772233,0.0544968024,0.0543291941,0.0531406142,0.0525869578,0.0523172095,0.0521765575,0.0519584529,0.0516635887,0.0514836684,0.0511729755,0.050645873,0.0505326875,0.0562892854,0.0552596971,0.0546209589,0.0536820963,0.0533097461,0.0523333699,0.0517536029,0.0516512059,0.0503687821,0.0502074063,0.0493970662,0.0488974229,0.0484236628,0.0476606861,0.0470800251,0.046829138,0.0468574464,0.0463321544,0.0453243032,0.0450782403,0.0448209941,0.044239115,0.045073431,0.0441843867,0.0451946408,0.0450069942,0.0434480384,0.0440343842,0.0421319827,0.0410008319,0.0415648744,0.0386303514,0.0413294472,0.0400448814,0.0378248431,0.039499633,0.0366264433,0.0339555293,0.0346028805,0.0286346953,0.0299341455,0.0336219668,0.0343768597,0.0382282808,0.0257695131,0.0257431921,0.0286111943,0.0288533829,0.0272161327,0.0258747395,0.0227473211,0.0194047783,0.0183626022,0.0156030767,0.0151094701,0.0159484278,0.0155370599,0.0149148125,0.0146940202,0.0135481032,0.0132044153,0.0127503257,0.0118717682,0.0117688505,0.0104101272,0.0100625847,0.00929166749,0.00852027163,0.00898293499,0.00798746757,0.0073683057,0.00687817903,0.00581555627,0.0051603266,0.00512958085,0.00377723854,0.00349060795,0.00356618036,0.00320207281,0.00276610977,0.00269758166,0.0023743331,0.00239257212,0.0023520391,0.00211628806,0.00264940131,0.00229617627,0.00209381524,0.0012344938,0.00177222502,0.00128158228,0.00139070116,0.000984654762,0.000633992953,0.000715383794,0.00045091589,0.000221578171,6.18904596e-05,0.00046371948,9.69793182e-05,,,,0.000266765244,,,,,0.000250084267,0.00093840732,0.00115443068,0.000816760818,0.000875917671,,3.52073694e-05,,,,,,,,,,,,,,,,
1084,29.2380009,2026-08-30T08:56:27.655000+0000,-20.964536661725003,154.35972709460833,0.073067911,0.0744561777,0.0752569586,0.0673898533,0.0697964206,0.070549041,0.0765697211,0.0776716843,0.0786497295,0.080359906,0.0788909644,0.0760904327,0.0724087954,0.0732498914,0.0699906424,0.0695185587,0.0681839809,0.0675340369,0.0668297261,0.0657198429,0.0657842755,0.0639126301,0.0628093705,0.0624936707,0.0620781258,0.06107511,0.0606618449,0.05961686,0.0586444214,0.0590635277,0.0580074117,0.0566969849,0.0567593277,0.0553807206,0.0544970632,0.0546772964,0.0542466454,0.0538285375,0.0535536446,0.0530137233,0.0531130023,0.0528359003,0.05171277,0.0518494733,0.0509200804,0.0514816418,0.0500431284,0.0501012094,0.049915351,0.049016092,0.0491239727,0.0483814552,0.0481197722,0.0480089672,0.0475288592,0.0473546721,0.0468612909,0.0468003377,0.0464191847,0.0457273647,0.0456820503,0.04492433,0.0447484627,0.0448413827,0.0443695299,0.0460737683,0.0451544821,0.0449445546,0.0452268086,0.0435278751,0.0462543368,0.0432221442,0.0429915003,0.0435862318,0.0432626903,0.0415632315,0.0438307002,0.0397929586,0.0432204232,0.0410809368,0.0370538644,0.0391360931,0.0351831689,0.0368352942,0.0389266051,0.0373632982,0.0407048091,0.0230997391,0.0250334274,0.0268013999,0.0276935231,0.0269361921,0.0252247471,0.0224074163,0.0195648093,0.0172625724,0.0165830459,0.0145494221,0.0153183378,0.0157469902,0.0145147769,0.0144239562,0.0144380089,0.0133943371,0.0129402904,0.0118417172,0.0109788124,0.0106101204,0.00930254534,0.00884165987,0.00852029119,0.00789292436,0.00765748741,0.0067083938,0.0062682461,0.0052356883,0.00563048106,0.00471973093,0.00409739604,0.00356074097,0.00319625856,0.00244215829,0.00279615493,0.00245761848,0.00251439493,0.00208261888,0.00222206558,0.00215629628,0.00216940651,0.00257618749,0.00143395283,0.0016448017,0.00148283422,0.00110247545,0.000722031691,0.000496530556,0.0008963414,0.000718105468,0.000603618741,0.000424007536,0.0002139071,0.000365242129,,3.9763283e-05,,,,,,,0.0001049813,0.000460480049,0.000798743742,0.000614589197,0.000596731727,0.000365737418,,5.50879631e-05,,,,,,,,,,,,,,,,
1085,29.3619995,2026-08-30T08:56:27.891000+0000,-20.964536660545,154.359727080055,0.0823582187,0.0692464337,0.0706171766,0.0702700019,0.0671265349,0.0690991133,0.0726898983,0.0784817562,0.075839743,0.0781999379,0.0776009485,0.0771603435,0.0717187449,0.0711298659,0.0705505908,0.0681184828,0.0677439272,0.066914022,0.0660996959,0.0645898581,0.0641642809,0.0637326092,0.0621294156,0.0612337179,0.0613981783,0.0600051917,0.0594219603,0.0600870028,0.057664603,0.0572637394,0.0584176183,0.0552871935,0.0553094745,0.0543308295,0.0533171743,0.0535773709,0.0532067195,0.0531586148,0.0537036918,0.0548537709,0.0549730211,0.0544759184,0.0539028533,0.051459685,0.050760515,0.0504724309,0.0503443368,0.0494129285,0.0493976735,0.0492990203,0.0489472523,0.0487346277,0.0478825867,0.0474012308,0.047130581,0.0464058816,0.0464520194,0.0464507155,0.0458792448,0.0462972634,0.0455219224,0.0450643711,0.0446087271,0.0446618386,0.0451100171,0.0453641601,0.0456545874,0.046494443,0.0451165736,0.0463676453,0.0445742495,0.0436922833,0.0438622236,0.0423977673,0.0422653891,0.0430276357,0.0421375073,0.0423624963,0.041493129,0.0396280251,0.0373954959,0.03633352,0.0339368619,0.0345021635,0.0388676599,0.0371065326,0.0383082181,0.0241000634,0.0268837418,0.0288516246,0.0285537057,0.0275962465,0.0257247873,0.0219475292,0.019724898,0.0182225518,0.0151229855,0.0159193762,0.0158982277,0.0154169165,0.015454731,0.0153538799,0.0137479063,0.0136242788,0.0127102528,0.0118216816,0.0109787742,0.0103501044,0.00977250561,0.0092816567,0.00899031665,0.00895292964,0.00796751957,0.00761848548,0.00685835071,0.0058758501,0.00505067222,0.00434992369,0.00432758313,0.00384090422,0.00359634217,0.0027422409,0.00314621464,0.00253768428,0.00246444857,0.0023826859,0.00280209375,0.00250629382,0.00299940212,0.00263618166,0.00178411417,0.00162514462,0.0011835373,0.00171354518,0.00115360809,0.00107874162,0.00113912672,0.00118133461,0.000686845277,0.000736906542,0.000216318294,0.00048707379,0.000469389139,,,,,4.26458428e-05,,,,0.000270948978,0.000619155238,0.00107477559,0.00100669696,0.000135518785,0.000351222232,,,,,,,,,,,,,,,,,
1086,29.4740009,2026-08-30T08:56:28.144000+0000,-20.96453665928,154.35972706445332,0.0861587077,0.0709969476,0.0732176155,0.0717202723,0.0678467005,0.0687692314,0.0734101608,0.0770418942,0.0761197656,0.0795499533,0.0768009275,0.0758702382,0.0714986846,0.0716298521,0.0687605366,0.06776838,0.0668838695,0.0658740103,0.0648396984,0.0644199103,0.0636243224,0.0625726059,0.0616495125,0.0608438104,0.0607982762,0.0599053353,0.0588421561,0.058877252,0.0581948943,0.058124084,0.0561179593,0.0561475344,0.0559997149,0.0545510203,0.054207366,0.054017514,0.0538068637,0.0529287606,0.0527837873,0.0533238649,0.0529530682,0.0532159656,0.0532030016,0.0504200384,0.0498112254,0.0496136881,0.0490362421,0.0489656366,0.0487113297,0.0482136123,0.0485823788,0.0469195843,0.0477069691,0.0465147607,0.0462132543,0.0462177545,0.045803152,0.0458613001,0.0449793339,0.0454371087,0.0440217219,0.0441244282,0.0449891388,0.0429325551,0.0443607867,0.0450447798,0.043804761,0.0455142856,0.0451462343,0.0432973281,0.0453541465,0.0417425595,0.0414534323,0.0451202504,0.0395396985,0.0436246134,0.0416782536,0.0395574942,0.0428630933,0.0369948409,0.0368794203,0.0392264836,0.0281295925,0.0370398462,0.0370018445,0.0323940627,0.039895948,0.0246905256,0.0264442042,0.0263420027,0.0286639631,0.0269463658,0.0254848469,0.0228576697,0.0191049986,0.0180425048,0.0160628948,0.0145492982,0.0154780429,0.0150267798,0.0150246527,0.0146437604,0.0142177315,0.0138541572,0.0129401814,0.0115816128,0.0114487037,0.0104100965,0.00981245097,0.00907165743,0.00902036671,0.00822291151,0.00804756396,0.00711861812,0.00670848321,0.00579608837,0.00518096285,0.00448021153,0.00436786748,0.00325113069,0.0037764872,0.00296238204,0.00309631368,0.00230777846,0.00258454238,0.00220277463,0.00263213203,0.00250629173,0.00263940706,0.0018761981,0.00208437699,0.00181570835,0.00147465488,0.00093520747,0.000726070022,0.000772201805,0.000643491745,0.000516378088,0.000821865455,0.000341403531,8.0057187e-05,0.000199910719,0.000171428313,0.000171811087,,4.33938112e-05,,,,,,0.000711683067,0.000629787624,0.000615064753,0.000356648612,0.000455184316,4.08035703e-05,,,,,,,,,,,,,,,,,
1087,29.5820007,2026-08-30T08:56:28.393000+0000,-20.964536658035,154.35972704909832,0.0702790096,0.0807171762,0.0697478428,0.0672504306,0.0700467974,0.0710993037,0.0726803094,0.0748419613,0.0789997876,0.0795599818,0.0781409144,0.0746401697,0.0748586431,0.0714398474,0.070060499,0.0695083067,0.0677438304,0.0663840026,0.0659196898,0.0650699139,0.0638043508,0.063132599,0.0625195578,0.0619138554,0.0607083216,0.0604954064,0.0600022636,0.0583173819,0.0587350577,0.0585642681,0.0561181456,0.0565377176,0.0560798384,0.0544011183,0.0545774624,0.0534175858,0.0533669367,0.0523988307,0.0525738299,0.0520139113,0.0521030799,0.0510359816,0.0508530736,0.0532802269,0.0523416027,0.0511843823,0.0513673015,0.0514771417,0.0499333665,0.0497861765,0.0504152477,0.0489623547,0.0495094284,0.0485567376,0.0476947576,0.0474288091,0.0471237898,0.0464716293,0.0468193814,0.0465870202,0.0457216166,0.0452044606,0.0453693755,0.0431729555,0.0449812114,0.0457551181,0.0446548611,0.0456541851,0.0450860299,0.0443471223,0.0451140739,0.0437726937,0.0414740779,0.0441816077,0.0403720699,0.0415784754,0.0436242186,0.0386758447,0.0416142084,0.0401898026,0.0344983563,0.0369504876,0.0314290747,0.033792112,0.0373477601,0.0349318869,0.0395339131,0.0245807916,0.0265344717,0.0276122093,0.0292041041,0.0276364479,0.0257748924,0.0233377926,0.019695092,0.0189525038,0.0166128557,0.0153292604,0.014957943,0.0151967211,0.0153546166,0.015413682,0.0142376367,0.0134240892,0.012730144,0.01235158,0.0114886789,0.0111200865,0.00950241368,0.00956164859,0.00901039224,0.00824290514,0.00813759118,0.00728870649,0.00616857642,0.00585623272,0.00527113071,0.00438037422,0.00453803828,0.00362127717,0.0037865662,0.00313246949,0.00305637205,0.00304783857,0.00310460199,0.00171283365,0.00252215797,0.00263628876,0.00246941531,0.00233619893,0.00131451723,0.00169602036,0.00183527195,0.00129613339,0.000877442304,0.00109414104,0.000915924669,0.000769215345,0.000314690755,0.000623941887,0.000292165787,8.15119129e-05,0.00024257903,0.000202520518,,,,,,,,0.000292099954,0.000150149397,0.000295225909,0.000696619565,0.000214995031,,,,,,,,,,,,,,,,,,
1088,29.691,2026-08-30T08:56:28.642000+0000,-20.964536656790003,154.35972703374333,0.0785690099,0.0785472244,0.0796678588,0.0719704181,0.0747367963,0.0749293268,0.0794003233,0.0797819644,0.0825997889,0.0827799737,0.0813809335,0.0760601684,0.0766286403,0.0742198452,0.0709505007,0.0722983107,0.0699838325,0.0696240067,0.0681496784,0.0677199215,0.0666843578,0.0658925921,0.0651095584,0.0651138648,0.0641083196,0.0637854114,0.0628522709,0.0621173866,0.061515063,0.0599242747,0.0596381575,0.0587477237,0.0581298508,0.0574611314,0.0571674705,0.0564475916,0.0562569425,0.055708833,0.0552338362,0.0540139116,0.0545130856,0.053215988,0.0530430824,0.0532002375,0.0524916239,0.0524244085,0.0518273413,0.0517771989,0.051123444,0.0513062701,0.0505753495,0.050122451,0.0502795167,0.0488868095,0.0489948131,0.048828844,0.0487938076,0.0483416431,0.0481093824,0.0478870161,0.0473916121,0.047314465,0.046399381,0.0461829714,0.0468412302,0.0477451384,0.046734862,0.0479741842,0.0465160236,0.0467271246,0.0466240831,0.0441627093,0.0444041118,0.0446116664,0.043542169,0.0446986295,0.0427444503,0.0429161638,0.0433346257,0.038400352,0.0389990471,0.037561357,0.0334101357,0.0391032659,0.038109038,0.0363732204,0.041775234,0.0235707965,0.0246544871,0.0282022096,0.0274541155,0.0266264454,0.0258448962,0.0222477727,0.0197550822,0.0192625057,0.0151928617,0.0155192614,0.0147779472,0.0146367168,0.01516461,0.0148836887,0.0137376366,0.0136240888,0.0124801453,0.0116215851,0.0110186785,0.00943008438,0.00981241558,0.00926164165,0.00823039096,0.00849291589,0.00709758,0.00666870084,0.00632857205,0.00510623166,0.00505113509,0.00492038252,0.00409804191,0.00329127978,0.00350657525,0.00309246196,0.00287636742,0.00263783452,0.0022946063,0.00266282889,0.00239216071,0.0025062908,0.00198940444,0.00239619147,0.00173452694,0.00192603155,0.00143528811,0.00151616801,0.00121749192,0.000394213712,0.00094602257,0.000659314566,0.000874788966,0.000654023956,0.000592233613,,0.000312620774,0.000122536672,,4.34863614e-05,,,,,,0.000312110584,0.00074015744,0.000725233578,0.000636618875,,0.000360561011,,,,,,,,,,,,,,,,,
1089,29.7989998,2026-08-30T08:56:28.891000+0000,-20.964536655545,154.35972701838833,0.0802692994,0.0646974072,0.0750380754,0.0675005317,0.0672968552,0.0694593564,0.0756204277,0.0786220133,0.0767697617,0.0801999792,0.0797908828,0.0764400885,0.0720785782,0.0738198161,0.0695304275,0.0694882199,0.0686837584,0.068213962,0.0666396469,0.0657899082,0.0656643286,0.0640925542,0.062979579,0.0628738701,0.0618683361,0.0608654469,0.0614223294,0.0602674708,0.0585551746,0.0591544099,0.0575182922,0.0565378629,0.0565299317,0.0549911894,0.0553875268,0.054077629,0.0542469807,0.0539788716,0.0532538444,0.0537039265,0.0527230687,0.0522859693,0.0514731146,0.0518503711,0.0521019287,0.0513349921,0.0505882464,0.0507285036,0.0500852242,0.0493385307,0.0502078868,0.0489649288,0.0484117195,0.0483785942,0.0474961698,0.0471798033,0.0471243896,0.0464319438,0.0465194397,0.0466069467,0.0463515073,0.0454244837,0.0453295708,0.0445733145,0.0445815995,0.0459054261,0.0452549309,0.0458940715,0.0457058102,0.0449268967,0.0454739444,0.0444027409,0.0414745808,0.043662753,0.0418241434,0.0427419245,0.0421596132,0.0407134481,0.0401943848,0.0393135361,0.0355057865,0.0369326249,0.0327563137,0.0317319557,0.0358610675,0.0351270549,0.0379293114,0.0275110472,0.0262347534,0.0279924069,0.0280742869,0.027586529,0.025374949,0.0228779074,0.0199751742,0.0180624984,0.0160828643,0.0153592378,0.0153678777,0.0143366717,0.0153645957,0.0146736456,0.0139775686,0.0129440324,0.0124901254,0.0116115529,0.010988649,0.0104200933,0.00927239191,0.00983164553,0.00847041793,0.0081629185,0.00743760774,0.00663878303,0.00641865283,0.00524635566,0.00510128122,0.00448053423,0.0038181881,0.00352140865,0.00306665269,0.00274254195,0.00208642008,0.00285788765,0.00184465817,0.00215288857,0.00240218616,0.00209628604,0.00234940089,0.00228618924,0.00102465355,0.00111630617,0.0013558449,0.00110698305,0.000608718139,0.000385920692,0.000428189524,0.000301830441,0.000257317268,2.63104448e-05,0.000404157792,,4.36925329e-05,,,,,,,,,0.000522494083,3.04927817e-05,0.000365383341,0.000526594347,0.000534804421,,,,,,,,,,,,,,,,,,
1090,29.8920002,2026-08-30T08:56:29.144000+0000,-20.96453665428,154.35972700278666,0.0781997517,0.0792178214,0.0714684352,0.0700608045,0.0707170144,0.0712194741,0.0755806789,0.079052113,0.0802098066,0.0805999786,0.0791308582,0.0766399801,0.0738785192,0.0730397925,0.0709503815,0.0701881126,0.0696337149,0.0689239427,0.0680496395,0.0674399361,0.0663143694,0.0655025467,0.0643396601,0.0643439516,0.0630384162,0.0615455732,0.061702501,0.0604476929,0.0605354346,0.058544714,0.0588285923,0.0567781627,0.0568301491,0.0556013584,0.0553176962,0.0548977554,0.0543970987,0.0538389944,0.053863924,0.0530140027,0.0532731079,0.0519660041,0.0515532419,0.0515406802,0.0510825589,0.0508661158,0.0502799563,0.050190933,0.0503685065,0.0488126576,0.0490624979,0.0480493829,0.0478756689,0.0477717668,0.0472885743,0.0468414947,0.0475154072,0.0468224734,0.0466895215,0.0461968035,0.0457613319,0.0448645353,0.0450999476,0.0446439609,0.0447122864,0.0452059805,0.0462050848,0.0449539274,0.0455254912,0.044886604,0.0438738465,0.0438929796,0.0421456508,0.0433349684,0.0419180021,0.041748181,0.0429892614,0.0408069268,0.0395123214,0.0408076383,0.0350962766,0.0369812585,0.0327937305,0.0354338475,0.0381988063,0.0360178202,0.0362702608,0.0264014788,0.0241151527,0.0268427525,0.0281345155,0.0272066183,0.0250950102,0.02289805,0.0205452722,0.018542463,0.0165527742,0.0155191775,0.0148977218,0.0147365658,0.0154045401,0.0151535319,0.0149474209,0.013893933,0.0125100622,0.0121015022,0.010998589,0.0106600793,0.00984233525,0.00905163493,0.00875044707,0.00845290162,0.00811764412,0.00683891447,0.00617878372,0.00594657147,0.00581155578,0.00430080527,0.00425845059,0.00386162335,0.00374677824,0.0035526664,0.00301650027,0.00272797444,0.00248473347,0.00239297212,0.00247223326,0.00269627944,0.00294941291,0.00241619139,0.00157488673,0.00193680427,0.00138683966,0.00128848455,0.00129093416,0.000679042481,0.00102210685,0.000546367548,0.000691841124,0.000740376767,0.000397531199,0.000285589835,0.000275529455,,,,,,,,,0.000343156105,0.000661063066,0.00039564693,0.000966541586,0.000344503002,,,,,,,,,,,,,,,,,,
1091,29.9810009,2026-08-30T08:56:29.392000+0000,-20.96453665304,154.35972698749333,0.0831001475,0.0789882392,0.0659988001,0.0746909901,0.0692571625,0.0712095574,0.0708709136,0.0806022361,0.0768598169,0.0803600103,0.0765508637,0.0783098787,0.0735184699,0.0706297904,0.0710503235,0.0685480312,0.0683436468,0.0668839291,0.0667996332,0.0646899715,0.0651044101,0.0637025386,0.0630997345,0.0620040298,0.0617684908,0.0607756861,0.0606626533,0.0596978851,0.0599056743,0.0573549941,0.0581688732,0.0583584346,0.0561503433,0.0560415052,0.0559078567,0.055267863,0.0545372143,0.0542791113,0.0539340004,0.0532340743,0.053883139,0.0523560382,0.0524933599,0.0507409647,0.0498931259,0.0491471402,0.0492015146,0.0481431521,0.0486515015,0.0476864241,0.0476867072,0.0480234474,0.0468592681,0.0466046594,0.0460107736,0.0453630313,0.0454063378,0.0450229496,0.0452095903,0.0446866788,0.044851169,0.0437145866,0.0424602851,0.0427745432,0.0435429104,0.0425264873,0.044515226,0.0438237898,0.0433052033,0.0443763323,0.0416437574,0.0425931886,0.0409566276,0.0392669886,0.0425615124,0.0403838828,0.0402980447,0.0402092002,0.0373886675,0.0394096039,0.037664067,0.0342164636,0.0328569561,0.0318311229,0.0336014256,0.037513189,0.0363258198,0.0273718685,0.0264155287,0.028893033,0.0275747459,0.0276867058,0.0258150548,0.0217281729,0.0202753544,0.0178724471,0.0159927215,0.016709106,0.0160475746,0.0160164591,0.0171044804,0.0153234396,0.0149072716,0.0145338401,0.0129300104,0.0123014497,0.0119185476,0.00986006949,0.0102822855,0.00928162504,0.00820047781,0.00915289205,0.00742767984,0.0077990233,0.0065488969,0.00553678023,0.0050017992,0.00502103847,0.00390869053,0.00357181299,0.00345688709,0.00304279011,0.00326657319,0.00302804192,0.00276481919,0.00238305144,0.00292227115,0.00233628089,0.00286940997,0.00262619741,0.00149509299,0.00203726348,0.00130774546,0.00126985018,0.00110294926,0.000501875649,0.000625688233,0.000560518121,0.000185955025,0.000444069155,0.000740605174,0.00026792381,0.000127203064,,,,,,,,,0.000203754578,0.000601584616,0.000405882834,0.000666501292,0.000514225452,0.000229605765,,,,,,,,,,,,,,,,,
1092,30.0709991,2026-08-30T08:56:29.642000+0000,-20.964536651790002,154.35972697207666,0.0823204741,0.0705284774,0.0791290626,0.06953118,0.0695272386,0.0700196177,0.0774310678,0.0778422803,0.0794698149,0.0818100125,0.0822508335,0.0785598084,0.0739684179,0.0769697651,0.0724702626,0.0719979405,0.0708235949,0.0698639154,0.0684896111,0.0678699762,0.0683644041,0.0662625059,0.0655897707,0.0650040656,0.0648885295,0.0635757595,0.0632227585,0.0626780167,0.0612458363,0.0612051934,0.0596390665,0.0589786284,0.0589704737,0.0574616119,0.057827957,0.056807939,0.0566172823,0.0556991808,0.0556740351,0.0555541106,0.0552831478,0.0547860488,0.0544534326,0.0524011627,0.0516335405,0.0511078946,0.0510626733,0.0511848032,0.050023742,0.0503592528,0.050289873,0.0491465181,0.0491219908,0.0482668579,0.0478524417,0.0478442088,0.0475470498,0.0473533235,0.0474396534,0.0470865816,0.0457010493,0.0458946191,0.046530541,0.0443949811,0.0458833836,0.0455968641,0.0449253209,0.0461036712,0.0457449667,0.0435360968,0.0458136536,0.0413833074,0.0426573083,0.0443584472,0.0394740924,0.0434981063,0.0432146043,0.037048392,0.042610921,0.0366461091,0.0342149697,0.0393329784,0.0289495382,0.0364967994,0.0382911749,0.0329350829,0.0375678949,0.0289421584,0.0274158493,0.028323276,0.0294549149,0.0276467968,0.0260051284,0.0232482981,0.020095434,0.0193124302,0.0177826714,0.0152790779,0.0169974696,0.0163063984,0.015564438,0.0159633644,0.014477171,0.0138837704,0.0134199718,0.0123014161,0.0119485101,0.0113500636,0.00973225012,0.00923162978,0.00860051345,0.00844289456,0.0082377065,0.00649912283,0.00682898145,0.00611693179,0.00565197226,0.00500122551,0.00477887876,0.00403196458,0.00400697999,0.00305287982,0.00268663606,0.00321810739,0.00244487799,0.00228311098,0.00316229952,0.00222628005,0.0034194123,0.0026462106,0.00174524612,0.00210761162,0.00142842846,0.00135086477,0.00111448416,0.00137402094,0.00133838179,0.00125364563,0.000789090293,0.000636885408,0.00114294933,0.000859706197,0.000438496703,0.000396147487,0.00010016968,0.000643986394,0.000326028443,,2.61086971e-05,0.000274111051,0.00040821248,0.000704217236,0.00105198473,0.0010360654,0.0010364732,0.000944013766,0.000209328544,0.000453758286,0.000266170129,,,,,,,,,,,,,,,
1093,30.1599998,2026-08-30T08:56:29.891000+0000,-20.964536650545,154.35972695672166,0.0654507428,0.079348743,0.077289246,0.0646913201,0.0696173459,0.0692197084,0.0765212178,0.0716723874,0.0784498602,0.0799500495,0.0797108337,0.0730097294,0.0736783743,0.0721397549,0.0676402301,0.0681778938,0.0677335709,0.066813916,0.0652696043,0.065320015,0.0644544438,0.0628425106,0.0627898276,0.0617041327,0.0616685934,0.0606758483,0.0611428805,0.0595281646,0.059006013,0.0589853898,0.0574392676,0.0566988289,0.0569206104,0.0552217253,0.0550180711,0.0540780239,0.0537973754,0.0535992719,0.0530941002,0.0533941761,0.0526431836,0.0529060848,0.0519435257,0.0526413657,0.0531339422,0.0523586087,0.0514537506,0.0520363264,0.0515957959,0.0504718311,0.0517527461,0.0503992923,0.0505944453,0.0501788296,0.0489439368,0.0491252542,0.0490776747,0.048383642,0.0484597012,0.0483664908,0.0484209396,0.0467446558,0.0474407785,0.0465153903,0.0462838188,0.0472972132,0.046865426,0.0483935922,0.0480047837,0.046605926,0.0466136187,0.0457034856,0.0437680073,0.0446898639,0.0444765389,0.0417220481,0.0455706529,0.0438468345,0.0407321379,0.0427611656,0.0398040079,0.0364270769,0.0374291018,0.0339291245,0.0378771164,0.0394128673,0.0392457768,0.0278524216,0.0267861094,0.0284034908,0.0293250531,0.0283668432,0.0251851398,0.0234683771,0.0212654937,0.0179124065,0.0173426159,0.0156090287,0.0155373635,0.0160563122,0.0159243885,0.0151532935,0.0147170844,0.0131936995,0.0131899295,0.012341368,0.0111884652,0.0108800549,0.0102422191,0.00897162501,0.0101005286,0.00861289445,0.00833772868,0.00773920026,0.00642906781,0.00602706335,0.00605214154,0.00486138975,0.00426903134,0.00422210107,0.00316704763,0.00385295507,0.00322668953,0.0029381658,0.00282492419,0.00211317022,0.00264231861,0.00257627689,0.00211940682,0.00204620464,0.00102539745,0.00139791542,0.000839055865,0.00083180744,0.000995852519,0.00034596445,0.000390829664,0.000516462373,0.000161891454,0.000639399164,0.000755034504,0.000371288275,0.000189622398,0.000156833674,5.05201751e-05,,,,,,,0.000344627362,0.000432336587,0.000826222531,0.00023644499,0.000343824562,,,,,,,,,,,,,,,,,,
1094,30.243,2026-08-30T08:56:30.145000+0000,-20.964536649275,154.35972694105834,0.0720010325,0.0825190097,0.0750395209,0.0672914833,0.0720474645,0.0731797591,0.0777813792,0.07836245,0.0821098685,0.0825200677,0.0801908299,0.0769996867,0.0767383501,0.0742997527,0.0714702085,0.0714878365,0.0701335445,0.0694439113,0.0679696053,0.067710042,0.0664844736,0.0652225092,0.064919889,0.0639441833,0.0632286519,0.0624159314,0.0623629838,0.0608183034,0.0606161729,0.0594955832,0.0587394573,0.057639014,0.0572107434,0.0563418306,0.0562081747,0.0551881045,0.0554374494,0.0541293472,0.0543141514,0.0533942282,0.0531132072,0.0525961146,0.0523336045,0.0516915582,0.0510043316,0.0507892929,0.0502147861,0.0496677943,0.0492677763,0.0491843149,0.048835516,0.0480019674,0.0482068099,0.0473007336,0.0469653755,0.0470962636,0.0464782827,0.0465539582,0.0462497436,0.0463364087,0.0455008298,0.0456546843,0.0448709987,0.044305779,0.0457042307,0.0455275476,0.0457655229,0.0458935089,0.0455946065,0.0449657589,0.0452235751,0.0434236415,0.0434686765,0.0425012223,0.043108888,0.0431558341,0.0423764773,0.0425349548,0.0417629331,0.0383856595,0.039142333,0.0360302925,0.0336075835,0.0362102725,0.0341617502,0.0384693034,0.0414423011,0.0246426612,0.02731633,0.0293636732,0.0293352026,0.0289469119,0.0273851734,0.0235084519,0.0225555412,0.0201823954,0.0177825689,0.0173289794,0.0169972628,0.0163962394,0.0171443503,0.0161232296,0.0154269831,0.0154936267,0.0141098881,0.0139613235,0.0126484279,0.0125300502,0.0117021687,0.0104616145,0.0101005491,0.00985288806,0.00883775763,0.00865927339,0.00785914902,0.0065471991,0.00712229079,0.00602154108,0.00561918644,0.00504222419,0.00458712736,0.0040630321,0.00383673236,0.00376821007,0.00376498443,0.00384321553,0.00317234709,0.00369627657,0.00364941475,0.00345621561,0.00226553739,0.00233822782,0.00206965813,0.00191269803,0.00195719139,0.00203783531,0.00172317098,0.00158919161,0.00118459854,0.00168182165,0.00139704579,0.00067280978,0.000960717676,0.00118749461,0.000370864756,0.000344138243,0.000535850064,,0.000246012467,9.44034546e-05,0.000738893927,0.0010950187,0.000852673547,0.00163638149,0.000956410891,0.000813641585,0.00109888322,0.000473506749,,,,,,,,,,,,,,,,
1095,30.3250008,2026-08-30T08:56:30.394000+0000,-20.964536648030002,154.35972692570334,0.0733711421,0.0735990778,0.0747095644,0.0666915402,0.0685474724,0.0703697726,0.076191403,0.0758324564,0.0789598748,0.0811800584,0.0789008141,0.0752596334,0.0736783147,0.0729697272,0.0693401694,0.0695777908,0.0678835064,0.0674238876,0.0668995753,0.065590024,0.0648144558,0.0637924969,0.0629798844,0.0617941767,0.0618686453,0.0605759397,0.0602729954,0.0594283231,0.0581062101,0.0582056232,0.0576795004,0.0561490618,0.0560707711,0.0551518463,0.0548681878,0.0543781072,0.0536474586,0.0532293543,0.0525641479,0.0525442213,0.0523331948,0.051806096,0.0514736101,0.0530415997,0.0532144383,0.0525895171,0.0513051376,0.0515783057,0.0509284772,0.0503952131,0.0506865308,0.0497829542,0.0499676988,0.0491014495,0.0488159247,0.0485366546,0.0480885208,0.0475040823,0.0473797694,0.0473363847,0.0463107862,0.0462146923,0.0461810715,0.0448459089,0.0457643755,0.0470776632,0.0455555394,0.0472334512,0.0460745059,0.0455956571,0.0466434956,0.0444636308,0.0442388281,0.044441618,0.0431196317,0.0428871065,0.0438984893,0.0408678204,0.0437467918,0.0403008834,0.0359489769,0.0393687487,0.0336080119,0.0357617289,0.0394445658,0.0374928713,0.0383759961,0.0255427752,0.0256564543,0.0288237482,0.0287252534,0.0276269522,0.0255452152,0.0236785002,0.0197755974,0.0187823847,0.0165425856,0.0155589748,0.0159072541,0.0154462354,0.0154443486,0.0144832116,0.0142469546,0.0136636179,0.0129598873,0.0118513303,0.0112384316,0.0101500573,0.00954216532,0.00928161107,0.00843056012,0.00844288431,0.00849777181,0.00649930909,0.00704916939,0.00560724176,0.0050723562,0.00476160692,0.00374925928,0.00335227815,0.00378716318,0.00293306587,0.00295676733,0.00259823818,0.00232500327,0.00222324324,0.00206235633,0.00257627619,0.0021794145,0.00252620224,0.00179558713,0.00174832344,0.00117987278,0.00135302311,0.00105767651,0.000888524461,0.000924040622,0.00085019879,0.000425616279,0.000592745142,0.000457825605,4.34154645e-05,0.000191158848,,,,,,,,,0.000195175002,0.000262813177,0.000716440845,0.000286400755,0.000563569949,,,,,,,,,,,,,,,,,,
1096,30.4050007,2026-08-30T08:56:30.642000+0000,-20.964536646790002,154.35972691041,0.0768013075,0.0705292225,0.0749296844,0.0689316243,0.0684775114,0.0698598251,0.0762915015,0.0781824961,0.0790598691,0.0800400674,0.0801908001,0.0760996044,0.072928302,0.073809728,0.0703201517,0.0706077591,0.0697034821,0.0699538738,0.0679495856,0.0675200373,0.0676144734,0.0657824874,0.0657799095,0.0646042079,0.06438867,0.0628959835,0.063983053,0.0637983978,0.0615162961,0.061975725,0.060379602,0.0589691624,0.0593408421,0.0583518967,0.0583382472,0.0578381531,0.0572874993,0.0574293956,0.0572041757,0.056544248,0.0565232038,0.0557261109,0.0553136542,0.0517717041,0.0515546463,0.0518098883,0.0503657088,0.0502791181,0.0500195734,0.0488265865,0.0488680638,0.0481444448,0.0478090122,0.0473825075,0.0468867272,0.0467072167,0.0466888621,0.0461142622,0.0458597988,0.0458463356,0.0463907272,0.0453147106,0.0448611975,0.0454761237,0.0448046029,0.0459478498,0.0465655923,0.045403406,0.0466344021,0.0454755537,0.0446234643,0.0457337052,0.0424691848,0.0430823602,0.0434809141,0.0413191952,0.0445517078,0.0396223105,0.0392527655,0.0401789136,0.0349591449,0.0393616259,0.0355538204,0.0340490192,0.0379438102,0.0366831198,0.0368763059,0.025272904,0.028356595,0.0285338834,0.0288553312,0.0289169792,0.026125215,0.0244285539,0.0215156376,0.0180124007,0.0167025402,0.0161989573,0.0155971982,0.0165362023,0.0155943222,0.0154231843,0.0149769103,0.0136635825,0.013649866,0.0118613094,0.0109584043,0.0111100459,0.00950215198,0.00924161263,0.00919057615,0.00838288944,0.0078777764,0.00706935069,0.00683922507,0.00624731975,0.00507244468,0.00493168738,0.00426933728,0.00358234928,0.00374721014,0.00328310672,0.00301678735,0.00289825653,0.00216502324,0.0021132715,0.00195236981,0.00246627536,0.00270941947,0.00211621309,0.0017456559,0.00129849056,0.00133020058,0.00141352846,0.00119841157,0.00068955915,0.000605344598,0.000501712726,0.000947128457,0.00030410511,0.000588954077,0.000204268377,0.000331775052,,,,,,,,,,0.000132998452,0.000326534268,0.000716387935,0.000523466442,,,,,,,,,,,,,,,,,,
1097,30.4860001,2026-08-30T08:56:30.890000+0000,-20.96453664555,154.35972689511667,0.0847913697,0.0810192823,0.0668797791,0.0758816153,0.0705875382,0.0726998225,0.0734215379,0.0815225095,0.0796598718,0.082070075,0.0797507837,0.0802995712,0.0760082752,0.0739597082,0.0735101253,0.07287772,0.0718634576,0.0701838732,0.0702795535,0.0683300197,0.0678644553,0.0671124682,0.0649899021,0.065574199,0.0653586686,0.0642559826,0.0627430677,0.0631384179,0.0615163147,0.0607757568,0.0611196309,0.0597691908,0.0593408607,0.058651913,0.058108259,0.0576181524,0.0575774983,0.056819398,0.0561241694,0.0567742437,0.0559831932,0.0560360961,0.0553936511,0.0539917313,0.0531347245,0.0529100411,0.0518459491,0.0515894741,0.0513100624,0.0508472137,0.0517087728,0.0507051349,0.0504696332,0.0502430126,0.048817113,0.0488074869,0.0483190268,0.0486343466,0.0483198129,0.0480563156,0.0482206978,0.0461447164,0.048081249,0.0461662225,0.0465647057,0.0487179272,0.0466356091,0.0468433611,0.0487443358,0.0451754816,0.0479534082,0.0464736968,0.0419992879,0.0466426276,0.0427514315,0.0433300734,0.0470531099,0.0409543067,0.0439954512,0.0421625599,0.0354237817,0.0422075316,0.0355711058,0.034457013,0.0396827608,0.0375226066,0.0367658846,0.0280029979,0.0296066739,0.0281539392,0.0299553871,0.0282470249,0.0254352596,0.0241185892,0.0204656459,0.0187124088,0.0180125646,0.0152289532,0.0160271879,0.0169561841,0.0149243223,0.0152231734,0.0147568956,0.0136635741,0.0141198607,0.0123013081,0.010698406,0.0118400576,0.00993215106,0.00921162032,0.00905058999,0.0078228917,0.00796778966,0.00744936848,0.00638924772,0.00603735447,0.00544248428,0.00469173351,0.00442939112,0.00372238387,0.0033372289,0.0032231384,0.00286680833,0.00319827744,0.00302504422,0.00189328613,0.00212238543,0.00234627677,0.00205941545,0.00292620901,0.0013256846,0.0016285663,0.00144035206,0.00104375998,0.000938755111,0.000790040242,0.000905956549,0.00122241583,0.000837842934,0.000464748824,0.000669499161,0.000184687553,0.00033208658,7.83463474e-05,,,,,,,,0.000265503069,0.000883099099,0.000806575757,0.000116378869,0.000873412297,0.000128583866,,,,,,,,,,,,,,,,,
1098,30.5760002,2026-08-30T08:56:31.144000+0000,-20.964536644280003,154.35972687945332,0.0857615173,0.071369417,0.0783398971,0.0720116794,0.070737578,0.0718098655,0.0775016099,0.0786325261,0.080379881,0.0818000808,0.0822607726,0.0792795569,0.0739682764,0.0755397156,0.0716601312,0.0716477036,0.0697734654,0.0698638782,0.067669563,0.0680500492,0.0672444701,0.0656824708,0.0647999421,0.0638342351,0.0634987056,0.0627960265,0.0626431331,0.0618384928,0.0601664074,0.0611158609,0.06005973,0.0585092939,0.0591209345,0.0570919737,0.0568583161,0.0564382002,0.0567675494,0.055399444,0.0552942045,0.0557842776,0.054893218,0.0547861196,0.0540637039,0.0531218387,0.0536049232,0.0533003844,0.0518464632,0.052190192,0.0520510301,0.0515084192,0.052260112,0.0502364226,0.0508507676,0.0504839234,0.0492578037,0.0496879704,0.0494293123,0.0489744954,0.0488198325,0.0490862727,0.0481806472,0.0475547351,0.0483113602,0.0464864075,0.047614906,0.0495580956,0.0464356653,0.0490333326,0.048994258,0.0457654186,0.049173411,0.0453738086,0.0440496467,0.047073327,0.0422126129,0.0444219559,0.0472559705,0.0385782793,0.0447107144,0.0407696106,0.0359326787,0.0422587842,0.0329748802,0.0366620757,0.0428394713,0.0339001454,0.0408634245,0.0274331085,0.0280168001,0.0270840302,0.0297154449,0.0274270289,0.0250152573,0.0240286142,0.0192356892,0.0182823706,0.017502524,0.0146689229,0.0156471245,0.0153461481,0.0145143047,0.0147831328,0.0135768354,0.0132035371,0.0129698403,0.0116112716,0.0109783756,0.0108500458,0.00925213099,0.00926160719,0.00838059653,0.00762288319,0.00770780211,0.00676940288,0.00586927682,0.00595742604,0.00516256504,0.00504180463,0.00417946605,0.00317245559,0.00374726718,0.0032331706,0.00279682456,0.00227830233,0.00171506137,0.00228330237,0.0024123874,0.00269627408,0.00194941624,0.00211621472,0.00137576228,0.00127871567,0.00119064748,0.00104419643,0.000389398483,0.000490939827,0.000757097325,0.000703735161,0.000569147058,0.00043591077,0.000140458927,,,,,,,,,,,,3.25631117e-06,0.000376644486,5.63651338e-05,4.333377e-05,,,,,,,,,,,,,,,,,,
1099,30.6660004,2026-08-30T08:56:31.393000+0000,-20.964536643035,154.35972686409832,0.0668414831,0.0643093958,0.0847798511,0.0639717057,0.0677075535,0.0680498406,0.0807115659,0.0719025135,0.0764898509,0.0796600431,0.0815107748,0.0734195337,0.0718382448,0.0749996901,0.0683701038,0.0686876848,0.0685034394,0.0682138503,0.0654395372,0.0653900132,0.0651844442,0.0637824461,0.0636499077,0.0627742112,0.0615586713,0.0613559932,0.0611230917,0.0603584573,0.0580063686,0.059915822,0.0575996898,0.056299258,0.0569109023,0.0554419421,0.0550182872,0.0548181683,0.0544675216,0.0533694141,0.0533941761,0.0541642532,0.0523231886,0.0529060923,0.0518636703,0.0535917953,0.0530548617,0.0526002981,0.0521563515,0.0523300506,0.0513108484,0.0510782115,0.0506798923,0.050316222,0.0505206026,0.0489037931,0.0491377078,0.0483379066,0.0480292849,0.0471444838,0.0474698357,0.0472262837,0.0468006544,0.046374727,0.0459413342,0.045016367,0.0465648696,0.045458056,0.0464656428,0.0475533158,0.0449342355,0.0467253849,0.0455533527,0.0441337191,0.0449495018,0.0431831181,0.0410323143,0.0456115417,0.0407353975,0.0423875302,0.0414697602,0.0376383848,0.0400211662,0.0354869105,0.0324026383,0.0385696664,0.0334568657,0.0373074934,0.0380208604,0.0242331158,0.0261367839,0.0291140229,0.0289254598,0.0265370645,0.0270152856,0.0218886491,0.0195556991,0.0190023892,0.0151325492,0.0162089504,0.0157571491,0.0143661657,0.0158643238,0.0146831507,0.0137568619,0.013863557,0.0124698607,0.0120712994,0.0114283888,0.0105400523,0.0100121312,0.00945161935,0.00809059478,0.00916289445,0.00778779574,0.00674940506,0.00713927206,0.00511741312,0.00558256265,0.00494179735,0.00413945178,0.00407245383,0.00386726717,0.00314316805,0.0027768279,0.00293830456,0.00203506323,0.00181330414,0.00205239095,0.00233627832,0.00187940919,0.00204620557,0.00119574135,0.00145869411,0.000840597902,0.000934121606,0.00100929872,0.000540801557,0.000486909237,0.000893526827,0.000248960452,0.00027574983,0.000260342727,0.000345332781,0.000302550849,0.000158642535,,,,,,,,6.5673783e-05,0.000383242732,0.00052664266,0.000696373405,,0.000218477217,,,,,,,,,,,,,,,,,
1100,30.7549992,2026-08-30T08:56:31.642000+0000,-20.96453664179,154.35972684874335,0.0747419074,0.0794397667,0.0744201988,0.0706219003,0.0714176968,0.072839953,0.0775418133,0.0788626298,0.0804898962,0.0830600783,0.0810907632,0.0784294531,0.0755682066,0.0753396899,0.072090067,0.0725276098,0.0704633966,0.0709238499,0.0695795417,0.0688000545,0.0682644993,0.0671124533,0.0657700002,0.0657842979,0.0646787658,0.0639561266,0.0633132607,0.0632286668,0.0624166168,0.0622361116,0.0602999777,0.0598495454,0.0594311096,0.0584321059,0.0575284474,0.0572482906,0.0561676398,0.0560795404,0.0556742623,0.055244334,0.0548132323,0.054626137,0.0534337983,0.0534320921,0.0530554503,0.0527513474,0.0514579304,0.0524222814,0.0517538562,0.0513519868,0.0505441017,0.0504902862,0.0505241975,0.0487666838,0.0487598963,0.0483994447,0.0483002029,0.0484249592,0.0480499044,0.0479561538,0.047260493,0.0465747789,0.0465516783,0.0452269614,0.0457655005,0.0461685658,0.0463957861,0.0473731905,0.046443969,0.0462151356,0.0461832918,0.0445539653,0.0441805236,0.0427551903,0.0424958877,0.0437573045,0.0436842516,0.0422098786,0.0416461751,0.039390415,0.0381990224,0.0372021832,0.0336659215,0.034226995,0.0369495004,0.0350928456,0.0401163474,0.0260834694,0.0271571707,0.0296543296,0.0297156647,0.0282071475,0.0265253149,0.0234887674,0.0203957856,0.0187923629,0.0164024699,0.0163688716,0.0159869958,0.0158160571,0.0157942511,0.0154330488,0.0144967223,0.0138934497,0.0129497964,0.012551235,0.0116583304,0.0106100421,0.00976207852,0.00950160064,0.00887062587,0.00888287649,0.00827783719,0.00770951249,0.00723938923,0.00615760684,0.00585279474,0.00476204231,0.0045896871,0.00395263266,0.00401737448,0.00358328247,0.00318690785,0.00329837715,0.00277514663,0.00304338243,0.00247243186,0.00293628639,0.00253941352,0.00263620773,0.00190596445,0.00209915871,0.00129151123,0.00121548085,0.00104131852,0.00103363919,0.00107048242,0.000937671692,0.000663064246,0.00070943695,0.000693403999,0.000307644252,,0.000949648209,0.000642012106,0.00050443993,0.000745658879,0.000391022186,0.000305911177,0.000174899295,0.000499977381,0.00106627331,0.000863755587,0.00142687699,0.00136633113,0.000813060673,0.000548144453,,,,,,,,,,,,,,,,,
1101,30.8439999,2026-08-30T08:56:31.891000+0000,-20.964536640545003,154.35972683338832,0.0761321411,0.0694299862,0.077350378,0.0665020347,0.0689077973,0.0696400031,0.0782419294,0.076632686,0.079419896,0.0805000812,0.0810007378,0.0759793743,0.0734481514,0.0754596591,0.0709600151,0.0713975281,0.070323348,0.0696138144,0.0680495277,0.067420058,0.06630449,0.0658924282,0.0646100119,0.0637343153,0.0639987737,0.0623161681,0.0621733367,0.0625887588,0.0604367405,0.060866259,0.0588201247,0.0587396882,0.058741197,0.0574621782,0.0566385239,0.0565183386,0.0560276881,0.05592959,0.0555242822,0.0553143546,0.055443231,0.0540761314,0.0541438498,0.0531122386,0.0536057726,0.0528319329,0.0523788445,0.0522635989,0.0512356497,0.0509142578,0.0520566478,0.0513427593,0.0510363951,0.0506784581,0.0501712486,0.0504003912,0.0496907756,0.0492452607,0.0490699597,0.0490060784,0.0483803973,0.0478448011,0.0480518788,0.0475073121,0.0473758727,0.0480688624,0.0475758612,0.0480430909,0.0479237586,0.0463749245,0.0464331843,0.0447440334,0.0462110341,0.0446163192,0.0425779149,0.0454506576,0.0428094752,0.0405372232,0.0438559949,0.038503658,0.0376058146,0.0384135023,0.0317721367,0.0378957093,0.0366715267,0.0342866369,0.037190333,0.0274237245,0.0296274088,0.0297445375,0.0292958133,0.0284572076,0.0273953564,0.023758851,0.0209758487,0.0198823567,0.0164424405,0.0167888533,0.016536925,0.0160060152,0.0168342255,0.0161829926,0.0149366511,0.0150134033,0.0133897755,0.0127412025,0.0118983053,0.0110600442,0.0111520663,0.0101816012,0.00932065118,0.00976288039,0.00887785666,0.00818959903,0.00766946748,0.00674774405,0.00611294108,0.00588219427,0.0048698457,0.00521277077,0.00475745695,0.00414335867,0.00399695616,0.00380842015,0.00325519312,0.00274342764,0.00322246249,0.00303627341,0.00316941948,0.00274620741,0.00148608466,0.00156942836,0.00170206535,0.00161631103,0.00122253271,0.00120536936,0.00129265641,0.00121019012,0.00117559754,0.000831714133,0.000595306512,0.000459101982,0.000415265094,5.03029441e-05,0.000452362117,0.000154546113,,0.000150927692,,,,0.000426644983,0.000584081572,0.000477026799,0.000956300937,0.00033288839,,,,,,,,,,,,,,,,,,
1102,30.9759998,2026-08-30T08:56:32.144000+0000,-20.964536639280002,154.35972681778665,0.0788525864,0.072630398,0.0762507543,0.0698523,0.0692879334,0.0696901008,0.0765221715,0.0775628015,0.0792099312,0.0803401247,0.0800707415,0.0771593004,0.0729281306,0.073909685,0.0712099895,0.0707874745,0.0696233287,0.0693338439,0.067139551,0.0675201267,0.0660145655,0.0651124492,0.0645201355,0.063934423,0.0632188991,0.0623163246,0.0621735379,0.061289005,0.059637025,0.0596565828,0.0593204498,0.0577200055,0.0579814389,0.0565723702,0.0560487136,0.0550284944,0.0549778417,0.0549497418,0.0547643937,0.0545444638,0.0540433004,0.0532962047,0.0526540093,0.0532025732,0.0527464151,0.0522830598,0.0518405251,0.0515859686,0.051908832,0.05077824,0.0512810796,0.0503670238,0.0503301583,0.0494614765,0.0487635322,0.0486119874,0.0488917381,0.0484257527,0.0477800258,0.0477659404,0.047140222,0.046954859,0.0455922447,0.0454479419,0.0449265465,0.0468794107,0.0466360301,0.0464629754,0.0469335057,0.0453647003,0.0452431701,0.0459543578,0.0434721783,0.0435185805,0.0442217588,0.0426968113,0.0449888818,0.0439002998,0.0419033356,0.0417768955,0.0367351621,0.0389406271,0.0337576382,0.0350054428,0.0387667678,0.0406446494,0.0392884091,0.0276141185,0.0274677984,0.0284747928,0.0289860032,0.0276172925,0.0261653736,0.0233689602,0.0201159026,0.0192323066,0.0164823383,0.0156187676,0.0161467586,0.0159258824,0.0157841481,0.0149728786,0.0147364829,0.0134332823,0.0134196971,0.0123111401,0.0116782337,0.011090016,0.00999198947,0.00968158897,0.00887067802,0.00858285744,0.00846788008,0.00774971303,0.00683959015,0.00675794575,0.00523319887,0.00520243729,0.00478008343,0.00354296435,0.0034275658,0.00336347125,0.00308703096,0.00306850416,0.00279527181,0.00281351083,0.00259249238,0.0024662707,0.00299941562,0.00293622073,0.00208630692,0.00179991452,0.00170302868,0.00171775243,0.00133466267,0.000658355653,0.00133641984,0.000734527712,0.000269898446,0.000805558986,0.000838483102,0.000481493305,,0.000381328748,,,,0.000100695295,,,,0.000587264018,0.000614618708,0.000417266594,0.00110625697,0.000772609201,0.000467586797,6.2715495e-05,,,,,,,,,,,,,,,,
1103,31.1070004,2026-08-30T08:56:32.393000+0000,-20.964536638035,154.35972680243165,0.0771829486,0.077350758,0.0744210631,0.0734324604,0.0710680485,0.0725401789,0.0768423751,0.079822883,0.0808799416,0.0819801539,0.0804507211,0.0784192085,0.075478062,0.0744796619,0.0727299154,0.0717473701,0.0707332492,0.0701138154,0.0687695146,0.0677901432,0.0677045807,0.0663424283,0.0658701807,0.0653944761,0.0647789389,0.0637664124,0.0627436563,0.0622991621,0.0620572232,0.0613768138,0.0607106797,0.0602402277,0.0589615889,0.0583624914,0.0581188351,0.0573285781,0.0569879226,0.0564498268,0.0560544431,0.0560845137,0.0558333136,0.0552562177,0.0548440889,0.0543828048,0.0542368963,0.0540839359,0.052621875,0.0534178913,0.0528914332,0.051901523,0.052944757,0.0518705882,0.0514733233,0.0511040278,0.0505154654,0.0507533476,0.0499025583,0.0497261807,0.0497400947,0.0492158271,0.049270086,0.0484948978,0.0487525389,0.0479184501,0.0488670878,0.0494598486,0.0484161451,0.0492428467,0.0492932349,0.047124438,0.0497430526,0.0468345024,0.0451629795,0.0475802869,0.0448647663,0.045481734,0.0467865095,0.0401209816,0.0435875878,0.0437060855,0.0375794582,0.0423914343,0.0337954909,0.0375268757,0.0413929299,0.0370532833,0.0401372574,0.0265044495,0.0281781275,0.0288650934,0.0299462285,0.0285973772,0.0264354423,0.0236490853,0.0207460206,0.0190522894,0.0174922943,0.0149387242,0.0162966363,0.0158358011,0.0156040993,0.0159928016,0.0145063689,0.0141132046,0.0138796549,0.0118110906,0.0113882022,0.011310013,0.00965195056,0.00989158824,0.00954071153,0.00875286199,0.00872792304,0.00758981006,0.00763969496,0.00676812232,0.00597340474,0.00521264924,0.00498030009,0.00413313741,0.00417766115,0.00361357327,0.00343709928,0.00375857251,0.00268534198,0.00263357535,0.0026425207,0.00257627037,0.00287941727,0.00274621742,0.00273649255,0.00262030889,0.00188381446,0.00212893425,0.00216643955,0.0016008378,0.00122955278,0.00131815905,0.00134351873,0.00136882195,0.000701206271,0.000743566314,0.000748468097,0.000622246298,,,7.53703061e-05,,,,,0.000367798435,0.00019507797,0.000717476942,0.000356222619,0.000292357174,,,,,,,,,,,,,,,,,,
1104,31.2409992,2026-08-30T08:56:32.642000+0000,-20.96453663679,154.35972678707668,0.0944331884,0.0688409731,0.0751212537,0.074912563,0.0687981471,0.0713302568,0.072802484,0.0810929313,0.0797099695,0.0813001618,0.0797806904,0.0799791366,0.0747480243,0.0742696375,0.0727298781,0.0716573,0.0702232197,0.0695737973,0.0697495043,0.0686201453,0.0678845719,0.0674924031,0.0660602078,0.0657745078,0.06555897,0.0640564635,0.063893728,0.0636892617,0.0638473332,0.0616369508,0.0619408153,0.0618203692,0.0596516915,0.0593225621,0.0591489077,0.0578386262,0.0580379739,0.057199873,0.0575044677,0.0562345386,0.056443315,0.0557262227,0.0557141416,0.0546229444,0.0539272018,0.053074494,0.0531627312,0.0524291173,0.0531130992,0.0519536212,0.0519371033,0.0511028655,0.0513753481,0.0502156578,0.0491867065,0.0494242199,0.0490430854,0.0491264537,0.0494701378,0.0491857603,0.0480399914,0.0481249243,0.0473027229,0.0466887727,0.0482774377,0.0474601276,0.0470662154,0.0490627587,0.0464830548,0.0483342595,0.0465129726,0.044654578,0.0449534729,0.0446313582,0.0426766723,0.0457548574,0.0424213558,0.0424377918,0.0442166701,0.03798832,0.0416449681,0.0385011062,0.0325596668,0.0381333418,0.0361524224,0.0382243842,0.0436485,0.0255646817,0.0264183488,0.0296752714,0.0295563415,0.0273974519,0.0276755001,0.0233891793,0.0200360753,0.0205822773,0.0166022815,0.0160487015,0.0170165747,0.0152957626,0.0163140856,0.0156927463,0.0144762872,0.0150131565,0.0138496337,0.0127410619,0.0116581712,0.0105100125,0.00994193181,0.00993158109,0.00880074222,0.00927286688,0.00848794729,0.00720988354,0.00702975411,0.00636822963,0.00567353657,0.00521278614,0.00444043381,0.00449324865,0.00421773922,0.00318363868,0.00330714695,0.00273861876,0.00222538877,0.00262362231,0.00241254386,0.0030462828,0.00340942177,0.00221622828,0.00171660888,0.00191056705,0.00175432395,0.00166969572,0.00114756869,0.00137242675,0.00117154769,0.000890478899,0.0010358505,0.000710908673,0.000872949255,0.000744894613,0.000529428013,0.000372842187,2.36878404e-05,,,,0.000155733083,1.56180467e-05,0.000231590704,0.000428141444,0.00103537645,0.00105762109,0.00104619761,0.000532195438,0.000387064239,,,,,,,,,,,,,,,,,
1105,31.3729992,2026-08-30T08:56:32.891000+0000,-20.964536635545002,154.35972677172165,0.0903432667,0.0855210572,0.0742813125,0.0770326182,0.0765181556,0.0775602534,0.080412522,0.0823529437,0.0857899264,0.0852001384,0.0844806656,0.081219092,0.0802179873,0.076579608,0.0760798454,0.0756372586,0.0747931749,0.0730937645,0.0726794749,0.0723801181,0.0700145513,0.070912376,0.0696301907,0.0684744939,0.0675789565,0.0668564588,0.0672237501,0.0656392872,0.0663573667,0.0642069951,0.0632408634,0.0633104146,0.0616317131,0.0611925721,0.060698919,0.0601286292,0.0595879778,0.0592198782,0.0597044565,0.0581645295,0.0580832958,0.057526201,0.0569641441,0.052882988,0.0522673018,0.052364707,0.0511430725,0.0509896204,0.051083792,0.0498245135,0.0508481152,0.0492438525,0.0488262363,0.0491063781,0.04860726,0.0488646105,0.0492033251,0.0476565771,0.0479901657,0.0473757349,0.0478899442,0.0468349233,0.0468427949,0.0468589067,0.0460675806,0.0473602377,0.0472062342,0.0468426943,0.0479229465,0.0463341437,0.0464028828,0.0463845544,0.0440236181,0.0448717326,0.0439473949,0.0432961024,0.0432733484,0.0405706279,0.0413804948,0.0411035046,0.0383215733,0.0367395207,0.0357400589,0.0343247578,0.0372352079,0.0376279354,0.0343821906,0.024904795,0.0278684683,0.0295553561,0.0291764401,0.0274674799,0.0267255306,0.0237092543,0.0208161417,0.0191923156,0.0164422784,0.0168487038,0.0161765479,0.0164457522,0.0160040818,0.0149427317,0.0149662765,0.0141031472,0.0140796322,0.0122810621,0.0116081759,0.011510022,0.0104419217,0.009921588,0.00979074556,0.00947286002,0.00894796103,0.008379912,0.00743979309,0.00665829005,0.00611360185,0.0050528422,0.00478049833,0.00421331171,0.00381776714,0.00378366839,0.00319716986,0.00322863646,0.00283540483,0.00274364348,0.00316256122,0.00309627713,0.00251941918,0.0026762248,0.00143664761,0.00157067319,0.0012445465,0.00153002306,0.00122804136,0.00101311319,0.00104241609,0.000901490042,0.000716870534,0.000551845762,0.000213732943,,,,,1.49225816e-05,,,,,6.17296901e-05,0.000188301201,0.000395516399,0.000367680797,0.00104618876,0.0003521209,4.69585648e-05,,,,,,,,,,,,,,,,,
1106,31.5289993,2026-08-30T08:56:33.145000+0000,-20.964536634275003,154.35972675605834,0.0788633302,0.0729110762,0.0820113495,0.0693726689,0.0720681697,0.0735902637,0.079962559,0.0772829503,0.082579948,0.0836001411,0.0841106623,0.0764290914,0.0768079832,0.0771896094,0.0727198347,0.0731972456,0.0718431696,0.0720537603,0.0704594627,0.0697001144,0.0689045489,0.0674723685,0.0672102049,0.0662544966,0.0661389604,0.0643364638,0.0648437515,0.0635992959,0.0633073896,0.0635170192,0.0613608845,0.0616504364,0.060721729,0.0591025837,0.0592189245,0.0584986396,0.0582579821,0.0575798862,0.0573444627,0.0570045337,0.0568432957,0.056116201,0.055714149,0.0557330102,0.0551873557,0.0548748076,0.0540232211,0.0543298274,0.0535140783,0.0533748791,0.0529785194,0.052804254,0.0523765869,0.0515966639,0.050807476,0.0508247651,0.0501134135,0.0499166287,0.0496801734,0.049355723,0.0488699339,0.0488949344,0.0491328277,0.0476589613,0.0481776372,0.0486502834,0.0481762476,0.0499426797,0.0484829172,0.0482541099,0.0487128682,0.0465845615,0.0466836989,0.0471719205,0.0435977243,0.0455766469,0.0461541899,0.0437618084,0.0461220704,0.0389556363,0.0402442701,0.0390029401,0.0331742689,0.0360593721,0.0388603434,0.0357333496,0.0425476357,0.0249748416,0.0263185203,0.0291653946,0.0287264492,0.0269975085,0.0271055475,0.0229992606,0.0196761247,0.0187822953,0.015882289,0.0151586989,0.0166865438,0.0151157416,0.0160840824,0.0154827274,0.0138062695,0.0138931368,0.0134096276,0.0115910601,0.0116481669,0.0107800141,0.0101819225,0.0101715848,0.00881075952,0.00901286118,0.00803796574,0.00796993356,0.00692979805,0.00594829954,0.00560363382,0.00506287999,0.00454052445,0.00454333238,0.00431778748,0.00331368297,0.00333717442,0.00331864762,0.00261541223,0.00229365146,0.00247256691,0.00251627923,0.00293942331,0.00222622463,0.00143666763,0.00128071092,0.00148463272,0.00113014854,0.000948244822,0.000503382413,0.00109277281,0.00043189706,0.000397272641,0.000792208477,0.00070403982,,0.000230047386,,,,,,,,,,0.000485571451,0.000787709025,0.000266183401,0.000262089859,,,,,,,,,,,,,,,,,,
1107,31.6849995,2026-08-30T08:56:33.394000+0000,-20.96453663303,154.35972674070334,0.0844035968,0.0759013668,0.0798115954,0.0737128258,0.0730082691,0.073430337,0.0803727135,0.0823130459,0.0823699534,0.0848301649,0.0823706537,0.0804290175,0.0767179355,0.0776296034,0.0738698095,0.0735371858,0.0725331306,0.0723037571,0.0700894669,0.070160158,0.0690945908,0.0681523755,0.0668202713,0.0667445585,0.0660390332,0.0647265688,0.0641638711,0.0646194443,0.0627675727,0.0631772354,0.0618510991,0.0611006506,0.0608018748,0.0588727072,0.0593690537,0.0584287271,0.0583280772,0.057499975,0.0573445261,0.0573145971,0.0568433255,0.0561962314,0.056264244,0.0616032258,0.0609577894,0.0606855676,0.0605243742,0.0598414652,0.0596062802,0.0585876405,0.058121603,0.0575372241,0.0566092171,0.0564387739,0.0558090806,0.0547558852,0.0546540916,0.0541969799,0.0540302247,0.0530856214,0.0528998151,0.0520749688,0.0520230792,0.0519393943,0.0520881005,0.0533006601,0.0530563556,0.0518825948,0.0533627197,0.0508339256,0.0510128252,0.0510747507,0.0489544384,0.0500234328,0.0487903357,0.0485508591,0.0482206643,0.0460708439,0.0453440733,0.0443717539,0.0401746482,0.0453287512,0.0371159278,0.0397439972,0.0432088487,0.0381238461,0.0431882367,0.0283451024,0.0283587892,0.0311256144,0.0311766174,0.0295675695,0.0280155595,0.0247093458,0.0223161913,0.0199222658,0.0188022349,0.0170586351,0.0166764334,0.0175056588,0.0170740224,0.0160026569,0.015456154,0.0152730579,0.0147795817,0.0136710247,0.0120981243,0.0122100078,0.0108718807,0.0111415824,0.010020786,0.0100128558,0.00919798389,0.00866001565,0.00707989233,0.00658844877,0.00601381343,0.00541305123,0.00517068757,0.00459346734,0.00493786205,0.00427377317,0.00350723625,0.00371870957,0.00331548019,0.0027137117,0.00288259913,0.0027562757,0.00275941892,0.00298623252,0.00168683496,0.00134105422,0.00137530046,0.000841156696,0.000969722751,0.000525459531,0.000845376984,0.000774922199,0.000660277437,0.000264899689,4.62753233e-05,0.000387432054,0.000451261876,0.00022396713,,,,,,,,0.000198797206,0.000395946437,0.000347878697,0.00045614905,0.00041189199,,,,,,,,,,,,,,,,,,
1108,31.8400002,2026-08-30T08:56:33.642000+0000,-20.96453663179,154.35972672541,0.0867740512,0.072001785,0.0799519792,0.0747830272,0.0708084106,0.0730104372,0.078972958,0.0809031352,0.0795299858,0.0835901648,0.0826506466,0.079388909,0.0735478699,0.0764695704,0.0729197338,0.07153707,0.0708130673,0.0704637393,0.0699294358,0.0673901737,0.0676845983,0.066142343,0.0657603294,0.0652946234,0.064289093,0.0638666749,0.0634140372,0.0632296503,0.0609778203,0.0618075207,0.0613713861,0.0584309362,0.0591920689,0.0584328584,0.0577492043,0.0566488393,0.0570581853,0.0563800856,0.0559045896,0.0558546633,0.0547333509,0.0549362563,0.0543743558,0.0570035204,0.056768395,0.0558166727,0.0557260662,0.0558638759,0.0544995479,0.0544517562,0.0547262058,0.0537616797,0.0540531687,0.0532419607,0.0527714938,0.0523175821,0.0521851182,0.0523275062,0.0515703075,0.0517254882,0.0507296324,0.0505250208,0.050113447,0.0492700338,0.0499487855,0.0503312051,0.0493865013,0.0510324277,0.0504823849,0.0488136038,0.0502426922,0.0470849387,0.0480854586,0.0478455871,0.0448841192,0.0479670316,0.0449302197,0.0447842292,0.0467819199,0.0416657627,0.0407550521,0.0414372906,0.0332732722,0.0390458144,0.0388465635,0.0343946405,0.0439692698,0.0240355525,0.0282492209,0.0289359335,0.0298468526,0.0281976722,0.0270356387,0.0232195091,0.0205063224,0.0201022532,0.0164121464,0.0149385873,0.0170162842,0.0157155544,0.0163139775,0.0162625518,0.0138160158,0.0141329588,0.0131895291,0.0118209617,0.0123980772,0.0112700053,0.00947183557,0.0102115804,0.00950081926,0.00929285679,0.00820802059,0.00764014758,0.0073400191,0.00607867772,0.00544406567,0.00470330613,0.00432096049,0.00368368765,0.00427798973,0.00332389493,0.00343731698,0.00304879551,0.00246556057,0.00258380128,0.00213263696,0.00252627535,0.0028294255,0.00204622513,0.00214706222,0.00163154467,0.001536289,0.001282649,0.00118193601,0.000738572213,0.000979292672,0.00118946913,0.000744813296,0.00052898319,0.000479663722,0.000700008357,0.000163123477,0.000305106281,8.48924974e-05,,,,,,2.733781e-06,0.000549462624,0.000706520164,0.00025814015,0.00040610967,0.00087158184,0.000436289702,,,,,,,,,,,,,,,,,
1109,31.9939995,2026-08-30T08:56:33.891000+0000,-20.964536630545002,154.35972671005499,0.0812444389,0.0651621446,0.0890422985,0.0694432408,0.0719785392,0.0727505162,0.0824831501,0.0797832087,0.0806599706,0.084370181,0.0847106054,0.0794987902,0.0749877989,0.0779095367,0.0731596574,0.0735369548,0.072443001,0.0727636963,0.0695594028,0.0701501667,0.0695646033,0.0675723106,0.0674003661,0.0659546629,0.0667291284,0.0643367469,0.064734146,0.0641598031,0.0615980141,0.0632577538,0.0609516241,0.0602311715,0.0603422299,0.0583529696,0.058699321,0.0576889142,0.0580382645,0.0563801639,0.0568946302,0.0563146994,0.0552033484,0.0554862544,0.0546944328,0.0549437553,0.0540889017,0.0536976084,0.0526275113,0.0534259416,0.0522323586,0.0514053032,0.0520301834,0.0507755391,0.0514065996,0.0508947298,0.0503235981,0.0503590666,0.0497760139,0.0496479757,0.0493603833,0.0494753756,0.0488694832,0.0478150584,0.0486937612,0.0479305759,0.0487793684,0.0496616736,0.0480466187,0.0501522757,0.0491120704,0.0482632928,0.0491725355,0.0469450578,0.0461862758,0.0475873798,0.0446073189,0.0464823022,0.0455884114,0.0428357348,0.0462472923,0.041816473,0.0392812975,0.042020604,0.0352342278,0.0382806733,0.0396565571,0.0371073745,0.0449422859,0.0299859475,0.0274296012,0.0289262626,0.0297370851,0.0289277993,0.0266357102,0.0242496636,0.0206064265,0.0197622683,0.0177321136,0.0155785382,0.0173661653,0.016355481,0.0162939262,0.0160224754,0.0147658931,0.0150528792,0.0138894869,0.0125209345,0.0123580284,0.0117600001,0.0106317922,0.0104215676,0.00921085197,0.00952285621,0.00886806194,0.00840026792,0.00704013091,0.00693886355,0.00647431286,0.00592354313,0.00522119505,0.00500388723,0.00454811566,0.0042940178,0.00334739196,0.00331886765,0.00338563626,0.00358388131,0.0028426717,0.00328627927,0.00346941547,0.00309622055,0.00173725176,0.00199198583,0.00212714379,0.00141393382,0.00142384542,0.000961264363,0.000892698066,0.000733409834,0.000698744494,0.000972519279,0.000932628289,0.000622273656,0.000164761674,0.000446124352,8.54386017e-05,,0.00034503208,,,,0.000323243265,0.000740052434,0.00145703251,0.00124837749,0.000656067452,0.000921309693,0.000885938818,0.000261654146,,,,,,,,,,,,,,,,
1110,32.105999,2026-08-30T08:56:34.144000+0000,-20.96453662928,154.35972669445331,0.0754047185,0.0720622987,0.0829224512,0.0676033571,0.0708685964,0.0730705559,0.0807832479,0.0759732798,0.0810599923,0.083030194,0.0846405923,0.077498734,0.0766977668,0.077279523,0.0721796378,0.0726568997,0.0720929727,0.0712536946,0.0685593933,0.0691501945,0.0681646317,0.0667123049,0.0665404126,0.0655747056,0.0650591701,0.0638568178,0.0645542368,0.0627699122,0.0620481446,0.0629179031,0.0598917641,0.0598413087,0.0597323328,0.0579030514,0.0579694025,0.0573989749,0.0572883226,0.0563802235,0.0564346686,0.0554647408,0.0555133671,0.0554862767,0.054764498,0.0557339042,0.0558292046,0.0554281399,0.054258313,0.0541170835,0.053823892,0.0534672327,0.0534923375,0.052477628,0.0530084409,0.0517462119,0.0510247238,0.0511198528,0.0509264879,0.0509282202,0.0510704219,0.0512153059,0.0497593954,0.0499050841,0.0496239327,0.0486108772,0.0495196916,0.0504019335,0.0489566922,0.0507122055,0.0498119332,0.0487731621,0.0504224934,0.047225181,0.0473567881,0.0478384309,0.045069132,0.0474952385,0.0457429327,0.0434620455,0.0466556773,0.0408677422,0.0402455516,0.0425486565,0.0365863815,0.0383649059,0.0415135212,0.0397157297,0.0440507084,0.030636128,0.0310297944,0.0304364059,0.0314372033,0.0295678452,0.0280157309,0.0248897336,0.021286469,0.0204622466,0.017802082,0.0170685165,0.0174860898,0.0167954285,0.0168939047,0.016732417,0.0149958199,0.0152828265,0.0143294577,0.0129809026,0.0128380097,0.0124099962,0.0123517606,0.0108215688,0.0102608791,0.0103928419,0.00986808166,0.00855032168,0.00815019291,0.00757896993,0.00679442286,0.00612366758,0.00531131914,0.00514398282,0.00431817491,0.00402408233,0.00408743694,0.00433890615,0.00326567679,0.00317391544,0.00370269618,0.00352627621,0.00322941854,0.00280623138,0.00248736562,0.00228221226,0.00251761894,0.00220463285,0.00189487834,0.00142271817,0.00152451976,0.00132552441,0.00114085409,0.00126441498,0.00147420086,0.00123346364,0.000275615137,0.000446642865,0.000455702888,0.000205391203,0.00033497042,,0.000325547648,0.000146482489,0.000753510161,0.000740359421,0.00126729335,0.00138849451,0.000916048419,0.00146117189,0.00110576663,0.000341559411,0.000126997009,,,,,,,,,,,,,,,
1111,32.2080002,2026-08-30T08:56:34.393000+0000,-20.964536628035003,154.35972667909834,0.0885551423,0.0709027424,0.0851328373,0.0750435665,0.0748787597,0.0759106725,0.0831035152,0.0856733993,0.0835000277,0.0872302055,0.0861405954,0.0837486461,0.0776277035,0.0810895115,0.0760195851,0.0756168067,0.0751329064,0.0746736825,0.0719793811,0.0715302303,0.0705846623,0.0695722997,0.068470493,0.067714788,0.0677992553,0.0656969398,0.0659844056,0.0651801229,0.0627683923,0.0629182011,0.061442066,0.0607916079,0.0610325411,0.0590332188,0.0586295724,0.0585091002,0.0572884455,0.0568303503,0.0563547499,0.0561648197,0.0554334037,0.0553363152,0.0550046265,0.0551042072,0.0548798181,0.0548692383,0.0537899844,0.0539594591,0.053137105,0.0525112748,0.0526368469,0.0520519838,0.0515623018,0.0518093184,0.0511470735,0.0505215079,0.0509174876,0.0507187359,0.0506804995,0.0501651652,0.0502492227,0.0487951376,0.0493542962,0.0493015088,0.0491503663,0.050262481,0.0498268455,0.0502620637,0.0500316247,0.0487528741,0.0493024066,0.0486454181,0.046367839,0.047330603,0.0476029143,0.0459013619,0.0473623686,0.0459352285,0.0446932241,0.0444513224,0.0403653793,0.0402964428,0.0365927666,0.0382956527,0.0430799797,0.0378751457,0.0431903154,0.0285365507,0.0281602107,0.0292067248,0.0293174181,0.0287979394,0.0267857797,0.0241598636,0.0214165617,0.019552201,0.0168920234,0.016178444,0.0168259311,0.0158453099,0.0164638348,0.0157523043,0.01475567,0.0145727247,0.0136294011,0.0129908416,0.0120879458,0.0109499833,0.0108617088,0.0101415589,0.00977090374,0.00897284225,0.0085881222,0.00838044006,0.00729031302,0.00602917979,0.00600468041,0.00593391899,0.00502156746,0.00385419955,0.00421829568,0.00365419546,0.0031575074,0.00320898881,0.00273575564,0.00246400316,0.00253272709,0.00251627387,0.00287942169,0.00274622906,0.00272759004,0.0023927039,0.00211858912,0.00208609668,0.00151705183,0.00166576332,0.0013583618,0.000979964738,0.00122527918,0.00125838188,0.00129749894,0.00105595659,0.000427406048,0.000707732746,0.000476277899,,,0.000189599348,,,0.00048406428,0.000730998872,0.0013878583,0.00105875486,0.00184599892,0.00146087469,0.00109540066,0.000501345377,,,,,,,,,,,,,,,,
1112,32.3079987,2026-08-30T08:56:34.642000+0000,-20.96453662679,154.35972666374334,0.0823254585,0.0761330351,0.0759631023,0.0741837621,0.0722988546,0.0737707317,0.0790736601,0.0802134424,0.0833800286,0.0846702307,0.0831505731,0.0813585594,0.0792376772,0.0796295032,0.0780595392,0.076986745,0.0764028728,0.0764036775,0.0749193877,0.0737202466,0.0736546889,0.0723122954,0.0717405453,0.070314832,0.0701093078,0.0686970279,0.0690245181,0.0681502745,0.0664485767,0.0662584081,0.0648022741,0.0634618178,0.0630126819,0.0606733337,0.0601796806,0.0595291853,0.058318533,0.0581004322,0.0581047982,0.0570848696,0.056913428,0.0562663339,0.0557847135,0.0528844185,0.0525902435,0.0522200093,0.0512411557,0.0510811284,0.0514193624,0.0503041148,0.0503200218,0.0499050543,0.0497650206,0.0500215031,0.0489087403,0.0488326736,0.048648186,0.0481990986,0.048030559,0.0483450741,0.0477690995,0.0470851697,0.0471645556,0.0474219508,0.0462008379,0.0483728573,0.0471469499,0.0474819615,0.0474114008,0.046722658,0.0465823263,0.0470555685,0.0436085612,0.046322111,0.0438855477,0.0438556522,0.045848988,0.0424144864,0.0434455462,0.0426878929,0.0373363607,0.0414130315,0.037305411,0.0347513705,0.0418197513,0.0380670056,0.0398723371,0.0290268231,0.0292705186,0.0298569724,0.0299775861,0.0292580128,0.0265958328,0.024059983,0.0215566475,0.0191621892,0.0175119545,0.0167284012,0.0163958222,0.0169352405,0.0160037931,0.0164922383,0.015925562,0.014602649,0.0141093573,0.0129808029,0.0125879012,0.0120099708,0.0108616715,0.0106115509,0.0102609396,0.00946283247,0.0096381437,0.00810053479,0.00731041469,0.00677933637,0.00597486645,0.00625410257,0.00475175446,0.00405433774,0.00441838754,0.0036242879,0.00356757152,0.00359905604,0.00326581998,0.00282406015,0.00294276164,0.00229627197,0.00252942438,0.00263623102,0.00213775178,0.00262304815,0.00153927808,0.00235711969,0.00173857762,0.00133792171,0.00104105938,0.000783088792,0.00127840473,0.00165117404,0.00125982577,0.000267724972,0.000658678357,0.00046851323,0.000296680373,0.000265624956,0.000454760739,,,,0.00017445453,0.000141459226,0.000798249792,0.0010689341,0.00115596864,0.00104065961,0.000625140266,,,,,,,,,,,,,,,,,
1113,32.4099998,2026-08-30T08:56:34.891000+0000,-20.964536625545,154.35972664838832,0.0964361206,0.0656336471,0.0822736397,0.0774441212,0.0730090737,0.0749208853,0.0788140073,0.0863435939,0.0812600479,0.0855802521,0.0843105093,0.0843383744,0.0774575472,0.0787694529,0.0758394152,0.0747565478,0.0730327517,0.0731536224,0.0731593221,0.0703302547,0.0702947006,0.0684222355,0.0681706294,0.0667349175,0.0665193871,0.0653071702,0.0645447373,0.0642405599,0.0629489198,0.0615388267,0.0622626916,0.0602422319,0.0597229674,0.0585035458,0.0584898926,0.0578393303,0.0574386753,0.0569005795,0.0565148778,0.0559249483,0.0559034385,0.0545463488,0.0545348562,0.0551748425,0.0551111437,0.0553516559,0.0537236854,0.0539847463,0.0540542714,0.0526903123,0.0533969663,0.052341789,0.0518110022,0.0523863249,0.0507624,0.0509352461,0.0504797436,0.0506599098,0.0502206907,0.0491248667,0.0502688289,0.0484952405,0.0494351014,0.0488529094,0.0481818654,0.049423676,0.0499971583,0.0481116995,0.0507008731,0.0478521362,0.0474820845,0.0482658036,0.0457700305,0.0458952822,0.0469811782,0.044074893,0.0481833369,0.0432246141,0.0443324111,0.0442440733,0.0399821922,0.0380011685,0.0387168713,0.0369596183,0.0402869284,0.0414189138,0.0440446734,0.0286774933,0.0296011902,0.030287493,0.0290779825,0.0297581982,0.0261959489,0.0234002396,0.0217568427,0.0188721716,0.0175519027,0.0159483235,0.0168556068,0.0165750999,0.0160737112,0.0151820909,0.0154453535,0.0145825092,0.0138492882,0.0132307261,0.0118478369,0.0114899753,0.0112015996,0.0098815551,0.00954099558,0.00941283628,0.0084282048,0.00831073895,0.00794060715,0.00615966693,0.00665527256,0.00539450254,0.00529214786,0.00458467891,0.00435858127,0.00378448307,0.00350771332,0.00308918301,0.00285596377,0.00230418867,0.00241282396,0.00269626337,0.0026994322,0.00238623586,0.00249809097,0.00197379501,0.00225077267,0.00173937459,0.00157190615,0.00151260942,0.00179698248,0.00104995014,0.0014452585,0.00135735865,0.00132497703,0.000731657259,0.000811519334,0.000680266647,0.00040761719,0.000365884625,0.000114612165,0.000249174889,,0.000627308327,0.000235332584,0.000992473913,0.00112913037,0.00158933701,0.0012158996,0.00113019021,0.000614531746,0.000750791398,,,,,,,,,,,,,,,,
1114,32.487999,2026-08-30T08:56:35.144000+0000,-20.96453662428,154.35972663278667,0.0764463842,0.0764838755,0.0814938471,0.0700142309,0.0733891577,0.0728509277,0.0790641531,0.0790836662,0.0815500766,0.0822202712,0.0825205222,0.0782883242,0.0767175183,0.07551945,0.0721493885,0.0726765022,0.0717627332,0.0707236156,0.0696493313,0.0687802806,0.0680647269,0.0662322417,0.0659606755,0.0647949651,0.0646694377,0.0641472489,0.0636948347,0.0626706779,0.0621390678,0.0621489957,0.0601328537,0.0601524003,0.0598130785,0.0589536391,0.058109995,0.0579893999,0.0575887524,0.0570506565,0.0565849319,0.0563149974,0.0561334677,0.0554863773,0.0550049357,0.0536750145,0.0533014797,0.0527622476,0.0520245768,0.0524460003,0.0512159616,0.0520024374,0.0517593287,0.0505840667,0.0514230207,0.0504379459,0.0496136323,0.050166104,0.0497202612,0.0490201786,0.0491707325,0.0494147912,0.0485387407,0.0489752702,0.0480552949,0.0475332439,0.0488722213,0.048333969,0.047647249,0.0496616289,0.0479607284,0.0478620045,0.0482720546,0.0466459543,0.045970615,0.047006458,0.0440831929,0.0454381369,0.0450383164,0.0419115573,0.0438716337,0.0408364534,0.0382178351,0.0410009772,0.0341611654,0.0371661708,0.0408664607,0.0381899551,0.0401957855,0.0279677212,0.0294913966,0.0302476566,0.0308281183,0.0298082493,0.0283359829,0.0247203074,0.0217368864,0.0203721579,0.0183818508,0.0173982661,0.0169355236,0.0172150414,0.0173036717,0.0164620392,0.0154752666,0.0152824465,0.0145592485,0.0132306907,0.0118578011,0.0124699548,0.0108815646,0.0106115406,0.0104610091,0.00946282316,0.00859822892,0.00847079698,0.00742068095,0.00723978318,0.00625541341,0.00555464299,0.00569228549,0.00446478697,0.00400864473,0.00427455548,0.00363775203,0.00366922258,0.0032160033,0.00231422973,0.00277285627,0.00281626103,0.00270943227,0.00285623688,0.00226821145,0.00256406516,0.00194129697,0.00164014031,0.00145304331,0.00152420369,0.00159898528,0.00155227771,0.00148755847,0.001209412,0.00129669229,0.000852949219,0.000882443041,0.000610827934,0.000377907534,0.000855946098,0.000854536076,0.000219054986,0.000325314468,0.000167432881,0.000735620037,0.00091281085,0.00159941637,0.0015194692,0.00126587611,0.00121003448,0.00165435125,0.000830695382,0.000187347177,,,,,,,,,,,,,,,
1115,32.5600014,2026-08-30T08:56:35.393000+0000,-20.964536623035002,154.35972661743168,0.086487025,0.0782444701,0.0770443678,0.0753145665,0.0718893781,0.073351115,0.0768644959,0.0826138258,0.0820001066,0.0838603079,0.081320487,0.08112818,0.0770574436,0.0754094347,0.0742293298,0.0722363815,0.0720126629,0.0705336183,0.0702693164,0.0686003491,0.0685247853,0.0670022368,0.0667308047,0.0653750971,0.0648595691,0.0644374341,0.063985087,0.0632309988,0.0622394495,0.0608594306,0.0619432889,0.0596128255,0.059803389,0.058953885,0.0583302453,0.0580495894,0.0584689341,0.0578008369,0.0574150532,0.05761512,0.057143528,0.0569764413,0.0564951263,0.0570054613,0.0563023686,0.0560638383,0.055516988,0.0555894189,0.055360578,0.054768227,0.0547657907,0.0543803088,0.0541085452,0.0539123863,0.0533569939,0.0530184656,0.0524916798,0.0525609069,0.0528408363,0.0523245931,0.0520484895,0.0514753461,0.0514758229,0.0505641475,0.0513231903,0.0507547483,0.0512374714,0.0517014302,0.0517802984,0.0511116013,0.0517419428,0.0491263196,0.0495021529,0.0492896065,0.0473686419,0.0488869511,0.0473218746,0.0465404838,0.0472968034,0.0453202538,0.0439605936,0.0415851362,0.0401276238,0.0401288643,0.042017322,0.0443450175,0.0443610698,0.0240883064,0.0285019688,0.0300380923,0.0292384233,0.0289483722,0.0277860481,0.0239604823,0.0219570156,0.01976211,0.0177217387,0.0173481703,0.0160352942,0.0171848647,0.016963575,0.0164418817,0.015715044,0.0150622893,0.0140991593,0.0139205987,0.0128177209,0.0119399447,0.0109014791,0.0103715258,0.0102310581,0.00999281462,0.00909827277,0.00881097279,0.00712085469,0.00664009247,0.00675577484,0.00540501252,0.00498265307,0.00477508921,0.00405881228,0.00392473256,0.00334786135,0.00304934732,0.00274612452,0.00242434884,0.00289291213,0.0033462625,0.00288942643,0.00251624454,0.00237853732,0.00250476319,0.00207269564,0.00219223928,0.00162615709,0.00112857693,0.00115447654,0.00109863281,0.000723879668,0.00104508793,0.00103139901,0.000666509615,0.000415004557,0.000202377792,0.000108711305,0.000456120586,,8.87525966e-05,,0.000127777166,0.000236410997,0.000933729229,0.00102021487,0.00138982548,0.00117580697,0.000969613378,0.000253830978,,,,,,,,,,,,,,,,,
1116,32.632,2026-08-30T08:56:35.642000+0000,-20.964536621790003,154.35972660207668,0.0795672312,0.0782746226,0.0826745182,0.0712546706,0.0744094104,0.0757811293,0.0825645626,0.080993861,0.0845100954,0.084640272,0.0847204477,0.079338111,0.0776373744,0.0778193921,0.073299244,0.0743062869,0.0728625804,0.0728135705,0.0711592734,0.0709803179,0.0702047572,0.0689721927,0.0688407868,0.0677050799,0.0673895553,0.0662674531,0.0668351203,0.0656410456,0.065099515,0.0646295249,0.0637433752,0.0632329136,0.0624734424,0.0612639152,0.0610602684,0.0606395938,0.0606289394,0.0597508475,0.0587850437,0.0593151078,0.0586235002,0.0587764084,0.0575151332,0.0561355427,0.0566225909,0.055514276,0.0543476827,0.0545204356,0.0534819737,0.0537200198,0.0532478131,0.0525222868,0.0529103167,0.0521238223,0.0516480953,0.0517892428,0.0512521528,0.0507411622,0.0508408882,0.0506945401,0.0498584062,0.0489353612,0.0496259704,0.0486544184,0.0486534797,0.049494978,0.0490275137,0.0497313216,0.0495900996,0.0481413901,0.0493817925,0.0464262851,0.0471524559,0.0464203916,0.0453601331,0.0469094887,0.0472659022,0.0441462025,0.0452544987,0.0403706953,0.0398238711,0.0427820273,0.0355484635,0.0394617468,0.0425929129,0.0395921245,0.0436684415,0.0260285139,0.0273422003,0.0293882899,0.0298685655,0.0280984715,0.0275161099,0.0235706009,0.0208270922,0.0197721217,0.0165017266,0.0157581735,0.0164052527,0.0164748505,0.0161235798,0.0157418475,0.0152450046,0.0143822655,0.0136591522,0.0132505922,0.0121277012,0.0112799536,0.0111414678,0.0101715308,0.00903109461,0.0100628277,0.00794830266,0.0078710448,0.00757092051,0.00648018951,0.00589589495,0.0052351323,0.0048527685,0.00433519669,0.00396889215,0.00362479477,0.00344790844,0.00327939121,0.00246616057,0.00242439262,0.00266293599,0.00288626528,0.00241942727,0.00269624661,0.00174862565,0.00193497771,0.00156312063,0.00138289249,0.00125711644,0.00120993727,0.0011562116,0.000760658644,0.000455927104,0.000596942962,0.000752961845,,,,,,,,,,0.000216688204,0.000444039819,0.00087048451,0.000589955715,0.000745793222,0.000419461867,0.0005536229,,,,,,,,,,,,,,,,,
1117,32.7039986,2026-08-30T08:56:35.890000+0000,-20.964536620550003,154.35972658678332,0.0881972909,0.0742547214,0.0801446065,0.0743146911,0.0727894306,0.075151138,0.0812645853,0.0819938332,0.0822900608,0.0846502557,0.0831403956,0.0798280388,0.0773473307,0.076939337,0.0739491954,0.0736062154,0.0728725269,0.071913518,0.0708892196,0.0702402666,0.0693647042,0.0683321282,0.0677007586,0.0661450475,0.0664195195,0.0647174194,0.0646351054,0.064901039,0.0626795217,0.0634295419,0.0617734008,0.0604729503,0.060643442,0.0591039099,0.0585502572,0.0582795814,0.0579489246,0.0576508306,0.0571150109,0.0571650788,0.0562934577,0.0556463636,0.0552351102,0.0554155558,0.0550426729,0.055044461,0.0535680056,0.0536009185,0.0533826426,0.0525308847,0.0530988052,0.0518632717,0.0522112101,0.0519045554,0.051018659,0.0506696478,0.0505824052,0.0500712954,0.0500909202,0.0492945127,0.0492283665,0.0481553599,0.0478660353,0.0477745384,0.0475636087,0.0486850776,0.04807752,0.0485312454,0.0483699664,0.047121238,0.0474816561,0.0472461991,0.0449425243,0.0464906879,0.0453607664,0.0463206358,0.0461177789,0.0433389246,0.0429682098,0.0425257683,0.0389203615,0.0410103351,0.0362087525,0.0357130729,0.0429156758,0.0367957242,0.0423622355,0.0265586525,0.0278123189,0.0287784133,0.0293386895,0.0286985226,0.0262061805,0.0245306715,0.021007169,0.0197421778,0.0165417716,0.0159581937,0.0177352503,0.0166148525,0.0168735981,0.0167418513,0.0159149952,0.0152722672,0.0143291615,0.0127305947,0.0120877121,0.0116899582,0.0106514757,0.010381544,0.00978110544,0.00942283124,0.00912831444,0.00782107376,0.00726095354,0.00651024235,0.00588596286,0.00576520571,0.00483284052,0.00445525628,0.0042289272,0.00361483474,0.00350794243,0.00308941258,0.00296619395,0.0028744177,0.00224294583,0.00246626302,0.00258943276,0.00209624646,0.00236867624,0.00255508721,0.00200333213,0.0016232084,0.00141760183,0.00113062537,0.00154706731,0.00127166626,0.0012769585,0.00111788628,0.000783770345,0.000558355823,0.000386365457,0.000233260449,,7.63307326e-05,0.000554364873,,,5.79967746e-05,0.000316837803,0.000424208236,0.00153063156,0.00108002895,0.000885781716,0.000739382347,0.000693504931,0.000280119479,,,,,,,,,,,,,,,,
1118,32.7989998,2026-08-30T08:56:36.149000+0000,-20.964536619255,154.35972657081166,0.0854175985,0.0754649788,0.0802848116,0.0735448226,0.0737595335,0.0745711997,0.0815947577,0.0815339163,0.0822800621,0.0843702778,0.0842104107,0.080307968,0.0774572864,0.0771393329,0.0738591477,0.0732561573,0.0720824823,0.0719435066,0.0702692121,0.070070304,0.0695647374,0.0670921355,0.066430822,0.0652751103,0.0649495795,0.0635575056,0.0635852218,0.0635111853,0.0615097024,0.061199747,0.0606236085,0.0590531453,0.0597335882,0.05790402,0.0582603738,0.0570996627,0.0569890067,0.056370914,0.0554450676,0.0553151369,0.05505348,0.0543163903,0.0539851971,0.0559757687,0.0556731038,0.0554352365,0.0542691797,0.054442592,0.0537049063,0.053873729,0.0536919832,0.0532163456,0.0525739267,0.0521967411,0.0513103157,0.0511508137,0.0508731045,0.0508016609,0.0509509742,0.0503244139,0.0502482429,0.0489353985,0.0495062917,0.0483149849,0.0489640869,0.0502054617,0.0486876257,0.0497611463,0.0499997474,0.0482210293,0.0502115861,0.0482963622,0.0451632626,0.0482822135,0.0447234176,0.046734944,0.046384424,0.0430982038,0.0447105579,0.0428723618,0.0379813612,0.0404769443,0.0349914208,0.0396188237,0.0410254449,0.0383575745,0.0403642282,0.0265889559,0.0273225997,0.0282786451,0.0292488486,0.027778592,0.025986217,0.0238907691,0.0201372486,0.020032132,0.016791705,0.014718147,0.0169751402,0.0164947771,0.0159735531,0.0157717858,0.0145448921,0.0146021927,0.0136391213,0.012270554,0.011147676,0.011469949,0.0101214331,0.010091546,0.0096811289,0.00893283077,0.00909834355,0.00779116619,0.00660104025,0.00630040606,0.00581615418,0.00507538812,0.00471302215,0.00386540825,0.00383900641,0.00375491893,0.00311799208,0.00336946384,0.00208625011,0.00253447704,0.0024229805,0.00223626243,0.0023594345,0.00275623659,0.00185882812,0.00152541988,0.0016740188,0.00148422713,0.00153912732,0.000932767871,0.000879767118,0.0006647993,0.000500072201,0.00045069505,0.000566101051,3.01213004e-05,0.000337631674,,,,,,,,,0.000254663755,0.000521024922,0.000770204701,0.00072574825,0.000209175516,0.000433242181,,0.000387497712,,,,,,,,,,,,,,,
1119,32.8959999,2026-08-30T08:56:36.398000+0000,-20.96453661801,154.35972655545666,0.0916381478,0.0720454603,0.0772452801,0.0749851465,0.0716297105,0.0730513111,0.0769350529,0.0815740377,0.0797201023,0.0830202922,0.0810403749,0.0803078413,0.0769372135,0.0759793147,0.0744890943,0.0736160353,0.0731424317,0.0716734976,0.0707992017,0.070350334,0.068884775,0.0677521229,0.06661091,0.0665251985,0.0668996722,0.0657876506,0.0663554147,0.065641433,0.064199999,0.0646300912,0.063163951,0.0623634867,0.062703833,0.0605942085,0.0606205612,0.0597498044,0.0598091483,0.0588510558,0.058865156,0.058935225,0.0576135218,0.0576764308,0.0566453412,0.0547061153,0.0551938042,0.0549664907,0.0531110801,0.053915292,0.0531785563,0.0524183214,0.0535271093,0.0516713001,0.0522383116,0.0519702733,0.0509129912,0.0507326871,0.0508542359,0.0500222445,0.048861064,0.049844265,0.0486980416,0.0483754575,0.049126707,0.0476056971,0.0474348515,0.0498860776,0.0469077975,0.0493809767,0.0492594019,0.0471307039,0.0486514792,0.0472766273,0.0451644547,0.0469246767,0.044097703,0.0443318971,0.047105141,0.0424031839,0.0441804975,0.0422591567,0.0372852571,0.0427998826,0.0382141322,0.036496494,0.0390196145,0.0395651124,0.0385919772,0.0258094054,0.0292030834,0.0294989981,0.0299891029,0.0288187172,0.0264162645,0.0246209353,0.0214173384,0.0193421133,0.0176616404,0.0165680628,0.0164649691,0.0166346468,0.0167434681,0.0157416519,0.0150047196,0.0143820718,0.0141090509,0.0132104959,0.0121275997,0.0120199369,0.0109213833,0.0106415218,0.00947118178,0.00976281706,0.00886838604,0.00825130753,0.00769118825,0.00652063498,0.0060964399,0.00531567726,0.00481331348,0.004005644,0.00450914726,0.00357506867,0.00391808385,0.00334956055,0.00246633962,0.00282457843,0.00295301597,0.00352626899,0.00258943578,0.00315624848,0.00243908307,0.00250598253,0.00224512815,0.00186589896,0.00175159285,0.00108622573,0.00128413201,0.00132984656,0.00078510493,0.000985192484,0.000939844642,0.000862965127,0.000449674437,0.000855278806,0.000280275592,0.00032657641,4.41360753e-05,0.000148315215,0.000405100873,0.000528446748,0.00034785812,0.00136540039,0.000831663841,0.00157049973,0.00163569523,0.00161883747,0.000882824243,0.000169719337,0.000277624466,,,,,,,,,,,,,,,
1120,32.9910011,2026-08-30T08:56:36.647000+0000,-20.964536616765002,154.35972654010166,0.0816586092,0.0873158872,0.0743056834,0.0734753758,0.0756698698,0.0754314363,0.077215299,0.0815141574,0.0834901109,0.0845502988,0.0824103653,0.0787477195,0.0802271366,0.0756292939,0.0730290189,0.0740559176,0.0728723481,0.071043469,0.0707891807,0.070330359,0.0690848008,0.0682220981,0.0676909834,0.0661452636,0.0660297424,0.0647177771,0.0657955855,0.0631316528,0.0631302595,0.0634404048,0.0602942593,0.0608637929,0.0600440465,0.0591743775,0.0587807372,0.0582799241,0.0573592708,0.0567411743,0.057805229,0.0568552949,0.0565235466,0.0557964556,0.0551554635,0.0554964319,0.0551244579,0.0546576753,0.0541228913,0.0539878681,0.0537820458,0.0535027087,0.0530320182,0.0527360477,0.0524225309,0.0514336675,0.0516455695,0.0507345013,0.0506653264,0.0504028164,0.0504911542,0.0494941138,0.0495778508,0.0491955094,0.0479070991,0.0477463789,0.049125582,0.0464966632,0.0495579541,0.0494508073,0.0475590527,0.0491503626,0.0475013405,0.0445268452,0.0476655476,0.0431269854,0.0453817509,0.0460985005,0.0434753522,0.0445474833,0.0427695401,0.0408847742,0.0421976931,0.0366110057,0.0364046395,0.0399717689,0.0361811742,0.0420599468,0.045097068,0.028069865,0.0279935393,0.0295893624,0.0294893757,0.0291888323,0.0275063273,0.0234611072,0.0230074711,0.020282086,0.0167115647,0.0179179981,0.0171248131,0.0167445354,0.0178134125,0.0162315518,0.0159445591,0.0152919618,0.0140889939,0.0141504314,0.0127975428,0.0119099282,0.0116113247,0.0108415186,0.00994122215,0.0103328107,0.00939843338,0.00866145268,0.00849132705,0.0068608853,0.00703673344,0.00562594831,0.00484359125,0.00437587267,0.00414928794,0.0035752072,0.00391817559,0.00326966355,0.00321643776,0.00294467038,0.0026630701,0.0032362612,0.0028194366,0.00286624511,0.00167933828,0.00140651164,0.000846196082,0.00148748036,0.00136394415,0.000609547889,0.000948311354,0.000914685661,0.000509928504,0.000459544128,0.00012346392,,4.16573603e-05,0.000126493163,,,,,,,0.00011847174,0.000536108389,0.000542272348,0.000610781368,0.000885648245,0.000828508753,0.000412414025,,,,,,,,,,,,,,,,,
1121,33.0859985,2026-08-30T08:56:36.895000+0000,-20.964536615525002,154.35972652480834,0.0733988583,0.079496108,0.0829858631,0.0683955103,0.0746699199,0.0758614689,0.0827654153,0.0800942108,0.0861701071,0.0869603157,0.0864303112,0.080157645,0.0801570863,0.0786792636,0.0757089555,0.076215826,0.0745922923,0.0736934394,0.0718591362,0.0723503456,0.0710447878,0.0700320676,0.069810994,0.0685752779,0.0679597557,0.0672378168,0.0678856447,0.0654517412,0.0658203736,0.0650605559,0.0630844086,0.063073948,0.0620941333,0.0610444434,0.0607708022,0.0597499646,0.0595893115,0.058471214,0.0587852448,0.0583153106,0.0575335324,0.0576764457,0.0570455007,0.0556565747,0.0561447814,0.0553582832,0.0545038357,0.0541492328,0.0544538982,0.053885065,0.0536346622,0.0531086251,0.0524548218,0.0520655178,0.0515869819,0.0515954942,0.0513359345,0.0511431284,0.0511612073,0.0503840372,0.0496577546,0.0499055348,0.0494973026,0.0485567376,0.0500859655,0.0497169718,0.0495580249,0.0501206964,0.0492988229,0.04857013,0.0491712131,0.0483468845,0.0485860519,0.0472681336,0.0461838283,0.0461619459,0.0463807471,0.0444650762,0.045309715,0.0427985117,0.0400651172,0.0422831364,0.0383318774,0.0395916179,0.0422544889,0.0389851183,0.0416524634,0.0257901382,0.0280037913,0.0296595879,0.0296895448,0.0285789277,0.0269563887,0.0249212403,0.020897558,0.0198220983,0.0180515498,0.0171979852,0.0168647319,0.0168244969,0.0174233858,0.0162415076,0.0154444939,0.015261922,0.0133889774,0.0131904045,0.0123375235,0.0114999413,0.0108612981,0.0100715198,0.00942124426,0.00964281522,0.008588464,0.00819153432,0.00707141543,0.00633101258,0.00574688287,0.00497611845,0.004553759,0.00422601076,0.00444937451,0.00316528254,0.00340823759,0.00297971093,0.0022264882,0.00258472702,0.00247309264,0.00327627151,0.0025794378,0.0028562448,0.00207945798,0.00243680831,0.00210676249,0.00180833705,0.00145521713,0.00136134343,0.00145056448,0.00136731332,0.000852561789,0.00122191175,0.00121545314,0.000777235255,0.000552766025,0.00074718555,0.000241293921,0.000146859558,,7.80104892e-05,4.50212974e-05,0.000618887425,0.000378818018,0.000696504372,0.00128262129,0.00127093541,0.00116562308,0.000858319225,0.000932168914,0.000519290101,,,,,,,,,,,,,,,,
1122,33.2350006,2026-08-30T08:56:37.144000+0000,-20.96453661428,154.35972650945334,0.078849934,0.0708771124,0.0821167454,0.0696560517,0.0710002929,0.0719317123,0.0806059614,0.0776544586,0.0814001486,0.0813803598,0.0827702731,0.0776073858,0.0746869296,0.0760092139,0.0719088092,0.0718755797,0.0709721521,0.0705334023,0.0680891126,0.0683904216,0.0677748546,0.0663320273,0.0661411732,0.0648854598,0.0648499355,0.0632680953,0.0636860356,0.0631422326,0.0614209697,0.0624912456,0.0612851046,0.0609446317,0.0606446154,0.0587948188,0.0587011762,0.0581302419,0.0580995902,0.0571914986,0.0574154183,0.0566954874,0.0562836081,0.0562665202,0.0553957932,0.0550272875,0.0555162169,0.0548908748,0.0538177788,0.0543048345,0.0536414757,0.0536845997,0.0536953174,0.052748926,0.0526139513,0.051882863,0.0513425544,0.051409401,0.0509582944,0.0510143489,0.0506513976,0.050263714,0.0499173366,0.0495656542,0.0492181592,0.048468221,0.0491875559,0.0489482507,0.0492883809,0.0502603427,0.0489280894,0.0486894287,0.0485509634,0.0462074056,0.0453584865,0.0460132137,0.0452026948,0.0446963534,0.0444729812,0.0451061688,0.0433011129,0.0415341631,0.0396455452,0.0383723825,0.0358514488,0.0353115089,0.0399079323,0.0379855856,0.0415934138,0.0275511257,0.0268747862,0.0303303394,0.0305901021,0.0291691683,0.0273265503,0.0246115793,0.0216777846,0.0211620349,0.017651381,0.0172378253,0.0169743709,0.0168842506,0.0166432541,0.0171812531,0.0150141399,0.0152916731,0.0141088348,0.013450278,0.0123373903,0.0117199169,0.0108811678,0.0106115025,0.0100013278,0.00966279674,0.00886854529,0.00855182949,0.00749170408,0.00660151429,0.00630749529,0.00546672149,0.00461435737,0.00428650342,0.00458966475,0.00384557806,0.00378842768,0.00366990641,0.00344668981,0.00305492338,0.00330318417,0.00317626633,0.00299943052,0.00304625859,0.00302998442,0.00267796498,0.00222906773,0.00191179267,0.00164034287,0.00195853831,0.00117963296,0.00153780123,0.000993032474,0.000931308954,0.000543262693,0.000523158582,0.000947030494,0.000749790575,0.000762664014,0.000477192109,0.000453689718,2.75305938e-05,0.000154867303,0.000209468126,0.000740134798,0.00100803189,0.00195393991,0.00194154051,0.00203551236,0.00133761647,0.0016512922,0.000478761154,,,,,,,,,,,,,,,,
1123,33.3969994,2026-08-30T08:56:37.393000+0000,-20.964536613035,154.35972649409834,0.0816303641,0.0755574554,0.0842270702,0.0721162483,0.0745304078,0.0748917833,0.0837661922,0.0804045498,0.085360162,0.0861503705,0.0860402212,0.0792472586,0.0779268444,0.0792591646,0.0747487172,0.0749954507,0.0743420497,0.0740433484,0.0716890618,0.0718804151,0.0719848573,0.0696519762,0.069221206,0.0686754957,0.0688399673,0.0673381686,0.0676861554,0.067222394,0.0657311678,0.066601485,0.0640653372,0.0640948713,0.0637747794,0.0618649386,0.0623912923,0.0616003163,0.0618196651,0.0610315688,0.0601554513,0.0603955202,0.0594035983,0.0591665134,0.0593258627,0.0571675189,0.0570967421,0.0569318458,0.055749286,0.0553769991,0.05521442,0.0542083271,0.054969497,0.0543129891,0.0540775619,0.0538757816,0.0529047772,0.0531609654,0.05307924,0.0523148403,0.0520714819,0.0520135947,0.0516471714,0.0508856922,0.0506884828,0.0503287911,0.0496781692,0.0508887358,0.0496584959,0.0499101728,0.0512877516,0.0495790839,0.0499707796,0.0492375046,0.0473893248,0.048795063,0.0473860167,0.0468918532,0.0474715494,0.0452182256,0.0456072167,0.0428858921,0.040173091,0.0424073562,0.0384644717,0.0369186364,0.0430904813,0.0378910489,0.0400091894,0.0270915423,0.0291852094,0.0311606694,0.0317903459,0.0299792942,0.0283766352,0.025211731,0.0224379338,0.0202720556,0.0188713353,0.017567791,0.0178942513,0.0177541636,0.0168032106,0.017231185,0.0156940203,0.015501597,0.014548799,0.0138902422,0.0127973519,0.0124599114,0.0113211311,0.0110415081,0.0102213724,0.009652799,0.00988858752,0.00907194428,0.00778183434,0.0067717284,0.00642774161,0.00589697203,0.00559460977,0.00445671845,0.00453979615,0.0040157102,0.00363851571,0.0034899984,0.00343677402,0.00345499814,0.00347323343,0.00293626846,0.00269944011,0.00303625898,0.00256019039,0.00227840757,0.00217997446,0.00244314806,0.00153234927,0.00143136072,0.00184320158,0.00170195277,0.00135717669,0.00105504855,0.00103639241,0.000295549631,0.000318765873,0.000640867511,0.00070324901,0.000507361838,0.000473613618,0.000137374038,0.000384831335,,0.00047066994,0.00110865198,0.00104447687,0.00168179336,0.00203547161,0.000957324984,0.000770913612,0.000188505277,0.000387990149,,,,,,,,,,,,,,,
1124,33.5559998,2026-08-30T08:56:37.642000+0000,-20.964536611790002,154.35972647874334,0.0826408938,0.0797379538,0.0860674977,0.0730665028,0.0778705552,0.0781019107,0.0837664679,0.082834661,0.0862701908,0.0876103714,0.0870602056,0.0819371343,0.080166772,0.0792591423,0.075438641,0.075225316,0.0745719895,0.0735033229,0.0725890324,0.0712404326,0.0696148723,0.0695419535,0.0683612898,0.067195572,0.0673800483,0.0664683059,0.0665463358,0.0648026243,0.0642914549,0.0648018196,0.0619356744,0.0618052036,0.0617950112,0.060445115,0.0603214763,0.0595304444,0.0590597913,0.0586217009,0.0590155348,0.0582355969,0.0572936274,0.0573665425,0.0564159937,0.0569278635,0.0558374561,0.056693133,0.0551412478,0.0556197949,0.0557582006,0.0545930862,0.0559848137,0.0546181388,0.0538421273,0.0545494556,0.0532575622,0.0535729229,0.0532104224,0.053215459,0.0530515723,0.0528134368,0.0523469634,0.0512557514,0.0515589118,0.0513095334,0.0511689559,0.0530493744,0.0516186729,0.0525799878,0.0524473712,0.0511887223,0.0511106364,0.051057741,0.0484005138,0.0504875705,0.0489504151,0.0477890186,0.0499026217,0.0464737192,0.0468178689,0.0450136624,0.0423082486,0.0441719294,0.0378992073,0.0412085466,0.0416471846,0.0410712846,0.0421196967,0.0295220315,0.0310057011,0.0312210824,0.0320606381,0.031639412,0.028366698,0.0268619172,0.0234080665,0.0205520224,0.01919128,0.0183377247,0.0176440813,0.0178840533,0.0173631459,0.0172310658,0.016203858,0.0150614772,0.0150187323,0.0136801749,0.0127872899,0.012189908,0.0110810716,0.0102814967,0.0102314157,0.0101327896,0.00956863072,0.00848209858,0.0081919767,0.00781198032,0.00675805006,0.00645727804,0.00547491573,0.00514696864,0.00436993781,0.0040558544,0.00399861205,0.00352009432,0.00379687175,0.00301511213,0.00318327616,0.00323625724,0.00329943676,0.00297625549,0.00238046423,0.00215898594,0.00194112735,0.00135486713,0.0015848995,0.00136495114,0.0013677188,0.000707198051,0.00070240756,0.000759744551,0.000850302167,0.000688524451,0.000300911721,0.000192180742,0.000253940816,0.000297542079,0.000263485475,0.000107137952,,,0.000311339507,0.000899418606,0.00131514401,0.000952097063,0.00115542288,0.00123696984,0.000780466828,,,,,,,,,,,,,,,,,
1125,33.7179985,2026-08-30T08:56:37.891000+0000,-20.964536610545,154.3597264633883,0.091601409,0.0737583935,0.0859878585,0.0763567612,0.0755307227,0.0771720037,0.085606724,0.08443477,0.0845802054,0.086800389,0.0864101499,0.0823269933,0.0775266811,0.0794391111,0.0757385641,0.0748051852,0.0739618987,0.0738532841,0.0708690062,0.0705804527,0.0703848898,0.0685119182,0.0673813596,0.0675056428,0.0671001151,0.0651984215,0.0654965118,0.0646228418,0.0617817268,0.0630021393,0.0618559942,0.0608655177,0.0604152232,0.0596952811,0.0590716414,0.058270555,0.0581699051,0.0575718135,0.0569555983,0.0567756593,0.0560536422,0.0554865561,0.0554761142,0.054868184,0.0548881218,0.0549743511,0.0538231134,0.0541524626,0.0539418198,0.0526676513,0.0528699234,0.0521930866,0.0520665236,0.0515329987,0.0508702546,0.0506248139,0.0507315658,0.0499660522,0.0503616706,0.0499532856,0.0487767644,0.0479958057,0.048809316,0.0475102365,0.0479797125,0.0487899818,0.0475088283,0.0499398001,0.0479969904,0.0475183502,0.0478204712,0.047197938,0.045421619,0.047539942,0.0439345911,0.0453358442,0.0451432094,0.0437485576,0.045727659,0.0401403047,0.0396919996,0.0403047092,0.0340417735,0.0391261019,0.0390212946,0.0359788425,0.042707555,0.0274925325,0.0288661737,0.0307514556,0.0316809155,0.0304395556,0.029176781,0.0257021058,0.0226381999,0.0221019983,0.0180811994,0.0177476667,0.0177439209,0.0167039353,0.0175230801,0.0169909429,0.01616369,0.0159713682,0.0150086768,0.0139001189,0.0132672293,0.0123598948,0.0112610226,0.011071492,0.0102014663,0.0100927912,0.0091286758,0.00824224763,0.00770212896,0.00690222858,0.00621834397,0.00592757016,0.00494520739,0.0050572115,0.00481008552,0.00370600238,0.00381870335,0.00334018585,0.00373696303,0.00306520355,0.00301333214,0.00328626484,0.00293944031,0.00291626528,0.00248071877,0.00166954414,0.00234222296,0.00201652385,0.00135735492,0.000648410991,0.00076207699,0.000962241553,0.000897451013,0.00108427904,0.00122408348,0.000611403491,0.000382984988,0.000703458092,0.000334617216,0.000127723324,0.000283366069,,,0.000810309954,0.000231977843,0.00145016401,0.00151579129,0.00148238963,0.00141536759,0.00110662694,0.000640033279,0.000637953053,,,,,,,,,,,,,,,,
1126,33.8530006,2026-08-30T08:56:38.144000+0000,-20.96453660928,154.35972644778667,0.0830221251,0.0768390819,0.0855084658,0.0773671418,0.0766409412,0.077142179,0.0852771029,0.0850249156,0.0867201984,0.0868003964,0.0863900855,0.0814567655,0.0785565525,0.0805890411,0.0757284239,0.0755849704,0.0743217543,0.0739432201,0.0716689378,0.0716904625,0.071514897,0.0692518502,0.069221437,0.0689557269,0.0687502027,0.0673285723,0.0677867383,0.0665731579,0.065552108,0.0664326027,0.0639064535,0.0632259771,0.0630855262,0.0616355203,0.0621018708,0.0610807203,0.0607700646,0.0602719747,0.0596956797,0.0596257411,0.0589336529,0.0585365631,0.0578262769,0.0568486452,0.0561491102,0.0557561591,0.054825902,0.0553064458,0.0546972267,0.0536344834,0.053527575,0.0526305139,0.0524131171,0.0520183183,0.0509243011,0.0509576611,0.0511332862,0.050156951,0.05030182,0.049843058,0.0490264669,0.0483358838,0.0481399186,0.0473012924,0.0486008413,0.0489208847,0.0480490588,0.0491695106,0.0483664013,0.0478577651,0.0486801937,0.0463681892,0.0470932238,0.0477934256,0.0443107747,0.0464960113,0.0460690036,0.041730728,0.0444972478,0.0421501771,0.0391925164,0.0420188084,0.0341205597,0.038452372,0.0425574593,0.0376002192,0.0420894325,0.0280132666,0.0291169286,0.0306920558,0.031191349,0.0297897868,0.0278369188,0.0252224002,0.022518402,0.0208919868,0.0169211198,0.0171775855,0.017163692,0.0167637877,0.0171729997,0.0170008019,0.0159234628,0.0150512168,0.014328598,0.0132100424,0.0125571555,0.0116998898,0.0108509399,0.0105814943,0.0102015389,0.0096627865,0.00959874596,0.0080224704,0.00758235389,0.00626259716,0.00625880202,0.00540802721,0.00489566149,0.00437758444,0.00427030493,0.00383622339,0.0037688585,0.00346033368,0.00298712146,0.00329535198,0.00289340713,0.00299625797,0.0031694402,0.00333627057,0.00232108636,0.00227036583,0.00223387452,0.00186900608,0.00181103253,0.00115358178,0.00131860503,0.00139981788,0.00127501646,0.00125108904,0.00161977333,0.000615741592,0.000386123313,0.000835394836,0.000225656782,0.000348014641,0.000253204256,0.000216617482,,,0.000142953708,0.000771286141,0.00120675936,0.00161283533,0.00155529589,0.00128610292,0.000779361115,0.000277516665,,,,,,,,,,,,,,,,
1127,33.9799995,2026-08-30T08:56:38.393000+0000,-20.964536608035,154.35972643243167,0.0840329602,0.0769498125,0.0776091442,0.073737599,0.072541222,0.0739923567,0.0793375298,0.0811651349,0.0823502466,0.0850804374,0.0831600577,0.0806465894,0.0767064393,0.0768390223,0.0742983222,0.0735047981,0.073301658,0.0712931976,0.0709689111,0.0700505376,0.0695349798,0.0676418468,0.0673915967,0.0662458837,0.0654303581,0.0650188103,0.0637770593,0.0640635565,0.0629525855,0.0624031611,0.0613670051,0.0597665273,0.0595759191,0.0587258264,0.0579621866,0.0576809496,0.0567602962,0.0565922111,0.0564258359,0.0563158952,0.0558237247,0.0546966419,0.0553165153,0.0548692122,0.0540202484,0.0536481962,0.0522789918,0.052260831,0.0522231497,0.0514819287,0.0517758876,0.0516185388,0.0510002263,0.050444033,0.0497886315,0.0496107005,0.049545113,0.0490878969,0.0490119606,0.0488128029,0.0487361439,0.0475259796,0.047280591,0.0465324596,0.046122089,0.0467318855,0.0464393422,0.0469892509,0.0475158468,0.0461072437,0.0465300344,0.0451886393,0.0434651822,0.0445874445,0.0424077511,0.0441373177,0.0425964035,0.042195037,0.0430295877,0.0403536148,0.0368474573,0.0363084041,0.0335759819,0.0362458043,0.0368414037,0.0355895981,0.0379191302,0.0307640247,0.0296176691,0.0320926346,0.0330617689,0.0305699445,0.029537024,0.0267826561,0.0233085733,0.021091925,0.020951001,0.0184074417,0.0190133955,0.0183935743,0.017432889,0.0174905956,0.0166631881,0.0157610141,0.0152684944,0.0141599225,0.0135270515,0.0129398648,0.0118308403,0.011091467,0.0102116,0.00987277273,0.00956881512,0.00875270739,0.00794258155,0.00721299835,0.00651927106,0.00617848476,0.00598612009,0.0049779797,0.00473052915,0.00410644431,0.0040490008,0.00380048482,0.00351726403,0.00330550363,0.00377346878,0.00323625258,0.00382944592,0.0033962715,0.003021501,0.00232126494,0.00241568079,0.00270169554,0.00186503341,0.00207920535,0.00184565585,0.00124799472,0.00173315103,0.00168838585,0.00115582941,0.00077033625,0.000619420549,0.000847408082,0.000366702909,0.000698252697,0.000612971373,0.000306233414,0.00015448709,0.000551201054,0.000483974174,0.00144247327,0.00125778629,0.00132330251,0.00182521297,0.00118555571,0.000458694762,0.000757124042,3.84810846e-05,,,,,,,,,,,,,,,
1128,34.105999,2026-08-30T08:56:38.642000+0000,-20.964536606790002,154.35972641707667,0.0902738944,0.0804406777,0.0806699395,0.0792580619,0.0761315376,0.0772825629,0.0839180276,0.0850653425,0.0843603089,0.085990496,0.0849500373,0.0827663764,0.0780563131,0.078268975,0.0752782002,0.0739345923,0.0728515312,0.072453171,0.0715188831,0.0699605942,0.0694450364,0.0687018111,0.0676817521,0.0675060302,0.0670905113,0.0659790561,0.0655974001,0.0652639791,0.063943103,0.0628337562,0.0637475997,0.0608671196,0.0607863404,0.0602961555,0.0592925176,0.0587211847,0.0585405342,0.0577924475,0.0574159846,0.0570760444,0.0569137894,0.056036707,0.0557867587,0.0524198227,0.0522014946,0.0520804375,0.0513424017,0.0512756817,0.0512597077,0.050440181,0.0505551063,0.0508274585,0.0497581288,0.0497003905,0.0490934551,0.0486740842,0.048287157,0.0484789498,0.0482321233,0.048282519,0.0480057895,0.0468260795,0.0469213314,0.0465337411,0.0461834632,0.0476029925,0.0472796522,0.0468389429,0.0485552028,0.045516625,0.0460098162,0.0472590812,0.0438672826,0.0455918312,0.0457754135,0.0424897745,0.0460756347,0.0427419245,0.0408553928,0.0414817557,0.0375383869,0.0387456231,0.0356007889,0.0355395526,0.0379168838,0.039041169,0.038041126,0.029914856,0.0303685218,0.031983301,0.0324222483,0.0316301659,0.0292971469,0.0260029417,0.0250487924,0.0214318857,0.0205008499,0.0187873188,0.0181430951,0.0190833546,0.0178627539,0.0172603838,0.0166628864,0.0155208064,0.0154783651,0.014619804,0.0127869314,0.0126598505,0.0120207202,0.0115014557,0.0105616739,0.0103027616,0.0102988994,0.00893295556,0.00749284029,0.00772342971,0.00687979767,0.00629901048,0.00641664816,0.00501840794,0.00477079395,0.00426670955,0.00389917474,0.00364066195,0.00398744876,0.00324568432,0.00365355401,0.00329625653,0.0034694369,0.00333628687,0.00214197347,0.00147227501,0.00174767501,0.00171468046,0.00105945114,0.000865431037,0.0012335045,0.00118707097,0.000752199732,0.0009265095,0.000702591729,0.000455465633,0.0002331133,0.000629665097,0.000337883015,,0.000532723847,2.58206856e-05,,,0.000235113024,0.000393796596,0.0011689309,0.00125382782,0.0015851144,0.00101494382,0.000797932385,,8.69017094e-06,,,,,,,,,,,,,,,
1129,34.2330017,2026-08-30T08:56:38.891000+0000,-20.964536605545,154.35972640172164,0.0901849344,0.0708216205,0.0861207992,0.0750186294,0.0756018683,0.0758428127,0.0835385695,0.0828955919,0.0826303288,0.0850205347,0.0848199874,0.0808861181,0.0762461573,0.0798189342,0.0745680481,0.0740143284,0.0725713819,0.0729731172,0.0715988427,0.0695806369,0.0689650923,0.0674417689,0.0671919063,0.0665261894,0.065430671,0.0647193268,0.0642577633,0.0642544553,0.0615136735,0.0630044341,0.0616182797,0.060317792,0.0606467985,0.0586565174,0.058032874,0.0579114482,0.056910798,0.0573527105,0.0565861464,0.0558562018,0.0552038439,0.0548567623,0.0549270287,0.0532105081,0.0527628995,0.0529429801,0.0522062853,0.0512112156,0.0516371913,0.0506696105,0.0505656451,0.050227657,0.0497671738,0.0496276729,0.0490289815,0.0487379655,0.0482895002,0.048100166,0.0482323132,0.0479922034,0.0479253829,0.0475661978,0.0469321758,0.0466852039,0.0466550291,0.0474742502,0.0471499898,0.0477585867,0.0478544533,0.0477459058,0.0457995348,0.0466495566,0.0434896462,0.0445868,0.0446041226,0.0429839641,0.0444875732,0.043482624,0.0410563014,0.0416067764,0.0390680395,0.0365339071,0.0357192196,0.0342682227,0.0348090082,0.0378203057,0.0381807983,0.0293858349,0.0304195136,0.0314840823,0.0309928097,0.0307104234,0.0280672945,0.0251433216,0.0221390277,0.0212718267,0.018340718,0.018467173,0.0173827447,0.0176031161,0.0172426235,0.0169801395,0.0161925517,0.0146205723,0.0143482368,0.0137096774,0.0123468051,0.0122398268,0.010900598,0.0111214463,0.0100117605,0.00941274688,0.00857897848,0.00841326267,0.0073231468,0.00661393255,0.00628041057,0.00528961513,0.00519724935,0.00451889914,0.00433108676,0.00366699556,0.0033793652,0.00353085902,0.00357764261,0.00295587676,0.0032536597,0.00323624676,0.00335943932,0.00275628129,0.0020324979,0.00223342306,0.00218995637,0.00170809752,0.0015645246,0.00112255139,0.00129246851,0.00128746824,0.00114256039,0.00054582872,0.000690347864,0.00069135637,0.000597362407,0.000722261495,0.000289252726,,0.000152464607,,,0.000362301013,0.000196424604,0.000715321628,0.00181025371,0.00153443078,0.00154501398,0.000844239723,0.000827046228,0.000616126112,0.00080889964,,,,,,,,,,,,,,,
1130,34.382,2026-08-30T08:56:39.145000+0000,-20.964536604275,154.35972638605833,0.0893062726,0.0947228074,0.0769218653,0.0819793418,0.080332309,0.0811131373,0.0827192664,0.0857359394,0.0889504105,0.0889606327,0.0880799368,0.0857958272,0.0848359913,0.0810588971,0.0795378909,0.078634046,0.0776112154,0.0760430843,0.0741788223,0.0739107579,0.0724452063,0.071161747,0.0704921558,0.0701264367,0.0685509145,0.068309702,0.0675982758,0.0664750859,0.0664544404,0.0646353289,0.0637391657,0.063388668,0.0618674271,0.0609670095,0.0601033717,0.0597518198,0.0586911663,0.0584730804,0.0577263869,0.0574664436,0.0569139607,0.0568168797,0.0564974099,0.0547114164,0.0547347255,0.0543562472,0.0529112406,0.0535682514,0.0529166907,0.0518215485,0.0526689775,0.0514405407,0.0515885763,0.0507268496,0.0499259382,0.0497028381,0.0494924337,0.049421683,0.0490325429,0.0486918017,0.0485748649,0.0477263555,0.0474832542,0.0466870666,0.0473670214,0.0482858606,0.0469404459,0.0483581647,0.0480635613,0.0471250638,0.0486292765,0.0456602685,0.0440927744,0.0468032435,0.0432453044,0.0466420874,0.044365488,0.0423016138,0.0454481654,0.0412864685,0.039566204,0.0400855839,0.0325662903,0.0397881716,0.0394258313,0.0363258421,0.0415168665,0.0296970457,0.0316106901,0.0315349959,0.0320635028,0.0310007073,0.029057445,0.0269537121,0.0227493271,0.0219417121,0.0190404952,0.017076971,0.0190422833,0.0176027864,0.0173624307,0.0172798224,0.0159721021,0.0157502554,0.0143280588,0.012969505,0.0130466409,0.0121797957,0.0111004347,0.0110614086,0.00994187221,0.00990271661,0.00979908556,0.0081436215,0.00745351519,0.00721457321,0.00619116798,0.00569037674,0.00513800886,0.00473951921,0.00450144149,0.00397736439,0.00359960645,0.00362110534,0.00323788868,0.00317612337,0.00313377939,0.00258623762,0.00305945473,0.00292630261,0.00219316129,0.00292487373,0.00258283759,0.00228242064,0.00216092798,0.00180155633,0.00221379753,0.00160057202,0.00158562115,0.001587537,0.00160008029,0.00123872724,0.00106265908,0.00122548873,0.000530928024,0.000829274533,0.000872081262,0.000574743492,0.00107400224,0.000453025161,0.00105806987,0.00156722637,0.00148190069,0.00231518131,0.00208487408,0.00168336404,0.00130596943,0.000665498199,0.000249244738,,,,,,,,,,,,,,,
1131,34.5330009,2026-08-30T08:56:39.394000+0000,-20.96453660303,154.35972637070333,0.0802384168,0.0752447471,0.0912335962,0.0728304535,0.0770930052,0.0767336264,0.0851603895,0.082036458,0.0834705159,0.0865307078,0.0862798318,0.0792353079,0.0789856762,0.079748787,0.0736575872,0.0750835463,0.073450923,0.0725329891,0.070598729,0.0711408705,0.0695353299,0.0684116632,0.0678724945,0.0666267723,0.0667012557,0.0652002543,0.0660690367,0.0643460676,0.0624956153,0.064296715,0.0615305416,0.0607100427,0.0619483702,0.059097752,0.0592141151,0.0590823591,0.0587717034,0.057573624,0.0577267185,0.0575467721,0.0565240867,0.0564270131,0.0557079688,0.0525728166,0.0527675934,0.0512314215,0.0513591319,0.0508394875,0.0503818952,0.0497406907,0.0498503745,0.0496012457,0.049076926,0.0482116193,0.0478571467,0.04762071,0.0477471836,0.0472041443,0.0465029292,0.0466411524,0.0459940396,0.04555659,0.0449649729,0.0453400463,0.0458502099,0.0451984182,0.045971144,0.0469774455,0.0448920466,0.0458236113,0.0449787304,0.0434912592,0.0440476015,0.0439433679,0.0412730239,0.0437709391,0.0402700529,0.0414739698,0.0418212265,0.0375781693,0.0397075936,0.0363847874,0.0328463539,0.0382389948,0.0324539356,0.0394081473,0.0382402167,0.0279490408,0.0298926905,0.0320365801,0.0320646428,0.0304712132,0.0292677265,0.0251644384,0.0234098341,0.0215015989,0.0182401724,0.0194166619,0.0180715658,0.0173522942,0.0181821436,0.0162593368,0.0152513999,0.0155197773,0.0136477947,0.0136892349,0.0127763739,0.0114097493,0.0115901809,0.0107213743,0.00962204766,0.0104326932,0.00856926478,0.00814422313,0.0075941165,0.00690559251,0.00651240256,0.00569160283,0.00476923632,0.00447053602,0.00406203605,0.00383796683,0.00427000364,0.0035914937,0.00288829277,0.00318652461,0.0028939778,0.00334623526,0.00323945214,0.00322632305,0.00237423391,0.0020471944,0.00195747521,0.00176936341,0.00129120564,0.0011960062,0.00174200628,0.00141167419,0.00126664841,0.00127642043,0.00122579827,0.000660668826,0.000741255702,0.0011807509,0.000313694938,0.000189967337,9.1531896e-05,1.37983589e-05,1.37048773e-05,3.42098647e-05,0.000760725758,0.000780311588,0.000864570902,0.00113640039,0.000674658804,0.00163193757,0.000874185003,0.000524407835,,,,,,,,,,,,,,,,
1132,34.6870003,2026-08-30T08:56:39.642000+0000,-20.96453660179,154.35972635541,0.0754304007,0.0847566202,0.076465264,0.0735514536,0.0746036321,0.07625404,0.0784514397,0.0802569091,0.0841805935,0.0844107866,0.0822397098,0.078834787,0.0773253739,0.0754986778,0.0728572831,0.0724730417,0.0716506168,0.0707128793,0.0688186139,0.0682209581,0.0671054125,0.0661315471,0.0655627921,0.0644970685,0.0636815503,0.0630707443,0.0627397299,0.0610869564,0.0616067126,0.0600980036,0.059571825,0.0587513186,0.0578292534,0.0571584292,0.0561948046,0.0562128462,0.0550621934,0.0544241183,0.0546870083,0.0538570583,0.0534941815,0.053537108,0.0522584692,0.0532941222,0.0534003004,0.0524963215,0.0516966172,0.0516201518,0.0508663394,0.0506488942,0.051030729,0.0495009571,0.0494144075,0.0491156988,0.0481378436,0.0481082201,0.0483617149,0.048396498,0.0475633033,0.0472005419,0.0465632454,0.0456368104,0.0456265919,0.0447828695,0.0454532281,0.0461308472,0.0455317944,0.0464167297,0.0464005768,0.0444621816,0.0457781442,0.0438821167,0.0429421104,0.0447129011,0.0414697714,0.0419882797,0.0436623506,0.0396631993,0.0409501679,0.0378843844,0.0371520743,0.0381552875,0.0329857841,0.0348882154,0.0367092043,0.0340670198,0.0403501801,0.0300009679,0.0297246072,0.0322280787,0.032225728,0.0309317168,0.0290880259,0.0266351402,0.0232803114,0.022321526,0.0189998895,0.0183564052,0.0184809119,0.0180718321,0.0180218983,0.0170288906,0.0162007622,0.0157793425,0.0148075502,0.013218997,0.0130361337,0.012429717,0.011309959,0.0112813497,0.00984222442,0.0100826742,0.00934944488,0.00819480978,0.00764470594,0.00730656367,0.00653357804,0.00546277687,0.00534040621,0.00503150607,0.00531260902,0.00362854148,0.00396039663,0.00348187773,0.00386866881,0.00353690959,0.00337416376,0.00318623683,0.0037194679,0.00299633527,0.0014552325,0.00206939946,0.00205186452,0.00140594773,0.00137099274,0.00117976964,0.000769333099,0.00109174591,0.000686693587,0.000954431947,0.000660803285,0.000852074474,0.000539478846,0.000355796656,,0.000140654389,,,,,,0.000513258332,0.00108712446,0.00112757052,0.00108446064,0.000160572497,0.000222471426,,,,,,,,,,,,,,,,,
1133,34.8390007,2026-08-30T08:56:39.891000+0000,-20.964536600545,154.35972634005498,0.0836716145,0.0727576539,0.0822061971,0.0731720701,0.0738540217,0.0746742934,0.0814420432,0.0815671608,0.0819006339,0.0843808129,0.0820996538,0.0791044831,0.0764851794,0.0758786052,0.0727670938,0.0729127452,0.0708504319,0.0710428134,0.0691685602,0.0690510124,0.0672954693,0.0659214854,0.0653629601,0.0650772229,0.064461723,0.063371025,0.0623501241,0.0622974671,0.0605273321,0.06103874,0.0592425615,0.0590620451,0.0582797602,0.0572388209,0.0565651879,0.0557631217,0.0552024692,0.0547943935,0.0546871722,0.0536172204,0.0539642274,0.0533771552,0.0529687479,0.0521048717,0.0518218502,0.0515491404,0.050380934,0.0512363091,0.0504746772,0.0502894074,0.0500324853,0.0494923443,0.0490445122,0.0484338403,0.0477940217,0.0478225648,0.0472343378,0.0470178612,0.0464235172,0.0469901934,0.0460527875,0.0452769361,0.0463075303,0.0443944968,0.0453349724,0.045652248,0.0442321636,0.0455763079,0.0458097197,0.0439913459,0.0452377945,0.0437426046,0.0412846953,0.0441283882,0.0404794216,0.0420940518,0.0436267592,0.0396973938,0.0417857543,0.0390357301,0.0348197483,0.0388337709,0.0331067704,0.0336306505,0.0384767018,0.0337723941,0.0386761948,0.0297220554,0.0287357122,0.0313189439,0.0312763937,0.0298619922,0.0287882201,0.0255755447,0.0223906226,0.0212114956,0.0182097368,0.0173362587,0.0179505311,0.0165615771,0.016771758,0.0160686262,0.0152803948,0.0153190894,0.0141274128,0.0129888598,0.0120960036,0.0114696929,0.0108498288,0.0108413352,0.00944232102,0.00932266004,0.00835954677,0.00751514593,0.00739503093,0.00667713908,0.00558426604,0.00523345638,0.00455108471,0.0041720625,0.00362294144,0.00297887204,0.00379061094,0.00321210618,0.00307889306,0.00319713377,0.00296426844,0.00300622848,0.00330946478,0.00241632829,0.00192582828,0.00200068299,0.00169440918,0.0013397662,0.00147664477,0.000907725771,0.000709355227,0.000843357644,0.0012282813,0.000554839266,0.000889472663,0.000568674644,5.42365015e-05,0.000228722813,,,,,,,4.74846456e-06,0.000244962517,0.000848603202,9.82417841e-05,0.00101433764,0.000659782905,0.00014147046,,,,,,,,,,,,,,,,,
1134,34.9710007,2026-08-30T08:56:40.144000+0000,-20.964536599280002,154.35972632445333,0.089892596,0.079068549,0.0785270259,0.0779126063,0.0751243606,0.0759945437,0.0809525773,0.0828274339,0.0838806853,0.0850408897,0.0839196444,0.0822742879,0.0787150711,0.0775085986,0.0756369829,0.0736725479,0.0730303228,0.0716428012,0.0709585547,0.0689411163,0.0684955716,0.0670714974,0.0663231611,0.0658574253,0.065241918,0.0643313229,0.0635005236,0.0628579631,0.0618779212,0.0612994172,0.0600532368,0.0598527119,0.0590402409,0.0583591983,0.0571455732,0.0568734147,0.056462761,0.055774685,0.0552173704,0.0550874136,0.0548143312,0.0542372651,0.0537490509,0.0517055579,0.0518232211,0.0519415773,0.0503846183,0.0507115275,0.0506217144,0.0491282456,0.0499623418,0.04901186,0.0489929281,0.0485606045,0.0472691432,0.0479061566,0.0477564968,0.0477489755,0.0471536815,0.0468498878,0.0465424061,0.0455770567,0.0455683321,0.0450858809,0.0453864522,0.0456834435,0.0459725112,0.047506012,0.0459890813,0.0454707593,0.0457276441,0.0428931862,0.043717064,0.0442232192,0.0418577679,0.0437675193,0.0433874652,0.0406162813,0.041984152,0.037117295,0.0374349467,0.0378563367,0.0338580683,0.0380214453,0.0362199098,0.0358719788,0.039726112,0.0317229368,0.0303165838,0.0325296223,0.0327268466,0.0306222029,0.0296383034,0.0264758281,0.0235308073,0.0227613952,0.0188595783,0.0185960885,0.0188801717,0.0177213177,0.0181015916,0.0175183807,0.0164700467,0.0157788452,0.0155072836,0.0143987117,0.0135358712,0.0126896603,0.0120597044,0.0107713165,0.0100823967,0.0100926403,0.00927963294,0.00868540909,0.00827530492,0.00675760536,0.00656481413,0.00614400906,0.00553162536,0.00476252614,0.00483320886,0.00384914177,0.00408079196,0.00418228935,0.00347907934,0.00342731271,0.00279436214,0.00394621864,0.00353946909,0.00317634479,0.0025663157,0.00217175158,0.00152655365,0.00163295562,0.00124138303,0.00179438246,0.00147771346,0.00157304748,0.00106790452,0.00150347746,0.00105663727,0.000924093416,0.00111812493,0.000631080475,,0.000411325949,0.000400463585,3.19457613e-05,3.12819611e-06,0.000466546742,0.000415949384,0.00126636925,0.00133980857,0.00144879078,0.000964235747,0.0011391372,0.00104068685,0.000582271372,0.000340567669,,,,,,,,,,,,,,,
1135,35.0909996,2026-08-30T08:56:40.393000+0000,-20.964536598035,154.35972630909833,0.080903776,0.0735596344,0.0826679394,0.0705232546,0.0729447305,0.0743148252,0.0815431848,0.079587698,0.0815807432,0.0835809559,0.082909584,0.0765039921,0.0758549049,0.076398544,0.071616821,0.0721322745,0.0716601536,0.0704327598,0.0697085038,0.0695911646,0.0696356371,0.0680214465,0.0678833351,0.067407608,0.066902101,0.0650016218,0.0652109385,0.0640684962,0.0632185638,0.063950181,0.061623998,0.0603934675,0.0605707616,0.0587296076,0.0586259849,0.0582037084,0.0580330566,0.0570549853,0.0561275519,0.0561675988,0.0552044027,0.0551773347,0.054929357,0.0528163351,0.0532447994,0.0522644222,0.0509289578,0.0514777079,0.0502700768,0.0496587753,0.05028411,0.0495732501,0.0489430241,0.0489187352,0.0478653125,0.0477104858,0.0476391129,0.0468503274,0.0472338945,0.0468495339,0.0466019511,0.0456171855,0.0462292805,0.0451175198,0.044928208,0.0460748486,0.0450328924,0.0459956191,0.0461082458,0.044379957,0.0454173423,0.0449237227,0.0427797213,0.0443887897,0.0416875109,0.0445833951,0.0438819863,0.0416105911,0.0420298502,0.040928755,0.0376127437,0.0390349366,0.0352891609,0.0339339413,0.0390574299,0.0363273174,0.042312026,0.0321940444,0.0348076634,0.0340504907,0.0350474939,0.0340524875,0.031988468,0.0294862241,0.0256610867,0.0246913321,0.0220594034,0.0212259367,0.0205197874,0.0203310456,0.0203614365,0.0197481178,0.0185596719,0.0180685781,0.0164171364,0.0157585647,0.0151257273,0.015269639,0.0134095689,0.0134112919,0.012552496,0.0124326283,0.0118597336,0.0111857373,0.00990564562,0.00920815859,0.00829550251,0.00811467692,0.00758231059,0.00658308063,0.0065635466,0.00634946907,0.00592100527,0.0055225105,0.00521929422,0.00517754117,0.00513447402,0.00459621847,0.00523947179,0.0043363492,0.00297690812,0.00298302737,0.00254909997,0.0022567783,0.00159703824,0.00178232533,0.00163773983,0.0019446488,0.00159948063,0.00136385881,0.00146528613,0.00127066276,0.000822858419,0.000683977967,0.000620657345,0.000621700892,0.000530159916,0.000191427534,2.29629222e-05,0.000247200194,0.000807414472,0.000918061065,0.00103128178,0.00149946287,0.00123411894,0.000908353133,0.000769704697,0.000281675486,,,,,,,,,,,,,,,,
1136,35.2120018,2026-08-30T08:56:40.642000+0000,-20.96453659679,154.35972629374334,0.0737343654,0.0882801488,0.0784784555,0.070513539,0.0756549239,0.0765149444,0.0802234784,0.0767678246,0.0836007372,0.0838609412,0.0822895095,0.0769638196,0.079244785,0.075638473,0.0723166987,0.0734420791,0.0718100294,0.0714126825,0.069608435,0.0699611753,0.068605639,0.0672613755,0.0670134053,0.0659476742,0.0653321669,0.0639417395,0.0641711205,0.0622087382,0.0625988692,0.0619905405,0.0589943565,0.0603238307,0.0592810027,0.0573797859,0.057816159,0.0565738231,0.0560931712,0.0560750999,0.0556776077,0.054777652,0.0538743995,0.0545473322,0.0535994694,0.0528166927,0.0521455854,0.051795885,0.0516912118,0.0507109389,0.0505744666,0.0507243238,0.0494103357,0.0502992943,0.0490483977,0.0480530672,0.0478086062,0.0476928055,0.0471805185,0.0465210639,0.0474840179,0.0467493497,0.0460917056,0.0463772416,0.0448497608,0.0453183688,0.0458591208,0.0445255823,0.0464730747,0.0475453697,0.044957757,0.0473394655,0.0455570891,0.0426938906,0.0460509881,0.041521579,0.0434224978,0.0442416072,0.0413647778,0.0443785675,0.0400738716,0.0379611328,0.0412437841,0.033387024,0.0354032069,0.0366641022,0.0329056531,0.0365598202,0.0397549681,0.0339346677,0.0327282846,0.0352809839,0.0348778702,0.03295267,0.0328086019,0.0269764625,0.0256412774,0.0239513442,0.0201993547,0.0204458777,0.0196596012,0.0194409229,0.0201313812,0.0179879926,0.017599484,0.0175784621,0.0152270719,0.0153085068,0.0141956722,0.0135296462,0.0129795056,0.0116912965,0.0107725551,0.0108326171,0.0101897931,0.00931593031,0.00852581859,0.00721847313,0.00683586812,0.00681505166,0.00548267225,0.00571338227,0.00508371787,0.00515966117,0.00504112523,0.003722633,0.00398943061,0.00365765626,0.00371452956,0.00381621765,0.00328947557,0.00333636138,0.00301720737,0.00266369549,0.00297043053,0.00279879384,0.00245001889,0.00235653343,0.0022530416,0.00221080752,0.00177563843,0.0019294162,0.00229993789,0.00149420812,0.00114542944,0.00133557327,0.00105151208,0.000801955583,0.00117004698,0.000801188406,0.000822903356,0.000347570109,0.00105821365,0.00159897772,0.00197207159,0.00228983001,0.00246405951,0.00184792734,0.00123915728,0.00119130302,0.000220867805,,,,,,,,,,,,,,,
1137,35.3320007,2026-08-30T08:56:40.891000+0000,-20.964536595545002,154.35972627838834,0.07269492,0.0878006443,0.081738919,0.0726837888,0.0767250955,0.0776850507,0.0829637572,0.0829879418,0.0860507861,0.0871009603,0.0868195072,0.0813336894,0.0815347135,0.0789484531,0.0763266236,0.0759319589,0.075009957,0.0746426731,0.0724684298,0.0724412128,0.0718856752,0.0705013648,0.0690334961,0.0690577626,0.0671822578,0.0667518824,0.0671213269,0.0651789904,0.0652891695,0.0646408945,0.0632547066,0.0633141845,0.0621012524,0.0607399866,0.0612163618,0.0601939708,0.0601833165,0.0592252463,0.059167698,0.0581677444,0.058234442,0.0571273714,0.0568096228,0.0536070578,0.0531663224,0.0534372069,0.0522432216,0.0515637994,0.0512683317,0.0510591865,0.0505857654,0.0499045402,0.0495730452,0.0495568104,0.0485614501,0.0488547944,0.0485617183,0.0477016866,0.0482741147,0.0471991859,0.047151491,0.0463173054,0.0457502007,0.0452891253,0.0455199294,0.0460762382,0.0465432592,0.0468051955,0.0465773828,0.0463991091,0.0462169722,0.0439341664,0.0445322432,0.0444841795,0.0427770317,0.0440689661,0.0426961258,0.0413044281,0.0425449796,0.0386895016,0.040679682,0.0362725109,0.037359044,0.0375351906,0.0395436324,0.0351913795,0.0416667536,0.02948514,0.0303287674,0.0322613828,0.0313281268,0.0314027742,0.0295886789,0.0258066244,0.0246213805,0.0220312942,0.0194692612,0.018555792,0.0180994142,0.0177107956,0.0183713119,0.0172378737,0.0166493114,0.0162083246,0.0147770001,0.0141184432,0.0132455938,0.0123896338,0.0112494295,0.0112412861,0.0101526063,0.0107726157,0.00934982859,0.00908608176,0.00799598079,0.0071687228,0.00687617343,0.00637535891,0.00613298314,0.00525363721,0.00517386943,0.0045398036,0.00437122304,0.00406273268,0.00352951768,0.00387775782,0.00336457975,0.00387622253,0.00340947672,0.00315636047,0.00243748119,0.00274429051,0.00273160823,0.00242054486,0.00214263937,0.00212020334,0.00232766406,0.00199615257,0.00156096322,0.00160419382,0.00157390418,0.00104722194,0.000987595646,0.00114689115,0.000672208378,0.000642119208,0.00092989346,0.000810940168,0.000422823126,0.000257864012,0.000578880776,0.00104976189,0.00180274539,0.0021101383,0.0019140027,0.00129756657,0.00113871077,0.000631038565,,,,,,,,,,,,,,,,
1138,35.4440002,2026-08-30T08:56:41.143000+0000,-20.964536594285,154.3597262628483,0.0836853459,0.0791510567,0.086969249,0.0767540857,0.078105256,0.0791151747,0.0856340304,0.08560808,0.0851208195,0.0883110091,0.087189503,0.0820636079,0.078464672,0.0805984586,0.0758965835,0.0751418769,0.0734299198,0.074022688,0.0712984279,0.0714112669,0.0705557317,0.0690713823,0.0682535991,0.0680878684,0.0664123595,0.0655920282,0.0655015185,0.0648992211,0.0630394518,0.0632712245,0.0607950315,0.0607144982,0.060421478,0.0585801676,0.0588565469,0.0582041107,0.0574334599,0.0572053865,0.0565077998,0.0570078455,0.0556644984,0.0557974316,0.0550897717,0.0518673882,0.0509569645,0.0510183349,0.0502349213,0.0501862019,0.0497515686,0.0494232401,0.0494702905,0.0486888997,0.048716899,0.0481699072,0.0474637896,0.0474864319,0.0469627008,0.0469621904,0.0462141857,0.046709042,0.0453013219,0.0452773608,0.0453805774,0.0442497656,0.0451506115,0.0456567854,0.044323422,0.0459950678,0.0452471003,0.0439088568,0.0451569259,0.0427744687,0.0424833633,0.0428764373,0.0396109,0.0432151966,0.03971567,0.0396377258,0.04240264,0.0368731953,0.0380696282,0.0380204171,0.0309155267,0.0356160216,0.0363701284,0.0332907513,0.0362162553,0.0328855328,0.0333691724,0.034031678,0.0341783352,0.0328728519,0.0323186927,0.0290467646,0.0254814625,0.0247612558,0.0206691623,0.0204757098,0.0199192408,0.0194906779,0.0189012419,0.0194877554,0.0169191435,0.0169182196,0.015716942,0.0145783732,0.0144255357,0.0130796125,0.0122293718,0.0116812717,0.0108126383,0.0112825958,0.0106998608,0.00906618964,0.0087160971,0.00820893049,0.00780642452,0.0072756107,0.00569323171,0.00548384152,0.00567399617,0.00511992117,0.00530129764,0.00514280377,0.00428960286,0.00435783528,0.00436462043,0.0042962241,0.00388947572,0.00421636133,0.00308771455,0.00292479177,0.00236259424,0.00247202208,0.00202481449,0.00217326451,0.00222150167,0.00220059184,0.00199537398,0.00159813906,0.00179717492,0.00121969171,0.00126936287,0.00163796067,0.000732752495,0.00129222556,0.000629749033,0.000400717021,0.000312739518,0.000328096852,0.000629428541,0.00163039751,0.00158330309,0.00168038416,0.00206395844,0.00140727567,0.00124835991,0.000580849242,0.000751146581,,,,,,,,,,,,,,,
1139,35.5499992,2026-08-30T08:56:41.393000+0000,-20.964536593035003,154.35972624743167,0.0857654512,0.0895711556,0.0759793371,0.079414092,0.0788552687,0.0798151717,0.0807140619,0.0853980631,0.0857107863,0.0865109786,0.0850994587,0.0822435394,0.0817846134,0.0763584152,0.0754165277,0.075151816,0.0737898722,0.0715526417,0.0712084025,0.0705112368,0.0683056936,0.0681213364,0.0668135658,0.0657478347,0.0650423318,0.0641420186,0.0640815049,0.0620192215,0.0622394681,0.0618112423,0.0593950525,0.0603245236,0.0579814836,0.0578301661,0.0573065393,0.0565040968,0.0555034466,0.0552453771,0.0555277765,0.0544778183,0.0545044579,0.0545573905,0.0530497544,0.053137403,0.0527770482,0.0521885306,0.0513852462,0.050716687,0.0504422449,0.0497941226,0.0500712842,0.0493298881,0.049007792,0.0486006327,0.0477443524,0.047296837,0.0470529459,0.0468323231,0.0467542149,0.0461290181,0.045701284,0.0453373641,0.0444806442,0.0452098921,0.0450007506,0.0447568893,0.04567343,0.0447649956,0.045256976,0.0453487113,0.0429268032,0.0438543931,0.0439434461,0.0418567471,0.0428815484,0.0419163592,0.0413875729,0.0428104661,0.0386263654,0.0384082869,0.039366141,0.0340587422,0.0355058387,0.0359273627,0.0327928849,0.0398943424,0.0372700281,0.0285256691,0.0314993002,0.033451777,0.0322584435,0.0318229236,0.0297187623,0.0261368211,0.0244215187,0.0224412959,0.0195291825,0.0199257229,0.0182992406,0.0184306726,0.0184612498,0.0165077485,0.0167191289,0.015788218,0.0148169473,0.0139383748,0.012735541,0.0121296169,0.0115593737,0.0110412771,0.0111226449,0.0103626065,0.00948988926,0.00933623593,0.00836613402,0.00697898492,0.00697649596,0.00593567686,0.00583329704,0.00586389611,0.00501403259,0.00445995666,0.00439132517,0.00378282997,0.00405962765,0.00326786935,0.00332462229,0.00365622086,0.00318947691,0.00328636076,0.00221775402,0.00258489465,0.00186281162,0.00239233673,0.00215529022,0.00197394006,0.00160235725,0.00211160351,0.00148641446,0.00192908838,0.00196798937,0.00111032417,0.00077983248,0.00139827188,0.000172937871,0.000822310336,0.000309764408,,2.75846105e-06,0.000268176198,0.000439577387,0.00059055764,0.000773441803,0.00106045394,0.000773949316,0.00057719287,0.00019823818,0.000170742744,,,,,,,,,,,,,,,,
1140,35.6539993,2026-08-30T08:56:41.642000+0000,-20.96453659179,154.35972623207667,0.0791656002,0.0761813,0.0857994631,0.0719641894,0.0757653266,0.0762052163,0.0818041265,0.0816181079,0.0827007741,0.0851809829,0.0839094296,0.0801634863,0.0767845809,0.0782883912,0.0734764934,0.0731517673,0.0720698237,0.0710326135,0.0698883757,0.0689412281,0.0681256801,0.0659213066,0.0656435788,0.0651678443,0.064852342,0.0643420368,0.063601546,0.0625792816,0.0608895421,0.060691338,0.0600651503,0.0584346205,0.0592015423,0.0576902106,0.0568565801,0.0560541227,0.0561634712,0.0557754003,0.0549977832,0.054547824,0.0538844503,0.0538473837,0.0528897792,0.0552775003,0.0555472635,0.0548589267,0.0543458648,0.0549175777,0.0535434633,0.0536056608,0.0535630137,0.05208157,0.0532192923,0.0513018444,0.050695274,0.0506874882,0.0501333401,0.0500425324,0.0497342534,0.0497589707,0.0484112166,0.0487173796,0.0481907763,0.0467301272,0.0482210033,0.0474370904,0.0476934761,0.0483149216,0.0466668271,0.0475885607,0.0473367162,0.0451244153,0.0446037725,0.0448274948,0.0421629101,0.0455586165,0.0422711074,0.0427454412,0.0436030254,0.0385472775,0.0380975381,0.038643226,0.0348836668,0.0370369032,0.0373646878,0.0361273587,0.0390131995,0.0285658427,0.0314294696,0.0346619226,0.0333785564,0.0315029919,0.0306487884,0.0261469129,0.024481602,0.0222712811,0.020049192,0.0186757129,0.0187491942,0.0178306457,0.0184112303,0.0172777195,0.0162290875,0.0155681865,0.0145969326,0.0141783589,0.0130555285,0.0117196292,0.0115393614,0.0107812835,0.00960267149,0.00954261143,0.00905990507,0.00869628415,0.00762618054,0.0068990821,0.00719660008,0.00587578863,0.0053734025,0.00522399321,0.00461407937,0.00416001957,0.00387136941,0.0038428721,0.00347966491,0.00309789716,0.00321465451,0.0037162134,0.00324946851,0.0029463598,0.00221783761,0.00188506837,0.00147317583,0.00135289901,0.00178611069,0.00159511704,0.00149383582,0.0015733199,0.00106813398,0.00123064825,0.00102928316,0.000571326818,0.000810562167,0.00047872006,0.000313182594,,,,,0.000138284755,0.000129798369,0.000320821826,0.0009236685,0.00120056211,0.00116393331,0.000387074135,0.000638080295,0.000310633797,,,,,,,,,,,,,,,,
1141,35.7579994,2026-08-30T08:56:41.890000+0000,-20.96453659055,154.35972621678334,0.0778458789,0.0843315497,0.0786097124,0.0745643005,0.0765654147,0.0771552771,0.0809442773,0.0835181847,0.0852108225,0.0850810036,0.0835594386,0.0805334374,0.0781945512,0.0754984096,0.0732964724,0.0727217197,0.0715498179,0.0711326301,0.0696983784,0.0696912557,0.0683257282,0.0665013343,0.0657436475,0.0650679171,0.0646524131,0.0642421469,0.0630216748,0.0629494414,0.0611597262,0.0609615445,0.0598953553,0.0593048222,0.0584316961,0.0579103269,0.0575967021,0.057164222,0.0566135682,0.0561454967,0.0563578531,0.0553878993,0.0550444983,0.0550974309,0.0546098799,0.0526577123,0.0526976697,0.0519596264,0.0510169193,0.0513290688,0.0501454547,0.0504681543,0.0498457961,0.0498842448,0.0496316478,0.0486037396,0.0475667045,0.0477784872,0.0474539436,0.0473028384,0.0473442934,0.0469088815,0.0464811064,0.0460974164,0.0460210033,0.0452305228,0.0458314195,0.0464574322,0.0464435816,0.0471948534,0.0465866774,0.0455484279,0.0465067104,0.0440146253,0.0447944961,0.045248922,0.0427953266,0.0441124849,0.0423970148,0.0429236516,0.0429739133,0.0402118638,0.0377459675,0.0369565263,0.0349122286,0.0398481004,0.0348193496,0.0361637622,0.0392496362,0.0324760824,0.0320697054,0.0330321193,0.0330686718,0.0309230164,0.0297088027,0.0264569782,0.0240216386,0.021871265,0.0199991222,0.018225655,0.0183090828,0.0173705667,0.0173411854,0.0170076471,0.0159889851,0.0155381141,0.0143368756,0.0134383207,0.0127854748,0.0119096031,0.0113193188,0.0102412682,0.0101026818,0.00975260418,0.00869992562,0.00837635342,0.0078262575,0.00653921161,0.00602675974,0.00590593694,0.00548355374,0.00493410928,0.00455415668,0.00397008564,0.00378141273,0.00370290829,0.00306970789,0.00319794728,0.00261466694,0.00288621639,0.00294948067,0.00275636069,0.00196798355,0.0016353773,0.00144378457,0.00155380624,0.00180745963,0.00124697911,0.00136619364,0.0010560482,0.000600833679,0.000863061287,0.000471275416,0.000142824603,0.000121626072,0.000149367726,,,,,5.26900403e-05,,,0.000581204484,0.000723999518,0.000900714367,0.00086390652,0.000696894713,0.000237873232,,,,,,,,,,,,,,,,,
1142,35.8759995,2026-08-30T08:56:42.145000+0000,-20.964536589275003,154.35972620105832,0.0888560563,0.0760717019,0.0833297819,0.0760343894,0.0759054422,0.0770853236,0.0835043564,0.0846982002,0.0845407993,0.0875010043,0.0855894461,0.0819234028,0.0788845271,0.0792184025,0.0757964551,0.0759416819,0.0743897855,0.0738426149,0.0730283782,0.0711412579,0.0711157247,0.0688613132,0.0688336566,0.0684679151,0.0680624172,0.0663621649,0.0662617013,0.0655494854,0.0641197786,0.0639516115,0.0635054186,0.0619748868,0.0622517429,0.0617203638,0.0601767376,0.0601242408,0.0594435893,0.0589255169,0.0581778623,0.0585479066,0.0572244935,0.0577574298,0.0568899028,0.0519477762,0.0520678163,0.0522599146,0.050627362,0.050719697,0.0502163172,0.0498092473,0.0503570177,0.0495954342,0.0492227115,0.0487445891,0.0478973575,0.0480489433,0.0478342213,0.0476329885,0.0476143174,0.0471388474,0.0468210578,0.0465274304,0.0469711013,0.0462906882,0.0462016053,0.0482675768,0.0464136191,0.0481447987,0.0479165688,0.0462183245,0.0464466512,0.0463846512,0.0445447378,0.0452294573,0.0434362926,0.0437540822,0.0443995111,0.0420371704,0.0421186164,0.0420682169,0.0376640186,0.0408867486,0.0335748009,0.0349418931,0.039344728,0.0350399837,0.0342659615,0.0327662081,0.0347098373,0.033912193,0.0341887474,0.0332930572,0.0301288348,0.0281970389,0.0249516591,0.02329126,0.0214091204,0.0199156459,0.0193790589,0.0198005512,0.0179311708,0.0183176156,0.0176589545,0.0166980885,0.0159568749,0.0141283087,0.0137154609,0.0133696059,0.0112493029,0.0109812608,0.0103727039,0.0102926083,0.0097399354,0.00845639501,0.00787630212,0.00675927335,0.00640682736,0.00601601042,0.00573362364,0.00444417587,0.00491419109,0.00433012005,0.003641441,0.00405294634,0.00306973234,0.00337797776,0.00302468496,0.00283622323,0.00323947193,0.00246636872,0.00214804872,0.00217551156,0.00215404318,0.00230419147,0.00137804344,0.00217781705,0.00115723466,0.00185725931,0.00166204222,0.00142415764,0.000702199526,0.00103352801,0.000532141188,0.00052967947,0.000683680642,0.000442494755,0.000479618669,0.000490452163,,0.000188498467,0.00038028392,0.000611389522,0.000594159123,0.000900787418,0.0010338946,0.001226814,0.00105776556,0.000670450972,,,,,,,,,,,,,,,,
1143,35.9939995,2026-08-30T08:56:42.394000+0000,-20.96453658803,154.35972618570332,0.0823160484,0.080861643,0.0804897919,0.0744244009,0.0752354488,0.0760453045,0.0802843571,0.0822082013,0.0836708024,0.0845109895,0.0827594325,0.0798133984,0.0772245228,0.0764583796,0.0748264417,0.0739416778,0.0731997713,0.0721826032,0.0704983547,0.070141241,0.0690557212,0.0679313019,0.0669036433,0.0660479143,0.0656324029,0.0645321533,0.0634916946,0.0633294657,0.0628697723,0.0619016029,0.0606354102,0.0599348769,0.0595817268,0.058430355,0.0584067293,0.057534229,0.0571435802,0.0563755073,0.0555978492,0.0553078949,0.0550444834,0.0543174148,0.0539898872,0.0529777668,0.0522278026,0.0524999015,0.0515473485,0.0508796833,0.0505863018,0.0506092347,0.0504370108,0.0498254336,0.0491627157,0.0494145975,0.0489473604,0.0480489507,0.0479742289,0.0476329923,0.0474243239,0.0468488485,0.0470910557,0.0461274236,0.045981098,0.0451706871,0.0456416011,0.0464975722,0.046213612,0.0463847853,0.0465465561,0.0464883,0.045616623,0.0448146202,0.0436646938,0.0438894071,0.0416062362,0.0434240177,0.0435094424,0.0413271002,0.0424285457,0.0403481461,0.0376639441,0.0374666788,0.0335747413,0.0370818451,0.0383847095,0.0343600065,0.0403760299,0.0295262299,0.0287298337,0.0322322175,0.0314887576,0.0316930711,0.0283388607,0.0260070283,0.0226816889,0.0217112694,0.019069111,0.0174456518,0.0176990647,0.0171005577,0.0171711743,0.0170376282,0.0150489639,0.0153180975,0.0136568705,0.0129783163,0.0125454711,0.0119796144,0.0105193136,0.0107612638,0.0102527076,0.0100525981,0.00950993877,0.00822639838,0.00756630069,0.00705926539,0.00628683018,0.00605600746,0.00550362747,0.0050341757,0.00486418605,0.00433012238,0.00403143652,0.00450293347,0.00320974528,0.00354797184,0.00314468518,0.00359621295,0.00352947763,0.00345637044,0.00225804723,0.00227551092,0.00162403553,0.0015541974,0.00152803457,0.00107780972,0.00168723706,0.00115726411,0.00114205922,0.00120416982,0.00109220867,0.000893541845,0.000862152316,0.000689697219,0.000253693201,0.000192512176,0.000279635424,,,0.000108500477,0.000340294617,0.000541396148,0.000854166574,0.00117078482,0.00118389027,0.000546810799,0.000687752618,,,,,,,,,,,,,,,,,
1144,36.1119995,2026-08-30T08:56:42.642000+0000,-20.96453658679,154.35972617041,0.0937161669,0.082881771,0.0849498808,0.0809344351,0.0787754804,0.0793853477,0.0839344189,0.0840182379,0.0851608291,0.0866910294,0.0861494318,0.08134339,0.0792045295,0.0799084082,0.0757164508,0.0756816715,0.0742297918,0.0734126195,0.071958378,0.0706712827,0.0706457496,0.0685813203,0.0689336956,0.0671979636,0.0672824606,0.065972209,0.06636177,0.0652795583,0.0631298646,0.0643817112,0.0621155165,0.0614249818,0.061561808,0.0598504208,0.059296798,0.0586442873,0.0576536357,0.0572755672,0.0572679006,0.0570879392,0.0560545176,0.0559574515,0.0557099506,0.0530578792,0.0534080043,0.0524202362,0.0521678403,0.0520903692,0.0514172129,0.0507203639,0.0510882586,0.0500466265,0.050133761,0.0492754318,0.0488279909,0.0488393866,0.0482444838,0.04765312,0.0474643335,0.0476788096,0.0466210097,0.0461274423,0.0461912043,0.044880867,0.044711791,0.0465977341,0.0442636646,0.0462047718,0.0453965068,0.0445282683,0.0454466566,0.0433047563,0.0422350727,0.0443201065,0.0409773886,0.0427758321,0.0433721654,0.0384208523,0.0413334891,0.0378747359,0.0365822464,0.0369371548,0.0310475398,0.0378457941,0.0366701633,0.0342261866,0.0392821617,0.0308062993,0.0315799192,0.0325522684,0.0335788056,0.0312630832,0.0297488254,0.026807053,0.0237816926,0.0232012346,0.0189390741,0.0191656128,0.0193790048,0.0180205088,0.0188211482,0.0185275804,0.0166988987,0.0166980512,0.0152568407,0.0143582849,0.01442545,0.0132896081,0.0117192958,0.0119712576,0.0105527006,0.0109925997,0.0103299385,0.00929642003,0.00871632807,0.00808931794,0.00747688767,0.00708606932,0.00624369644,0.00563422125,0.00522422465,0.00490014954,0.00495145191,0.00435295654,0.00428975606,0.00366799021,0.00396468956,0.00377621711,0.00400947593,0.00322637567,0.00214811298,0.00270565297,0.00244431989,0.0021446012,0.00221863342,0.00185865082,0.00191828818,0.00185846933,0.00166324014,0.0019652287,0.0017930785,0.00123418542,0.00105260964,0.00149996497,0.00116381468,0.00162251515,0.0014395694,0.00135038141,0.00136265042,0.00179855409,0.00214043539,0.00261155702,0.00258430443,0.00299085258,0.00273388042,0.00240673777,0.00218767626,0.00180041103,0.00111126015,0.000154383713,0.000992106274,0.000628297683,,,,,,,,,,,,
1145,36.2319984,2026-08-30T08:56:42.891000+0000,-20.964536585545,154.359726155055,0.0847165585,0.0855821669,0.0851202533,0.0770346522,0.0781856179,0.0787454396,0.081944637,0.0838283449,0.0839908421,0.0861710608,0.0848594233,0.0801433027,0.0793544799,0.0769483969,0.0741863921,0.0738615841,0.0729297325,0.071472615,0.0704083815,0.0693913177,0.0680257678,0.0664813071,0.0665237606,0.0658580288,0.0648525283,0.064142324,0.0633119196,0.062209744,0.0614300855,0.0610419698,0.0597357787,0.0596952476,0.0586719885,0.0571605638,0.0572269447,0.0570243895,0.0564637408,0.055545669,0.0543779656,0.0549280085,0.0541845448,0.0543974824,0.0534400567,0.053138148,0.0533285476,0.0522712022,0.0520993136,0.0520224683,0.0510600545,0.051303938,0.0513022505,0.0499304906,0.0505371802,0.0491381846,0.0483700782,0.0479908548,0.0471353717,0.0473635755,0.046774406,0.0471186861,0.0469308607,0.0458374918,0.0460715294,0.0445114262,0.0455823913,0.0466882065,0.0450738035,0.0459646471,0.0468462259,0.0445280075,0.0454965718,0.0442649573,0.0422359928,0.043552015,0.0410707183,0.0429612398,0.0437905081,0.0391325131,0.0419090092,0.0407556035,0.0352486521,0.0380706079,0.0316886231,0.0348307416,0.0384501852,0.0367788337,0.035255,0.0341866687,0.0369102806,0.0363025814,0.0361589976,0.0347131528,0.0329688974,0.0306171682,0.026971763,0.025401216,0.0241190139,0.0222155675,0.0225888621,0.022620419,0.0212010909,0.0215274952,0.0197887756,0.0187679566,0.0180167966,0.0164582245,0.0153054036,0.015679596,0.0138392365,0.0135512501,0.0129127335,0.0119025921,0.0119899744,0.0110765342,0.00942643546,0.00903951656,0.00911712367,0.00772630144,0.00739392079,0.00627441332,0.00719432766,0.00621026568,0.00543153612,0.00507303979,0.00521982741,0.00438807439,0.00484472886,0.00441622036,0.00452948315,0.00438637473,0.00296830898,0.00327608665,0.00260517839,0.00235589826,0.00218055816,0.001781345,0.00216168305,0.00210240087,0.00165716093,0.00179873884,0.00186600257,0.00165640935,0.00160420826,0.00116093282,0.00113432854,0.00100263814,0.00155946845,0.00128020265,0.000812589889,0.000698776916,0.000980926328,0.00166212907,0.00209480571,0.00216107653,0.0018938391,0.00155647367,0.00182734325,0.000920212013,0.000611359719,0.00037503941,0.000203637872,,,,,,,,,,,,,
1146,36.3190002,2026-08-30T08:56:43.144000+0000,-20.96453658428,154.35972613945333,0.0775167644,0.0859723464,0.075560376,0.0737147853,0.0760356858,0.0772854686,0.0776847452,0.0813784078,0.0843208581,0.0838710517,0.0819794163,0.0800332576,0.0773444548,0.0746183842,0.0730163753,0.0721115321,0.0719897151,0.0704326108,0.0687883645,0.0679313317,0.0671857968,0.0666913092,0.0657638088,0.0647880659,0.064062573,0.0638523847,0.0627419949,0.0617398433,0.06170021,0.060612116,0.0597359203,0.0593853816,0.0581320859,0.0575306453,0.0572270229,0.056654457,0.0556538031,0.0551657341,0.0556780063,0.0552380495,0.054114569,0.0537675023,0.0536001213,0.0546382889,0.0548288301,0.054701712,0.0534900799,0.053323552,0.0523415208,0.0524157807,0.0518343039,0.050802473,0.0502989329,0.0497295968,0.0492011458,0.0488616042,0.0483358167,0.0487638116,0.0480644405,0.0479886234,0.0477207787,0.0469075143,0.0464416966,0.0470017157,0.0465126969,0.0467184633,0.0478538722,0.0474745855,0.0461760946,0.0470678806,0.0455665328,0.0450950749,0.0455064811,0.0421930216,0.0449824482,0.0426440388,0.0431748182,0.0453285277,0.0418270119,0.0385363437,0.0398122407,0.0351678096,0.0395597294,0.0376938432,0.0376158692,0.039075844,0.0402820744,0.0264568441,0.0300204661,0.0322226956,0.031029107,0.0304332208,0.0292289052,0.0251972321,0.0236118007,0.0206011776,0.0182789732,0.0175655223,0.0170487911,0.0173103511,0.0172810555,0.0162774362,0.015778698,0.0148679139,0.0138867619,0.0129982056,0.0120853679,0.0117095914,0.0113592092,0.0104912464,0.0105827432,0.00959257968,0.00897998549,0.00804658886,0.00765650254,0.00778961368,0.00693724491,0.00630641123,0.00593403494,0.00526450714,0.00550438277,0.00468031503,0.00404156279,0.00400306936,0.00439986866,0.00372810941,0.00373474439,0.00383622176,0.0032994824,0.00316637452,0.00198840769,0.00165630132,0.00189562794,0.00147656165,0.00134153676,0.00161273906,0.00102342886,0.000994416187,0.000999166397,0.000740543939,0.000497498782,6.75418414e-05,0.000535019208,5.1430543e-05,0.000364580541,4.26948536e-05,,,,,1.11788395e-05,0.0001824231,0.000395051902,0.000531190424,0.000963814324,0.000486339413,7.18119554e-06,,,,,,,,,,,,,,,,,
1147,36.3880005,2026-08-30T08:56:43.393000+0000,-20.964536583035002,154.35972612409833,0.0753866658,0.0780422986,0.0862003416,0.0718447119,0.0753156692,0.0765054598,0.0839146972,0.0803983584,0.084130846,0.0868610367,0.0850994065,0.0785032436,0.078234449,0.0784783661,0.0730163679,0.074281536,0.0723197088,0.0720925853,0.0704083592,0.0703213066,0.0683957711,0.0678212866,0.0670837685,0.0665280372,0.0657225326,0.0648123398,0.0644419491,0.0635097921,0.0625101551,0.0627520531,0.0611258559,0.0607253201,0.059962038,0.0591006018,0.0584069751,0.0582744107,0.0582537614,0.0568256937,0.0565079711,0.0563180111,0.0562945381,0.0550974719,0.0545400791,0.0528982207,0.053328719,0.0527415313,0.0516398214,0.0517232008,0.051201053,0.0505052023,0.05096367,0.04964187,0.0493284129,0.0491591804,0.0483808368,0.0478613898,0.0482956953,0.0477737486,0.0475844368,0.0473386459,0.0473708026,0.0465475023,0.0465716384,0.0461116172,0.0464525931,0.0465883762,0.0464838408,0.0474345833,0.0469161049,0.0460178778,0.0460364968,0.0451249704,0.0444562584,0.0438926257,0.0427118279,0.0430530831,0.0432034023,0.0423265956,0.0415144786,0.0401329882,0.0382580273,0.0387125164,0.0343232788,0.0377968065,0.034918122,0.0387677811,0.0376340672,0.0314868167,0.0335504264,0.0355826765,0.0358090922,0.033743225,0.033388909,0.0288872402,0.0261018239,0.024441231,0.0203990191,0.0194655489,0.019788824,0.0191503912,0.0192310736,0.0183174629,0.0169687383,0.0171679351,0.0157267898,0.0153182149,0.0137253925,0.0128595978,0.012239228,0.0121912528,0.0112927547,0.0114725912,0.0104099903,0.00952657405,0.00890648738,0.00822959002,0.00701720314,0.00661638519,0.00593400607,0.00604448607,0.00545437867,0.00495031243,0.00479156058,0.00480306009,0.00377986766,0.00395810045,0.00396474078,0.00406622235,0.00359948608,0.00334637705,0.00208837446,0.00217623543,0.00215548417,0.00168635696,0.00165123702,0.00158230518,0.0014829,0.00180381094,0.00100857648,0.00107002852,0.000907077221,0.000657231081,0.000764806988,0.000461310963,0.000254531973,,9.94480215e-05,5.01521863e-05,,,0.000321109663,0.000612347038,0.000944986183,0.00129115849,0.00111382431,0.000886372407,0.00085721229,6.01189677e-05,,,,,,,,,,,,,,,,
1148,36.4560013,2026-08-30T08:56:43.641000+0000,-20.964536581795002,154.359726108805,0.0923068747,0.0773124248,0.0835405216,0.0764348432,0.0767157227,0.078405492,0.0835048109,0.0840583965,0.0854608491,0.0869910493,0.0851094127,0.0806332082,0.0784844235,0.0779883638,0.0748163462,0.0741014928,0.073699683,0.0722425878,0.0716783479,0.0707813203,0.0695357919,0.0682012886,0.0672838166,0.0661280751,0.0664125755,0.0643323958,0.0645420253,0.0636898875,0.0618802607,0.0621521771,0.0609659851,0.0589854456,0.0594221279,0.0584306754,0.0574470535,0.0568744726,0.0567638166,0.0555457473,0.0555180125,0.0554680526,0.0549745597,0.0541574955,0.0538301356,0.0513983518,0.0515989736,0.0507819913,0.0502405129,0.0498241782,0.0497623719,0.0488568656,0.048705522,0.0482536592,0.0472299941,0.0475104488,0.0463317968,0.0465720631,0.0463160984,0.0460339561,0.0458344631,0.0460385866,0.0457107313,0.044837527,0.0450317897,0.0445018783,0.0441328734,0.0458585992,0.0445339046,0.0457845293,0.045325987,0.0438977703,0.0440464653,0.0438250862,0.0415467098,0.0430435389,0.0419734009,0.0403856188,0.0433872938,0.0403720215,0.0398616865,0.0393726677,0.0353602618,0.0352880098,0.0343122855,0.0326176025,0.0368712284,0.0362920873,0.0367384218,0.0308469739,0.032080587,0.031642817,0.0327291675,0.0312532447,0.0290589444,0.027047297,0.0235718489,0.0211111922,0.0191489886,0.0180155169,0.0169287622,0.0176303349,0.017191045,0.0170274209,0.0155486679,0.0150878942,0.0145767517,0.0136981942,0.0123053603,0.0116795832,0.0105691999,0.0102512501,0.00982276816,0.00959258154,0.00871000532,0.00811663084,0.00720653962,0.00680967094,0.0061573172,0.00531649683,0.00498411525,0.00448456826,0.00415442046,0.00358036393,0.00280158757,0.0036530958,0.00306989043,0.00279813795,0.00238475669,0.00253621489,0.00259948522,0.00228637061,0.00227847276,0.00182643905,0.00199589157,0.00164694758,0.000952128787,0.00128356344,0.00129448017,0.00115562289,0.000870385673,0.0006516414,0.000298417872,0.000488246325,0.000425534556,0.000241750968,,,,,,,0.000171339663,0.000182606338,0.000925215427,0.00081126485,0.000943805382,0.000106251042,,3.00419051e-05,,,,,,,,,,,,,,,,
1149,36.526001,2026-08-30T08:56:43.890000+0000,-20.964536580550003,154.35972609345,0.0822969899,0.0841825679,0.0775905773,0.0754248947,0.0748757571,0.076655522,0.0790948644,0.0816584453,0.0834508687,0.0836010724,0.0821093917,0.0792131796,0.0766144022,0.0751183555,0.0733963251,0.0722814724,0.0712896585,0.0698925853,0.0696083382,0.067921333,0.0672757998,0.0656312928,0.0653538331,0.0643880889,0.0639725924,0.0637524277,0.0625420585,0.0624899417,0.0617903285,0.060272254,0.0602260605,0.0588355176,0.058362186,0.0575307123,0.0570870861,0.0564245023,0.0559438467,0.0554657765,0.0556780286,0.0548580699,0.055124566,0.054467503,0.053910166,0.0550384298,0.0546791293,0.0547822602,0.0546509326,0.0547047742,0.054803174,0.0536078736,0.0536766499,0.0535947494,0.0522809587,0.0525512286,0.0516323894,0.0511824749,0.0517263487,0.0513840877,0.0508444868,0.0501485541,0.0505406857,0.0485475361,0.0487018786,0.0484720357,0.0470430404,0.0482687354,0.0475539379,0.0482444875,0.0488459133,0.0462876968,0.0459264442,0.0469651408,0.0425569676,0.0455640778,0.0435343385,0.0413371436,0.0450296476,0.0425853133,0.0421560705,0.0417985581,0.0361877196,0.0392074622,0.036943879,0.033490289,0.0388153605,0.0386569425,0.0369533412,0.0289070942,0.0326207057,0.0332628898,0.0322592445,0.0318032689,0.028948959,0.0263773166,0.0237818919,0.0208711866,0.0196789447,0.0171755068,0.0174487289,0.0177303087,0.0166110322,0.0170873869,0.0164786261,0.0146478675,0.0148167498,0.0136881806,0.0115753524,0.0121595915,0.010749192,0.0102112535,0.0101527786,0.00973259099,0.00918001216,0.0088066617,0.00739656063,0.00693972223,0.00653737644,0.00584655069,0.0054241661,0.00463461597,0.0043444559,0.00411038473,0.00337160751,0.0033931213,0.0030799103,0.00245815935,0.00285476423,0.00289621181,0.00277947658,0.00287638302,0.00262852758,0.00217656023,0.00181612966,0.0020473199,0.00206267321,0.0011643261,0.000975436647,0.00135673676,0.000581485685,0.000892632408,0.00070924894,0.0006288765,0.000675981632,0.000562028377,,9.27876681e-05,3.9361068e-05,,,,,0.000362766732,0.00044535182,0.00070132839,0.000533795974,0.00063617347,8.6971093e-05,,,,,,,,,,,,,,,,,
1150,36.6230011,2026-08-30T08:56:44.145000+0000,-20.964536579275002,154.35972607772499,0.0754070505,0.0847725943,0.0778706595,0.0732949078,0.0742958114,0.0735655576,0.0808249041,0.0782184824,0.081420891,0.0836010799,0.0817394033,0.0773331821,0.0759544,0.0760883689,0.072246328,0.0715114623,0.0703496635,0.069732599,0.0677283555,0.0675613359,0.0668158159,0.0652713031,0.0644838512,0.0643981174,0.0630026162,0.0621024594,0.0618720949,0.0617499724,0.0607203729,0.0603623018,0.0596561134,0.0582855716,0.0584322214,0.0566307455,0.056787122,0.05621453,0.0564738773,0.0548658073,0.0553780533,0.0543180928,0.0545045808,0.0537675172,0.0536001995,0.0547184832,0.0544392243,0.055012431,0.0538811758,0.0533351153,0.0527336299,0.0527984351,0.0529472716,0.0524853431,0.0525814816,0.0515916459,0.0510327034,0.0510926992,0.0507464781,0.0505941547,0.0508844927,0.0500085354,0.0499706604,0.0499575473,0.049051933,0.048642125,0.049493134,0.0489788167,0.0493039675,0.0501844808,0.0479258858,0.0494676791,0.0492764562,0.0449852049,0.0474371538,0.0461844206,0.0437249057,0.0467880331,0.044180993,0.0438571684,0.0453985259,0.0381718352,0.0401918441,0.0393526666,0.03246025,0.0395072363,0.0392630547,0.0379050113,0.0436713882,0.0292971339,0.0304507595,0.0324029215,0.0316492729,0.0296932701,0.0288189556,0.0255573429,0.0216918867,0.0212011728,0.0182889439,0.0172354802,0.0175286885,0.0167602953,0.0165210124,0.0163773708,0.014838608,0.0148678478,0.0136667248,0.0127381589,0.0118453344,0.0114095807,0.010319178,0.0100712376,0.00915277842,0.00883258786,0.00891000591,0.00774668157,0.00753658731,0.00663974416,0.00579740293,0.00552658038,0.00484419987,0.00426464574,0.00421447214,0.00319040148,0.00374162733,0.0035431257,0.00244992878,0.00279816892,0.00279477658,0.0025962207,0.00271948543,0.00223638024,0.00203856383,0.00189663644,0.00170626503,0.00135752407,0.00167296373,0.000844741706,0.00118596258,0.000687338237,0.00058208016,0.000403165235,0.000309676165,0.000109194312,7.62075651e-05,0.000242159469,,,,,,,,,0.000485425757,0.00074136199,0.000133789872,0.000206141034,8.69299984e-05,,,,,,,,,,,,,,,,,
1151,36.7319984,2026-08-30T08:56:44.394000+0000,-20.964536578030003,154.35972606237002,0.0847171769,0.0818527266,0.0810107291,0.0751049817,0.0766158327,0.0777055696,0.0824149475,0.0811585039,0.0849408731,0.0851910636,0.0847193897,0.0796731561,0.0783743858,0.0761683658,0.0737263039,0.0740314275,0.0723196492,0.0714725852,0.0696883425,0.0692113414,0.0678258166,0.0674412921,0.0665138587,0.0660381243,0.0655326247,0.0653024763,0.0646521375,0.06295003,0.0626004338,0.0625023767,0.0600561835,0.0608856417,0.0598922707,0.0588707775,0.0583271571,0.0579045527,0.0581738986,0.0565958321,0.0566580631,0.0555481054,0.0558245815,0.0550175197,0.0550102219,0.0517885536,0.0528593808,0.0518027171,0.05094162,0.0514257513,0.0502244942,0.0502195284,0.051158499,0.049026534,0.0498725399,0.0496424958,0.04825335,0.0486131534,0.0485867523,0.0479042977,0.0475845151,0.0477984957,0.0466406159,0.0462475605,0.0469720289,0.0454222932,0.0454933159,0.0467189625,0.0454040021,0.04656443,0.0465857908,0.0455475822,0.0463964082,0.0445452407,0.0431074053,0.0449049734,0.0427158885,0.0423796587,0.0438635163,0.0404807143,0.0417732634,0.040088214,0.0393899344,0.038732931,0.0356828645,0.0369910598,0.0370084606,0.037621256,0.039617721,0.034967266,0.0331008732,0.0334230326,0.0340893492,0.033103317,0.0310689658,0.0282573923,0.0249819197,0.0220811758,0.0209089145,0.0188354664,0.0175586492,0.0176702701,0.0172210131,0.0170373488,0.0157885663,0.0146478228,0.0148067111,0.013458156,0.012555318,0.0118895769,0.0110591725,0.0110112475,0.0100327935,0.00953258481,0.0086800186,0.00872670766,0.0075366227,0.00633981358,0.00640748348,0.005846655,0.00551427295,0.0049947137,0.00421450799,0.00424043275,0.00394164026,0.00328315422,0.00377995614,0.00291819195,0.00326478621,0.00271621975,0.00271948543,0.00269637909,0.00221861503,0.00206676102,0.00211653486,0.00193791848,0.00177355413,0.00218557264,0.00208700821,0.0022785503,0.00178329903,0.00227425015,0.00196058769,0.00145989168,0.00130671356,0.00140247517,0.0012451373,0.00132284244,0.000869302894,0.000619924744,0.000672507216,0.00075912365,0.00127170223,0.00153303216,0.00192558556,0.00191142864,0.00180377334,0.00140605483,0.00134682679,0.00052989379,5.14895655e-05,,,,,,,,,,,,,,,
1152,36.8400002,2026-08-30T08:56:44.643000+0000,-20.964536576785,154.359726047015,0.0864072666,0.0789928213,0.0785808563,0.0753650367,0.0747158527,0.0760256052,0.0808550343,0.0825985149,0.0842708945,0.0857410729,0.0845693797,0.0814431161,0.0784843713,0.0766183585,0.0747162923,0.0742814094,0.072299622,0.0718025789,0.0702183396,0.0696513504,0.069525823,0.0682112798,0.0674838796,0.0667181388,0.066112645,0.0649125054,0.0648221746,0.0641600713,0.0632304922,0.0623224452,0.0612862557,0.0604857132,0.0598023161,0.0588708147,0.0581071936,0.0579045787,0.0572839268,0.0569058582,0.0558980778,0.0555481203,0.0552845858,0.0544675216,0.0536002479,0.051558625,0.0511995293,0.0500029847,0.0497820303,0.0492863357,0.0482852906,0.0489205308,0.0479796156,0.0477876253,0.0480235033,0.0470432751,0.0471439436,0.0469835661,0.0469270051,0.0465344265,0.0466445386,0.0469084643,0.0460705683,0.0463275723,0.0459721126,0.0444624498,0.0461434834,0.0462490916,0.04641404,0.0474043898,0.0459557064,0.0462175049,0.0452863723,0.0436952896,0.0426476449,0.0429754928,0.0420868099,0.042061165,0.0421058424,0.0427839793,0.0389376059,0.0385740697,0.0393573493,0.0335623361,0.0357144251,0.0364237092,0.03713255,0.0383161008,0.0399526283,0.0286573563,0.0311909765,0.0340230949,0.032439407,0.0315433443,0.0301789977,0.0268774349,0.0254419483,0.0227411743,0.0185489152,0.0200754516,0.0191186145,0.0186302382,0.0185509883,0.0178473219,0.0172285344,0.0162877906,0.0148267103,0.015098135,0.0134753035,0.0128395837,0.0124591542,0.0114512481,0.0115228007,0.0109925848,0.00970002823,0.00943674985,0.00821665488,0.00746986782,0.00748754013,0.00588672934,0.0061343452,0.00524476403,0.00511454046,0.00460047694,0.00423166761,0.00397317391,0.00360997021,0.00351820886,0.00299480278,0.0034962059,0.0033794879,0.00335638179,0.00221867068,0.00257688994,0.00233677821,0.00191828492,0.0020341042,0.000886324851,0.00159795512,0.00139967143,0.00137440069,0.00132525188,0.000761419418,0.000700526638,0.000717172632,0.000112754409,0.000375281554,0.000172876986,9.92815476e-05,2.98809027e-05,,,0.000211841718,0.000513196108,0.000845720526,0.00091149885,0.000993764843,0.000945980311,0.000356727687,0.000229835627,0.00017150701,,,,,,,,,,,,,,,
1153,36.9500008,2026-08-30T08:56:44.892000+0000,-20.964536575540002,154.35972603166,0.0805575922,0.0801030993,0.0834510922,0.0708752349,0.0758259669,0.0765456632,0.0815151706,0.0821085796,0.0836509094,0.085201107,0.0835393816,0.0786030665,0.0771943405,0.0762483478,0.0727262646,0.0731513649,0.0712696016,0.0710325763,0.0694283471,0.0694813952,0.068035841,0.0659212768,0.0661339462,0.0652582124,0.0641627088,0.0634526014,0.0637923032,0.0621102266,0.0620606728,0.0610426478,0.0601364523,0.0596959144,0.0589724593,0.0575309359,0.0572973117,0.0565046668,0.0555740148,0.0552459508,0.0546081401,0.0547081791,0.0538046248,0.0535375625,0.0530503429,0.0542488396,0.0543599427,0.0542337075,0.0530331135,0.0532578677,0.052797351,0.0524331145,0.0520724952,0.0512303971,0.0512859598,0.0504852422,0.050535433,0.0498246104,0.049337633,0.049374748,0.0487945825,0.0483583733,0.0483604632,0.047157608,0.0484023541,0.0471628569,0.0478839204,0.0483694412,0.0478941463,0.0486043133,0.0478055254,0.047537338,0.0476463437,0.0463054739,0.0449983627,0.0460169278,0.0446392708,0.0442451276,0.0436919257,0.0430624411,0.0423388518,0.0415091515,0.0392764062,0.0399464592,0.0357240029,0.0400360413,0.0393384993,0.034713883,0.0426304825,0.0310776122,0.0300712232,0.0317933001,0.0322995298,0.0306633878,0.0290590152,0.025977511,0.0229519811,0.0216711499,0.0182388537,0.0174853988,0.0171185173,0.0163701605,0.0163109526,0.0161272511,0.015108428,0.014437722,0.0134566538,0.0127681009,0.0118352687,0.0114395618,0.0100791156,0.0102912281,0.00937282015,0.00978257228,0.00907005649,0.00787682459,0.00758672599,0.00647999812,0.00625771564,0.00579688651,0.00476450613,0.00459489087,0.00426460849,0.00345054083,0.00383171043,0.00374322524,0.00333002862,0.00298825558,0.00263481494,0.00307621504,0.00254947995,0.00282638194,0.00192882551,0.00141719438,0.00176740403,0.00186921132,0.00133547606,0.00123826612,0.00147039955,0.00121248921,0.000737215276,0.00104775361,0.000743502169,0.000612094533,0.000138298608,0.000193429878,,,,,,,,,0.000826073694,0.000311654207,0.000583737041,0.00045579279,,,,,,,,,,,,,,,,,,
1154,37.0769997,2026-08-30T08:56:45.148000+0000,-20.964536574260002,154.35972601587332,0.0853876919,0.0719531476,0.0777311474,0.072645247,0.0723959953,0.0738357082,0.0789852366,0.0805286095,0.0806509256,0.0827511251,0.0810493976,0.078153044,0.074694328,0.0744183511,0.0719562694,0.0714013353,0.0704096034,0.0694425851,0.0683483407,0.066711396,0.0671058595,0.0657412931,0.0640939623,0.0636982322,0.0628027245,0.0625926256,0.0613023341,0.0610002689,0.0591907278,0.0593327135,0.0589165129,0.0569359772,0.0579025,0.056190975,0.0555973537,0.0556246936,0.0541540459,0.0546559803,0.0536981635,0.0533882007,0.0537246354,0.0523575731,0.0517903753,0.053768903,0.0531000681,0.0530639365,0.0517234653,0.051738359,0.0514480136,0.050953947,0.0508434251,0.0504312888,0.0500267483,0.0495258793,0.0489159115,0.0483649485,0.0485278368,0.0483248532,0.0488346033,0.047698345,0.0477504283,0.0467876196,0.0466124304,0.0463729873,0.0454040579,0.0462095551,0.0474541783,0.0463842861,0.0476954728,0.0466372892,0.0455363393,0.045925539,0.0430485941,0.0442273915,0.0429900661,0.0423864014,0.0444338769,0.0433151647,0.0412424654,0.0396040007,0.037782535,0.0358442143,0.0370135158,0.0356564522,0.0377300605,0.0373860337,0.0374426581,0.028717678,0.0326713212,0.0326533653,0.0332595631,0.031493403,0.0300190151,0.0266775321,0.0248220023,0.0212311372,0.019028835,0.0189653784,0.0184384733,0.0180501379,0.0175709333,0.0163772237,0.0155783929,0.0148876989,0.0145966532,0.0132280858,0.0125652486,0.0114395581,0.0108191101,0.0105512347,0.0101328148,0.00951257534,0.00919006113,0.00779684447,0.00766675547,0.00729003828,0.00592776621,0.00568693737,0.00514455186,0.00477493834,0.00434463704,0.00372057455,0.00387173612,0.00361324358,0.00293003838,0.00274827401,0.00291483058,0.00295621529,0.0029594861,0.00247638486,0.00185886689,0.00224730535,0.0011276002,0.0016395126,0.001335921,0.000998892705,0.00167118828,0.0012533915,0.000818106288,0.000828559161,0.000864169677,0.000512597384,0.000388656044,0.00030364783,0.000235742074,,,,,,,0.000123731385,0.000426186889,0.000681708218,0.00113372935,0.00086573133,0.000566435046,2.96824146e-05,,,,,,,,,,,,,,,,
1155,37.2120018,2026-08-30T08:56:45.397000+0000,-20.964536573015003,154.35972600051832,0.0774776265,0.0812031403,0.0781610906,0.0718052015,0.0751159713,0.0763656721,0.0781251937,0.0795185938,0.0825309083,0.083471112,0.0813293904,0.0765830427,0.0769043267,0.0736683384,0.0716662556,0.07159134,0.0708595961,0.0692025796,0.0675383359,0.0671913773,0.0654958487,0.0643912852,0.064593941,0.0628382117,0.0622127131,0.0621026084,0.0611223057,0.0596102327,0.0592806861,0.0590726659,0.0576064698,0.0567759313,0.0563024729,0.0558909476,0.0551573224,0.0549546741,0.0542440154,0.0535959527,0.0537081435,0.0531681813,0.0529446192,0.0528275594,0.0521103442,0.0521888509,0.0508899838,0.0513437912,0.0510932542,0.0505080707,0.0505376346,0.0498234779,0.0493129045,0.0495707951,0.0485363081,0.0479455329,0.0475556552,0.0469847657,0.0469077304,0.0462647974,0.0466245934,0.0453783646,0.0457004458,0.0458776131,0.0440523848,0.0454729088,0.0447839759,0.0446594879,0.0460741557,0.0447642915,0.0452554896,0.046597302,0.0435463227,0.0442454815,0.0439284332,0.0411771014,0.0441795811,0.0426256508,0.039612744,0.0441236049,0.0378404073,0.0394112542,0.0388290808,0.0330798551,0.0370781869,0.0364006385,0.0328636318,0.0399593078,0.0381559543,0.0309776403,0.0297812596,0.0334333256,0.031659551,0.0314034,0.0299190339,0.0249975119,0.0249320045,0.021481134,0.018378865,0.018785404,0.0167484991,0.0171301588,0.0171509441,0.0163072366,0.0162584148,0.0146677168,0.0136566553,0.0134580974,0.0125352638,0.0111695696,0.0115191173,0.0101412339,0.00928282179,0.010002574,0.00865005702,0.0075668334,0.00675674435,0.00647002039,0.00583773619,0.00563690299,0.00499453116,0.00445491541,0.00399462739,0.00367055438,0.00365172816,0.00289322692,0.00303003239,0.00292827236,0.00292482576,0.00254621054,0.00265948032,0.00205637864,0.00197883835,0.00213724677,0.00194748235,0.00148934789,0.00122567057,0.00128854951,0.00057074707,0.000852897356,0.000847622927,0.000808124198,0.000543816015,0.000602334039,0.000518467044,,,,,,,,,0.000313660013,0.00051613088,0.000451683212,0.000323730346,0.000325765839,,,,,,,,,,,,,,,,,,
1156,37.3450012,2026-08-30T08:56:45.645000+0000,-20.964536571775003,154.359725985225,0.0877976567,0.0779831484,0.0799411461,0.0758852214,0.0745160058,0.0747556984,0.0781752244,0.0820086151,0.082220912,0.0834411085,0.0826193839,0.0800430551,0.0762643367,0.076058358,0.0724762678,0.0728013515,0.0709096044,0.0702225864,0.0693183467,0.0683714002,0.0667958558,0.0660112873,0.0655439645,0.0652582347,0.0640627295,0.0629626215,0.063112326,0.0617402568,0.0611607134,0.0618126951,0.0597364977,0.0587459579,0.0589724928,0.0572309569,0.0575973392,0.0562746897,0.0563140363,0.0552459732,0.0548381619,0.0546181984,0.0539546348,0.0543875732,0.0538303666,0.0496588834,0.0495500304,0.0492238626,0.0488533527,0.0486082025,0.0484977961,0.0478136763,0.0485531166,0.0473509915,0.0467364825,0.046225667,0.0459257513,0.0456548333,0.0461077653,0.0453048199,0.0453545935,0.045028355,0.0447104387,0.0440376177,0.0436424054,0.0435329452,0.0440740138,0.0441795215,0.0435941666,0.0445242971,0.0438454971,0.0435273126,0.0437063463,0.04187553,0.0409185328,0.0415472575,0.0387298167,0.0412859954,0.0404032469,0.0388942808,0.0387912877,0.0361124091,0.0346805267,0.0347716585,0.0292703733,0.0344330072,0.0345862173,0.0340419859,0.0365185887,0.0291276686,0.0319112726,0.0341233388,0.0324295498,0.0315533839,0.0307290182,0.0261675119,0.023241993,0.0223811194,0.019778844,0.0181253888,0.0193484817,0.0175901446,0.0173509363,0.0173872299,0.0160384011,0.015357703,0.0150566548,0.0131980926,0.0129952542,0.0118695609,0.0112591144,0.0111612286,0.0105528161,0.00975257345,0.00886005722,0.00787684042,0.00769674312,0.0067000268,0.00621774001,0.00599692343,0.00487454003,0.00496491324,0.00475461828,0.00354055944,0.00373173365,0.00376323285,0.00328003103,0.00327827269,0.00304482528,0.00301620737,0.00342948362,0.00341637991,0.00209884997,0.00171726791,0.00187753956,0.00151941483,0.00162578071,0.00109868776,0.00124092493,0.00162309979,0.000727815728,0.000708287698,0.000223944546,7.24296551e-05,,0.000113572809,,,,,,,,3.68739711e-06,0.000316147634,0.000791690662,0.000393725728,,0.00013645913,,,,,,,,,,,,,,,,,
1157,37.4799995,2026-08-30T08:56:45.895000+0000,-20.964536570525002,154.35972596980832,0.0771177486,0.0830532759,0.080381237,0.0720053092,0.0741960183,0.074475728,0.0805552602,0.0790386274,0.0822709203,0.0834411085,0.0822293833,0.0771930292,0.076154314,0.0749083385,0.0722162426,0.070881322,0.0705995709,0.0690125674,0.0674383342,0.0670913905,0.0654058531,0.0647712722,0.0643939748,0.0636082292,0.063392736,0.0621026456,0.0623623542,0.0617502965,0.0606207624,0.0597527623,0.0586665608,0.0584360175,0.0568325296,0.0564809889,0.0565673709,0.0552447103,0.0552040562,0.0542659909,0.0546181686,0.0541682057,0.053334631,0.0529075712,0.0521803871,0.0526589453,0.0519901663,0.0516541228,0.0509437546,0.0505987778,0.0508385859,0.0502746738,0.0501142405,0.0493020825,0.0495374501,0.0486364514,0.0485063456,0.0479952507,0.0477280207,0.0472549498,0.0473146178,0.0469283238,0.0457503945,0.0454376228,0.045292493,0.0451130979,0.0455941781,0.0457296483,0.0466141999,0.0462442525,0.0454754047,0.0458272211,0.0438562967,0.0449355505,0.0433687456,0.0426277444,0.0430907048,0.0439274646,0.0421355367,0.0423675068,0.0412456021,0.0398582295,0.0393779054,0.0353610329,0.0344619118,0.0385556407,0.0360103212,0.0383768678,0.0404135622,0.0277977642,0.030891398,0.0321334414,0.0320296139,0.0310834367,0.0296290405,0.0256675668,0.0235120393,0.0214011334,0.0190288313,0.0185553841,0.0174884573,0.0171901174,0.0178709179,0.0165872108,0.0160383694,0.015797684,0.0148166474,0.0136980768,0.0127752442,0.0118695628,0.0114791049,0.0102112358,0.010012825,0.00977257174,0.00969006401,0.00904686842,0.00758677628,0.00690008607,0.00678780582,0.00528697949,0.00486459304,0.00413497444,0.00407465268,0.00372059923,0.00342175248,0.00356325204,0.00315005565,0.00269829715,0.00222484069,0.002486218,0.00247948966,0.00263637817,0.00332890591,0.00298738433,0.00267777941,0.00327978283,0.00270631001,0.00256944564,0.0025118778,0.00269420468,0.00244892621,0.00211930089,0.0017647841,0.00147306779,0.00182899437,0.00173386652,0.00103585806,0.0012930067,0.00116914569,0.00102966418,0.000952417962,0.00136943581,0.00130241225,0.00202385546,0.00170629483,0.00214175088,0.00190371671,0.00128567824,0.00180635997,0.00171962928,0.000551631209,0.000567001756,0.000108240172,,,,,,,,,,,,,
1158,37.5919991,2026-08-30T08:56:46.144000+0000,-20.96453656928,154.35972595445332,0.08294788,0.0781233907,0.0795413479,0.0722253844,0.0732060671,0.074575752,0.0785153434,0.0796586797,0.0811509341,0.0827411264,0.0814393833,0.0773029998,0.075094305,0.074618347,0.0715762302,0.071041286,0.0704095736,0.069342576,0.0673383325,0.0675414056,0.0665158778,0.0658312887,0.064474009,0.0641882718,0.0638727695,0.0626826957,0.0628324226,0.062210381,0.0603508502,0.0607828684,0.0593266711,0.0589061268,0.0578926057,0.0573810488,0.057007432,0.0562047623,0.0559441075,0.055086039,0.0553681999,0.0541582406,0.0538746528,0.0538475886,0.052810438,0.0540090576,0.053420376,0.052514486,0.0522642992,0.0512095504,0.0509996153,0.0511659645,0.050275676,0.0500834696,0.0498886742,0.0488574281,0.0485470891,0.048215773,0.0473683327,0.0476751104,0.0480446406,0.0479182787,0.0471203402,0.0470276438,0.0453126132,0.0455032997,0.0458443947,0.0457298234,0.0461842492,0.046494212,0.0457353219,0.0469171405,0.0438062847,0.044325646,0.0440791138,0.0420384705,0.0428219512,0.0431294553,0.0418485887,0.0427217521,0.0397512279,0.0400057808,0.0377574451,0.0370531045,0.035806708,0.0370718241,0.0331082977,0.0385557562,0.0393124856,0.0295178983,0.0316715091,0.0325035304,0.031479679,0.0314634666,0.0292290412,0.0264875852,0.0244520567,0.0217111185,0.0192887951,0.0189353488,0.0176884048,0.0180900786,0.0179808922,0.0170871653,0.0170083232,0.0158376414,0.0146166207,0.014868048,0.0132652167,0.0131095555,0.0125090824,0.0117012272,0.0110928407,0.0107925665,0.00933007617,0.0099669043,0.00804681331,0.00748015055,0.00740789389,0.00628706114,0.00624468364,0.00538503844,0.00507469196,0.00434062909,0.00431177858,0.00387328072,0.00421009026,0.00340831839,0.00363484514,0.00349620287,0.003439483,0.00376638025,0.00210897671,0.00189755217,0.00221809349,0.00186024455,0.00167700462,0.00133041746,0.00183309987,0.00136561249,0.000990326283,0.00119055703,0.000585820875,0.000573857455,0.000529553974,0.000364197651,0.000406029867,0.000103039783,0.000129092485,9.59145837e-06,,,0.00048258173,0.000674056995,0.00107647059,0.00121183298,0.000883702247,0.000615585304,0.000726250932,0.000539571745,,,,,,,,,,,,,,,,
1159,37.6910019,2026-08-30T08:56:46.392000+0000,-20.96453656804,154.35972593916,0.0829879418,0.0786234066,0.0829313621,0.0732153952,0.0766960829,0.07684578,0.0841253921,0.0823686719,0.084570922,0.0850211158,0.0838993713,0.0792829692,0.078664273,0.0766983256,0.0737962127,0.0736412629,0.0726495385,0.071802564,0.0707683265,0.0695713982,0.0682958737,0.0677312613,0.0668040067,0.0651482716,0.065022774,0.0645126998,0.0638724342,0.064150393,0.0628608838,0.0622328967,0.0609567054,0.0609561577,0.0604126304,0.0594010651,0.0589974448,0.0584847629,0.0580241121,0.0577960424,0.0574281998,0.0557782426,0.0556646474,0.0553275831,0.0543004386,0.0534590892,0.0534204543,0.0522846468,0.0522645488,0.052119907,0.0511501133,0.0509665944,0.0513663888,0.0500441603,0.0507492945,0.0497979335,0.0491474755,0.0490160435,0.0490684956,0.0489151999,0.0483346544,0.0486682579,0.0476703085,0.0469376519,0.0470026657,0.0460533947,0.0468644947,0.0474399067,0.0459442697,0.0483941771,0.0473952517,0.0460670702,0.0468162373,0.044515647,0.0441292375,0.0452587605,0.043632485,0.0439603627,0.0451100171,0.0415737703,0.0423539467,0.0398794524,0.0388021097,0.0393890366,0.0325240195,0.0394998379,0.0386272594,0.0374252349,0.042682033,0.0330179892,0.0320715904,0.0337335952,0.0329197459,0.0321834907,0.0301790722,0.027227642,0.0237020813,0.0226411372,0.0200787969,0.019385349,0.0196683817,0.0188800674,0.0190109052,0.0183671657,0.0165183116,0.0162776317,0.0157566164,0.0136880511,0.0139652248,0.0118995542,0.0122390687,0.0113812275,0.0110228444,0.0104525685,0.00996009167,0.0087869335,0.00817683339,0.00751018291,0.0068779327,0.00658710999,0.00580472639,0.00533508183,0.00484471582,0.00438066199,0.00405178359,0.00409329636,0.00373009406,0.00299832807,0.00339485495,0.00319621293,0.00301947864,0.00293638464,0.00181901862,0.001947621,0.00199824478,0.00131047133,0.00156734453,0.00128090463,0.00151370501,0.00156632415,0.000891036761,0.00129118934,0.00106636726,0.000454268651,0.000909861177,0.000544389244,,9.30784736e-05,0.00012908678,0.000249568489,,7.95545056e-05,4.26748302e-05,0.000624164299,0.000826560368,0.00157187425,0.000663694926,0.00113553228,0.000616181293,8.95188423e-05,,,,,,,,,,,,,,,,
1160,37.7890015,2026-08-30T08:56:46.641000+0000,-20.964536566795,154.359725923805,0.0822680071,0.071123451,0.0768214315,0.0700654238,0.0716460943,0.0731957704,0.0775554031,0.0796586946,0.0812809318,0.0812811404,0.0804093778,0.0769629702,0.0745642856,0.074028343,0.0712262169,0.0707912594,0.0697995499,0.0693425685,0.0678783283,0.0673614144,0.0670858771,0.0658312812,0.0648740157,0.0638982728,0.0634827763,0.0619027093,0.0617824495,0.0604404174,0.0590108968,0.0579529293,0.0582667291,0.0561561845,0.0563726462,0.0550610796,0.054497458,0.0541447774,0.0537941232,0.0537460595,0.0527082086,0.0530882515,0.0524746515,0.0519575886,0.051320456,0.0498191155,0.0490705073,0.0493047275,0.048934672,0.0489800796,0.0480603352,0.0473168753,0.0475566983,0.0463044606,0.0463995561,0.0462181419,0.0453876294,0.0447861515,0.0448685586,0.0447752289,0.0444946587,0.0444882475,0.0438802987,0.0433276519,0.0433226898,0.0425534397,0.0427445434,0.043609947,0.0436642841,0.0432241708,0.0435952395,0.0440270603,0.0425662436,0.0417956747,0.0393293202,0.0413589329,0.0400927663,0.0405008048,0.0404706895,0.0397947021,0.0379451662,0.0374710858,0.0348941721,0.0342316404,0.031847205,0.0328033194,0.0336711109,0.0365892723,0.0395260639,0.0311379917,0.0311516151,0.032453604,0.0318197533,0.0310934726,0.0288390703,0.0259876326,0.0239420794,0.0211611167,0.0196387842,0.0182953347,0.0180283748,0.0181000568,0.0171008948,0.016867144,0.0160682984,0.0153576247,0.0148366112,0.013918044,0.0127752116,0.0123795476,0.0115190689,0.0107012251,0.0106128547,0.00948256068,0.00883009285,0.00806694664,0.00759684294,0.00692019984,0.0058479514,0.00584711973,0.00501474272,0.00423509115,0.0039947303,0.00363066397,0.00361178676,0.00347329397,0.00356010674,0.00246834336,0.00304485857,0.00302620535,0.00254948135,0.0031163916,0.00227903388,0.00287765195,0.0027883125,0.00202058302,0.00244749687,0.00224110624,0.00164397946,0.00161661871,0.00116134307,0.00162145437,0.00115657982,0.000934434356,0.00112997624,0.000574459555,0.000366167631,0.000493080472,0.00050907454,0.000219546026,1.23775098e-05,0.000279564236,0.000432710804,0.000584203925,0.00117659476,0.0010718964,0.00130369642,0.000385515916,0.000936155615,3.95107782e-05,,,,,,,,,,,,,,,,
1161,37.8880005,2026-08-30T08:56:46.890000+0000,-20.964536565550002,154.35972590845,0.0871680751,0.0882935375,0.075931482,0.0785954893,0.0765561461,0.0781957954,0.0792154297,0.0852587223,0.084200941,0.0851711258,0.0844393671,0.0812929496,0.079134278,0.0757483393,0.0747962072,0.0733912438,0.0724695399,0.0712825656,0.0700383261,0.0691114143,0.0675458834,0.0670612678,0.0659240335,0.0645682886,0.0643527955,0.0633627325,0.0626424849,0.0622004531,0.060890954,0.0597529858,0.0598967858,0.0577262416,0.0571326874,0.0571611114,0.0561174937,0.0555448011,0.0554241501,0.0554760806,0.0543082282,0.0536282696,0.0532546602,0.0529876016,0.0525004789,0.0527491719,0.0533406176,0.0525949262,0.0520249717,0.0514305122,0.0509109236,0.0502776094,0.0506075211,0.0491652526,0.0493302532,0.0488987043,0.0479080565,0.0474664532,0.047308743,0.0472953245,0.0470246747,0.0465982221,0.0462902673,0.045787666,0.0457827598,0.0450335555,0.0452746674,0.046570044,0.0463543087,0.0467341505,0.0464051813,0.0462470092,0.0448462367,0.0443057306,0.0424795225,0.0444993302,0.04172346,0.0433719233,0.0425024107,0.041037105,0.0410983637,0.0389353782,0.0353095978,0.0382485129,0.0344356373,0.0335125364,0.039401371,0.0360000655,0.0371068828,0.0282080807,0.0304816738,0.0321736671,0.0317198075,0.0308134966,0.0279390756,0.0258876681,0.0228921007,0.0209211111,0.0187087897,0.0178653337,0.0180383436,0.017470045,0.016150875,0.0166771356,0.0158482678,0.0144576039,0.0141566005,0.0132280346,0.0125651993,0.0117095588,0.0105690509,0.0101912161,0.0098528564,0.00926255807,0.00864009373,0.00837695785,0.00741687464,0.00765023148,0.00564799458,0.00536716962,0.00493478402,0.00447512697,0.00440474274,0.00381069188,0.00287180976,0.00358330924,0.00306011317,0.00287834881,0.00316486508,0.00249621528,0.00307948631,0.00247638789,0.00234906608,0.00178775133,0.00201848778,0.00183084444,0.00168788712,0.00168165937,0.00183466601,0.00122743158,0.000992137706,0.00120218354,0.000757177244,0.000544885173,0.000830302481,0.000474654604,0.000296270824,4.31026565e-05,0.000269051874,6.95119379e-05,0.000152367749,,0.000272809819,0.000844323484,0.0010966988,0.000981939142,0.00124368106,0.00119545963,0.000166095037,0.000449471641,,,,,,,,,,,,,,,,
1162,38.0029984,2026-08-30T08:56:47.137000+0000,-20.964536564315,154.35972589321833,0.0905581415,0.0831736028,0.0723514929,0.0772454739,0.0736461431,0.0745457932,0.0765854716,0.0819387287,0.0809009299,0.0830211267,0.0794793665,0.0795229375,0.07637427,0.0734483451,0.0720361918,0.0707912371,0.0698995292,0.0683025643,0.067248337,0.0673814267,0.0653058887,0.0647812709,0.0638040379,0.0634083077,0.0625028014,0.0624927469,0.0613025017,0.0611004867,0.0597209819,0.0588130169,0.0582568198,0.0570162721,0.0566727147,0.0565611273,0.0557475165,0.0553248152,0.0549041629,0.0545760989,0.0538482368,0.0538582765,0.0530246645,0.0525076054,0.0523404926,0.053619206,0.0538906902,0.0532250516,0.0521851666,0.052200783,0.0521212853,0.0509580672,0.0515780337,0.0507057495,0.0496306941,0.0494690575,0.0490383245,0.0485466421,0.0486488566,0.0479253829,0.0472046807,0.0474282056,0.0477302447,0.0462676696,0.0463327989,0.0464136265,0.0462147444,0.0466301069,0.046454329,0.0462841317,0.047035154,0.0460569821,0.0454662219,0.0453257561,0.0432096384,0.0432195812,0.0439138897,0.0421926193,0.0432934836,0.0419385992,0.0410303585,0.0410380587,0.0379129834,0.036522802,0.0351509005,0.0370983034,0.0369277857,0.0347968079,0.0413936526,0.0290481076,0.0307717249,0.0324136987,0.0320098102,0.0321335122,0.0296490807,0.0260676891,0.0243021194,0.022271093,0.0192487687,0.0190353207,0.0183883253,0.0180300325,0.0184608735,0.0174171142,0.0167982448,0.0160975829,0.0153265875,0.0148780178,0.0132551901,0.0123995561,0.0119690523,0.0116712283,0.011252854,0.0109525574,0.00965009909,0.00903697405,0.00882688165,0.00788025558,0.00684802886,0.00647720089,0.00621480774,0.00598514453,0.00530475704,0.00448070653,0.00457181782,0.00448331889,0.00377013325,0.00416836701,0.00417486997,0.00344620878,0.00378948217,0.00382638886,0.00268909149,0.00240779971,0.0025686007,0.00255100476,0.00210813736,0.0022420059,0.00204510358,0.00202793442,0.0018226346,0.00172262522,0.00167755689,0.00163516682,0.00136050372,0.0016147776,0.000886332477,0.000963115715,0.00109903235,0.00106948311,0.00121235405,0.00117963622,0.00136287813,0.00189439976,0.00200676126,0.0022019709,0.00186367589,0.00207542884,0.00183604867,0.00123944692,0.00110173179,0.000997639494,0.000779703259,,,,,,,,,,,,,
1163,38.132,2026-08-30T08:56:47.386000+0000,-20.964536563070002,154.35972587786333,0.0843082145,0.083863683,0.0832616016,0.0759155676,0.0767061859,0.0773858279,0.0823455378,0.0821587518,0.0838409364,0.0855711401,0.0857393667,0.0800129175,0.078334257,0.0787383243,0.0743361861,0.0739912018,0.07263951,0.0724125579,0.0699283183,0.070861429,0.0686658919,0.0681812689,0.0674640536,0.0660183132,0.0661928132,0.0648027733,0.0648225397,0.063410528,0.0627710372,0.0633530766,0.0604668818,0.0606363341,0.0598127507,0.0585011654,0.0578075461,0.0573848411,0.0563841872,0.0558461212,0.0557482541,0.0550082922,0.0541846678,0.0543176085,0.053440515,0.052109275,0.051600825,0.0518852994,0.0510255396,0.0512013175,0.050462015,0.0496889874,0.0500990562,0.0490067378,0.0487115756,0.0481697656,0.0477188639,0.0471570194,0.0475290827,0.0471854992,0.0469147004,0.0461381786,0.045900207,0.0454476811,0.0451728813,0.0454537682,0.0456648916,0.0456402302,0.0464543588,0.0460440964,0.0458550751,0.0464169048,0.0452461913,0.0436957963,0.0447098613,0.0430600569,0.0434647277,0.0444439948,0.0425656028,0.0433615744,0.0426843241,0.0395833999,0.0403797477,0.0364913829,0.038471438,0.040119838,0.0377006233,0.0420903377,0.041207239,0.0303282123,0.0316518247,0.0329637788,0.0325098895,0.0319435485,0.030519085,0.0263177082,0.0243821349,0.0227211062,0.0188987572,0.0193253141,0.0184682962,0.0181800053,0.0188508555,0.0169171002,0.0156582147,0.0154175637,0.0141765801,0.0137280105,0.0130351782,0.011619553,0.0113590332,0.010471222,0.00979286153,0.0100525562,0.00873010978,0.00832700729,0.00723691238,0.00617030682,0.00603809115,0.00529725244,0.00502487505,0.00439519528,0.00468479376,0.00365072652,0.00420184154,0.00346333883,0.00319014001,0.00271838414,0.00266488548,0.00321620912,0.00285948603,0.00295638503,0.0022291434,0.0023779145,0.00182881532,0.00189133431,0.00157862494,0.00160270813,0.00110598037,0.00148894195,0.00141365291,0.00101353659,0.00098830706,0.00112574198,0.000700916396,,0.000226472854,0.000183157274,,,,0.000109693967,0.00012300635,0.000164545898,0.000886888825,0.00115202693,0.00151366717,0.00074535684,0.000915964018,1.93894375e-05,,,,,,,,,,,,,,,,
1164,38.2630005,2026-08-30T08:56:47.635000+0000,-20.964536561825,154.35972586250833,0.0788483322,0.0969437435,0.0737716556,0.0777855814,0.0806262046,0.081245847,0.0816755593,0.0840887725,0.0886409655,0.0884111598,0.0844093859,0.080762893,0.0828842446,0.076988332,0.0760061666,0.0765111893,0.0751495138,0.072832562,0.0722383335,0.0714714378,0.0704259127,0.0689312741,0.0682240725,0.0677683353,0.0667728409,0.0658628047,0.0658725724,0.0629305691,0.063481085,0.0625731349,0.0607869364,0.061266385,0.06033279,0.0587911978,0.0595075786,0.0582648627,0.0579542108,0.0565161481,0.0562782735,0.0556183085,0.055584684,0.0559576191,0.055010546,0.0519493259,0.0519209318,0.0513454787,0.0508758165,0.0505917035,0.0495925322,0.0508496352,0.049029775,0.0489774309,0.0490321852,0.047560256,0.0484592356,0.0473872758,0.0474092402,0.0470655784,0.0473947115,0.0470681526,0.0463301837,0.0472576953,0.0460529439,0.0455338731,0.0475850068,0.0451803207,0.0474643894,0.0471240804,0.0444450341,0.0477868691,0.0446661897,0.0443858504,0.0449400544,0.0419604257,0.0432853587,0.0440349989,0.0398071408,0.0444237143,0.0392171517,0.0389471836,0.0424845293,0.0343074277,0.0339388475,0.0394279249,0.0344696194,0.0397497825,0.043246679,0.0306182802,0.0302118957,0.0334138088,0.0314099155,0.0308635533,0.0298690982,0.0257877186,0.0233821552,0.0217411052,0.0180187374,0.0193252973,0.0174982622,0.0171799809,0.0183608457,0.0164070707,0.0156281926,0.0160975419,0.0132565694,0.0132579999,0.0125851659,0.0111695481,0.0110390345,0.0101812119,0.00979286619,0.0097525632,0.00843010936,0.00850701798,0.00801693276,0.00617033942,0.0058581247,0.00525729684,0.00432491675,0.00435523223,0.00383480475,0.0035607419,0.00380184664,0.00294336025,0.0030201599,0.00267838687,0.0027148847,0.00315620168,0.00255948142,0.00324639305,0.00169919094,0.00160799129,0.00152898231,0.00172157655,0.00105898094,0.00106319156,0.00077659043,0.000999652199,0.000854351383,0.000904160086,0.000668827794,0.000106130959,0.000491198152,0.000585199799,0.00019655202,,,,0.000142325531,,0.000303090492,0.000294643803,0.000576979073,0.000942063634,0.00105366076,0.000595316407,0.000735912123,,,,,,,,,,,,,,,,,
1165,38.3919983,2026-08-30T08:56:47.884000+0000,-20.96453656058,154.35972584715333,0.0774483681,0.0869637579,0.0776617154,0.0744355768,0.0771662146,0.0788258389,0.0809255689,0.0837487876,0.0859809518,0.0865611434,0.0832393542,0.0809328854,0.0796242282,0.0765083209,0.0756761655,0.0743311718,0.0729694888,0.0721325502,0.0713783056,0.0709414184,0.0690358877,0.0683812499,0.06649407,0.0663183257,0.0641428307,0.0642227978,0.0633925647,0.063220568,0.0625910908,0.0622331388,0.0602969453,0.060406398,0.0597227998,0.0587911978,0.0584775805,0.0579748601,0.0572742075,0.0567461438,0.0562082641,0.0560083017,0.0555146672,0.055097606,0.0551705398,0.0558393374,0.0553109646,0.054945562,0.0540459454,0.0542618968,0.0536228046,0.0533299856,0.053030178,0.0515978262,0.0522025414,0.0506505482,0.049949456,0.0499474369,0.0496593341,0.0495756306,0.0491247214,0.0490781441,0.0478701629,0.0476176925,0.0472929701,0.046863921,0.0471450575,0.0480503626,0.0473643914,0.0478640534,0.0467749834,0.0473468192,0.0460661463,0.0443058312,0.0452600941,0.044510562,0.0428256318,0.0455154777,0.0421879105,0.0433548167,0.0430086553,0.0393292308,0.0389271416,0.0394507609,0.0338629745,0.038682472,0.0377147086,0.0386151895,0.0434521697,0.0291683264,0.0302819237,0.0323638581,0.032019943,0.0311635658,0.0304591153,0.0255277529,0.023972176,0.0220811013,0.0185887422,0.0191452969,0.0181882568,0.0173899829,0.0174508505,0.0176370721,0.0160981845,0.0158575419,0.0144065684,0.013737998,0.0128351785,0.0116695464,0.0112890312,0.0107312175,0.0101128751,0.0100125615,0.0097201243,0.00907703117,0.00771694165,0.00681036664,0.00639815442,0.00612732815,0.00526493927,0.00512525812,0.00454483042,0.00417076563,0.003971864,0.0037133575,0.00347016961,0.0033584109,0.00329488772,0.00374621362,0.00308948546,0.00265639485,0.00416919542,0.00416803733,0.00405906048,0.00334169902,0.00309917098,0.00317345234,0.00272693089,0.00301005924,0.00280475756,0.00206453167,0.0021591438,0.00190638029,0.00182137894,0.00177531934,0.00118662638,0.00163319602,0.00117899058,0.00150939706,0.0013823302,0.00123975961,0.00131314853,0.00234470586,0.00209703576,0.00234209211,0.00225365534,0.00232527987,0.00244586426,0.00203932496,0.00124176429,0.000927966321,0.000630497932,0.000153615605,,0.000835350715,,,,,,,,,,0.000511244405
1166,38.512001,2026-08-30T08:56:48.132000+0000,-20.96453655934,154.35972583186,0.0877783895,0.075523831,0.0834917575,0.0764856488,0.075316228,0.076875858,0.0840256065,0.0839487836,0.0837509483,0.0843511671,0.08454936,0.0793228745,0.0755942315,0.0775783285,0.073006168,0.0731311888,0.0714195073,0.0713625625,0.0693983361,0.0683614537,0.0675359145,0.0673512742,0.0662140921,0.0659283474,0.064932853,0.0642228276,0.0640626028,0.0632306188,0.0608011372,0.0618031994,0.0603069961,0.0589864515,0.0598028377,0.0579012297,0.0575176142,0.0565748885,0.05646424,0.0562161729,0.0554482862,0.0553183258,0.0545046888,0.0542376302,0.0540705733,0.0536993928,0.0534210578,0.0526757091,0.0515761562,0.0523421913,0.0516631864,0.0504504628,0.0509107001,0.0502283238,0.0496929772,0.049070891,0.0485197194,0.048537612,0.0482494421,0.0477756858,0.0471247286,0.0470081232,0.0469801426,0.0459877029,0.0459530167,0.0456040017,0.0452551469,0.0462804288,0.0469244234,0.0462840497,0.0468449704,0.0458568148,0.0450061709,0.0446059033,0.0432902724,0.0435608737,0.0439161323,0.0425762534,0.042829074,0.0416664109,0.0419007465,0.0405420139,0.0384306349,0.0370751619,0.0351583399,0.0364383161,0.0369611718,0.0391519368,0.0360288806,0.0334083661,0.0320919678,0.0334838778,0.0344299525,0.0330535658,0.0309191048,0.02816776,0.0253721662,0.0227710959,0.0213387311,0.0194652788,0.019188229,0.019319959,0.0187108312,0.0179170575,0.0174981505,0.0163075216,0.0155365532,0.0148679828,0.0134751555,0.0135695413,0.0124490149,0.0116312122,0.0110128764,0.010672559,0.0103001231,0.00997704268,0.00863695052,0.00796038471,0.0074581746,0.0065073478,0.0064949654,0.00557527784,0.00515483413,0.00487077283,0.00421186909,0.00395337772,0.00416017557,0.00376840914,0.00422488712,0.00367620704,0.00360949221,0.00340638775,0.00204923563,0.00219808868,0.00211917888,0.00136187882,0.00107942196,0.00111380848,0.00113737211,0.00143056305,0.000685248058,0.0011049743,0.00112950045,0.000716642709,0.000401561614,0.000255421852,0.0002466687,,,,,,,0.000464775541,0.00111708883,0.000872117234,0.00112364965,0.000815256499,0.000645834487,0.000429325853,,,,,,,,,,,,,,,,
1167,38.6240005,2026-08-30T08:56:48.380000+0000,-20.9645365581,154.35972581656665,0.0843384713,0.0803838596,0.0778317973,0.0760656446,0.0743762478,0.0752958655,0.0792756528,0.0831288099,0.082090959,0.0838311464,0.0823393613,0.0801328719,0.0758242235,0.0750683248,0.0730861649,0.0712011606,0.0707294866,0.0691525489,0.069148317,0.067171447,0.0668959096,0.0655312687,0.0647640973,0.0633983612,0.0627828613,0.0622928403,0.0613926202,0.0616506338,0.0599911623,0.0598332286,0.0590770245,0.0573264845,0.0574428551,0.0561112501,0.0556776263,0.0548049025,0.055134248,0.0543461852,0.0533182919,0.053468328,0.0534146912,0.0520476289,0.0517905839,0.053619422,0.0534211211,0.0526758283,0.0525763445,0.051592458,0.0516835488,0.0511009172,0.0509812087,0.0502388179,0.0494134165,0.0496712476,0.0487899855,0.0483378023,0.0479295589,0.0482357442,0.0479147397,0.0474681109,0.0471201278,0.0464677066,0.0457030572,0.0456940755,0.0455352217,0.0455104895,0.0467944369,0.0458640307,0.0463249311,0.0451267734,0.0439661555,0.0434759185,0.0426803753,0.0419611037,0.0427265428,0.042256929,0.0412201248,0.0420278832,0.0389927141,0.0406146646,0.036973998,0.035459429,0.0345335901,0.0379440598,0.0360075794,0.0393086858,0.0410356745,0.028418405,0.0319920331,0.0326339267,0.0314199775,0.0318435766,0.0296091232,0.0259477757,0.0247221924,0.0211510714,0.0195587222,0.0192752704,0.0181982107,0.0187099557,0.0180408247,0.017377045,0.0168081373,0.0160975102,0.0151065448,0.0144279767,0.0125551531,0.0128595456,0.0122790178,0.01097121,0.0103528788,0.0102225589,0.00916012935,0.00923706591,0.0080669662,0.00724041555,0.00685821008,0.0061073862,0.00617499324,0.00531529216,0.00464485679,0.00435078191,0.00422187708,0.00418338692,0.0036501931,0.00336842705,0.00359490095,0.00368620572,0.00273948791,0.00348639209,0.00258924905,0.00196814421,0.00201928709,0.00126204197,0.00133966235,0.000904151239,0.00135780766,0.00092106068,0.000395761337,0.000675426214,0.000519878813,0.000686929096,0.000291771255,,3.6736601e-05,5.32127451e-05,0.000138945295,1.93425221e-05,,,0.000303268898,0.000654855219,0.000857158331,0.000872147153,0.000893645105,0.000475221721,0.000865790236,0.000599295832,,4.81633469e-05,,,,,,,,,,,,,,
1168,38.7360001,2026-08-30T08:56:48.630000+0000,-20.96453655685,154.35972580114998,0.0902085081,0.0783239082,0.0803618208,0.0779956728,0.0739762634,0.0744358823,0.0781356841,0.0818188414,0.0805609748,0.0834511742,0.0813093632,0.078962855,0.0744642168,0.0742183179,0.0713161528,0.071231164,0.06936948,0.0687325597,0.0663383156,0.0664414614,0.065775916,0.0639212728,0.0637141094,0.0627383739,0.0623128787,0.0615228526,0.0607326441,0.0601606593,0.0588311926,0.0588932633,0.0576870665,0.0563865155,0.0564528853,0.0547612719,0.0544176511,0.0538449176,0.0533442609,0.0533061996,0.0524883047,0.0522383414,0.0518546999,0.0515776388,0.0515606031,0.0533794612,0.0527111962,0.0523559563,0.0514165387,0.0512827337,0.0508339182,0.0501513779,0.0506717265,0.0496293157,0.0487738512,0.0477415994,0.0473502502,0.0466579907,0.045939669,0.0460558012,0.0460347421,0.0460380949,0.0453001074,0.0447777174,0.0446331017,0.0428541377,0.0435452946,0.044570554,0.0430644564,0.0448440164,0.0450649038,0.0425467491,0.0438061543,0.0432259552,0.0404505096,0.0417913683,0.0409069881,0.0399376452,0.0415412225,0.0393794067,0.039934732,0.0380673707,0.0358874127,0.0359637439,0.0318888798,0.0343698375,0.037633989,0.0352254324,0.0364424177,0.0309084617,0.0329420529,0.0337639451,0.0343200043,0.0327635817,0.0306491069,0.027637789,0.0246521942,0.0228710752,0.020408703,0.0198852681,0.0195481908,0.019129945,0.0192208085,0.0186570249,0.0174981169,0.0170075111,0.0160065368,0.0148579711,0.0142051503,0.0125795351,0.0126690036,0.0121612139,0.010642888,0.0114125498,0.01050012,0.00967708044,0.00922699086,0.00749043608,0.00791823212,0.00657741167,0.00607501948,0.00603532465,0.00529485848,0.00468079606,0.00429187668,0.00427338434,0.00413019862,0.00400842633,0.00429490209,0.00420621131,0.0044994941,0.00406639092,0.00275928271,0.00243819831,0.00194939342,0.00199220236,0.00140991551,0.00111450045,0.0011982501,0.00139156182,0.00109625782,0.000965863699,0.000740248826,0.000717210583,0.00021197251,0.000825669733,0.000436795526,0.000133227441,0.000238928478,,,2.98383529e-05,0.000243330724,0.00012492243,0.0010572162,0.0011021744,0.00131364388,0.000565184688,0.000515753229,,,,,,,,,,,,,,,,,
1169,38.8470001,2026-08-30T08:56:48.879000+0000,-20.964536555605,154.35972578579498,0.0808884874,0.0859639049,0.0790317953,0.0763056949,0.076856263,0.0770958811,0.0802856758,0.0824188143,0.0854509547,0.0870811418,0.0840293542,0.0817628503,0.0809942111,0.0783483163,0.0757461414,0.0756311566,0.0744494721,0.0728125498,0.0712383166,0.0712814406,0.0695859045,0.0691212565,0.0684140995,0.0675683543,0.0667728633,0.0658628419,0.0658726245,0.0645206496,0.0641211793,0.0635132492,0.0619370528,0.0625265092,0.0611728691,0.0602112561,0.059727639,0.0588549078,0.0584642552,0.0581761897,0.0581082925,0.0569283329,0.0576146878,0.0560376272,0.0555605888,0.0532994494,0.053101182,0.053225942,0.0522665232,0.0527227186,0.0518939048,0.0512613691,0.0519217215,0.0506493151,0.0503338538,0.0499516055,0.0493902601,0.0488879979,0.0483996756,0.0480658077,0.0477247462,0.047278095,0.0473401099,0.0458377115,0.046483092,0.0457841344,0.045095291,0.0463105477,0.046794448,0.0466040075,0.0470748879,0.0464067236,0.0449261256,0.0446659178,0.0437004678,0.0429813191,0.0440069325,0.0413975865,0.0429811552,0.042729333,0.0397046618,0.0404872932,0.040717341,0.035923671,0.0390688181,0.0335097983,0.0383539759,0.0401554517,0.0386824831,0.0306184664,0.0307320729,0.0309039783,0.0313200243,0.031183593,0.0283391401,0.0256278124,0.024572216,0.0203010831,0.0189187154,0.0184852686,0.0168082044,0.0175799485,0.0172608215,0.0163670368,0.0156781264,0.0147475163,0.0144265434,0.0135279736,0.0123451473,0.0119595472,0.0108790053,0.00944121927,0.010122885,0.00943255983,0.00821012631,0.00802707765,0.00684699416,0.00592043716,0.00656823395,0.00550740678,0.00462502008,0.00422532856,0.00348486239,0.00406080624,0.00314188167,0.00304339919,0.00318019115,0.00209842646,0.00254491088,0.00310620805,0.00274948636,0.00231639715,0.00222927611,0.00253819744,0.00210939907,0.00216220599,0.00160991494,0.00127450551,0.00130824838,0.00141157582,0.0013462624,0.00169588451,0.00101026637,0.000867230818,0.000331989024,0.000535687315,6.81553502e-06,0.000463235425,0.000188940321,,,,0.000183336611,0.00123492966,0.000647222681,0.00111217645,0.000723640434,0.000775183202,0.000475741515,9.92594287e-05,,,,,,,,,,,,,,,,
1170,38.9290009,2026-08-30T08:56:49.136000+0000,-20.964536554320002,154.35972576994666,0.0732785314,0.0771239474,0.0826618448,0.0692756921,0.0731862634,0.0739658996,0.0798456818,0.0777888224,0.0810609683,0.082091175,0.0815793499,0.0759928674,0.0750442222,0.0747983381,0.0711061582,0.0712111592,0.0701294914,0.0697925612,0.0678783283,0.0673514679,0.0660459325,0.0655312762,0.0649541169,0.0641883835,0.0630728826,0.0625728592,0.0620626509,0.0612706654,0.0606111996,0.0606032722,0.0587470643,0.058426518,0.057362888,0.0568512753,0.0569276586,0.0559149235,0.0557942688,0.0548662022,0.0542283095,0.0537783466,0.0532547012,0.0529776402,0.0526606068,0.0529094674,0.0524712019,0.0525259599,0.0523465425,0.0514427349,0.0513739213,0.0510413833,0.0510617271,0.0499893166,0.0503738523,0.0489415936,0.0492002517,0.0486079901,0.048649665,0.0483758003,0.048184745,0.0477980897,0.0469801053,0.0471777134,0.046633102,0.0457241423,0.0471852981,0.045960553,0.046824459,0.0477240197,0.046514906,0.0477867536,0.0455461629,0.0448559672,0.0455005243,0.0436513834,0.0438370071,0.0438576639,0.0419212431,0.0435494296,0.0419847555,0.0386373922,0.0409474373,0.034273766,0.0378188975,0.0386998616,0.0336339958,0.0409154259,0.0423623919,0.0309484545,0.0313920602,0.032583952,0.0321599878,0.0308835879,0.029499121,0.0261377748,0.0234021917,0.0211510602,0.0191287212,0.0185852591,0.0177781843,0.0172999315,0.0177908167,0.0164370332,0.015648121,0.0154174957,0.0139665371,0.0135179674,0.0126051512,0.0114695318,0.0113190021,0.0100312112,0.00933288131,0.00949254911,0.00813011918,0.00806708355,0.00709698815,0.00561043061,0.00595823722,0.00552740041,0.00429501524,0.00449531805,0.00379486172,0.00388079649,0.00301188114,0.00327339629,0.00325019495,0.00266842381,0.00230489625,0.00327621447,0.00280949427,0.00248639146,0.00224927627,0.00201820978,0.00212940038,0.00161220902,0.00145991007,0.000984503888,0.0014382489,0.000961573271,0.000766254147,0.000675867894,0.000460243318,0.000517201144,0.000221965369,0.000325670699,,0.000243223156,8.89217481e-05,,,,,0.00050492282,0.000527217635,0.000512176775,0.00072363962,0.000175185269,0.000315753103,,,,,,,,,,,,,,,,,
1171,38.9799995,2026-08-30T08:56:49.385000+0000,-20.964536553075,154.35972575459166,0.0719085187,0.0791439489,0.0711318031,0.0699756891,0.070406273,0.072075896,0.0766056627,0.0773888156,0.0806009695,0.0799411759,0.0782193765,0.0747228712,0.0737342313,0.0718283281,0.0687961653,0.0691411644,0.0674594864,0.0668925568,0.065458335,0.0655414686,0.0636259243,0.0629712716,0.0616841204,0.0609883778,0.0600628816,0.0591928586,0.0591126531,0.0585006662,0.0579311959,0.0565832667,0.0557170697,0.0556765161,0.0548428856,0.0541712716,0.053457655,0.0531849191,0.0529042706,0.0528462045,0.0516483076,0.0516283475,0.0512347035,0.0504776426,0.0506206043,0.0494194664,0.049001202,0.0484459624,0.0479365401,0.0475427359,0.0472339205,0.0464313813,0.0465517268,0.0459493175,0.0459038503,0.0450015962,0.0445902497,0.0446479879,0.0442596674,0.0438657999,0.0442247428,0.0439480916,0.0430001058,0.0437377132,0.0426931009,0.0421341434,0.0427152999,0.0431305543,0.0432944559,0.04470402,0.0438849069,0.0426267534,0.0436661616,0.0424359664,0.0405405238,0.0414613858,0.0408170074,0.0409776643,0.0407512411,0.0394694284,0.0409647562,0.0373173915,0.0353374332,0.0371837616,0.0318788998,0.0358098559,0.0337339975,0.0393154211,0.040122401,0.0284684543,0.0292620603,0.0314739645,0.0317699946,0.0312735811,0.0291691199,0.0262077805,0.0240621939,0.022521073,0.0189487152,0.0178852621,0.0183481835,0.018829938,0.0177508071,0.0174570326,0.0156281237,0.0158574972,0.0141765391,0.013467974,0.0128151532,0.0119095333,0.0114790108,0.0112412153,0.0101028839,0.0100125549,0.00915011857,0.00850707013,0.00767698605,0.00663043,0.00598823326,0.00577741209,0.00493502012,0.00475531351,0.0051748585,0.00435079401,0.00370187964,0.00348338345,0.00267019705,0.00306843058,0.00294490112,0.00238621281,0.00278948201,0.00277639786,0.0018092898,0.00189821073,0.00199940265,0.00149220997,0.00133991102,0.000584497175,0.000558245927,0.000731573789,0.000896251877,0.000945862033,0.000580242369,0.000297207851,0.000571963843,1.56669412e-05,5.67960087e-05,,,,,,,0.000564922346,0.000547214993,0.00117217156,0.00105364085,0.000145189231,7.57549424e-05,,,,,,,,,,,,,,,,,
1172,39.0320015,2026-08-30T08:56:49.633000+0000,-20.964536551835003,154.35972573929834,0.0850085169,0.0717939585,0.0794518739,0.0723356977,0.0728362873,0.0744759142,0.0804656819,0.0804688334,0.0812209845,0.0827511847,0.0811493695,0.0782528594,0.0731542408,0.0765083432,0.072036162,0.071111165,0.0708394945,0.0699525625,0.0682483315,0.0677314699,0.0670859367,0.0654312819,0.0648541301,0.0643783882,0.0633728877,0.0617928728,0.0620526671,0.0623006858,0.0594512187,0.0605232902,0.0586670898,0.0577965416,0.0585029088,0.0569212884,0.0572176725,0.0568649322,0.0567542836,0.0559962168,0.0561283156,0.0560883544,0.0551947095,0.0556476489,0.0546206199,0.052899491,0.0528712496,0.0529060476,0.0517266653,0.0512929074,0.0518141501,0.0506016612,0.0511420406,0.0500296131,0.0500541143,0.0500818044,0.0491404049,0.049078092,0.0492097288,0.0487858318,0.0483347476,0.0483680852,0.0480800942,0.047057718,0.0473231263,0.0467441902,0.0462153479,0.0477905981,0.0476344712,0.0471640117,0.0475148931,0.0473467484,0.0467861667,0.0469759963,0.044770617,0.0462715551,0.0451872908,0.0441781133,0.0463919118,0.0446003564,0.0418359786,0.0446190275,0.0384394974,0.0394063741,0.0377720818,0.0379533283,0.0379478522,0.0396294557,0.0407264233,0.0305384863,0.0336020775,0.0331639796,0.0338499956,0.0328735784,0.0300391074,0.0279377773,0.0258521792,0.0226210523,0.0205686986,0.0199552476,0.0190481823,0.0191199314,0.0190007985,0.0181470197,0.0175081026,0.0156374853,0.0155465296,0.014427959,0.013265132,0.0128995338,0.0122690042,0.0109112123,0.0113128899,0.0105125615,0.00889012497,0.00896707736,0.00723699247,0.00758045213,0.00606825436,0.00577742839,0.00574503327,0.00512533728,0.00472486531,0.0044308058,0.00405188277,0.00356339267,0.00365020661,0.00359843997,0.00318490155,0.00315620028,0.00320948637,0.00289639807,0.00304930634,0.00271824142,0.00182946306,0.00203231443,0.00185006752,0.00194472028,0.00114850444,0.00191186822,0.00135654793,0.00119613786,0.000890463125,0.00113736326,0.00152207958,0.00110573147,0.000786828226,0.000663222512,0.00107891078,0.000739294919,,0.000399853277,0.00105336157,0.00121496012,0.00165725336,0.0014221915,0.00158363441,0.00169516704,0.00170573511,0.00109927589,7.18573574e-05,,,,,,,,,,,,,,,
1173,39.0820007,2026-08-30T08:56:49.881000+0000,-20.964536550595003,154.359725724005,0.0819085464,0.0774639696,0.0799018294,0.0744257346,0.0754662752,0.076215893,0.0796556845,0.0830788314,0.0827509686,0.0854411647,0.0833693668,0.081072852,0.0781342238,0.077958338,0.0748761445,0.074161157,0.0726294816,0.0723025575,0.0705483332,0.0703714564,0.069125928,0.0681812763,0.0678441226,0.0666983798,0.0653128847,0.0650928766,0.0648226589,0.0643306747,0.062771216,0.0636932924,0.062437091,0.061106544,0.0611029044,0.0596912839,0.0589176677,0.0584149286,0.0587642752,0.0584762096,0.0581083111,0.0575483516,0.0576947033,0.0568176396,0.0562606119,0.0540894903,0.0540512577,0.0530660562,0.0533566885,0.0529629476,0.0526642129,0.0523717478,0.0518721342,0.0519697107,0.0520642065,0.0509918779,0.0507104658,0.0499681421,0.04981976,0.0496158488,0.0496747494,0.0491780788,0.0485400893,0.0493777171,0.0480231307,0.0473342016,0.0483553596,0.0471806042,0.0486344695,0.0486439988,0.0485148765,0.0490767248,0.0472861454,0.0466959774,0.0466606058,0.0444115661,0.0461173393,0.0451582074,0.0438620821,0.0467406102,0.0454663299,0.0405495167,0.041760128,0.0399971902,0.0358631015,0.0395144634,0.037839137,0.0379608348,0.0459278338,0.0334284939,0.0313921012,0.0333439708,0.033500012,0.0314235874,0.0307991058,0.0266378131,0.0239621885,0.0228810851,0.0194087103,0.0195052531,0.0184781849,0.0175699312,0.0179808028,0.0174270123,0.0156481098,0.0154174864,0.014646532,0.0137179662,0.0132551361,0.0121095367,0.0114689926,0.0109912185,0.0103228893,0.00965255778,0.00925012492,0.0079470817,0.00719700195,0.00695045246,0.0058282637,0.00589743536,0.00508503942,0.00444534468,0.00477487873,0.00413080538,0.00348188682,0.00381339272,0.00347020384,0.00341843721,0.00319490209,0.00298620807,0.00320948614,0.00307638803,0.00268929778,0.00193824957,0.00233949069,0.00226234458,0.0020601165,0.00148477394,0.00173858751,0.00132197491,0.00143665948,0.00169623189,0.00137054664,0.000947436318,0.00071213604,0.000755770132,0.000226852018,0.000123232719,0.000378920231,0.000389291905,0.000192289357,0.000259859662,0.000413380854,0.000704978826,0.00121726794,0.00129219459,0.00141363381,0.000805155956,0.000625720771,0.000209257472,,,,,,,,,,,,,,,,
1174,39.1170006,2026-08-30T08:56:50.142000+0000,-20.96453654929,154.35972570790997,0.0832685307,0.0788439289,0.0821718648,0.0743757188,0.0734662712,0.0737959072,0.0794456899,0.0792788193,0.0807609782,0.0842411742,0.0833893567,0.0791928396,0.0778042227,0.0774683207,0.0733461529,0.0738211498,0.0720294863,0.0713525563,0.0694883168,0.068731457,0.0683859289,0.0668612719,0.0651341155,0.0650383756,0.063942872,0.0645128563,0.0639626533,0.0635006726,0.0619612113,0.0624932796,0.0604670793,0.059296526,0.059112899,0.057671275,0.0576676615,0.0567949228,0.0567642711,0.0560762063,0.0560583062,0.0550883412,0.0547346994,0.0543976389,0.0536006093,0.0522694737,0.0522312336,0.0515760332,0.0514166504,0.0508228913,0.0501741357,0.050001651,0.0499820337,0.04931961,0.0493941158,0.0485718101,0.0481104106,0.0479281023,0.0475997366,0.0475858375,0.0467947498,0.0472780876,0.0459800921,0.0459577143,0.0459931232,0.0444041863,0.046065338,0.0454105884,0.0462544635,0.0467840061,0.0457348824,0.0446967259,0.0450861417,0.0437559634,0.0430405699,0.0434915088,0.0418272354,0.043678049,0.0426918454,0.0414202884,0.0421459079,0.0374989547,0.0394394286,0.0359663032,0.0338620245,0.0372632854,0.0384978354,0.0371994823,0.0401264913,0.0279884897,0.0304121058,0.0317239687,0.0318000242,0.0303636082,0.0289191194,0.0258178022,0.022672195,0.0212510806,0.0181787107,0.0178552642,0.0181781854,0.0173599329,0.0168708172,0.0161970146,0.0154081173,0.0145074921,0.0139665352,0.0118879722,0.0120951422,0.0109495418,0.0105389981,0.0103212185,0.00889288448,0.00899255648,0.00813012384,0.00783707947,0.00665699644,0.00557045126,0.00612824829,0.00508743292,0.00480504148,0.00422534021,0.00375487749,0.00348081486,0.00323188864,0.00252339756,0.00273019564,0.00254843128,0.00289491122,0.00321620773,0.00220948388,0.00225639157,0.00235929107,0.00196823361,0.00171945977,0.00116230652,0.00110005843,0.00108471105,0.00122850668,0.000821864989,0.00100655726,0.000786145218,0.000270478777,0.000467387494,0.000192093663,0.000155754038,,,,,,,1.33702415e-05,0.00050496927,0.000777254812,0.00108219497,0.000503636082,,2.57239444e-05,,,,,,,,,,,,,,,,,
1175,39.1329994,2026-08-30T08:56:50.391000+0000,-20.964536548045,154.359725692555,0.0809085369,0.0874539316,0.0698418617,0.0732956752,0.073246263,0.0735458955,0.0742356703,0.0794388205,0.0818109661,0.0815811604,0.0795193464,0.0761028528,0.0756442249,0.071148321,0.0709361583,0.0694811493,0.0684994906,0.0666125566,0.0657983273,0.0661814511,0.0626559258,0.0634212643,0.0625441074,0.0617483668,0.060732875,0.0598528571,0.0609226488,0.0593206659,0.0591811985,0.0587232709,0.0574370697,0.0568565205,0.0558328927,0.0546812676,0.0547876544,0.0538449176,0.0538642667,0.0531461984,0.0530983023,0.0523183383,0.0524046943,0.0514976345,0.0512505993,0.0537794679,0.0527912192,0.0529860035,0.0518066064,0.0518928319,0.0520440601,0.0508815572,0.0510119237,0.0511395112,0.0494940318,0.049961742,0.0493303612,0.0489480682,0.0486697145,0.0480058305,0.0481847487,0.0472980924,0.0479500964,0.0464977138,0.0462131128,0.0475541726,0.0460253246,0.0465305783,0.0481044538,0.0461140051,0.0472548828,0.0472367257,0.0448161326,0.0472459495,0.0447505377,0.0433914401,0.0457371362,0.0427878946,0.0441016182,0.0456499755,0.0388354957,0.0435384102,0.0390787311,0.0347854309,0.0404209606,0.0370921195,0.0358765535,0.0431081504,0.0349351652,0.0313884802,0.0310721006,0.0325239822,0.0310600325,0.0315135904,0.0288891103,0.025397798,0.0255122092,0.0211610813,0.0197087079,0.0185352694,0.017148193,0.0182999317,0.0175208114,0.0163670257,0.0159081146,0.0149674937,0.0139565393,0.0139779672,0.0120651489,0.0114095425,0.0112790074,0.010091221,0.0102728959,0.00966255739,0.00833012722,0.00915708207,0.00772698736,0.00673044333,0.00676824804,0.00602742285,0.00552503066,0.00526533322,0.00437486777,0.00404081307,0.00435188832,0.00351339974,0.00388020603,0.00360843888,0.00348490709,0.00380620454,0.00373949017,0.0039463914,0.00122928561,0.00143821747,0.00165944488,0.00126227422,0.00108001113,0.000324637542,0.00079841679,0.000661771628,0.000766461599,0.000676058931,0.000500408234,0.00016733096,,0.000105733285,,,,,,,,0.000164956262,0.00077724352,0.000532188336,0.000843637099,0.000195173634,,,,,,,,,,,,,,,,,,
1176,39.1500015,2026-08-30T08:56:50.640000+0000,-20.9645365468,154.3597256772,0.0781185031,0.0796739757,0.0785118341,0.0730157122,0.073636286,0.0751658902,0.0792156681,0.0798188299,0.0814009458,0.0836111456,0.0803593546,0.0782328546,0.0746342242,0.0737083256,0.0717461556,0.0709511489,0.070399493,0.0689025521,0.0676883161,0.0671814531,0.0659459233,0.0652412623,0.0645741075,0.0633083656,0.0630828664,0.0618028529,0.0613926463,0.0609006658,0.0604412034,0.0594032705,0.0584970713,0.0574065223,0.0568928868,0.0570012666,0.0564076491,0.0564349182,0.0554242656,0.0550961979,0.0547683015,0.0543983392,0.0535646938,0.0535376333,0.0538406,0.0523494668,0.0523112193,0.0512659997,0.0514166057,0.0511228293,0.0498840585,0.0500715561,0.0499119237,0.0489695147,0.0489340313,0.048451744,0.047660362,0.0476780683,0.0474097133,0.0471258312,0.0471247472,0.0463280901,0.0460900962,0.0459277146,0.0451531149,0.0443741679,0.044725325,0.045150578,0.0453144573,0.0461140051,0.0447048843,0.0450867265,0.0447861329,0.0438059494,0.043150533,0.0413714387,0.0420071371,0.043117892,0.0424616188,0.0422099754,0.0397054926,0.0386384092,0.0383887328,0.0365954302,0.0351609625,0.0364021212,0.0361165516,0.0390181467,0.0375651605,0.0307484753,0.0307720806,0.031773977,0.031320028,0.03140359,0.0290691163,0.0259378161,0.0244322028,0.0215910692,0.0194987208,0.0185952615,0.0177881978,0.0178099368,0.0177608095,0.0169270262,0.016138114,0.015197508,0.0144265369,0.0139679685,0.0118551468,0.0119595444,0.0110690054,0.0102212187,0.0100128856,0.00952256098,0.0088701304,0.00821708702,0.00750698615,0.00746045122,0.00636825617,0.00558742136,0.00542502897,0.00486532645,0.00491487095,0.00431080721,0.00428188266,0.0033433924,0.00292019895,0.00324844173,0.00301490957,0.00345620606,0.00321948435,0.00289639598,0.0025292926,0.00237822742,0.00224944158,0.00143226655,0.00214000512,0.00174464367,0.00173841184,0.00119177613,0.00162646733,0.00129605155,0.000750405015,0.000917336205,0.000682060374,0.000565732131,0.000496828463,0.000273236656,0.000488932943,,0.000382301747,0.000239854562,,0.000794955064,0.00143724564,0.000792191247,0.000863641908,0.00130516861,0.000235731655,1.92538137e-05,,,,,,,,,,,,,,,,
1177,39.1669998,2026-08-30T08:56:50.888000+0000,-20.96453654556,154.35972566190665,0.0804985166,0.076273948,0.080601871,0.0721156821,0.0746262893,0.0767359063,0.0818556771,0.0810388178,0.0828909725,0.0842311531,0.0835193545,0.0770428479,0.0769442171,0.0749683231,0.0720861554,0.0718911588,0.0707994848,0.0703825504,0.0682183206,0.0680814534,0.0668759197,0.0654212683,0.0649441034,0.0637783632,0.0631628707,0.0624728538,0.0622426458,0.0609906688,0.059711203,0.0600832701,0.05833707,0.0574065223,0.0572828874,0.055501271,0.0554476492,0.0550249182,0.054674264,0.0538161993,0.0533183031,0.0533983409,0.0527146943,0.0522776321,0.0517105982,0.0520294681,0.0519212186,0.0507960021,0.0501066074,0.0505128279,0.0492840596,0.0491115563,0.0491019264,0.0485195145,0.0486940295,0.0478217453,0.0468403623,0.0465480685,0.0463397168,0.04586583,0.0457247458,0.0456480905,0.0454400964,0.0442377143,0.0439931117,0.0438141674,0.043335326,0.0444205776,0.0438744575,0.0440340042,0.0448848829,0.0429767221,0.0444161333,0.040785946,0.0408605374,0.0411314406,0.0395471379,0.0407178961,0.040521618,0.0385799706,0.0405754931,0.0358584076,0.0348887332,0.0365854315,0.0299409591,0.0350621194,0.0374365561,0.0324281454,0.0371751599,0.0307484753,0.0318720825,0.0337439701,0.0335600302,0.0312136002,0.030539114,0.0268778112,0.0251422133,0.0236310679,0.0194487125,0.0198352616,0.0199281834,0.0187699292,0.018290814,0.0182570294,0.0163881108,0.0161375031,0.0153565342,0.0146579668,0.0137651479,0.0126595413,0.0111990031,0.0112312194,0.0110728946,0.0102125593,0.00984013639,0.00868708454,0.00814699195,0.0071304501,0.00657824334,0.00562741607,0.00538503425,0.00514533417,0.00496486435,0.00423080288,0.00419189455,0.00402339175,0.00373019604,0.00367842964,0.0034348988,0.00346620474,0.00421948638,0.00348639255,0.00293929805,0.00254821987,0.00256944401,0.00153226824,0.00217001606,0.00213463698,0.0019984222,0.00240176544,0.00159645639,0.0018460534,0.00178040308,0.00112733082,0.00126205827,0.0010857305,0.00100683561,0.000643239939,0.00103892735,0.000809311168,0.000842300593,0.000689854729,0.000853360048,0.0012849574,0.00183724496,0.00143218867,0.00192364352,0.00102516834,0.000765728706,0.000939258956,0.000401826575,,,,,,,,,,,,,,,
