sequence,pressure,datetime,latitude,longitude,c_400.9,c_403.2,c_405.3,c_407.1,c_408.9,c_410.9,c_413.5,c_417.6,c_422.2,c_427.4,c_432.0,c_436.4,c_440.2,c_444.2,c_448.5,c_452.5,c_456.7,c_460.6,c_464.8,c_469.2,c_473.8,c_478.7,c_483.2,c_487.6,c_491.8,c_496.0,c_500.5,c_505.0,c_509.5,c_514.4,c_518.7,c_523.4,c_527.7,c_531.6,c_535.8,c_539.7,c_544.2,c_548.3,c_552.8,c_557.0,c_561.5,c_565.6,c_569.8,c_573.6,c_577.3,c_581.4,c_585.3,c_589.6,c_593.5,c_598.1,c_602.3,c_607.0,c_611.5,c_616.0,c_620.4,c_624.7,c_628.9,c_633.0,c_637.3,c_641.3,c_645.8,c_649.8,c_654.4,c_658.6,c_662.9,c_667.0,c_671.3,c_675.4,c_679.3,c_683.2,c_686.9,c_690.3,c_694.1,c_697.6,c_701.0,c_704.4,c_707.9,c_711.2,c_714.4,c_717.9,c_720.9,c_724.4,c_728.3,c_730.5,c_734.0,c_737.2,c_740.0,a_400.7,a_403.0,a_404.8,a_406.8,a_408.7,a_410.5,a_413.4,a_416.9,a_421.5,a_426.7,a_431.5,a_435.5,a_439.3,a_443.2,a_447.4,a_451.5,a_455.5,a_459.6,a_463.4,a_468.0,a_472.4,a_477.1,a_481.7,a_486.2,a_490.4,a_494.6,a_498.9,a_503.1,a_508.0,a_512.5,a_517.0,a_521.6,a_526.1,a_530.1,a_534.2,a_538.4,a_542.5,a_546.8,a_551.0,a_555.3,a_559.6,a_563.9,a_568.1,a_572.7,a_576.6,a_580.5,a_584.4,a_588.6,a_592.9,a_597.1,a_601.4,a_606.0,a_610.5,a_614.7,a_619.4,a_623.5,a_627.9,a_632.0,a_636.0,a_640.2,a_644.5,a_648.8,a_653.2,a_657.3,a_661.6,a_665.9,a_670.1,a_674.0,a_678.0,a_682.0,a_685.6,a_689.4,a_692.9,a_696.5,a_699.9,a_703.3,a_706.7,a_709.9,a_713.2,a_716.9,a_720.1,a_723.7,a_726.4,a_729.2,a_732.6,a_735.9,a_738.3
882,1.06700003,2026-08-27T10:32:15.141000+0000,-26.6957389,153.3354092,0.0826471075,0.0736656711,0.0759818852,0.075859569,0.0710327253,0.0699389651,0.0711638927,0.0728622749,0.0719867125,0.0783772543,0.0798991621,0.0838960484,0.0816774294,0.0855573565,0.0860394537,0.0873668417,0.0890711546,0.0909001306,0.0926385894,0.0958672091,0.0986842364,0.101522848,0.104759224,0.107183225,0.111880161,0.115108088,0.119320586,0.123738572,0.128000095,0.132228062,0.135696635,0.14002417,0.143675536,0.145582289,0.148048863,0.150995776,0.154007867,0.157183513,0.159918293,0.163154304,0.166134953,0.168506533,0.171001598,0.17055659,0.172768548,0.175557062,0.176569849,0.178153455,0.180358872,0.181954101,0.184543252,0.186627492,0.188741967,0.190468505,0.191936433,0.194255129,0.193699658,0.197183475,0.19929032,0.200394511,0.202360019,0.203564599,0.205939278,0.206174329,0.208620593,0.211572558,0.212851867,0.21503219,0.215866759,0.218605071,0.220298171,0.219348207,0.221981451,0.223904192,0.223700777,0.225916192,0.224413365,0.225275144,0.225959539,0.223460346,0.223160356,0.225026891,0.220542237,0.222754985,0.223492771,0.224351555,0.230996743,-0.0616991855,-0.0596239641,-0.0598344728,-0.0597485825,-0.0610249527,-0.0607419796,-0.0596036538,-0.0583141074,-0.0550981835,-0.0534459874,-0.0494664013,-0.0460643545,-0.0443523005,-0.0411844142,-0.0397994518,-0.0371969901,-0.0341477059,-0.0313855931,-0.0292029157,-0.0258932747,-0.0229553282,-0.0198703669,-0.0167681538,-0.0143173449,-0.0111689903,-0.00860730186,-0.00651440769,-0.00362520665,-0.00157075375,0.000339746475,0.00259240717,0.00445824116,0.00645489991,0.00834791362,0.0095025748,0.0117403492,0.0131460056,0.0145578906,0.0160323903,0.0172808468,0.0186022744,0.0200711414,0.0213926136,0.0231584534,0.0239860564,0.0246738642,0.0243575871,0.0243805647,0.0241886899,0.0244073644,0.0239932537,0.0247642174,0.0257769972,0.0267408565,0.0276979953,0.0283515975,0.0297263935,0.0304934531,0.0319376662,0.0321532115,0.0331324711,0.0331845358,0.0338160917,0.0342396721,0.0345078558,0.0357356444,0.0363340527,0.0366417766,0.037089318,0.0371689349,0.0368904918,0.0353435278,0.0339611694,0.0322757587,0.0296712294,0.0273894519,0.0224989206,0.0174954534,0.0103421062,0.00149841607,-0.00800545514,-0.0213305615,-0.033219777,-0.0451037437,-0.0548849851,-0.0615416318,-0.0643572509
883,1.14699996,2026-08-27T10:32:15.390000+0000,-26.6957389,153.3354092,0.085387148,0.056925714,0.0638918653,0.0688595399,0.0610527322,0.0596289709,0.0608038902,0.0654722899,0.0600667037,0.0640172437,0.0657591522,0.069726035,0.0660274327,0.0704973489,0.0714894459,0.0719868168,0.0737611428,0.0751001313,0.0775285885,0.0790872052,0.0833742321,0.0848728418,0.0885092169,0.0919232219,0.0959701538,0.099048093,0.102150589,0.107348561,0.110860102,0.114448063,0.119486645,0.122664176,0.126685545,0.128922284,0.131648839,0.134675771,0.137497872,0.140953511,0.14369829,0.146244287,0.149364963,0.152636543,0.155081585,0.150676608,0.152188569,0.154657051,0.155739859,0.156843483,0.159148946,0.160704195,0.162673354,0.163907602,0.165892065,0.168598562,0.169266492,0.171335176,0.171969667,0.174493477,0.176850304,0.178104505,0.17994,0.181244597,0.182599291,0.184274346,0.186170608,0.189462543,0.190311864,0.191842183,0.193546742,0.193495065,0.195788115,0.197588205,0.197071463,0.20011422,0.201320842,0.200466305,0.202333555,0.19979541,0.199809924,0.20216085,0.199751034,0.19945772,0.199343279,0.199786112,0.200904071,0.20074293,0.204658136,-0.0616976544,-0.0643424317,-0.0632129684,-0.0640470833,-0.0639434308,-0.0645504445,-0.0629721433,-0.0615525991,-0.0590166599,-0.0552844778,-0.0522248894,-0.0491028354,-0.0472207889,-0.0445628911,-0.0420479476,-0.0393154882,-0.0369362012,-0.0339440778,-0.0310714021,-0.0273317583,-0.0246338099,-0.0212888531,-0.0179466382,-0.0151758268,-0.0121074803,-0.00926578417,-0.00747288764,-0.00464367867,-0.00271923095,-0.000868730247,0.00181393325,0.00372976065,0.00572641194,0.00757943839,0.00914409012,0.011061877,0.0121175349,0.0140294135,0.0148339123,0.0163623542,0.0172637925,0.0191526636,0.0206041187,0.0192499682,0.0201175734,0.0201053992,0.0206591263,0.0207021236,0.0203102827,0.0202589706,0.0203148723,0.020855844,0.0213486031,0.0230024531,0.0237395689,0.0252531469,0.0260579288,0.0273449868,0.028379187,0.0288547203,0.0298639908,0.0304360464,0.0309776068,0.0308812037,0.0321293771,0.033047162,0.0331055745,0.0342532992,0.035000816,0.0345504433,0.0349519998,0.0339850262,0.0322826877,0.0317772925,0.0284628049,0.0262410641,0.0221105888,0.0171872079,0.00983395427,0.0011703968,-0.00836332887,-0.0198282413,-0.03190732,-0.0429311357,-0.0531522296,-0.0602487661,-0.0648543239
884,1.27199996,2026-08-27T10:32:15.638000+0000,-26.6957389,153.3354092,0.0777471811,0.0640257448,0.0739819556,0.0691295788,0.0671927482,0.0667990148,0.0696539208,0.0690622926,0.0696367174,0.0726272613,0.0753691643,0.0756160393,0.0754174367,0.0793873668,0.078749463,0.0801068246,0.0818411559,0.0836701468,0.0855885968,0.0885472223,0.0905442536,0.0928528607,0.0966392308,0.0994032398,0.102580175,0.106128111,0.109710619,0.113878608,0.116550148,0.122488096,0.124346681,0.12799421,0.132155567,0.133372307,0.136118874,0.138835788,0.141467884,0.143733531,0.146438301,0.149324313,0.151364967,0.153616562,0.1554216,0.135836646,0.138758644,0.141477197,0.142440036,0.144683734,0.147009254,0.149424568,0.152463749,0.154587999,0.156882405,0.160298839,0.162046701,0.164745316,0.166239768,0.168933511,0.171540305,0.173644498,0.176989987,0.17787461,0.18094933,0.182874411,0.184540689,0.18827261,0.190181896,0.192012176,0.196316704,0.196285039,0.199678153,0.200438276,0.201101586,0.204924464,0.205601245,0.205106929,0.207204476,0.207046673,0.206181571,0.209583089,0.207063809,0.208361223,0.20634754,0.207080781,0.210009202,0.208938271,0.21354346,-0.0646317229,-0.0635865331,-0.0648970529,-0.0653811693,-0.0650675446,-0.0656745657,-0.0649862438,-0.0630767047,-0.0608507842,-0.0578086004,-0.0534590036,-0.050416965,-0.0478249118,-0.0455770195,-0.0435620695,-0.041129604,-0.0386703163,-0.035428185,-0.0330455191,-0.0295658708,-0.0264279135,-0.023632966,-0.0203007571,-0.0178199336,-0.0148515925,-0.0115298964,-0.00939699635,-0.00702778623,-0.00554332137,-0.00332280993,-0.00113015622,0.00140566379,0.00290231407,0.00482533872,0.00686998665,0.00859776884,0.00992343575,0.011375308,0.0127997994,0.014548257,0.0153896883,0.0169885531,0.0185700282,0.0202658772,0.0209635198,0.0217813924,0.0219451636,0.0223382115,0.0221664533,0.0215952098,0.021701172,0.0223121196,0.0229248479,0.0239886194,0.0256956741,0.0264291912,0.0278439,0.0285709202,0.0296450853,0.0301906019,0.0314398408,0.0318419337,0.0322735161,0.0326171443,0.0336053371,0.034223102,0.0352314785,0.0353591889,0.0358266905,0.0356163159,0.0353278965,0.0347409472,0.033078678,0.0318233892,0.029729031,0.0265474916,0.0224572867,0.0174142122,0.00972133875,0.00110831857,-0.0085048303,-0.0197390132,-0.030517526,-0.0442808345,-0.0541714057,-0.0625976026,-0.0639530718
885,1.39699996,2026-08-27T10:32:15.887000+0000,-26.6957389,153.3354092,0.0802571252,0.082575649,0.0766918808,0.0778595284,0.0756427199,0.0751689747,0.0746938735,0.0758522823,0.0747867301,0.0748772398,0.0764191598,0.0752160624,0.0759374499,0.0762773752,0.0779094622,0.0791468471,0.0799211636,0.0810201392,0.0828685984,0.0839972124,0.0864842385,0.0877428576,0.0915492177,0.0933932215,0.0962601528,0.0983580872,0.101470582,0.104798563,0.108300097,0.109728053,0.113896631,0.116864167,0.119575545,0.121272281,0.12332885,0.125145778,0.12728785,0.129243493,0.131378293,0.133044302,0.135294959,0.137886554,0.139411584,0.132096589,0.134468541,0.137056991,0.138599768,0.14044334,0.142468736,0.145353913,0.147433043,0.150007293,0.152761802,0.155108362,0.156956315,0.159725055,0.161479607,0.164983451,0.167270303,0.169024527,0.172300011,0.174154595,0.176269278,0.177944303,0.181390569,0.183072537,0.186451867,0.188662201,0.19051677,0.193495095,0.196288183,0.195458218,0.198951408,0.20091413,0.202440634,0.204255924,0.204772964,0.206094563,0.20594877,0.204339311,0.20698905,0.205985188,0.20494014,0.209422678,0.207450211,0.211628854,0.213724002,-0.0669682026,-0.0680229664,-0.0665834993,-0.0687376037,-0.0690439641,-0.0682009757,-0.0686126724,-0.0661531091,-0.0635771677,-0.0615449809,-0.0559753776,-0.0538333282,-0.0523012802,-0.048303403,-0.0463784337,-0.0442959741,-0.040636681,-0.038784571,-0.0345518962,-0.0320222564,-0.0294343121,-0.0256293528,-0.0232671313,-0.0195163302,-0.0169179812,-0.0149762891,-0.0116734058,-0.00941419229,-0.00754974037,-0.00541923195,-0.00284658372,-0.0010407567,0.000775903463,0.00255892426,0.00462358445,0.00604137033,0.00727703422,0.00975890458,0.0106534064,0.0119418576,0.0138232931,0.0150121674,0.0162436292,0.0172194615,0.0180670545,0.0180448443,0.0186185464,0.0187814832,0.0182895884,0.0182082057,0.0182340816,0.0188750327,0.0198078305,0.0209317058,0.021838896,0.0229325294,0.0243873522,0.0251844451,0.02606868,0.0272142366,0.0276934877,0.0286955461,0.0293270871,0.0296706632,0.0300088376,0.0313466266,0.0322950557,0.0320528075,0.0327503532,0.0330099836,0.0326215327,0.032404542,0.0318921655,0.0299267247,0.0271821395,0.0238902643,0.0205495879,0.0164359659,0.0102924332,0.00082847476,-0.00903568417,-0.0185211636,-0.0316106677,-0.0422348902,-0.051716432,-0.0598832853,-0.0623189695
886,1.52600002,2026-08-27T10:32:16.138000+0000,-26.6957389,153.3354092,0.0879070312,0.0829656571,0.0906217992,0.0839495212,0.0853126943,0.0840989649,0.0861438736,0.0810922682,0.0797467306,0.0788772479,0.0770391598,0.0745260715,0.0737974495,0.0761073604,0.0732494667,0.0754668564,0.0749511644,0.0760601312,0.0761786029,0.07769721,0.0787442401,0.0791028589,0.0821692124,0.083473213,0.0847301558,0.0873580799,0.0896805599,0.0914085358,0.0935300812,0.0972580165,0.0988566056,0.100894138,0.104005516,0.104492255,0.107348822,0.108705759,0.110497855,0.112203494,0.114908278,0.116574287,0.118324958,0.119996548,0.12178158,0.120886557,0.121758468,0.123466887,0.125099584,0.12695308,0.128258362,0.129993469,0.132302538,0.133416802,0.135871366,0.137378007,0.138306037,0.14134486,0.141709492,0.144083381,0.146410301,0.147484541,0.149460018,0.15034458,0.152409241,0.153244242,0.1551705,0.157632485,0.158071831,0.160022199,0.162656799,0.162265137,0.164418176,0.164698184,0.165891305,0.168073863,0.167740196,0.169725239,0.168701902,0.167073071,0.167476773,0.168326631,0.165875673,0.168150902,0.164984867,0.165896922,0.167653799,0.165042087,0.170817241,,-0.0654664561,-0.0664269477,-0.0674110726,,,-0.0666061267,-0.0649965554,-0.0620406047,-0.0589184016,-0.0544288084,-0.0519367456,-0.0500547066,-0.0468868278,-0.0447518677,-0.0422093906,-0.0394701175,-0.0362180062,-0.0341053344,-0.030415684,-0.0272977352,-0.0239827856,-0.021400582,-0.0181697607,-0.0152514018,-0.0126197301,-0.0104268491,-0.00805763528,-0.00572320819,-0.00319270045,-0.00132004917,0.00130577385,0.00286244601,0.00447548181,0.00669013709,0.00779792666,0.00993359089,0.0113754719,0.0125699639,0.0140084252,0.0154198632,0.0170887336,0.0187501907,0.0160259902,0.016733557,0.0173512921,0.0171849355,0.0177078098,0.0179557949,0.0176743343,0.0175601393,0.0184910968,0.0188439414,0.0202379078,0.0214051604,0.0227488801,0.0238537937,0.0246209428,0.0256952271,0.026930809,0.0274600908,0.0278821141,0.0285936296,0.0291971639,0.0299553275,0.0306731239,0.0315315947,0.0323093757,0.0323569477,0.0325065926,0.0324681178,0.0315110907,0.0302786455,0.0300230831,0.0272983313,0.0235862285,0.0208952352,0.01547122,0.00975719094,0.00149258226,-0.00853230432,-0.0181887075,-0.030968897,-0.0416738093,-0.0498060212,-0.0572033636,-0.0595791973
887,1.67299998,2026-08-27T10:32:16.387000+0000,-26.6957389,153.3354092,0.0783769712,0.0609655976,0.080791764,0.0661195144,0.0665026754,0.0658189505,0.0674138367,0.0618022531,0.0615967289,0.0621472374,0.0616791695,0.0590560734,0.0550274588,0.0587373711,0.0547494814,0.0550968722,0.0550311729,0.05499015,0.0541886054,0.0553872101,0.0562942475,0.0557728708,0.0579692014,0.0584332123,0.0607001446,0.0616480596,0.0634105504,0.0654185191,0.0659200549,0.0687079877,0.0705265775,0.0713441074,0.0741954893,0.0753622428,0.0769888088,0.0777457505,0.0798478425,0.0819834769,0.083068274,0.0850142837,0.0870449543,0.0883965492,0.0896315649,0.0984165296,0.0998184085,0.101456769,0.102479398,0.103852808,0.105228014,0.107533008,0.109812021,0.110556304,0.112930916,0.114687651,0.115765788,0.117844664,0.118369378,0.12102332,0.122190289,0.124424554,0.125420064,0.126944572,0.128889188,0.128664166,0.131880417,0.133662418,0.134211808,0.137082234,0.138206854,0.138365179,0.141248211,0.142188177,0.141011193,0.144723639,0.142169788,0.146214575,0.146160841,0.142981604,0.146834821,0.141623989,0.143572301,0.142326638,0.140689626,0.141881168,0.144517392,0.141595334,0.147350445,-0.0667111576,-0.066585958,-0.0668064579,-0.0671305358,-0.0679168552,-0.0674338713,-0.0673655868,-0.0656260177,-0.0612100512,-0.0602778569,-0.0549882613,-0.0524561778,-0.0502841398,-0.0477462709,-0.0456613004,-0.0429188274,-0.0397395417,-0.0371774472,-0.0341347642,-0.0311151296,-0.0278071836,-0.0247222111,-0.0218900181,-0.0186092257,-0.0159308575,-0.0135991834,-0.011616312,-0.00911710039,-0.00629267097,-0.00393217802,-0.00245951861,5.63040376e-05,0.00172296911,0.00367601216,0.00597067177,0.00760846585,0.00893413275,0.0102260038,0.0121104941,0.0136589631,0.0150404125,0.0166292787,0.0179207399,0.0191365331,0.0198540613,0.020101741,0.0207053274,0.0205681175,0.0206060037,0.0198544562,0.0201801881,0.0206811428,0.0212840512,0.0224480778,0.0236654282,0.0245692283,0.0258742124,0.0269914344,0.0274157599,0.0284513757,0.0297006592,0.0299326777,0.0300041512,0.0304476619,0.0312758163,0.0323036313,0.0332621187,0.0329099372,0.0335775465,0.0339471847,0.0335987061,0.032331638,0.0315591246,0.0302834511,0.0284985378,0.0259862021,0.0205348805,0.0168704689,0.0100959763,-0.000379309058,-0.00798491016,-0.0186022222,-0.0326031372,-0.0413587019,-0.0531116351,-0.0580694564,-0.0622154586
888,1.83200002,2026-08-27T10:32:16.636000+0000,-26.6957389,153.3354092,0.096267052,0.0680056065,0.0812418163,0.0827395171,0.0731627122,0.0721289814,0.0741738528,0.0733122528,0.0664367229,0.0681572407,0.0657391772,0.0679760724,0.0606474616,0.0626973733,0.0619094744,0.0599468723,0.0603011772,0.0602201521,0.0608686097,0.0599872246,0.0618142448,0.0620928705,0.0629092231,0.0640932322,0.0665801615,0.0671980828,0.0679205805,0.0711285546,0.0717200786,0.0721680224,0.0764066055,0.0761941373,0.0786755234,0.080202274,0.0813988373,0.0824557617,0.0842078552,0.0860135034,0.0867682919,0.0883742943,0.0908249691,0.0914165527,0.0930615887,0.083136566,0.0841684788,0.0860668793,0.0867095664,0.0887630433,0.089338325,0.0902233869,0.0930424407,0.0944167003,0.095951274,0.0984879211,0.0992059931,0.100834817,0.102339469,0.104713365,0.105980292,0.108134538,0.109420046,0.109974593,0.111799233,0.113574229,0.113820486,0.117942467,0.118731841,0.119922221,0.123506829,0.122805156,0.124698207,0.126558229,0.125271335,0.129043862,0.131060183,0.129155159,0.132701755,0.131722853,0.128726482,0.134256184,0.128915057,0.129470125,0.13391389,0.124845825,0.133792534,0.134370729,0.13268581,-0.0681932569,-0.0663180351,-0.0677585304,-0.0676826388,-0.0673389584,,-0.0673876703,-0.0649681315,-0.0641821548,-0.0583699681,-0.0549403653,-0.0535183102,-0.049336262,-0.0483483784,-0.0455034226,-0.0422109514,-0.0406316742,-0.0373895578,-0.0340868793,-0.0321072415,-0.0277692936,-0.0244243294,-0.0219121315,-0.0183713287,-0.0160129666,-0.0136612915,-0.0108584128,-0.00896919891,-0.0060647577,-0.00390426069,-0.00233159959,0.000454217196,0.00189086795,0.00384393334,0.00609858334,0.00729636848,0.00897203386,0.0112738982,0.0122383907,0.0138568729,0.0152783096,0.0165271759,0.0187086463,0.0201544315,0.0209819973,0.0214697197,0.0214133561,0.0214461982,0.0216941684,0.021622695,0.0212884769,0.021729432,0.0231622905,0.0234262571,0.0245435461,0.0258972719,0.02691219,0.0277893692,0.029243663,0.029899247,0.030908525,0.0308805555,0.0313620642,0.0322656035,0.0329637602,0.0336415619,0.0342100263,0.0348378122,0.0349954069,0.0346550494,0.0352765843,0.0332795605,0.032497108,0.0313115343,0.0284667611,0.0268346071,0.0215235576,0.0164994597,0.0110253543,-0.000209398568,-0.00795442984,-0.019361008,-0.0326613486,-0.0408663899,-0.0525887907,-0.0602362603,-0.0645621568
889,1.98899996,2026-08-27T10:32:16.885000+0000,-26.6957389,153.3354092,0.0613571405,0.0776757225,0.0594319105,0.0589395575,0.061412733,0.060189005,0.0565639287,0.0553322993,0.0568767339,0.0533472449,0.0525691621,0.0497160517,0.0512074344,0.0485073626,0.0477794558,0.0482668318,0.047341153,0.047750134,0.0472986028,0.0482272133,0.0486142449,0.0500828587,0.0514092296,0.0518132374,0.0532701686,0.0545381047,0.05681061,0.0576585904,0.0596801303,0.0625780895,0.0630866736,0.0659342036,0.0674155727,0.0681923032,0.0702788681,0.0714057833,0.0733078793,0.0748335272,0.0763783008,0.0774543062,0.0797949731,0.0810165554,0.0819916055,0.0721466318,0.0732886195,0.0746371374,0.0763299763,0.0769036263,0.0778891146,0.0804443881,0.081343554,0.0826077834,0.0854022354,0.086348705,0.0880165845,0.0892952308,0.0900297239,0.0924234986,0.0948803127,0.0959345102,0.0974700004,0.0991745964,0.101049319,0.101214387,0.104810648,0.104782596,0.106521875,0.109672181,0.110196739,0.111405067,0.113698155,0.112048253,0.115621559,0.116714373,0.115711078,0.117756635,0.118294053,0.115136102,0.120660797,0.11497201,0.116402462,0.11556951,0.110015422,0.114628471,0.117506623,0.112785578,0.121990748,-0.0631187409,-0.0646435246,-0.0655140355,-0.0660881549,-0.0675545558,-0.0660215542,-0.0652532503,-0.0640937015,-0.0605677664,-0.0573255792,-0.0550759844,-0.0503139496,-0.0495118871,-0.0456939936,-0.0437790453,-0.0421265922,-0.0389473066,-0.0361651778,-0.0338325053,-0.0296028517,-0.0267249085,-0.0234299488,-0.0205677412,-0.0181569271,-0.0149285719,-0.0123868808,-0.0103939772,-0.00766476989,-0.00540030748,-0.0037297979,-0.000387147069,0.00116868317,0.00257533044,0.00510834903,0.00692299753,0.00868077576,0.0104564428,0.0118883178,0.0139328167,0.0149812698,0.0161227062,0.0174215659,0.0193530396,0.0220588967,0.0230965242,0.0240543559,0.0238381103,0.0238511339,0.0234893337,0.0235980451,0.0235639885,0.0241749361,0.0248976871,0.0261114836,0.0268285647,0.0281521231,0.0291668624,0.0298539102,0.0311480984,0.0320336148,0.032692872,0.0331949443,0.0338165238,0.0337601304,0.034558326,0.0354260951,0.0354544818,0.0366422087,0.0367297307,0.0362093449,0.0357209072,0.0347639695,0.0344416723,0.0322163329,0.030641906,0.0260802731,0.0235499367,0.0178267062,0.00973365456,0.00135036558,-0.00832308084,-0.0205876306,-0.0298164375,-0.0434400067,-0.0556008518,-0.0596272498,-0.0656327829
890,2.15300012,2026-08-27T10:32:17.142000+0000,-26.6957389,153.3354092,0.0742472485,0.0521058068,0.0701519772,0.064929612,0.0598527417,0.0596890152,0.0626639575,0.0620023049,0.0552767329,0.0577772371,0.0567791425,0.0545960069,0.0497774258,0.0534373522,0.0509294383,0.0503368154,0.0495211296,0.0496601202,0.0488385782,0.0484972149,0.0500342436,0.0499028526,0.0508192331,0.0523132384,0.0524901673,0.0531681105,0.0547906198,0.0569186136,0.0567001589,0.0591181256,0.0612667017,0.0606142394,0.0641055852,0.0653223172,0.0666188821,0.0670057908,0.0697778836,0.0704335272,0.0716983005,0.0740243047,0.074674964,0.0765765458,0.0780116171,0.066946663,0.0680186972,0.0689372942,0.0696102232,0.0707339793,0.0719996095,0.0725450069,0.0742442757,0.075168483,0.0763328522,0.0778092071,0.0780869722,0.079525508,0.0806298852,0.0822035819,0.0837503374,0.0851844847,0.0864299759,0.0865646079,0.0882193744,0.0892044827,0.0905707553,0.0922126696,0.0935718864,0.0946421474,0.0970366672,0.0959949866,0.0984581187,0.0980482474,0.09927167,0.101704657,0.10023161,0.101457551,0.102955475,0.0994581208,0.0997735113,0.0999056771,0.0991771296,0.0975854471,0.0973227322,0.0960564837,0.0985055715,0.0974650532,0.102250323,-0.0652802214,-0.0645849928,-0.0651655197,-0.0649596602,-0.0653460473,-0.0647530779,-0.0645547584,-0.0627752095,-0.0592292994,-0.0558371246,-0.0538375303,-0.0499055162,-0.0480334386,-0.0458455458,-0.0430306047,-0.0404481515,-0.0377888456,-0.0352367274,-0.0319240503,-0.0286444053,-0.0257464461,-0.0227314979,-0.0191092826,-0.0168684497,-0.0140201151,-0.0111284181,-0.00900550559,-0.00676628947,-0.00424182415,-0.00212130696,0.000161349773,0.00216718018,0.00358382612,0.00552683324,0.00754148513,0.00969924778,0.0113849118,0.0130367875,0.0144512802,0.0156097263,0.0172111541,0.0185200274,0.020271495,0.0199473798,0.0205250531,0.0211129636,0.0215668008,0.0216799229,0.0213582739,0.0211171135,0.0214531496,0.0219541043,0.0228167847,0.0236404762,0.0248674527,0.0261208937,0.0271655321,0.0284124687,0.0287265778,0.0303620771,0.0308213085,0.0312233865,0.0318950191,0.0322986767,0.0323168859,0.0338046476,0.0344229862,0.0347206593,0.0348781347,0.0353877321,0.0350693315,0.0339324102,0.0327501968,0.0310550183,0.0295208171,0.0265594944,0.0225896165,0.0178569555,0.00983453542,0.00140219927,-0.00807022303,-0.021023497,-0.0308413059,-0.0418839306,-0.0530337915,-0.0599994808,-0.0640147552
891,2.21799994,2026-08-27T10:32:17.391000+0000,-26.6957389,153.3354092,0.0791771859,0.0728557706,0.0716619194,0.0711095929,0.0690827519,0.0667990148,0.0681239367,0.0657622814,0.0624367036,0.0625772551,0.0606391616,0.0583260022,0.0555874147,0.056037344,0.0533994362,0.052936811,0.0520211235,0.0507901125,0.0503585786,0.0495272055,0.0491842292,0.0486528315,0.0486892238,0.0482132249,0.0494801626,0.0488980971,0.0493406057,0.0502985939,0.0499401465,0.0514581017,0.0518666878,0.0518142246,0.0534955673,0.0546323061,0.0551688708,0.0557057783,0.0565978736,0.0574135184,0.0583682917,0.0586542971,0.0596849509,0.0612365417,0.0616816022,0.0579966456,0.0582986586,0.0592772365,0.0599101372,0.0603238679,0.0611994527,0.0623948239,0.0627540648,0.0642682761,0.0656026825,0.0666490719,0.0677968636,0.0689254254,0.0697598383,0.0712535679,0.0723503381,0.0732544959,0.0742699802,0.0752946064,0.0763393492,0.0771544501,0.0785307288,0.0796526447,0.0812618807,0.0820421502,0.0828266814,0.083935,0.0843481123,0.084958218,0.0865816101,0.0863145366,0.087811403,0.0855772346,0.0874950141,0.0862974897,0.0834926888,0.0847045854,0.0835057497,0.0814837068,0.079550609,0.0793441758,0.0794530362,0.0823723897,0.0830276608,-0.0642391518,-0.0655239373,-0.0648944825,-0.0658485889,-0.0653549954,-0.0657519996,-0.0652236789,-0.0630041435,-0.0606882423,-0.057796061,-0.0541064665,-0.0518944263,-0.0479323752,-0.0459244773,-0.0438795239,-0.0414570756,-0.0390177742,-0.0353256613,-0.0329429805,-0.029223334,-0.0265853852,-0.0234704353,-0.0204782113,-0.0176873952,-0.0145190544,-0.0116773508,-0.00965444744,-0.00704523921,-0.00558076799,-0.00275025517,-0.000807598233,0.00180822611,0.00326488167,0.00529787689,0.0074525401,0.0090803206,0.0108159781,0.0123478621,0.0137723535,0.0146408007,0.0166022256,0.0178410932,0.0188825577,0.0207584351,0.0214960873,0.0220139921,0.0229677856,0.0224808902,0.0226891786,0.0221979991,0.0222940072,0.0226749703,0.0239176825,0.0250014067,0.0260084122,0.0273318738,0.0285065398,0.0295135155,0.0302576572,0.0308931395,0.0317923799,0.0323244631,0.0325960815,0.0331297144,0.033577919,0.0345756784,0.0355140492,0.0354217216,0.0357592031,0.0357588083,0.0353803784,0.0342234671,0.033511214,0.0314759836,0.0296417102,0.0261802971,0.0222102925,0.0173974484,0.0101948604,0.00108224899,-0.0084704645,-0.020204097,-0.0316421837,-0.0446350686,-0.054515183,-0.0628710315,-0.0649863631
892,2.23799992,2026-08-27T10:32:17.639000+0000,-26.6957389,153.3354092,0.063427195,0.0638757348,0.0586919487,0.0598095618,0.0585727543,0.0572090074,0.0559639372,0.0559122786,0.0526667275,0.0523272492,0.0497091599,0.0477660261,0.0455174036,0.0450273529,0.0437694415,0.0427968092,0.041661121,0.0410901122,0.0394085795,0.0389671996,0.0384342335,0.0382028408,0.0377692208,0.037243221,0.0371901616,0.0375381,0.0370306075,0.0381085947,0.0378901437,0.0382180996,0.0385466889,0.0394842215,0.0398655646,0.0398523062,0.0402688719,0.0411857776,0.0419678725,0.0430135205,0.0434082933,0.0438042954,0.0454549529,0.0461065397,0.0462116003,0.0454066433,0.0459886603,0.0469772331,0.0469801351,0.0475638658,0.048379451,0.0491448231,0.0497840643,0.0513382815,0.0524226837,0.0530590713,0.0541168675,0.0550654344,0.0553898402,0.0570735633,0.0576403327,0.0594444945,0.0602299795,0.0609746017,0.0618693531,0.062214449,0.0633807257,0.0651126504,0.0662218779,0.067182146,0.0682366788,0.0686849952,0.0705981106,0.0688382238,0.0705816075,0.0713345334,0.070941411,0.0720772371,0.0724550113,0.0702674836,0.0711926818,0.0692645833,0.0682057366,0.0653437078,0.0630906075,0.0656141713,0.064503029,0.0655223876,0.0674676597,,,,,,,,-0.0671901405,-0.0636642352,-0.0615420565,-0.0568224639,-0.0545104221,-0.052338358,-0.0487904698,-0.0470655188,-0.0450930707,-0.0418237746,-0.0395016447,-0.0357889757,-0.0320893265,-0.0295013711,-0.0261964314,-0.0234042108,-0.0204633847,-0.017505046,-0.0150633492,-0.011910446,-0.00984122232,-0.0079067722,-0.00569625199,-0.00328358263,-0.00134777278,0.000778883696,0.00237189233,0.0044465363,0.00601432472,0.0077399835,0.00931186229,0.0107163563,0.0117848068,0.0139662325,0.015455097,0.016876556,0.0170824304,0.0180100873,0.0182079896,0.0186517909,0.0188648924,0.0186531916,0.0187320113,0.019178018,0.0191989839,0.0203416795,0.0213654116,0.0222124085,0.0234458819,0.0249305516,0.0260175169,0.027141653,0.0278371423,0.0286263973,0.0291784629,0.0298600867,0.0298337191,0.0311019197,0.0316896886,0.0331380516,0.0331257135,0.0335232019,0.0330028161,0.0325943902,0.0320474729,0.0303652138,0.0298199952,0.0279057175,0.0242042914,0.0213643014,0.0153814629,0.00983886421,0.00191625953,-0.00820646808,-0.0189300999,-0.030758176,-0.0415110625,-0.0504811779,-0.0604070276,-0.0618423596
893,2.2579999,2026-08-27T10:32:17.888000+0000,-26.6957389,153.3354092,0.0707571954,0.0714757442,0.0739919245,0.0707296133,0.0700027496,0.0694090128,0.0688039362,0.0667622983,0.065566726,0.0640472546,0.0617891438,0.0580660067,0.0571574159,0.0564073399,0.0549894348,0.0537067987,0.0526911244,0.0521001182,0.0512485802,0.0495871976,0.0500342362,0.0486428328,0.0481892228,0.0476232283,0.0472101644,0.047628101,0.0465606079,0.0470285937,0.0477801412,0.0469781049,0.0468366891,0.0473842211,0.047285568,0.0480223,0.04789887,0.0485957824,0.0485978723,0.0485835187,0.049348291,0.0496742949,0.0503749512,0.0507465415,0.0511815995,0.0573566444,0.0571086593,0.0581072345,0.0586801358,0.0595538653,0.0597694479,0.0603248216,0.0610540658,0.0613382831,0.0626726821,0.0636690706,0.0640668646,0.0651654303,0.0653598383,0.0667735711,0.0678503364,0.0690744966,0.068979986,0.0699246079,0.0712693483,0.0700444505,0.0729407296,0.0727026463,0.0742918774,0.0761321485,0.0756166801,0.0754849985,0.0776981115,0.0761882216,0.0791616067,0.0781745315,0.0773414075,0.0783272386,0.0786650181,0.0760374889,0.0770226866,0.0717145875,0.0757057369,0.0733937025,0.0684206039,0.0734041706,0.0695930272,0.0681223944,0.0732976645,-0.0649091452,-0.0655239448,-0.065654479,-0.0671486035,-0.0678150058,-0.0663920119,-0.0663537011,-0.0648441613,-0.0609382316,-0.0590160564,-0.0561264753,-0.0517444387,-0.0507623665,-0.0476644784,-0.0440795347,-0.0428670757,-0.0396977812,-0.0371556506,-0.0350429788,-0.0308533348,-0.0280253813,-0.0244304352,-0.0218582153,-0.0188073888,-0.0159790479,-0.0128773637,-0.0104344562,-0.00794524699,-0.00635077804,-0.00367026031,-0.00153759867,0.000878222287,0.00238487124,0.00415788591,0.00664253533,0.00800030679,0.0099959746,0.0113978609,0.0128823444,0.0141107887,0.0155922174,0.0175410807,0.0184125528,0.0190884247,0.0203260854,0.0203239843,0.0205077752,0.0209008828,0.0209691748,0.020668,0.0207840055,0.0216049701,0.0222076774,0.0233714059,0.0242284015,0.02561187,0.0263665468,0.0273435116,0.0287176445,0.0294031352,0.0302023888,0.0308044627,0.0315460786,0.0316797197,0.0322179124,0.032965675,0.0336640477,0.0342017114,0.0348291993,0.0352087989,0.0343203768,0.0334134623,0.0321412086,0.0315459818,0.0282517076,0.0254302844,0.0224502832,0.0164174512,0.0105348676,0.000932246447,-0.0086404644,-0.0192440972,-0.0331121869,-0.0417850651,-0.0519251898,-0.0598210394,-0.0632063672
894,2.27800012,2026-08-27T10:32:18.140000+0000,-26.6957389,153.3354092,0.0905571803,0.106505737,0.0876419097,0.0869695768,0.0874227434,0.085108988,0.0772639215,0.0777622983,0.0789267197,0.0732472315,0.0712491497,0.0669560134,0.0694174245,0.0642773435,0.0630994439,0.062926814,0.0611611307,0.0597101189,0.059218578,0.0583272092,0.0562742352,0.0569128506,0.0561292246,0.0553132258,0.0546301603,0.0537480973,0.0541206039,0.0531785935,0.0531801358,0.0536980927,0.0520266779,0.0527642146,0.0525855646,0.0522223003,0.05181887,0.0522157811,0.0524778739,0.0524235182,0.0530882925,0.0528442971,0.0532649569,0.0534165427,0.0541715994,0.0539266318,0.0541686378,0.0550271943,0.0555400662,0.0545737669,0.0554393157,0.0558146425,0.0560138598,0.0574280843,0.0578325018,0.0587889217,0.0591567606,0.0599153563,0.0598097965,0.0607235394,0.0617903247,0.0623444915,0.0635399893,0.0639646053,0.0636793375,0.0657144189,0.0652906969,0.0652726218,0.0683618784,0.0669121593,0.068666704,0.0710350201,0.0682381317,0.0707382336,0.0703415796,0.0690244585,0.0718612671,0.0697669908,0.0680846199,0.0706169158,0.0676819235,0.0681135431,0.0668144226,0.060162019,0.0651085302,0.0619518906,0.0613604635,0.0677996799,0.0636949241,-0.0660621747,-0.0662969574,-0.0659074932,-0.0669516027,-0.0675980002,-0.0661950037,-0.0676567107,-0.0636671484,-0.0623112395,-0.0592490584,-0.0546994582,-0.052737426,-0.0496953614,-0.0461274609,-0.0451525114,-0.0425900668,-0.0394007787,-0.0370786488,-0.0332959741,-0.0307763331,-0.0279283673,-0.0236634202,-0.0216312073,-0.0183703937,-0.0154920407,-0.0129803568,-0.00996745378,-0.00787823275,-0.00587377697,-0.00310326368,-0.00162060559,0.000725224614,0.00250187516,0.00470488518,0.00666954368,0.0087473169,0.0100229755,0.0115148649,0.0133493468,0.0143978074,0.0160492286,0.0175881013,0.0188195556,0.0181854293,0.0189730749,0.0198809505,0.0202047452,0.020297803,0.0199660584,0.0198748335,0.0195108205,0.0205517784,0.0215245038,0.0223882571,0.0236152932,0.0247488022,0.0261034966,0.0264704898,0.0275346488,0.0283001438,0.0295993984,0.029801473,0.0301330686,0.0309267044,0.0310948938,0.032142669,0.0325610414,0.0331387296,0.0338062346,0.033765845,0.0337674096,0.0329704806,0.0318582132,0.031132929,0.0278486088,0.0257470906,0.0207669511,0.0165739655,0.010961175,0.000718303025,-0.00876471028,-0.0194887109,-0.0318770744,-0.0425502285,-0.0506906398,-0.061376702,-0.0641221032
895,2.3210001,2026-08-27T10:32:18.390000+0000,-26.6957389,153.3354092,0.0864571258,0.0589957386,0.0723019168,0.0730095878,0.0650927424,0.0635189861,0.0664339215,0.0661222786,0.0590967312,0.0600072518,0.0571991503,0.0603560358,0.0512474328,0.0556073524,0.0527994521,0.0509268269,0.049581144,0.0495401248,0.0484785847,0.0465672128,0.0469242334,0.046182856,0.0451892205,0.0452932268,0.0448801555,0.0438480973,0.0437905975,0.0443285815,0.0430101231,0.0416380763,0.0437166579,0.0413741991,0.0428455509,0.0419422947,0.0416788608,0.041105777,0.0416578725,0.0418035127,0.0411882848,0.0421042927,0.0417849571,0.0416265428,0.0418015979,0.044526618,0.0442385972,0.0450871177,0.0437899567,0.044953607,0.0453391001,0.0445343666,0.0459835529,0.0455277823,0.0464622378,0.0479787067,0.0476965941,0.0479952395,0.0489197262,0.0495434999,0.0497803241,0.0512645058,0.0515399985,0.050984595,0.052829314,0.0528643839,0.0524006523,0.0553925857,0.0544818677,0.0555021688,0.0582167208,0.0561150424,0.0579081401,0.059178222,0.0555015169,0.0605743229,0.0592310168,0.0568065867,0.0613539927,0.0547860265,0.0572807305,0.0581819452,0.0500523895,0.0555594414,0.050555367,0.0455984175,0.0550966077,0.050545603,0.0514308214,-0.0652566627,-0.0656614378,-0.0664019883,-0.067086108,-0.0672424808,-0.0674394816,-0.0658511594,-0.0647616386,-0.0630257055,-0.0579635203,-0.0554139204,-0.0527918823,-0.0493798256,-0.0482519343,-0.0449669883,-0.0426245257,-0.0405852348,-0.0368731134,-0.0343104415,-0.0311207995,-0.0274528414,-0.0247078836,-0.0213856809,-0.0179248527,-0.0161865093,-0.0121448226,-0.0100119263,-0.00844271109,-0.00582825765,-0.0039377436,-0.00172507763,0.000760734081,0.0020673871,0.0041404143,0.00613505393,0.00773283839,0.00990849733,0.0118303895,0.0122048706,0.0141133219,0.0157047585,0.0170736238,0.0189550966,0.0186209455,0.0191785693,0.0197664127,0.0208501741,0.0206931904,0.0199913904,0.0191701055,0.0197560415,0.0204170048,0.0217697546,0.0222735554,0.0231806412,0.024264209,0.0255489424,0.0260959864,0.02765017,0.0281156898,0.0288449451,0.0296070054,0.0303285867,0.0305022076,0.030930385,0.0319181606,0.0326465592,0.033034265,0.0334117785,0.0339614078,0.0335029587,0.0330260098,0.0317436978,0.0298783481,0.0276139304,0.0253122747,0.0212919414,0.0163887143,0.0104656443,-6.76289201e-05,-0.00857108459,-0.0182156339,-0.0316144228,-0.0398879871,-0.0509088114,-0.0581851713,-0.0598606765
896,2.37800002,2026-08-27T10:32:18.638000+0000,-26.6957389,153.3354092,0.0735771433,0.0690757036,0.0663218871,0.0691995248,0.0637027323,0.0635589808,0.0621939003,0.0631622821,0.0584867075,0.0593872443,0.0556891561,0.0565460548,0.0527574345,0.0533373542,0.0510994606,0.0494668335,0.048291143,0.0475401357,0.0465085916,0.0457672141,0.0446842462,0.0446628481,0.043169219,0.0429632217,0.0431401618,0.0422080904,0.0410305895,0.0413585715,0.0404901132,0.0404480621,0.0402666442,0.0394841805,0.0396355428,0.0388022847,0.0387188569,0.0383757651,0.0380878597,0.0385735072,0.0376182869,0.0378642939,0.037964955,0.0377865434,0.0374715887,0.0352366045,0.0352085717,0.0353370719,0.0353898816,0.0348334983,0.0351289548,0.0350241885,0.0348933525,0.0353975892,0.0362020656,0.0362685658,0.0369964875,0.0371951647,0.0376596786,0.0378234796,0.0385403149,0.0386945121,0.0391200036,0.0397245958,0.0400492996,0.0410743542,0.0403306223,0.0422925614,0.0424118601,0.0434221774,0.0438367389,0.0444550589,0.0443781465,0.044578217,0.0440714769,0.0457742289,0.0460408516,0.0434463173,0.0454835705,0.0425054431,0.0419599488,0.0422908887,0.0406010523,0.0373377465,0.0362232849,0.0341261365,0.0378640592,0.0370629206,0.0383381248,-0.0659376755,-0.0663924664,,,,,,-0.0653726161,-0.0629066899,-0.059604492,-0.0567449033,-0.053462863,-0.0511708036,-0.0485129096,-0.0467579514,-0.0438555032,-0.0415162146,-0.0382640883,-0.0354514234,-0.0318017825,-0.0291738212,-0.0258588642,-0.0230866633,-0.0198258385,-0.0173974968,-0.0147858001,-0.0123229101,-0.0100237019,-0.00776924565,-0.00531873852,-0.00303608179,-0.00139026344,0.000196397305,0.00254941732,0.00417407602,0.00574186444,0.00805751979,0.00943940878,0.0109038949,0.0124623477,0.013273783,0.0150626525,0.0163741112,0.0197899565,0.0206875578,0.0207853839,0.0212391168,0.0209621042,0.0209202692,0.021068953,0.0207248628,0.0210058168,0.0221085846,0.0231524259,0.024059549,0.0253231376,0.0265879184,0.0272349715,0.0282991752,0.02921471,0.0302639678,0.030726023,0.0309175849,0.0317811891,0.0319493711,0.0328771546,0.0334255621,0.0334432721,0.0344708189,0.0344104394,0.0337519869,0.0330150127,0.0317926779,0.0302972943,0.0287428126,0.025591068,0.0217306018,0.0167472139,0.00909395516,0.00136040896,-0.00812332332,-0.0190782435,-0.0295173153,-0.0407611392,-0.0497622415,-0.0569487922,-0.0606843606
897,2.43400002,2026-08-27T10:32:18.887000+0000,-26.6957389,153.3354092,0.0606470816,0.0676056519,0.060001865,0.0617395155,0.0607727058,0.0595589615,0.0593038984,0.0566722788,0.0563567318,0.0546772517,0.0526591539,0.0520960316,0.0500374362,0.0489473529,0.0479494594,0.0469568372,0.0453511439,0.0448201224,0.0437085889,0.0427172109,0.0423542373,0.041902855,0.0410492085,0.0411232188,0.0404001512,0.0393780842,0.0390305743,0.0387485623,0.0388801023,0.0384780467,0.0381366275,0.0376741663,0.0374955311,0.0368522741,0.0369388461,0.037195757,0.0368278548,0.0366134979,0.0366382822,0.0363242812,0.0362549536,0.0359765366,0.0362115838,0.0372965895,0.0370285399,0.0371470191,0.0367898047,0.0372033902,0.0372488014,0.0370440036,0.0368631445,0.0370573923,0.0379118882,0.0384084284,0.0380663797,0.0384250917,0.0388896316,0.0394334532,0.0394203141,0.0405145213,0.0406800136,0.0402545929,0.0412992798,0.0414243266,0.0423905887,0.0427825376,0.0430918522,0.0439121835,0.0442067496,0.0446150713,0.043918144,0.0436081998,0.0443914197,0.0452641211,0.0444906652,0.0455060229,0.0428831279,0.0433048271,0.040539138,0.0413997993,0.0375396833,0.0356260128,0.0362211615,0.0354638211,0.0349814855,0.0332702212,0.039985422,,,,,,,,,,,-0.0590358637,-0.0565838106,-0.0544917583,-0.0508438796,-0.0497089289,-0.0471364632,-0.0442271754,-0.0411850587,-0.0379723832,-0.0348427296,-0.032504797,-0.0287398323,-0.0259676203,-0.0224868171,-0.0202384628,-0.0175367817,-0.015493881,-0.0119046643,-0.0106402338,-0.00808972493,-0.00633705407,-0.00431124493,-0.00246458501,-0.000111550093,0.00157310069,0.00362088531,0.00467654318,0.00667842478,0.00816292316,0.00946137309,0.0107428059,0.0122916773,0.0139331371,0.0162689835,0.0177765861,0.0175043717,0.0180280879,0.0182210431,0.0182491466,0.0180378109,0.0176336989,0.0184546635,0.0191474482,0.020731315,0.0213284716,0.0224020854,0.0239268914,0.0248039812,0.025558196,0.0268937498,0.0273530185,0.0279150531,0.028816618,0.0282901973,0.0290983617,0.0302961618,0.030484587,0.0311323106,0.0316098481,0.0318794772,0.0317710266,0.0315740481,0.0300316736,0.0289762318,0.0265516788,0.0236598477,0.0200892538,0.0151757002,0.00982226431,0.000478439033,-0.0079555735,-0.0175208673,-0.029130213,-0.0401543006,-0.0478956923,-0.0555324256,-0.0565380529
898,2.49099994,2026-08-27T10:32:19.137000+0000,-26.6957389,153.3354092,0.0690071136,0.064595677,0.0732118711,0.0664895326,0.0652227327,0.0642689839,0.0656939074,0.0625722781,0.0610167161,0.0593572333,0.0581891574,0.0550160371,0.0531474464,0.0539173558,0.0516194552,0.0503268279,0.0493311435,0.0477901362,0.0475685894,0.0463072024,0.0454342365,0.0445528515,0.0448192209,0.0439332239,0.0438201576,0.0429680832,0.0426505879,0.0420985632,0.0412001051,0.0417380519,0.0410866365,0.0398741663,0.0401655398,0.0391622782,0.0392288528,0.0394057669,0.0386078618,0.0384135023,0.0384482853,0.0383942872,0.0385049582,0.0382465422,0.0387315862,0.0380965918,0.0386885442,0.0378570221,0.0379598066,0.0379033946,0.036888808,0.0376440063,0.0373831466,0.0373573937,0.0380718857,0.0382284261,0.0381463803,0.0385650881,0.0389596298,0.0396434516,0.0398903117,0.0402545147,0.0402300134,0.0408245921,0.0407692827,0.0413943268,0.0421005934,0.0424825363,0.0432918593,0.0438121855,0.0444667563,0.0445450768,0.0449581556,0.0447682105,0.0457314327,0.0451741405,0.045410689,0.0459160432,0.0443631522,0.0447248518,0.0420391597,0.0413998216,0.0400497019,0.0384960398,0.0362211801,0.0391538329,0.0344214924,0.038330216,0.0392653979,-0.062936686,-0.0645114481,-0.0657119825,-0.0662560835,-0.065982461,-0.0655294657,-0.0656311586,-0.0644116104,-0.0617056638,-0.0589734763,-0.0551938787,-0.0530118346,-0.0508597791,-0.0476818904,-0.0461269394,-0.0434644669,-0.0409151912,-0.0378930718,-0.0351004004,-0.0318807475,-0.0292728022,-0.0257378556,-0.0222456343,-0.020234827,-0.0167164765,-0.0148347914,-0.0119518973,-0.00925268233,-0.00769824535,-0.00569773838,-0.00320507586,-0.00130924582,0.000997409225,0.00237043947,0.00421508402,0.0068628639,0.00796853006,0.00961041451,0.0111149102,0.012783356,0.0142647922,0.015863657,0.0169351324,0.0126709566,0.0141285658,0.0145463645,0.0147300735,0.0153130293,0.0150511488,0.0144098029,0.0148956776,0.0162066296,0.0176294222,0.0183232874,0.0187604502,0.0202840716,0.0217588842,0.0229559615,0.0241701826,0.0251557231,0.0258050039,0.0265970528,0.0270186067,0.0281021819,0.0278203562,0.0292781517,0.0299465731,0.0309242979,0.0304318517,0.0310414657,0.030753009,0.0304060355,0.0294036716,0.0280782357,0.0257236883,0.0233718529,0.0201512575,0.015627712,0.00892426074,0.00150045007,-0.0076835677,-0.0183688626,-0.0285082161,-0.0388523042,-0.0467336997,-0.0551804453,-0.0559860803
899,2.61400008,2026-08-27T10:32:19.386000+0000,-26.6957389,153.3354092,0.0641170219,0.0612756424,0.070111841,0.0575495213,0.0592327155,0.0565989614,0.0587238558,0.0524422564,0.0536367148,0.0524172634,0.0530991741,0.0479060672,0.0473974645,0.0478373691,0.0443094708,0.0436568595,0.0429511704,0.0416901521,0.0405786037,0.0403572209,0.0398542508,0.0387728699,0.0381492078,0.0376332253,0.036800161,0.0365780815,0.0368505716,0.0360685401,0.0353700742,0.0363480188,0.0347766019,0.0349941365,0.0347555168,0.0334822685,0.0339088328,0.033645764,0.032877855,0.0326234996,0.033438284,0.0327042863,0.0323649682,0.0321365483,0.0318915807,0.0337265618,0.0340184681,0.0338468663,0.0333795585,0.0327730328,0.0332483128,0.0335333757,0.0336324349,0.0343767032,0.0345712714,0.034667924,0.0349059962,0.0349748209,0.0358594656,0.0356933661,0.0362002999,0.0371245369,0.0375200436,0.037984591,0.038419228,0.0385742262,0.0396104902,0.039762456,0.0398818366,0.0414422229,0.0414168239,0.0424651466,0.0431582034,0.0427182168,0.0436813124,0.0433938466,0.0431201532,0.043805141,0.041501727,0.0421428345,0.0395864435,0.0396061577,0.0390350372,0.0362101011,0.0342538692,0.0348058157,0.0327925272,0.0332607329,0.032945849,-0.0511032045,-0.0534879938,-0.0550585128,-0.0565225966,-0.0582089312,-0.0594159514,-0.0611476637,-0.0622481033,-0.0604821444,-0.0604999438,-0.058120355,-0.0563382879,-0.0550162457,-0.0521783531,-0.0519333966,-0.0496109203,-0.0472316444,-0.0448995419,-0.0416568555,-0.0384472124,-0.0353492834,-0.0320543088,-0.0297521017,-0.0266913101,-0.0239629522,-0.0222112723,-0.0204583891,-0.0179891773,-0.0168247446,-0.0150242485,-0.0140515789,-0.0125857666,-0.0104490966,-0.00964605063,-0.00774139911,-0.00584361702,-0.00455795974,-0.00296607614,-0.0016515851,-0.000203110278,0.0015983209,0.0026172027,0.0047486648,0.030524455,0.0322820172,0.0327297449,0.0336933807,0.0327362195,0.0304641947,0.0279827118,0.0259785056,0.0262894556,0.0284023136,0.0318462923,0.0352635607,0.0406773016,0.0462622121,0.0518193766,0.0562236756,0.057309255,0.0561385453,0.052570574,0.0481220782,0.0434256122,0.0399137884,0.0379615799,0.03702005,0.0365178362,0.0359354243,0.0348450691,0.033356607,0.0326795802,0.0312471241,0.0295515358,0.0271567628,0.0241946131,0.020343557,0.0158194602,0.00967535377,0.00111059844,-0.00889442489,-0.0177109987,-0.029381346,-0.0402063951,-0.0500687808,-0.0569862276,-0.0582421161
900,2.77699995,2026-08-27T10:32:19.634000+0000,-26.6957389,153.3354092,0.0731969923,0.0599456057,0.0613917783,0.0663194954,0.0599426851,0.0595889613,0.057283856,0.0599922501,0.0549867265,0.0555272512,0.0524991602,0.053756088,0.0489874631,0.0489273705,0.0481394716,0.0466068611,0.045631174,0.0448501483,0.0434486084,0.0426472127,0.0427442379,0.0408528596,0.0406592153,0.0410432182,0.039920155,0.0393880755,0.039230559,0.038568534,0.0383400619,0.0373580046,0.0373065881,0.0372041203,0.0364255011,0.0361822508,0.0359088257,0.0355657563,0.0352678448,0.0348134898,0.0345882773,0.0332342871,0.0336849615,0.0332365483,0.0333115719,0.0313565433,0.0310184378,0.0300068147,0.0300394781,0.0295529235,0.028648166,0.0283431895,0.0286522321,0.0286465026,0.028891094,0.028047787,0.0285758879,0.028744746,0.028539421,0.0288133416,0.028700294,0.0287345462,0.0286000483,0.0293445867,0.0287792105,0.0287742019,0.0294804554,0.03024243,0.0293718316,0.0304622259,0.0303268339,0.0290451571,0.031528201,0.0292781964,0.029321257,0.0319737419,0.0272299685,0.0296948496,0.028581284,0.0261722188,0.0269456338,0.0244450681,0.0208236687,0.0249583721,0.0140517466,0.0185534954,0.0212599561,0.0150580313,0.0175631419,,,,,,,,,,,,,,,,,,,,-0.0498661734,-0.0462682359,-0.0441432707,-0.0399310626,-0.0377002619,-0.0354118943,-0.0322602168,-0.0303573478,-0.0272681415,-0.024663711,-0.0231732205,-0.0203305446,-0.0179947279,-0.0170980729,-0.0148350224,-0.0131503716,-0.0115125775,-0.00937691331,-0.0081150271,-0.00667053834,-0.00452207401,-0.00383062288,-0.0022517629,-7.02925026e-05,0.00632549077,0.0074130483,0.00791073963,0.0087043494,0.00913716108,0.00907510519,0.009203583,0.00951933861,0.00986029953,0.0110931769,0.0118471757,0.0129845068,0.0144682676,0.0155032128,0.016410403,0.0177047253,0.0184903145,0.019649595,0.0202416256,0.0206931159,0.020516634,0.0218947902,0.0224926025,0.0231510773,0.0237088874,0.0241164863,0.0246361345,0.0249376595,0.0240806043,0.0237781182,0.0217424929,0.0207876563,0.019335404,0.0154042244,0.0130899698,0.00702567026,0.000260639936,-0.00546466559,-0.0149116181,-0.0227122512,-0.0307675414,-0.0388201997,-0.0436278433,-0.0437537841
901,2.94300008,2026-08-27T10:32:19.885000+0000,-26.6957389,153.3354092,0.0710770339,0.0511356182,0.064341791,0.058759477,0.0547826774,0.0549189635,0.0551838614,0.0537122376,0.0508467294,0.049907241,0.0478691533,0.0473260805,0.0431774482,0.0437573604,0.0415394716,0.0409768671,0.0392411612,0.0386301428,0.0377385952,0.0365072116,0.0361042432,0.0354528502,0.0342991985,0.0336332023,0.033400137,0.0323180594,0.0325605534,0.0325485244,0.0308800563,0.0317979977,0.0306765754,0.0294641145,0.0302454978,0.0295322519,0.0288188159,0.0278757419,0.0285078343,0.0273734797,0.0274282694,0.0270842798,0.0259749573,0.0268165395,0.025381567,0.0238265377,0.0235884264,0.0233468041,0.0229894668,0.0213929135,0.0215681568,0.0208231844,0.0209222268,0.0212665014,0.0204810966,0.0211277883,0.0208558962,0.0207447503,0.0205794256,0.0200733487,0.0206802972,0.0203645453,0.0201100484,0.0205045864,0.0200992078,0.0202741995,0.0198904518,0.0207024273,0.0215418246,0.0207522195,0.0218768213,0.0214151423,0.0206381828,0.0219281707,0.0195112303,0.0198437069,0.0200299323,0.0181248076,0.0188612398,0.0182921719,0.0158455875,0.0175850224,0.0106036216,0.011158322,0.00822170079,0.00782346539,0.00796994194,0.00822804682,0.00813318789,,,,,,,,,,,,,,,,,,,-0.0528217666,-0.0494321212,-0.0460241884,-0.0436192155,-0.0402170196,-0.0373962224,-0.0351078548,-0.0324261785,-0.0300333127,-0.0274140891,-0.0255296677,-0.023139175,-0.0214065015,-0.0190706886,-0.0176140293,-0.0157209784,-0.0142063163,-0.0123385265,-0.0109228678,-0.00934098288,-0.00834649429,-0.00647803769,-0.0056165792,-0.00386772677,-0.00197624788,-0.00139047205,-0.000412914902,0.000824782997,0.00131838769,0.00212120637,0.00216913223,0.00219762698,0.00312338397,0.00344434753,0.00511723012,0.00667123497,0.00749855489,0.00863231719,0.00934726,0.0105544552,0.0119887814,0.0126143694,0.0135836452,0.0142056718,0.0151571557,0.0155406743,0.0165588409,0.0175566375,0.0180951208,0.0187029243,0.0199305117,0.0198001713,0.0195116773,0.0204546377,0.0193621442,0.0193364993,0.0172416642,0.0158194155,0.0143982321,0.0104539692,0.00599966198,0.000684648752,-0.00523066521,-0.0119076073,-0.0190782472,-0.0259735323,-0.031486176,-0.0336637869,-0.0362397134
902,3.11100006,2026-08-27T10:32:20.141000+0000,-26.6957389,153.3354092,0.0634569973,0.0573756322,0.0589917973,0.0577295125,0.0567527041,0.0554989502,0.0560638383,0.0551922582,0.0517667346,0.0509872548,0.0500991791,0.0470560789,0.0465774536,0.0450373776,0.0435094722,0.0423568711,0.0413111635,0.0409201458,0.0397686027,0.0389872193,0.0380642451,0.03735286,0.0368992053,0.0361732207,0.0356301479,0.0350180715,0.0351305567,0.034578532,0.0342000648,0.0341980048,0.0327965878,0.0331841148,0.0319855064,0.0322122574,0.0317688212,0.0310657546,0.031027846,0.0301534925,0.0303282812,0.0292342883,0.0293249618,0.0290065482,0.0282715745,0.0322265476,0.0305384342,0.0303968154,0.0308894813,0.0301629212,0.028958166,0.0286331922,0.0287422314,0.0289465003,0.0288310945,0.028457785,0.0284358878,0.0275047459,0.0275694188,0.0285633449,0.0275002923,0.0281145461,0.0275700502,0.0270945858,0.0270592105,0.0271742009,0.0268604551,0.0276224297,0.0273118317,0.026872227,0.0284668338,0.027355155,0.0259782001,0.0268181972,0.0263812579,0.025353739,0.0255799685,0.0235648509,0.0233712848,0.0217422172,0.0212756339,0.0187750682,0.0161336698,0.0140383691,0.012111742,0.00871349871,0.0111899534,0.0132380333,0.0114531452,,,,,,,,,,,,,,,,,,-0.057396479,-0.0550538078,-0.0516341664,-0.0487262271,-0.0455112569,-0.0431090631,-0.039798256,-0.0369499028,-0.0342382118,-0.0322753489,-0.0300561339,-0.0282117054,-0.0257412083,-0.0238885395,-0.0220027231,-0.0199160613,-0.0185730085,-0.0168283656,-0.0148505718,-0.0134149045,-0.0123930164,-0.0108785369,-0.00887006894,-0.00787861273,-0.00635975972,-0.0052982904,-0.0058125034,-0.00500495359,-0.00458725169,-0.00429365039,-0.00310083479,-0.00287289172,-0.00219440833,-0.00174865127,-0.000747688115,0.000345189124,0.00156917796,0.00269650295,0.00393027067,0.0047852248,0.00594241172,0.0071567297,0.00776232779,0.00917160511,0.00983364135,0.0105051175,0.0110386312,0.0120568052,0.0132846087,0.0141130909,0.0150109008,0.0157684833,0.0157781392,0.0161496699,0.015922606,0.0158801302,0.0150344968,0.0148196667,0.0129074156,0.0113662332,0.00899197161,0.00533766299,0.00057265535,-0.00422266871,-0.0106796138,-0.0169202425,-0.0227255337,-0.0264381953,-0.0313258469,-0.0297817849
903,3.27399993,2026-08-27T10:32:20.390000+0000,-26.6957389,153.3354092,0.0658970177,0.0644856244,0.0681117773,0.0635295212,0.0641526878,0.0620489642,0.0620738566,0.0596422516,0.0560767204,0.0549872667,0.0513691828,0.0500160828,0.0463474765,0.0459873788,0.0443994813,0.0428768694,0.0412911735,0.0414401591,0.0392186083,0.0392572172,0.0379742458,0.0373428687,0.0371892117,0.0360632204,0.036020156,0.0350280702,0.0348405577,0.0343985334,0.0333900563,0.0333380029,0.0332165807,0.0320741162,0.0317655057,0.0311622526,0.0305788219,0.0302357543,0.0293778498,0.0293934904,0.0291682798,0.0287742913,0.0282249693,0.0279765557,0.0275715794,0.0265965443,0.026038425,0.0254567936,0.0253194515,0.0248228703,0.0239781011,0.0240131039,0.0231221318,0.0231663994,0.0230810028,0.023327712,0.0229858328,0.0230847038,0.0231693946,0.0226033293,0.0227002911,0.0223445464,0.0223800559,0.022334585,0.0218792073,0.0213341881,0.0215304419,0.0218524225,0.0218918305,0.0218722355,0.0222768448,0.0221451707,0.0210482124,0.0218882039,0.0213512518,0.0196837094,0.0209299047,0.018124735,0.0177910924,0.0181119423,0.0145052597,0.0147845577,0.0126930131,0.00725753047,0.00821070187,0.00643234793,0.0053086644,0.00681665633,0.00591175165,,,,,,,,,,,,,,,,,-0.062066108,-0.0591939911,-0.056121327,-0.0533616729,-0.0506637357,-0.0471987687,-0.0444865711,-0.0414557755,-0.0383474082,-0.0364557356,-0.0339328572,-0.0322536454,-0.0300492235,-0.0278587341,-0.0261060633,-0.0242102519,-0.0225135796,-0.0212405324,-0.0191958807,-0.0174280927,-0.0166224279,-0.0142605379,-0.0135460421,-0.0116475932,-0.0105861239,-0.00912727788,-0.00801580027,-0.00665001199,-0.0057624802,-0.00492478162,-0.00407119095,-0.00351838768,-0.00319047272,-0.00285200775,-0.00221626461,-0.0012053065,-8.24183226e-05,0.000761590898,0.00192892551,0.00362270325,0.00443767756,0.00553487241,0.00677920133,0.00712481141,0.00864409655,0.0093261227,0.00994759798,0.0112411082,0.0119592771,0.0132670701,0.0139955655,0.0146733746,0.0152209774,0.0155206248,0.0157921612,0.0157150999,0.0155326054,0.0151669532,0.0143220872,0.0136698112,0.0118685439,0.00862421095,0.0063598156,-4.53367829e-05,-0.00465079024,-0.0102879219,-0.016278699,-0.0223241262,-0.0255069509,-0.0306647047,-0.0285606906
904,3.43600011,2026-08-27T10:32:20.639000+0000,-26.6957389,153.3354092,0.0620670058,0.0612356178,0.0562617779,0.0545894727,0.0558626838,0.0546889491,0.0526338518,0.051782243,0.050206732,0.0488872342,0.0461291857,0.0438960828,0.0440974571,0.0407273695,0.040289484,0.0394168757,0.0376711711,0.0371201448,0.0367186069,0.0357772112,0.0343142487,0.0344028659,0.0335291997,0.0331732109,0.0318401568,0.0320180692,0.0319905579,0.0308585279,0.0310700554,0.0290479977,0.0296765771,0.02900411,0.027865503,0.0281022508,0.0276388191,0.0275157522,0.0264178421,0.0268434882,0.0262182783,0.0254642852,0.0255949628,0.0250865445,0.0245115701,0.0261165369,0.0261184238,0.0256067906,0.0252394415,0.0245128684,0.0240580924,0.0243130978,0.0236121286,0.0235664025,0.0237110071,0.0230777171,0.0233258344,0.0229647066,0.0231793988,0.0228033308,0.0229102932,0.0233345479,0.022500053,0.0225645863,0.0218392033,0.0215141848,0.0219904426,0.0213724207,0.0219918266,0.0226122309,0.02139684,0.0224651638,0.021528203,0.020568192,0.0211212374,0.0185136944,0.0190298855,0.0203747135,0.0164610706,0.0172319189,0.0150552364,0.0123745333,0.0115929898,0.00668750796,0.00629068213,0.00712233828,0.00427866075,0.0047366675,0.00886177178,,,,,,,,,,,,,,,,,-0.0615300909,-0.0593379736,-0.0562853068,-0.0530556515,-0.0513177253,-0.0471327454,-0.0451605581,-0.0423997566,-0.0395013914,-0.0370297171,-0.0341668427,-0.0319276266,-0.0305232033,-0.0278727002,-0.0264500491,-0.0245942287,-0.0229875632,-0.0209545083,-0.019619856,-0.0177720599,-0.0169264041,-0.0160045177,-0.0137000233,-0.0129115582,-0.0111601092,-0.0101712458,-0.00881978497,-0.00798400491,-0.0066164583,-0.00651877001,-0.00575516745,-0.00523237139,-0.00454446301,-0.00392599031,-0.00369025022,-0.00232928991,-0.00120639801,-0.000322386622,0.000434949994,0.00246872753,0.00315370411,0.0039909035,0.005265221,0.00613084435,0.00712011755,0.00820213556,0.00907362252,0.010087125,0.010925293,0.011653088,0.0127015933,0.0132293999,0.0142270029,0.0144566596,0.0150381774,0.0144011155,0.014688611,0.0141629726,0.0131881014,0.0125958174,0.0111845434,0.00882022083,0.0064958185,-0.000759340823,-0.00519479811,-0.00936193392,-0.0161127113,-0.0200481303,-0.0242609456,-0.0295286737,-0.0287446491
905,3.59599996,2026-08-27T10:32:20.888000+0000,-26.6957389,153.3354092,0.0494870096,0.0603055917,0.0558518022,0.0519994646,0.053892687,0.0526289493,0.0497638211,0.0491022654,0.0485767238,0.0461772494,0.0439191647,0.0414160863,0.0422574654,0.0397873744,0.0387594812,0.0375968814,0.0357811712,0.0350401513,0.0348386019,0.0346972197,0.0333142467,0.0326928683,0.0323692039,0.0323032215,0.0312501416,0.031258069,0.0301805548,0.0300285183,0.0299800485,0.0292279851,0.0284465719,0.0293241013,0.0279554911,0.0272022448,0.0274888109,0.0268457476,0.0267178435,0.0267734863,0.0261482783,0.0255542863,0.0258349609,0.0251765475,0.0246015694,0.0265965294,0.0269883946,0.0259267446,0.0253193732,0.0255827624,0.0243479516,0.0237329192,0.0237119272,0.0235662051,0.0234508328,0.0235375743,0.0227157287,0.0233046301,0.0232393518,0.0228033066,0.0226402879,0.0224245545,0.022440061,0.0223445836,0.022069186,0.021554159,0.0213104095,0.0226923935,0.0220118221,0.0220422391,0.0228068568,0.0215251818,0.0213882104,0.0222881865,0.0208811946,0.0209536012,0.0206697248,0.0183544457,0.0203306545,0.0160013363,0.0155244544,0.0146534815,0.00985165313,0.0123158116,0.0095286034,0.00494005438,0.00634611957,0.00766398199,0.00738907605,,,,,,,,,,,,,,,,,-0.0624570549,-0.0598049574,-0.0567522757,-0.054252632,-0.0510447063,-0.0481197238,-0.0456275307,-0.0425767377,-0.0409383699,-0.0381167009,-0.0358638354,-0.033784613,-0.032000199,-0.030399695,-0.0282370374,-0.0260712132,-0.0248445533,-0.0233315006,-0.0208168402,-0.0201290548,-0.0184733868,-0.0169715025,-0.0159170218,-0.0140485466,-0.013287086,-0.0117182396,-0.0102967583,-0.00870099664,-0.0078634508,-0.00711579993,-0.0064022243,-0.00599944592,-0.00547158346,-0.00543314591,-0.0040374212,-0.00314647332,-0.00181356817,-0.000699520111,-0.000142134726,0.0017016679,0.00272666663,0.00368390232,0.00497823209,0.00532385707,0.00673314184,0.00756515563,0.0084066242,0.00881013274,0.0103582889,0.0110560954,0.0123146027,0.0126124173,0.0134400427,0.0136996806,0.0140912011,0.0139341429,0.0136115998,0.0135959089,0.0131409839,0.0115386024,0.0100572109,0.00725271553,0.00540813059,0.000642709434,-0.00493303314,-0.00837052613,-0.0162215866,-0.0214372799,-0.0242203698,-0.0282982998,-0.0251043439
906,3.75999999,2026-08-27T10:32:21.141000+0000,-26.6957389,153.3354092,0.0616769977,0.0541855693,0.0653017685,0.0572694764,0.0550226793,0.0536689684,0.0546238422,0.0520522557,0.0492967255,0.0492272563,0.0476291776,0.045676101,0.0423474796,0.0434873886,0.0414794907,0.0393068902,0.0389711931,0.038090162,0.0371686183,0.0360172205,0.0363842547,0.035162881,0.0347692147,0.033933226,0.0333001688,0.0334880799,0.0325605646,0.0334785357,0.0308800619,0.031097997,0.0312465783,0.0295541119,0.030465506,0.0296722576,0.0291088261,0.028615756,0.0279678535,0.0282734931,0.0273482874,0.0269942936,0.0269949771,0.0259465631,0.0260815807,0.02627654,0.0258784071,0.0256967526,0.0246293824,0.0247527752,0.0238979626,0.0232129283,0.0234719329,0.0227862056,0.0233708285,0.023057567,0.02193572,0.0223146249,0.0224493463,0.0226733051,0.0219302848,0.0221545547,0.021890061,0.0211145859,0.0221291911,0.0206641629,0.0208704174,0.0225024018,0.020521827,0.0226822477,0.021986872,0.020125201,0.0221682396,0.0214882232,0.0196812395,0.0212136526,0.0192997791,0.0182545073,0.0198607184,0.0145914033,0.0183545239,0.0142835509,0.0107917245,0.0140458811,0.00693866424,0.00583010307,0.00957613532,0.00376395858,0.00683901273,,,,,,,,,,,,,,,,-0.0639684051,-0.0618691295,-0.0580870323,-0.0564643554,-0.0529847033,-0.0502767712,-0.0478417985,-0.0446396098,-0.0421188064,-0.0393004417,-0.0371787697,-0.0349358916,-0.0327366851,-0.030592259,-0.0290117674,-0.0269791037,-0.0240832902,-0.0236466154,-0.0213335641,-0.0199488997,-0.018351119,-0.0166454539,-0.0156535804,-0.0145490766,-0.0129106157,-0.0120891593,-0.00993030146,-0.00894881785,-0.00829305127,-0.00754552335,-0.00744786114,-0.00602427498,-0.00586150959,-0.00493364036,-0.00476520509,-0.00395949557,-0.00301855057,-0.00186564028,-0.000271596014,0.000615768135,0.00172958523,0.00264459848,0.00396181643,0.0054461509,0.00609178096,0.00743106753,0.00779308379,0.0085445568,0.00956805795,0.0101062059,0.01140403,0.0127325207,0.0136803612,0.0136079714,0.0146676302,0.014339149,0.0139720961,0.0138195679,0.0137038827,0.0132189542,0.0122365877,0.00983520597,0.0077907145,0.00494613498,-0.00019928813,-0.0038850382,-0.00865253434,-0.016123578,-0.0184393078,-0.0245124213,-0.0256903842,-0.0253364593
907,3.898,2026-08-27T10:32:21.390000+0000,-26.6957389,153.3354092,0.0711369812,0.0521255843,0.0478317738,0.0605694875,0.0530126877,0.0522689708,0.0479738414,0.0538522527,0.0463467352,0.0465972535,0.0434791632,0.0458960868,0.0388074555,0.0389373824,0.0393394753,0.0368268751,0.0361511782,0.0346801542,0.0347786099,0.0324872136,0.0331142433,0.0316628665,0.0312192086,0.0306432173,0.0300901476,0.0300980695,0.0281705577,0.0293785296,0.0282000545,0.0269879941,0.0283765774,0.0266441163,0.0261855014,0.0265322495,0.0253488235,0.0254557487,0.0251578446,0.0246034861,0.0237082746,0.0240042843,0.0235749613,0.0231365487,0.0230315719,0.0225565378,0.0222484209,0.0218567867,0.0215994455,0.0207828693,0.0200780965,0.0200831015,0.0196221266,0.0197864026,0.0192210078,0.0193477143,0.0193758346,0.0186847057,0.0194293987,0.0195133332,0.0192002915,0.0184845477,0.0189300552,0.018674586,0.0181592051,0.0184141882,0.0186204407,0.0183824208,0.019421827,0.0188122299,0.0181068387,0.0194551628,0.0171582028,0.0178481936,0.0187012367,0.0170036927,0.0177598856,0.0152647141,0.0158610716,0.0139719201,0.0108852368,0.0130245332,0.00866298936,0.00558750797,0.006930687,0.00132233696,0.00321865873,0.00557666458,0.000571772456,,,,,,,,,,,,,,,-0.0674878284,-0.0654353574,-0.0633360818,-0.0611639768,-0.0575812906,-0.0555316433,-0.0525737107,-0.0493387431,-0.0468565486,-0.0440357402,-0.0417673811,-0.0398657061,-0.0372428447,-0.0349736176,-0.0328492001,-0.0312186964,-0.0295060389,-0.027510222,-0.0256635584,-0.0245305039,-0.0233158506,-0.0214280598,-0.0203624032,-0.0183105171,-0.0175360292,-0.0156375617,-0.0144061036,-0.0134772472,-0.0120757781,-0.0103499964,-0.00919245183,-0.00859476998,-0.00795116648,-0.00752837211,-0.0070004575,-0.0063819848,-0.00510624796,-0.00455528498,-0.00349238515,-0.00222837925,-0.00083103776,0.000552736223,0.00115770847,0.00271490216,0.00327922404,0.0040948391,0.00539411604,0.0065561533,0.00757762045,0.00776112825,0.00889930129,0.00981710106,0.010605596,0.0112634003,0.0120710135,0.0131806582,0.0133421868,0.0128751174,0.0123926252,0.0124869794,0.0125920996,0.0111498088,0.00946855545,0.00727422535,0.00497981906,0.000384666026,-0.00354079902,-0.00909793004,-0.0139886849,-0.0181641318,-0.0223769173,-0.0254946761,-0.0238906555
908,4.02299976,2026-08-27T10:32:21.639000+0000,-26.6957389,153.3354092,0.063767001,0.0556956157,0.0637918189,0.0581494868,0.0575126931,0.0574889705,0.0569638386,0.0551322661,0.0524567179,0.0501672439,0.0493091792,0.0459060669,0.0428374708,0.0446473695,0.0410094745,0.0399968699,0.039141167,0.0383601412,0.0372586064,0.036027208,0.0363842435,0.0346728712,0.0338992141,0.0339332186,0.0336001478,0.0323080719,0.0327405594,0.0324485302,0.0301500633,0.0316179991,0.0300965868,0.02970412,0.0297755077,0.0291522574,0.0283688232,0.0282557532,0.0281278491,0.027603494,0.0266682804,0.0270842891,0.0263649654,0.026026547,0.0262415744,0.0245365426,0.0243784357,0.0239668153,0.0237694792,0.0223129224,0.0220981631,0.0216531903,0.0215222314,0.0217765011,0.0210510939,0.0214777868,0.0206158888,0.0204947442,0.0203294214,0.0208533425,0.0201002937,0.0199745446,0.020310048,0.0193245877,0.0195892099,0.0191942006,0.0192704555,0.0189824309,0.0198518299,0.018982226,0.0213568341,0.0190251563,0.018738199,0.0195281934,0.0185312591,0.0181637388,0.0182199702,0.0169248506,0.0157712828,0.0147622181,0.0120656341,0.01258507,0.00806367025,0.00663837045,0.00629174383,0.00192349451,0.00217995816,0.00446803216,,,,,,,,,,,,,,,,,-0.0656318665,-0.0637125894,-0.0610604882,-0.0587178022,-0.0557081662,-0.052190233,-0.0500252582,-0.0470530652,-0.0436822511,-0.0419038907,-0.039512217,-0.0370493457,-0.0347801372,-0.0327357054,-0.0306751989,-0.0288025476,-0.0266267247,-0.0252300613,-0.0236670077,-0.0223523527,-0.0205145702,-0.0189489052,-0.017897021,-0.016552534,-0.015424069,-0.0137826242,-0.0125637613,-0.0104522817,-0.00919650495,-0.00831894949,-0.00720125064,-0.00693764538,-0.00639483333,-0.00565689802,-0.00523841009,-0.00416264683,-0.00305169821,-0.00276881456,-0.000964820385,-0.000167489052,0.00122626871,0.00212121755,0.00306841731,0.00425272435,0.00520832092,0.00638759881,0.00709964335,0.00784111023,0.00873463601,0.00915279984,0.0102906004,0.0115990937,0.0117968917,0.0130544826,0.0131941363,0.0138756707,0.0135986134,0.0132061243,0.0131605044,0.0128256604,0.0109334216,0.0090322271,0.00846796483,0.00398366153,0.000498645008,-0.00346666574,-0.00948360935,-0.0126042478,-0.0173895247,-0.0223522037,-0.0228098407,-0.0257257856
909,4.14599991,2026-08-27T10:32:21.888000+0000,-26.6957389,153.3354092,0.0585570261,0.0526356399,0.0538718291,0.0522594824,0.0515927076,0.0506289564,0.050783854,0.0491022766,0.0463667363,0.0453072637,0.0434391685,0.0414560735,0.0393574573,0.0386373773,0.0374694839,0.0364868715,0.0353811756,0.0346201472,0.0340786129,0.0325772204,0.0319142416,0.0317528732,0.0309392232,0.0307432245,0.0301001538,0.0299180802,0.0293305628,0.0292085409,0.0289200712,0.0275080148,0.0280565973,0.0267141294,0.0267255157,0.0266122632,0.0261688288,0.0253757592,0.0257578548,0.0252834931,0.0252382867,0.0240842868,0.0241249669,0.0233665537,0.0231915805,0.0237565506,0.022568455,0.0223268457,0.0220695231,0.0214629807,0.0209682398,0.0203032885,0.0198323354,0.0203565992,0.0201211814,0.0200978518,0.0199859422,0.0189447794,0.0193694439,0.0191333555,0.0195302963,0.019204542,0.0193200465,0.0186745897,0.0182192232,0.0182642154,0.0187504739,0.0186024439,0.0190818347,0.0181422289,0.0192468297,0.0186751541,0.0183482021,0.0184882078,0.0166512914,0.0176838003,0.0173000693,0.0152650047,0.0149915125,0.0137825329,0.0109660486,0.0102956193,0.00866436027,0.00617924239,0.00434280932,0.00192465051,0.00361123285,0.0027893635,0.00278447289,,,,,,,,,,,,,,,,-0.0676523969,-0.0655131415,-0.0631110147,-0.0590983443,-0.0572787002,-0.0541007631,-0.0513958037,-0.0486535914,-0.0458627939,-0.0435344279,-0.0408827476,-0.0386898816,-0.0361106694,-0.0340262428,-0.0317957439,-0.0302830711,-0.0277872607,-0.0270205885,-0.0254375413,-0.0231028832,-0.0227651037,-0.0204494447,-0.0190175511,-0.0174830593,-0.0164046064,-0.0152331553,-0.0136542954,-0.0124828257,-0.0114670247,-0.0109994709,-0.0101417527,-0.00923814625,-0.00867531076,-0.0076873526,-0.00747885182,-0.00633308664,-0.00554212928,-0.00404927135,-0.00282528251,-0.00227797031,-0.000644229352,0.0007507056,0.0018478781,0.00296218693,0.00388778001,0.00476707518,0.00495909154,0.00621059537,0.00677411258,0.00814228505,0.00912007689,0.0100185499,0.0110863596,0.0114539489,0.0122635812,0.0118451267,0.0113180876,0.0114556178,0.0115700066,0.0101852044,0.0104530156,0.00841189176,0.00674772263,0.00501350313,-7.13765621e-05,-0.00312654674,-0.00856330991,-0.014943812,-0.0180389881,-0.0229415148,-0.0236890577,-0.0216849782
910,4.27299976,2026-08-27T10:32:22.141000+0000,-26.6957389,153.3354092,0.0624070019,0.0649156123,0.0561018065,0.062269479,0.0582726821,0.0578789636,0.0554838516,0.0554422662,0.0522967353,0.0500572398,0.0462091677,0.0472960733,0.0429974459,0.0422373712,0.0415594727,0.039666865,0.0388111621,0.0380201377,0.0374586061,0.0351272039,0.0351842344,0.0345928632,0.0338192061,0.0333632119,0.0330101475,0.0327080674,0.0314105526,0.0314185284,0.0312400572,0.029897999,0.0308365822,0.0293141156,0.0289355032,0.0289222542,0.0286788233,0.0280357487,0.0276878439,0.027613489,0.0267582797,0.0263142828,0.0262149591,0.0257965438,0.0257015675,0.0265965406,0.0262784325,0.0263968091,0.0256294739,0.02505292,0.024658164,0.024393186,0.0239222292,0.0243465006,0.023651097,0.0244277865,0.0237158909,0.0233747475,0.0235194229,0.0236633457,0.0238202959,0.0232745446,0.0231300481,0.0223045852,0.0227092113,0.0228541996,0.0219304524,0.0227224268,0.0226418264,0.0230722222,0.0235468261,0.0219551492,0.0230281893,0.0229481868,0.0218212456,0.0219037235,0.0209399518,0.0196048301,0.018531261,0.0176821947,0.0156856123,0.0152350478,0.0111036431,0.0112983463,0.00886172708,0.00703348173,0.00664995052,0.00474804034,0.00905316696,,,,,,,,,,,,,,,-0.0683863238,-0.0663438514,-0.0637745783,-0.0611124635,-0.0586997867,-0.0554601476,-0.0526722074,-0.0499772467,-0.0478050336,-0.0445242412,-0.0416358784,-0.0393342078,-0.0371113382,-0.0355321243,-0.0334276855,-0.0312571935,-0.0292645246,-0.0273087062,-0.0259120427,-0.0248389989,-0.0228843354,-0.0208865479,-0.019800894,-0.0186790042,-0.0164745115,-0.015876051,-0.0141146071,-0.0124857388,-0.0114442669,-0.0108384788,-0.00937094167,-0.0088432394,-0.00814963132,-0.007736817,-0.00716888905,-0.00634039193,-0.0055546388,-0.00450368226,-0.00336079299,-0.0024067983,-0.00119948387,0.000734299421,0.00105924904,0.00228642672,0.00358074903,0.0040763393,0.00541561842,0.0057676509,0.00667914003,0.00707265735,0.00783081353,0.00892862678,0.0101471096,0.0113149136,0.0112225041,0.0111921504,0.0123536736,0.0115366131,0.0112841353,0.0111585036,0.0106536672,0.0111214146,0.00811023265,0.00805596262,0.00386166573,0.000616647303,-0.00322867185,-0.0093056187,-0.0145362467,-0.0168315358,-0.0229741968,-0.025941819,-0.0231477506
911,4.41099977,2026-08-27T10:32:22.390000+0000,-26.6957389,153.3354092,0.0578469969,0.0478956215,0.0544518232,0.0534494743,0.0507226773,0.0492189713,0.0494838357,0.0492922589,0.0449467115,0.0441972427,0.042239178,0.0419360735,0.0373274721,0.0374673828,0.0372894779,0.0353468768,0.0346811786,0.0334701501,0.0331586003,0.0317372084,0.0319142379,0.0308028627,0.0299592111,0.0299632177,0.0296101514,0.0289380737,0.0290405545,0.0288285278,0.0273000542,0.027338,0.0275565814,0.0258541163,0.0264254995,0.0263922531,0.0252788179,0.0250857528,0.0246378463,0.0249034911,0.0239382815,0.0239242874,0.0238149595,0.0228965506,0.0232615713,0.0231965352,0.0226484202,0.0220867861,0.0218394436,0.0213128664,0.0208180957,0.0205931012,0.0196221266,0.0200064033,0.0201310068,0.0194877181,0.0199258365,0.0191447046,0.0191193987,0.0193233322,0.01986029,0.0193445496,0.0188500546,0.0190945864,0.018019205,0.0183841884,0.0190604422,0.0178324189,0.0189418271,0.0185722318,0.0181068387,0.019305164,0.0174482018,0.0186481923,0.0185312368,0.0163136944,0.0173898861,0.0138047123,0.0144310705,0.0133519201,0.0113652367,0.0100945327,0.00971298851,0.00391750922,0.0037006815,0.00197233306,0.00104866235,0.00376666524,0.0035217721,,,,,,,,,,,,,,-0.0688207895,-0.0681058168,-0.0651633441,-0.0630940795,-0.0606919751,-0.0569093004,-0.0548296422,-0.0521017089,-0.0486067459,-0.0464045443,-0.0436037481,-0.0404853821,-0.0389437042,-0.0360808298,-0.0338616259,-0.0316271931,-0.0298767053,-0.0278940387,-0.0256082155,-0.0240315609,-0.0230485015,-0.0209838562,-0.019656051,-0.018450398,-0.0169985071,-0.0159240291,-0.0145555511,-0.0129741095,-0.0115252472,-0.010553766,-0.0102479905,-0.00909044594,-0.00828276202,-0.00702916458,-0.00665636361,-0.0057284534,-0.005739972,-0.00471423566,-0.00354328007,-0.00277038664,-0.00169638544,-0.000999040902,0.000744745135,0.00190970302,0.0025069043,0.0036412403,0.00486684591,0.00543612987,0.00657815486,0.00707961619,0.00813314319,0.00858130306,0.00995910168,0.0104275942,0.0110054091,0.0117830113,0.0114826635,0.0125141814,0.0118471235,0.0117746219,0.0122189745,0.0119841099,0.0115318224,0.00798056275,0.00766622275,0.00580181926,-0.000923335552,-0.00329878181,-0.00924592093,-0.0159966983,-0.0177221261,-0.0232349187,-0.0242826678,-0.0218286552
912,4.55700016,2026-08-27T10:32:22.638000+0000,-26.6957389,153.3354092,0.0644769818,0.0442056023,0.0565617532,0.0544994622,0.050282672,0.0498289615,0.0495338365,0.0495022424,0.0447967164,0.0436372571,0.0419391878,0.0412160829,0.0380574539,0.0384073779,0.0364794843,0.0349068791,0.0340711735,0.033200141,0.0328086019,0.0318572074,0.030514244,0.0300428607,0.0299692079,0.0293832179,0.0287401453,0.0287580639,0.0279905535,0.0276185237,0.0259500444,0.0268979874,0.0258365665,0.0250641052,0.0260454901,0.0247422494,0.0246188175,0.0242757443,0.0239778403,0.0237134881,0.0231882744,0.022864284,0.0224049594,0.0221965462,0.0220115688,0.0216865297,0.0215383992,0.020756742,0.0205993708,0.0197927598,0.0193879474,0.019272916,0.019251924,0.0191562064,0.0189608298,0.019217575,0.018915724,0.0190646313,0.0191693529,0.0192533061,0.0188202895,0.0191645566,0.0192100592,0.0190945845,0.0185991861,0.0191041585,0.019240411,0.0198623948,0.0193518233,0.0202522371,0.019476857,0.0197351798,0.0187782142,0.0190381873,0.0194711946,0.0193636026,0.0190297235,0.018034447,0.0158606544,0.015821334,0.015294455,0.0119334804,0.011501655,0.00956581347,0.0069286041,0.00564005133,0.00597611628,0.00501398183,0.00775907561,,,,,,,,,,,,,-0.071767658,-0.0688197687,-0.0676848069,-0.0660523325,-0.0635630637,-0.0609309487,-0.0585282706,-0.0554686412,-0.0524906963,-0.0494857281,-0.0465435348,-0.0432127342,-0.041374363,-0.0390326902,-0.0361298211,-0.0345306098,-0.0329061896,-0.0304156989,-0.0282430425,-0.0268072113,-0.0250405483,-0.0228274986,-0.0215228423,-0.01983504,-0.0183993876,-0.0170975067,-0.0159030147,-0.0153145492,-0.013603095,-0.0125642382,-0.0110127591,-0.0102869868,-0.00891945511,-0.00856178999,-0.00762821734,-0.00678545237,-0.00668757409,-0.00629913807,-0.00531342626,-0.00440246612,-0.00326956064,-0.0023355186,-0.00162813812,0.000285670161,0.000670678914,0.0020178929,0.00317224115,0.00435785949,0.0055071488,0.00596916676,0.00702062249,0.00743412971,0.0086722821,0.00932009518,0.0100385994,0.0110464245,0.0110340416,0.0115136802,0.0120152012,0.0118381456,0.0116856098,0.0113099068,0.0108149871,0.00986259431,0.00876121223,0.00755671412,0.00465213507,0.000676713884,-0.00349903852,-0.00938653201,-0.0120275803,-0.0169132724,-0.0227163509,-0.0228242986,-0.0241503417
913,4.70599985,2026-08-27T10:32:22.890000+0000,-26.6957389,153.3354092,0.070786953,0.0593455918,0.0593817681,0.0617094785,0.0574426837,0.0563089736,0.0551038273,0.0560222454,0.053176716,0.050187245,0.0460591875,0.047406096,0.0436474867,0.0431873798,0.042259492,0.0404468887,0.038521193,0.0383501537,0.0375286117,0.0361172184,0.036294248,0.0346828811,0.0341092199,0.0336532295,0.0318301618,0.0326080769,0.0313105583,0.0319785252,0.0305300541,0.0293779895,0.0306765679,0.0286841039,0.0288654938,0.0278722495,0.0272588152,0.0266257524,0.0267078504,0.0267834906,0.0249182824,0.0256942883,0.0248149708,0.0246165562,0.0238815751,0.0206665322,0.0202783905,0.0196567234,0.0196693372,0.0197727196,0.0177378878,0.0177828353,0.0173518285,0.0179261062,0.0178207383,0.0174774993,0.0170856677,0.0172545873,0.0169093236,0.0173732955,0.0168602839,0.0171045586,0.016570067,0.0160345826,0.0170191824,0.0159641486,0.0165403988,0.0161923878,0.0162818227,0.0173022505,0.0165468734,0.0162152033,0.016458232,0.0150782075,0.0156012019,0.015483587,0.0136596765,0.0139843514,0.0125904856,0.012461083,0.00970410369,0.0077729905,0.00547102094,0.00561499735,0.000447581988,0.000568926334,0.00162483298,,0.00166765973,,,,,,,,,,,,-0.0712432265,-0.0693011805,-0.0667233095,-0.0655583441,-0.0636058599,-0.0604665987,-0.0587444827,-0.0556018129,-0.0525121689,-0.0507242382,-0.0470492616,-0.0442670658,-0.0421662703,-0.0391878933,-0.0368362218,-0.0339433551,-0.0320641547,-0.0306097306,-0.0283392407,-0.0262965783,-0.0250007622,-0.0236540847,-0.0218810365,-0.0205463804,-0.0190185755,-0.0172229223,-0.0164610296,-0.0146265477,-0.0139880739,-0.0126366131,-0.0112377591,-0.00992629305,-0.00796052814,-0.00739299506,-0.00634534657,-0.00557177514,-0.00555901974,-0.00449118018,-0.00409276038,-0.00299705565,-0.00250610709,-0.000973194838,0.000250868499,0.00114825368,0.00228208303,0.0036970973,0.00488433987,0.00560869277,0.00615432858,0.00764361024,0.00782563537,0.00871708989,0.00920058042,0.00984873623,0.0109965429,0.0119050518,0.0124128982,0.0131405145,0.0130101666,0.0137716979,0.0130246282,0.0126320869,0.0124563649,0.0121214092,0.0108889863,0.0086075291,0.00793296099,0.00513829291,-0.000317268074,-0.00304315984,-0.0097108297,-0.0159920491,-0.0167678781,-0.0218111202,-0.0234091766,-0.021045275
914,4.85400009,2026-08-27T10:32:23.139000+0000,-26.6957389,153.3354092,0.0627069622,0.0410755835,0.0607117899,0.0486394949,0.0474726744,0.0445689745,0.0510438308,0.0440122411,0.0394767374,0.0404572636,0.0397991762,0.0373260789,0.031737458,0.0359773748,0.0314494818,0.030406883,0.0295911878,0.0293601453,0.0289086159,0.0263172146,0.0277342424,0.025592871,0.0254192185,0.0250232164,0.0250601601,0.0240980666,0.0233205557,0.0247585252,0.0216500517,0.0228679869,0.0236365702,0.0211241078,0.0228454992,0.0214722529,0.0213688184,0.0210357513,0.0207078438,0.0206434876,0.0196982771,0.0197842848,0.0187649671,0.0191465523,0.0185615737,0.0190865342,0.0184684005,0.0175467469,0.0171193723,0.0173427686,0.016747959,0.0166529231,0.0155219315,0.0157262068,0.0161208306,0.0158275738,0.0153157283,0.0154346284,0.0151093481,0.015313304,0.0157702863,0.0156045519,0.0149900634,0.0152345849,0.0147291897,0.0139641613,0.0147104114,0.0153623987,0.0150518231,0.0149822412,0.0145568587,0.0149251875,0.0146282194,0.0136181992,0.0142112095,0.013733618,0.012119744,0.0134844668,0.0107506756,0.0104313586,0.00807447825,0.0060135033,0.00512167579,0.00394583819,0.000438617077,,,,,,,,,,,,,,,,-0.0726257339,-0.0714736879,-0.068585813,-0.0674108341,-0.0653883591,-0.0626890957,-0.0605269819,-0.057844311,-0.0542946681,-0.0517567284,-0.0492617637,-0.045999568,-0.0439287648,-0.0409403965,-0.0380787328,-0.0365058519,-0.0341166444,-0.0325222202,-0.0297317244,-0.0276090726,-0.0262732431,-0.0246365778,-0.0230135247,-0.0218988732,-0.0204210766,-0.018365413,-0.0174735375,-0.0160490461,-0.015410576,-0.013639126,-0.0117802583,-0.0111187957,-0.00802302361,-0.00745548308,-0.00713782012,-0.00546425581,-0.00485147536,-0.00493360311,-0.00438517332,-0.00350946188,-0.00249850005,-0.000885605812,-0.00027154386,0.000785827637,0.00216963142,0.00303463638,0.00404186547,0.00527621061,0.00620182604,0.0073011145,0.00753313303,0.0081845969,0.00904810429,0.00963625312,0.0106340647,0.011182569,0.0116803944,0.0123680085,0.0128876567,0.0119891763,0.0128421187,0.0126195848,0.0111838952,0.0116989687,0.010136582,0.00868520141,0.00824071467,0.00310611725,0.000250712037,-0.00206504762,-0.00953252614,-0.0121135861,-0.0160693005,-0.0215223879,-0.0210103244,-0.022136379
915,4.98000002,2026-08-27T10:32:23.388000+0000,-26.6957389,153.3354092,0.0564569756,0.051545538,0.0566517375,0.0527694859,0.0516626909,0.05097894,0.0512338392,0.0493422598,0.046716731,0.0464772396,0.0445491895,0.0433361083,0.0396374576,0.0403473787,0.0378994942,0.0368868783,0.0365811735,0.0356601477,0.0344086178,0.0339372158,0.0339742489,0.0322128721,0.0317792073,0.0315032192,0.0313601419,0.0308680646,0.0300705489,0.030208515,0.0294400342,0.0293879732,0.0295265578,0.0280540921,0.028705487,0.0276522394,0.0272588059,0.0270757433,0.026787838,0.0262434781,0.0263782758,0.0258542821,0.0255149584,0.0252465457,0.0250615645,0.026516512,0.0262783729,0.025926698,0.0247792955,0.0247526541,0.0243478082,0.0237327367,0.0230617207,0.0235060044,0.0228806548,0.0236874316,0.0231856182,0.0231045559,0.0231793076,0.0227432828,0.0225802846,0.0222245604,0.0226400699,0.0215345807,0.0218591727,0.0220041312,0.0214403812,0.0217223708,0.0219718181,0.0227122493,0.0229868703,0.0216451958,0.0216282215,0.0220081806,0.0201811548,0.0206235088,0.0206695609,0.0177541766,0.0200002324,0.016000744,0.0143436659,0.0141424164,0.0111003043,0.00951410271,0.00758649642,0.00563774817,0.00445354823,0.00822127517,0.00517635513,-0.0721457005,,,,,,,,,,-0.0746927485,-0.0727506652,-0.0696186274,-0.0692007542,-0.0667357817,-0.0648533031,-0.063134037,-0.0600519367,-0.057369262,-0.0545196086,-0.0512416735,-0.0487567112,-0.0465145148,-0.043543715,-0.0415153503,-0.0386236794,-0.0368508138,-0.0348315984,-0.032567177,-0.0306266882,-0.0291840248,-0.0269882046,-0.0255915374,-0.0237184837,-0.0222638324,-0.0210660361,-0.0191803686,-0.0182984918,-0.016463995,-0.0157655291,-0.0141140781,-0.0127852149,-0.0114837438,-0.0105179846,-0.0100004598,-0.00944281369,-0.00883925706,-0.00763653219,-0.00734869391,-0.00631029159,-0.00570461154,-0.00424364954,-0.00359071791,-0.0023766607,-0.00138923526,4.46140766e-05,0.000959642231,0.00234688818,0.00288125128,0.00412689149,0.00513616949,0.00557818264,0.00605962425,0.00725311786,0.00781127065,0.00867908448,0.00977759808,0.0100354329,0.0105730668,0.0112227201,0.0112942457,0.0114871562,0.0110045895,0.0100788549,0.0096238628,0.00957138091,0.00758986175,0.00721521676,0.00359044224,0.000584751368,-0.00225128233,-0.00913914293,-0.0130504742,-0.0163464509,-0.0192698017,-0.0211679339,-0.0201140456
916,5.08900023,2026-08-27T10:32:23.636000+0000,-26.6957389,153.3354092,0.0596169755,0.0514655486,0.0494117402,0.0520594753,0.0491226688,0.0489889495,0.0478338115,0.0482522398,0.0466167144,0.0447772555,0.0429091677,0.0421860963,0.0378574543,0.0391973816,0.0378094912,0.0358568802,0.036141187,0.0354901552,0.0351386108,0.0332072079,0.0329342373,0.0324028619,0.031699203,0.0314132161,0.0306701418,0.0304880626,0.0294105466,0.0304085109,0.0295500346,0.0283579752,0.0291165523,0.027344089,0.0275554825,0.0272022393,0.0264488086,0.0266257431,0.0266478416,0.0262534842,0.0252282713,0.0253842771,0.025754964,0.0247765481,0.0239615683,0.0222365111,0.0219283663,0.0223966949,0.0210592952,0.0208526552,0.0208778083,0.019922737,0.0196117219,0.0193560049,0.0195006579,0.0190674309,0.0188456178,0.0185445547,0.0190393068,0.018863285,0.0193202831,0.0184845589,0.01824007,0.0186745822,0.018219173,0.0173341297,0.0186503809,0.0184423719,0.0186718181,0.0187722482,0.0191368721,0.0187451951,0.0184782203,0.0177981798,0.0179111529,0.0177535117,0.0174795594,0.0160341766,0.0157202333,0.0144907441,0.0122236665,0.012572417,0.00915030483,0.00617410429,0.00627649808,0.00414775126,0.0028435525,0.00640127715,0.00222635549,-0.0713056773,,,,,,,,,,,-0.0726106688,-0.0706986189,-0.0681107491,-0.0666957721,-0.0647333041,-0.0627640411,-0.0601419248,-0.0571992546,-0.0550996065,-0.0522816703,-0.0490567014,-0.0465745069,-0.0440437049,-0.0417053401,-0.0388436802,-0.0363508053,-0.0347115993,-0.0326271839,-0.0301366784,-0.0287140273,-0.0269281976,-0.0249915421,-0.0244384781,-0.0223338231,-0.0211560242,-0.0195403658,-0.0180984885,-0.0164139867,-0.0156055205,-0.0137740634,-0.0130752064,-0.0113537349,-0.0100979656,-0.00940046459,-0.00830281526,-0.00764925033,-0.00740651786,-0.00649868697,-0.00648029894,-0.00515460968,-0.00440364331,-0.00287072361,-0.00179664791,-0.000459238887,0.000344619155,0.00122965127,0.00218689442,0.00372125953,0.00414688885,0.00558616966,0.00649818033,0.00673963875,0.00742312521,0.00819128007,0.00877908617,0.00983760506,0.0104754493,0.0109030828,0.0109427273,0.0118142366,0.0109771639,0.0116345957,0.0110088661,0.0105138645,0.00999138504,0.00865986943,0.00665521622,0.00376044959,0.000854760408,-0.00321127474,-0.00805915147,-0.0137304589,-0.0152664296,-0.0190297887,-0.0227779299,-0.0211240463
917,5.204,2026-08-27T10:32:23.896000+0000,-26.6957389,153.3354092,0.0557869859,0.0563955903,0.0526117608,0.0544694886,0.0522926971,0.0513789579,0.0500838421,0.0474722609,0.0469767302,0.045847252,0.0430191718,0.041196093,0.0395474583,0.0378473848,0.0368094929,0.0359668806,0.0347711779,0.0339201577,0.0329786167,0.031277217,0.031074252,0.0309028737,0.0302692223,0.0287932307,0.0286401529,0.028068075,0.0272305571,0.0262185298,0.025940055,0.0258779973,0.0254265759,0.0247441102,0.0247454979,0.0242122523,0.0234288182,0.0236057583,0.022937851,0.0229534917,0.0224982835,0.0223142896,0.0216249749,0.0214965586,0.0209915787,0.0194765329,0.0191784073,0.0186467469,0.0185093805,0.0179527737,0.017507961,0.0172629282,0.0167719331,0.0170062073,0.0166408271,0.0167275723,0.0164657217,0.0165146254,0.0160993487,0.0164533053,0.0163402874,0.016314555,0.0156400632,0.0162945837,0.0153891901,0.016024163,0.0164504144,0.0162623972,0.0171318259,0.0156822447,0.0158068668,0.016955195,0.0150082307,0.0154282097,0.0156212244,0.0146336341,0.0152997598,0.0131044853,0.0128206974,0.0122813806,0.00830450188,0.0085235266,0.00546169886,0.00509585813,0.00366864284,0.00187008874,,,0.00351903308,-0.0702387393,,,,,,,,,,,-0.0735037327,-0.0710016862,-0.0686738268,-0.0678388476,-0.0653463751,-0.0631471127,-0.0609849915,-0.0575723276,-0.0552226789,-0.0527247488,-0.0492697768,-0.0470275804,-0.0438867696,-0.0411984026,-0.0397967398,-0.0372738652,-0.0349546634,-0.0332802348,-0.0304197483,-0.029347077,-0.0276212581,-0.0254545845,-0.024381537,-0.0226068795,-0.0211590938,-0.0201834217,-0.0184315406,-0.0169570558,-0.0160885863,-0.0144371353,-0.0132182725,-0.0120867975,-0.0115910247,-0.00965348631,-0.0096058324,-0.00888226181,-0.00811948627,-0.00732161105,-0.00643318146,-0.00559746474,-0.00474651903,-0.00376361609,-0.00214956701,-0.00118219852,-4.8391521e-05,0.000686615705,0.00207384676,0.00298819691,0.00342381001,0.00480309874,0.0056251213,0.00609659404,0.00681009144,0.00809823722,0.00886604935,0.00981456041,0.0101023838,0.0105100051,0.0103296489,0.0106511787,0.0106941164,0.0104015917,0.0116858929,0.00981096923,0.00966859609,0.00945720077,0.00656272471,0.00469812751,0.0005627051,-0.00413303822,-0.00769051909,-0.0125815906,-0.0165472925,-0.0188303739,-0.0191083401,-0.0194244087
918,5.30700016,2026-08-27T10:32:24.128000+0000,-26.6957389,153.3354092,0.0484669842,0.0581455678,0.0472217612,0.0491994731,0.0494526774,0.0476089567,0.044773832,0.0445622392,0.0435467213,0.0417072624,0.0393291935,0.0378360897,0.0365374833,0.0336673819,0.0338694938,0.0332068875,0.0320111848,0.0301501472,0.0310986117,0.0297372248,0.0295842513,0.0285128746,0.028139215,0.0273332223,0.0279701464,0.0265980773,0.02734055,0.0258585177,0.0264000446,0.0254579801,0.0247565638,0.0254641008,0.0241354965,0.0236822478,0.0235788133,0.023385752,0.0226278417,0.0238634851,0.0224982779,0.0213042833,0.0217749644,0.0213265549,0.02162157,0.0207465235,0.0202783868,0.0199767221,0.0191293377,0.0182627141,0.0188478846,0.0172628332,0.0170718245,0.0174961034,0.0172407422,0.0168674998,0.016735673,0.0164545905,0.0161793251,0.0163932964,0.0165902879,0.0158245564,0.016860066,0.0163845848,0.0148491804,0.0164141469,0.0153703988,0.0152123841,0.0167618208,0.0146622462,0.015656868,0.0177351926,0.0135282231,0.0161081944,0.0157311894,0.0121535715,0.0170296598,0.0107443305,0.0125504639,0.0143110603,0.00572407991,0.00869296677,0.00692099612,,0.0056375619,,,0.00487261079,,-0.0670982003,-0.0708429888,-0.0736434683,,,,,,,,-0.0725652799,-0.0729231983,-0.0702411532,-0.0676432773,-0.0681383088,-0.0642858297,-0.0632765591,-0.0609044582,-0.0572817884,-0.0551721379,-0.0524242111,-0.048909232,-0.0469470434,-0.0439062342,-0.0406078771,-0.0392562076,-0.0364933386,-0.0347141251,-0.0327397101,-0.0306892209,-0.028846547,-0.0273207277,-0.0254040696,-0.0245810002,-0.0224163495,-0.0210685655,-0.0203528889,-0.0186810121,-0.0178165212,-0.0164280571,-0.0150665976,-0.014507737,-0.0129662715,-0.0120605007,-0.0104229748,-0.010205321,-0.0094217509,-0.00901900232,-0.0082211569,-0.00770273805,-0.00714703649,-0.00630606711,-0.00458316505,-0.00364910811,-0.00263170898,-0.00130787492,-0.000282868743,0.000694364309,0.0016887188,0.00220435113,0.00363364816,0.00470565259,0.00483711809,0.00584061444,0.00657875836,0.00742657483,0.00807508826,0.00907291472,0.00934054703,0.00962018222,0.0105817094,0.0100146383,0.00947210193,0.0103163719,0.00894141942,0.00889899582,0.00801753998,0.00546297431,0.00445829332,0.000472739339,-0.00451315194,-0.00588084012,-0.0130820274,-0.0162678771,-0.0174411014,-0.021189142,-0.020045232
919,5.42799997,2026-08-27T10:32:24.377000+0000,-26.6957389,153.3354092,0.0404669568,0.0466155782,0.0570417903,0.0436994471,0.0456926897,0.0452189557,0.048723828,0.0396322459,0.0420367233,0.0401772372,0.0400691852,0.035976097,0.034977477,0.0372373722,0.0324694961,0.0330268815,0.0318411738,0.0310401451,0.0291286148,0.0290672202,0.029514242,0.027962869,0.0275491979,0.0270532109,0.0263901409,0.0270080604,0.0267505478,0.0267985109,0.0246000327,0.0259579718,0.0256865583,0.0237140916,0.0252854843,0.0243722405,0.0240988061,0.0233857464,0.0235978346,0.0233334824,0.0230282713,0.0225542784,0.0219449606,0.0216465443,0.0217015687,0.0264365152,0.0268283673,0.0264766924,0.0265592989,0.0262026563,0.0259478055,0.0261027366,0.025251722,0.0261760056,0.0263106562,0.0257874336,0.0258056186,0.0258945562,0.0258893073,0.026493283,0.0264602825,0.0260745622,0.0254400689,0.0252845809,0.0247391723,0.0255941302,0.0247803796,0.0251423698,0.0258318149,0.0257422477,0.0241668709,0.0255251974,0.0234582219,0.0249781832,0.0245011542,0.0215435084,0.0228495579,0.0231341757,0.0201502331,0.0196207426,0.0172536653,0.0145224165,0.0154303061,0.00897410326,0.00952650048,0.00935774855,0.00606355164,0.00877127703,0.00830635522,-0.0692156777,-0.070930481,-0.0730609745,,,,,,,,-0.0739227384,-0.0728806704,-0.0703386143,-0.0680907443,-0.0666357726,-0.0651832968,-0.0627740324,-0.0603819303,-0.0576792434,-0.0553196147,-0.0523416698,-0.0488767028,-0.047314506,-0.0437837057,-0.041665338,-0.0394136719,-0.0366108082,-0.035041593,-0.0329471789,-0.0310066901,-0.0295440294,-0.0278482027,-0.0258815363,-0.024728477,-0.0226838291,-0.0213360228,-0.0199903585,-0.0189484879,-0.0177939907,-0.0168155171,-0.0155240633,-0.0143652074,-0.0132937394,-0.0112179741,-0.0103504509,-0.00956280529,-0.00918924809,-0.00820652395,-0.00737868249,-0.00741028786,-0.0058946088,-0.00516363978,-0.00364071876,-0.00306665152,-0.00164923817,-0.000355385244,0.000409647822,0.0017868951,0.00221125782,0.00350689143,0.00420618057,0.00502818823,0.0064496398,0.00669312477,0.00745128095,0.00847908854,0.00930760801,0.0100854486,0.0103130788,0.0109527335,0.0108842477,0.0110271648,0.0109546036,0.0107888579,0.0101438612,0.00978139043,0.00744987279,0.00729522854,0.0034404397,0.000174753368,-0.0026312694,-0.00827912986,-0.011130482,-0.0146564431,-0.0196798146,-0.0221479312,-0.0222140439
920,5.56500006,2026-08-27T10:32:24.626000+0000,-26.6957389,153.3354092,0.0603270009,0.0638355538,0.0493217558,0.0554694682,0.0533126779,0.0515489466,0.0479038246,0.0506222434,0.0475767404,0.0460472554,0.044069197,0.0423661061,0.0404074676,0.0386273861,0.0383495018,0.0370068811,0.0360611901,0.0344301499,0.0344886109,0.0328372195,0.0325442515,0.0319228768,0.0310292095,0.0302532129,0.0299001485,0.0295080766,0.0284605548,0.0279785246,0.0288300477,0.0269079879,0.0276365671,0.026724102,0.0256555006,0.0258622542,0.0250488166,0.0245557502,0.023807846,0.0239134897,0.0237082783,0.023384288,0.0233349726,0.0222665537,0.0220815744,0.0230365321,0.0220883898,0.0221667271,0.0218293425,0.0203227215,0.0203678906,0.0200028326,0.0189218298,0.0204261038,0.0194407403,0.0194375012,0.0194556676,0.0186945908,0.0191893242,0.0190732945,0.0191602856,0.0182845555,0.0194800664,0.0186145846,0.0173291825,0.0193941463,0.0183804017,0.0173323862,0.0196118224,0.0176122505,0.0177668724,0.0200752001,0.0165782347,0.0186082069,0.0182112046,0.0146735897,0.0184796769,0.0153543502,0.0132404855,0.0162610821,0.0101841036,0.0109729907,0.0106510185,0.00211499771,0.00695757894,0.00414892286,,0.00598260108,0.00277766027,-0.0670482516,-0.0698930323,-0.0720935017,-0.0760875866,,,,,,,-0.0730053037,-0.0726232231,-0.0711711869,-0.0683233067,-0.067778334,-0.06563586,-0.0627965927,-0.0611044839,-0.0581518188,-0.0553121716,-0.0535242409,-0.049709253,-0.0479670689,-0.0449362583,-0.042137906,-0.0400962234,-0.0380233675,-0.0356341451,-0.0343097337,-0.0322392322,-0.0305065736,-0.0287807547,-0.0268840902,-0.0254610255,-0.0237863697,-0.0227985829,-0.0215929113,-0.0206510425,-0.0187165439,-0.0177880786,-0.0164266191,-0.0152677633,-0.0141962953,-0.0125905275,-0.0118330047,-0.0112553388,-0.00990178436,-0.00916901976,-0.00904117525,-0.00826276094,-0.00765705109,-0.00688610971,-0.00521320105,-0.00438912958,-0.00318174064,-0.00180791318,-0.000922903419,0.000224344432,0.00113868713,0.00184431672,0.0030836165,0.00402563065,0.00490708649,0.00531058758,0.00633873791,0.00720655173,0.00807505101,0.00898288935,0.00942051411,0.00964016467,0.00998169184,0.01060462,0.00988207757,0.00952636451,0.0094114095,0.00873898715,0.00842753798,0.00584296882,0.0038382858,0.00107272714,-0.00312316418,-0.00763083249,-0.0127920583,-0.0158178993,-0.01775112,-0.0192291774,-0.0189452842
921,5.69999981,2026-08-27T10:32:24.875000+0000,-26.6957389,153.3354092,0.0762969926,0.0389955528,0.0461118072,0.0538494736,0.0452826805,0.0445189662,0.0439138338,0.047892265,0.03914674,0.0407372601,0.0373091996,0.0411361083,0.0329674706,0.0336973853,0.0352694951,0.032146886,0.0312111918,0.0316301696,0.0306486189,0.0287972223,0.0292942524,0.0289028753,0.0275492109,0.0276332218,0.0268801637,0.0274880715,0.0252205636,0.0269785281,0.0261400566,0.0244179927,0.0263265725,0.0240441021,0.0238155015,0.0248922519,0.0234988257,0.0236057602,0.0238978527,0.0236234944,0.0228782874,0.022464294,0.0229549743,0.0217965599,0.0216115806,0.0262065344,0.0252483953,0.0258467309,0.024699349,0.0243727211,0.0244978927,0.0228428375,0.0239118319,0.0233461075,0.0230907388,0.023807494,0.0227356646,0.0224445853,0.0226593222,0.0225532912,0.0228302851,0.0228845552,0.0231100675,0.0221445858,0.0227091853,0.0219141506,0.0215604007,0.0221723896,0.0219018236,0.0226822514,0.0236568786,0.0216452088,0.0217482429,0.0213182196,0.0200712178,0.0221536066,0.0193996988,0.0190343708,0.0201005079,0.0169711038,0.0178141259,0.0140430136,0.0105510456,0.0112350211,0.00497760065,0.00423894171,0.00692483922,0.00543259084,0.00812763628,-0.0668582693,-0.0710330456,-0.0721135437,-0.0744076073,,,,,,,-0.0736653209,-0.0710132495,-0.0701912045,-0.068083331,-0.0673383623,-0.0650458857,-0.0631166175,-0.0605145097,-0.0585118383,-0.0556621961,-0.0531142578,-0.0499192774,-0.0471570939,-0.044896286,-0.0428479239,-0.0397462472,-0.0384033881,-0.0357041731,-0.0342297517,-0.0322792642,-0.0305866003,-0.028750781,-0.0271941051,-0.0254810452,-0.0244663917,-0.0231586024,-0.021732945,-0.0207210593,-0.0191365741,-0.0180880912,-0.0168566443,-0.0159877799,-0.0144463107,-0.0125405416,-0.0112530142,-0.0105153471,-0.00980180502,-0.00928903371,-0.00805119425,-0.00853277743,-0.00712706894,-0.00631613284,-0.00496321172,-0.00382915884,-0.00336177647,-0.00155793875,-0.000912927091,0.000334315002,0.00146865845,0.00217428803,0.00347358733,0.00354560465,0.00489706546,0.00525055826,0.00623870641,0.00737652183,0.00782503188,0.00805287063,0.00900048763,0.0093601495,0.0103216767,0.00966461003,0.0100920647,0.00948636234,0.00910139829,0.00919897854,0.00723753124,0.00558296591,0.00357829034,0.000362731516,-0.00292316079,-0.00660085678,-0.0133620426,-0.0163478963,-0.0176011287,-0.019839216,-0.0182853229
922,5.84499979,2026-08-27T10:32:25.137000+0000,-26.6957389,153.3354092,0.0669469535,0.0613955483,0.063211754,0.0633194447,0.0602826886,0.0600789636,0.0599138178,0.0587122589,0.0555067211,0.0540672392,0.0524191856,0.0494160913,0.0477174744,0.0475273915,0.044919502,0.0444368906,0.0431111865,0.0424701646,0.0418386124,0.0402472243,0.0401242487,0.0387528837,0.0387392156,0.0377232246,0.0368001573,0.0371680632,0.0362705439,0.0354085155,0.0339300334,0.0338379703,0.0336165465,0.0325440802,0.0329854898,0.0322822407,0.0313188061,0.0314957425,0.0314678401,0.0306734852,0.0300082788,0.0294642877,0.029084973,0.0285265539,0.0287515745,0.0227165129,0.0226483513,0.0223966558,0.02167923,0.0212325603,0.0205076709,0.0201525614,0.0196915232,0.0197058059,0.0195004772,0.0197472852,0.0193055067,0.0191244762,0.0189692583,0.0188632589,0.0189302769,0.018734565,0.0186900795,0.0181145817,0.018339159,0.0179041084,0.0178503562,0.0183723494,0.018781811,0.0172922611,0.0187668987,0.0179352239,0.0177782457,0.017878199,0.0176111385,0.0174134523,0.0162094329,0.0163339451,0.0144298561,0.0135201989,0.0119129233,0.00985139981,0.00810900331,0.00679244054,0.00368443457,0.00260548154,0.00275099371,0.00277855084,0.000743590295,-0.0667507276,-0.0713355169,-0.0718559995,-0.0742500722,-0.0753564015,,,,,-0.0743973553,-0.0717177615,-0.070845671,-0.0692836419,-0.0671157613,-0.0655907989,-0.0642583221,-0.061909046,-0.0595269464,-0.0570642762,-0.0537246242,-0.051376693,-0.0489517152,-0.0461395234,-0.0435587317,-0.0410603657,-0.0382686965,-0.03675583,-0.034506619,-0.0329822116,-0.031331718,-0.0291890539,-0.0278832391,-0.0256765671,-0.0245435014,-0.0233288445,-0.0213610493,-0.0201553926,-0.0189935081,-0.0178490095,-0.0162205473,-0.0152190812,-0.0142402314,-0.0123487487,-0.0132830068,-0.0124654919,-0.0117578655,-0.010734342,-0.0104216337,-0.009453848,-0.00855547935,-0.00813981891,-0.00710886717,-0.00606592745,-0.00449182093,-0.00396437943,-0.00224050879,-0.00117544085,-8.16583633e-06,0.000526219606,0.0016618669,0.00298115611,0.0037131831,0.00481461734,0.00536807626,0.0058362335,0.00724404305,0.00751258433,0.00846043974,0.00897806883,0.00952774286,0.00993924588,0.00904215872,0.0101295784,0.00961378962,0.00909873843,0.0083861798,0.00772453845,0.0058497265,0.00294475257,0.000928796828,-0.00177752972,-0.00794575363,-0.0107773617,-0.0149336159,-0.0175572746,-0.018955633,-0.016551815
923,5.98000002,2026-08-27T10:32:25.385000+0000,-26.6957389,153.3354092,0.0487968996,0.0470654927,0.0487517081,0.0475394577,0.0464526713,0.0458289459,0.0439937934,0.0444522314,0.0428667255,0.0397072621,0.0380292013,0.0359661095,0.033897493,0.033387389,0.0318595096,0.0306869037,0.0298512056,0.029580161,0.0277186241,0.0278172325,0.027274251,0.0262728855,0.0251492094,0.0248332135,0.0244801473,0.0245080646,0.0234305449,0.0227985047,0.0225500241,0.0225579571,0.0212565362,0.0211340711,0.0210154746,0.0206422377,0.0203388073,0.020075744,0.0195278358,0.0197334811,0.0190882832,0.0184842851,0.0188449733,0.0179065596,0.0174715705,0.0175864976,0.0167383179,0.0160665903,0.0164291263,0.0155924093,0.0150974598,0.0148122916,0.0143512208,0.0143655147,0.0148702133,0.0149070667,0.0144153452,0.0140243582,0.0141591895,0.0139232222,0.0141602699,0.0139945727,0.0136700915,0.0139745781,0.0136591364,0.0131940674,0.0132303108,0.0135623179,0.0137218069,0.0137522779,0.0148569271,0.0142652551,0.0138882669,0.0134381987,0.0128910914,0.0126333293,0.0117692053,0.0108335624,0.0113992514,0.0100793391,0.00760176685,0.00682983361,0.00303701591,0.00334990723,,,,0.000554496422,0.00110949855,-0.0690552592,-0.0703500286,-0.0729005113,-0.0741045773,-0.0749808848,,,,,-0.0750318393,-0.0720122457,-0.0719201714,-0.0696481317,-0.0676002651,-0.0664352849,-0.064152807,-0.0622435361,-0.0600914359,-0.0571487546,-0.0547691137,-0.0517611951,-0.0492862053,-0.0466940179,-0.0439532213,-0.0418648571,-0.039333187,-0.0370303318,-0.0352111198,-0.0335567184,-0.031536229,-0.029633563,-0.027757749,-0.026451081,-0.0247980021,-0.0234733447,-0.0216755532,-0.0205098763,-0.0188080072,-0.017833516,-0.0163850375,-0.0154835694,-0.0140347071,-0.0125532448,-0.0114175081,-0.0102100223,-0.0100024268,-0.00871893764,-0.00867627561,-0.00793854147,-0.00723022968,-0.00605462492,-0.00552366674,-0.00432068855,-0.003316544,-0.00178904086,-0.000865116715,0.000319994986,0.00152730197,0.00252170861,0.00286737829,0.00405668467,0.00426868349,0.00554009527,0.00622355193,0.00732168555,0.00807952136,0.00915805995,0.00946594775,0.00977361202,0.0098932758,0.0106947869,0.0102876723,0.0109950528,0.0100892186,0.00906405598,0.00935136527,0.00734951347,0.0062244758,0.00399923325,0.000622868538,-0.00373388827,-0.00711267442,-0.012834698,-0.0139513761,-0.0194554403,-0.0196541138,-0.0190904178
924,6.11399984,2026-08-27T10:32:25.633000+0000,-26.6957389,153.3354092,0.0491768979,0.0555454679,0.0528217182,0.047359433,0.049762655,0.049328953,0.0500737727,0.0446422435,0.0459667332,0.0430672653,0.0397392027,0.0366661176,0.0361974947,0.0351374,0.0328195244,0.0332069248,0.0321112126,0.0316001661,0.0303186271,0.0298472326,0.0283842534,0.0271928869,0.0274792109,0.027373217,0.0263101552,0.0261280518,0.0255305301,0.0248384867,0.0247000027,0.024617929,0.023046514,0.0240540486,0.0226254612,0.0228022225,0.0224087909,0.0219857376,0.0215278324,0.0215334743,0.020378273,0.0199242849,0.020234976,0.019926561,0.0201315619,0.0188464709,0.0187882688,0.0184064917,0.0170389786,0.0169621948,0.0162971765,0.0157719273,0.0161608122,0.015565116,0.0157798603,0.0150767835,0.0153651219,0.0150942067,0.0148990974,0.0149831763,0.0148502635,0.0152045852,0.0145101082,0.0142645733,0.014249105,0.0135740098,0.0144002493,0.0145822698,0.0148817943,0.015542293,0.0147769591,0.0139852874,0.0154582839,0.0136181889,0.0137410071,0.014473144,0.0119288778,0.0130830221,0.0123084094,0.00874815788,0.0104201892,0.00562770711,0.00456431927,0.00511648739,,,,,0.00147405453,-0.0661132634,-0.0722180307,-0.07268852,-0.073892571,-0.0765288696,,,,-0.0762120187,-0.0752298012,-0.0724102035,-0.0707081109,-0.070036076,-0.0673582107,-0.0665632337,-0.0645407438,-0.0619314834,-0.0599893928,-0.057516709,-0.054607071,-0.0518191457,-0.0493241698,-0.0462619737,-0.0441911817,-0.0414428115,-0.0395111553,-0.0375083126,-0.0353490859,-0.0345946923,-0.0323442109,-0.0302115455,-0.0286357217,-0.0268890448,-0.0254759714,-0.0241113193,-0.0226235129,-0.0211678445,-0.0205759779,-0.0183614865,-0.0174229965,-0.0164115392,-0.0151926763,-0.0140611976,-0.0125054866,-0.0122880116,-0.0117204711,-0.0104070231,-0.0102344155,-0.00927677751,-0.00853854418,-0.00736297667,-0.00661203265,-0.00543901324,-0.00394481421,-0.00355724245,-0.00205325335,-0.00102806836,-7.07134604e-05,0.00126373768,0.00227943063,0.00330873579,0.00375071913,0.00497211516,0.00571554899,0.00661367178,0.00721150637,0.00822008401,0.00835798681,0.00965567678,0.00985535234,0.0101768449,0.00986970961,0.00991702825,0.0103311092,0.008905828,0.00828293711,0.00756083429,0.00608547032,0.00346984714,0.000872954726,-0.00354438275,-0.00688389689,-0.0119364932,-0.0147536919,-0.0148983411,-0.0184873901,-0.0170338266
925,6.25099993,2026-08-27T10:32:25.884000+0000,-26.6957389,153.3354092,0.0665468946,0.0423955061,0.0513317324,0.0528194644,0.0464026593,0.0465789512,0.0434937887,0.0483522527,0.0422267281,0.04090726,0.0391892083,0.0404661261,0.0357175022,0.0350174084,0.0344495215,0.0328569338,0.0317612216,0.0310601834,0.0303186327,0.0285372343,0.0287342612,0.0282529034,0.0272792187,0.0260832328,0.0260201599,0.0259380732,0.0257205386,0.024378499,0.0242600162,0.0225479472,0.0241165273,0.0238240622,0.02230547,0.0222722366,0.0221888088,0.0215457454,0.020927839,0.0207734816,0.0209982842,0.0197842903,0.020004984,0.0193765685,0.0192615688,0.0220064856,0.0222482886,0.020916529,0.0209890269,0.0210822579,0.0203572586,0.0200820304,0.0203209165,0.0197052117,0.0201199446,0.0200068541,0.0194551758,0.0197942406,0.0192491114,0.0195331797,0.0197402611,0.0198245812,0.0196601022,0.0189345796,0.0196091142,0.018824026,0.0195402689,0.0198222864,0.0193118025,0.0203922968,0.0201769639,0.0199252963,0.0202182997,0.0204682164,0.0190610569,0.0196032245,0.0192089956,0.0172531959,0.0176486615,0.0167784952,0.0135506252,0.0137582822,0.0110850325,0.00952737965,0.0082081845,0.00576861762,0.00539330859,0.00862040557,0.00921535958,-0.0645258054,-0.0695205927,-0.0702210665,-0.073275134,-0.0748614073,-0.0758383945,,,,-0.0747623593,-0.0724027604,-0.0709306672,-0.0688986331,-0.0673007667,-0.0668957904,-0.0643133,-0.0626140386,-0.060221944,-0.0570392646,-0.054929629,-0.0520716906,-0.0490667149,-0.0471345261,-0.044023741,-0.0416953601,-0.039853707,-0.0380808562,-0.0357516371,-0.0336672403,-0.0320567451,-0.0305840857,-0.0284982696,-0.0269116014,-0.0252485201,-0.0240538605,-0.022876054,-0.0214903951,-0.0198185183,-0.0190740265,-0.0173255429,-0.0156740844,-0.0152752101,-0.0138537437,-0.0122380182,-0.0110705495,-0.0104530007,-0.00967952609,-0.0092869252,-0.00854924321,-0.00794098526,-0.00702542067,-0.00591448694,-0.00470148772,-0.00339728594,-0.00234973431,-0.00109576434,-0.000410608947,0.000786751509,0.00197118521,0.00305687636,0.00384617597,0.00495816767,0.00538957119,0.00572299957,0.00685113668,0.00753895938,0.0085375458,0.00904543698,0.00963312387,0.0103427991,0.0103842989,0.00947718322,0.0100645274,0.00972862542,0.00932336599,0.0091105476,0.00889850408,0.00578323007,0.00400768965,0.000170938671,-0.00347624719,-0.0064855963,-0.0114280581,-0.0143151432,-0.0159396492,-0.0175486356,-0.0168050602
926,6.38700008,2026-08-27T10:32:26.135000+0000,-26.6957389,153.3354092,0.0644968972,0.048545491,0.0547017008,0.0553094372,0.0501426607,0.0488589369,0.0469437838,0.0493222475,0.0443067439,0.0445972569,0.043279212,0.0427261256,0.0398574919,0.0393673927,0.0383495279,0.0369169302,0.0362412073,0.0346001722,0.0343086347,0.0333872251,0.0321742594,0.0320228934,0.0313092098,0.0313132145,0.0317601487,0.0304780565,0.0296905283,0.0300184842,0.0294499956,0.0299079251,0.0293665081,0.0280440375,0.0285554565,0.0275022238,0.0271887891,0.0267657377,0.0270078294,0.0264834743,0.0252982769,0.0254642814,0.0250449739,0.0251665618,0.0249015559,0.0236664694,0.0236682519,0.023656467,0.0224489421,0.0229121447,0.0220071021,0.0212018359,0.0210807063,0.0209250171,0.020509772,0.0206067096,0.0202050731,0.0204241686,0.0206490699,0.020663159,0.020410262,0.0199945904,0.0199101102,0.0196245722,0.0195390992,0.0197339952,0.0194502342,0.0200822577,0.019681789,0.0194422994,0.0199169647,0.0189852975,0.0191082861,0.0192481838,0.0176209863,0.0194430985,0.0180287939,0.016552886,0.0170081966,0.0132478587,0.0125997905,0.0103871711,0.00899363868,0.00780562265,0.00303604687,0.00348627893,0.00435073301,0.000817712164,0.00313268136,-0.0674007535,-0.0697655156,-0.072586,-0.0749500468,-0.0766463503,-0.0770933256,,,-0.0765494928,-0.0757872909,-0.0739876777,-0.0724755898,-0.0707235634,-0.068765685,-0.0673807114,-0.0655782223,-0.0629889667,-0.0610768683,-0.0588641949,-0.0557545573,-0.0529766306,-0.0500316396,-0.0475094616,-0.0449086651,-0.0426802859,-0.0403186269,-0.0382257849,-0.0356765799,-0.034902174,-0.0322717018,-0.0302390382,-0.0290132128,-0.0276865363,-0.0261334516,-0.0246887952,-0.0229109973,-0.021575328,-0.0206434615,-0.0189389624,-0.0177204758,-0.0164090134,-0.0154401474,-0.0140186772,-0.0141229779,-0.0131355077,-0.0125479773,-0.0119345412,-0.0110119581,-0.0101643205,-0.00980611891,-0.00866056234,-0.00775962323,-0.00651658326,-0.00515236706,-0.00440478325,-0.00377076119,-0.00207557529,-0.00114820898,8.6247921e-05,0.000901944935,0.00169125944,0.00295325369,0.00366462767,0.00430805236,0.00475617498,0.00555401295,0.00633259863,0.00707051158,0.00769820064,0.00790788233,0.00841937214,0.00835222006,0.00840952992,0.008383587,0.00770828128,0.0081853494,0.00670316815,0.00645772368,0.00317201018,-0.000805035233,-0.00264250487,-0.00618220866,-0.0104049593,-0.0129122958,-0.0173170529,-0.0176662132,-0.0161226951
927,6.53000021,2026-08-27T10:32:26.384000+0000,-26.6957389,153.3354092,0.0738969222,0.0442955196,0.0501616895,0.0575594604,0.0485426709,0.046988938,0.0475537851,0.0501822308,0.0438067205,0.043687243,0.0405492,0.0426461287,0.0373774841,0.0374674052,0.0369195156,0.0346469097,0.034351211,0.0332301743,0.0317986235,0.0308272224,0.0298442543,0.0301328842,0.028899204,0.0289932135,0.0283401571,0.0279580578,0.0271305311,0.0266884919,0.0267600119,0.0251979399,0.0255865194,0.0249140523,0.0241254605,0.02452223,0.0241688006,0.0236057416,0.0227678344,0.0227134768,0.0219682809,0.0212242864,0.0217849724,0.0205465611,0.0208315607,0.0179664809,0.0184682794,0.0177065171,0.0168890134,0.0167422462,0.0164472423,0.0151220206,0.0156009123,0.0154252173,0.0155799435,0.0156068588,0.0149651766,0.0141942436,0.0151691139,0.0148531822,0.0149002662,0.0138845816,0.0148901027,0.0146645773,0.0142291114,0.0145040238,0.0141802672,0.0141322808,0.0141717978,0.0138122905,0.01455695,0.0141852824,0.0143082794,0.0139781926,0.0135710277,0.0137131922,0.0122989584,0.012013156,0.0105686178,0.0102484496,0.00799057912,0.00630823337,0.00566498656,0.0015973337,,0.00120858522,,,0.000735403039,-0.0663977489,-0.0675425231,-0.0700330138,-0.0729970783,-0.0739533603,-0.0750903562,,-0.0768725276,-0.0765165165,-0.0760043114,-0.0742747039,-0.0725026205,-0.0720505863,-0.0690427199,-0.068397738,-0.0664952472,-0.0638759881,-0.0617138967,-0.0590212271,-0.0556715764,-0.0536136553,-0.0498986766,-0.0481164902,-0.0453457013,-0.0433873162,-0.0409856625,-0.03880281,-0.0370135941,-0.0351591967,-0.0332487114,-0.0311060473,-0.0294402204,-0.0282935575,-0.0266304724,-0.025305815,-0.0236780122,-0.0229723491,-0.0212304704,-0.0203159861,-0.0193975121,-0.0178660341,-0.0162471794,-0.0150557086,-0.0123699829,-0.0114625171,-0.0113249496,-0.00969149172,-0.00970888883,-0.00860121846,-0.00849295408,-0.00727737695,-0.00622642785,-0.00524342805,-0.00408923626,-0.0034416914,-0.00180770457,-0.000652551651,-0.000125199556,0.00116923451,0.00234491378,0.00282422453,0.00382621586,0.00451761484,0.00509104133,0.00612918288,0.00685700774,0.00777558237,0.00873347372,0.00875116885,0.00913082808,0.00967233628,0.00925520808,0.00935253501,0.0101666301,0.00842139125,0.00815854967,0.00769651681,0.0055712238,0.00452569872,0.00076892972,-0.00473826379,-0.00612760335,-0.0118600577,-0.0146571323,-0.0153116174,-0.0203905813,-0.0166169964
928,6.67700005,2026-08-27T10:32:26.633000+0000,-26.6957389,153.3354092,0.060286928,0.0482554808,0.0553416982,0.0555794612,0.0525326692,0.0523489453,0.0530337803,0.0541722514,0.0482767373,0.048187241,0.0472591855,0.0437861197,0.0412775017,0.0416573957,0.0405495092,0.039656911,0.038971208,0.0384401642,0.037348628,0.0372372195,0.0359142534,0.0358328857,0.0343792066,0.034413211,0.034270145,0.0337680541,0.032840535,0.0326284952,0.0318600088,0.0318779387,0.0308265239,0.0306440517,0.030845467,0.0300422292,0.0299987942,0.0298857372,0.029547831,0.0291034728,0.029028276,0.0280042812,0.0276849717,0.0275165532,0.0274215601,0.0276264828,0.0271482877,0.0268665329,0.0259390492,0.0251322947,0.025487313,0.0247721076,0.0244410113,0.024155315,0.0241500344,0.0239769295,0.0234152339,0.0229442846,0.0234591421,0.0233531985,0.0233102683,0.0232945811,0.0228700992,0.0225245748,0.0228591189,0.0225140359,0.0218702797,0.0233722925,0.0239217989,0.0231422838,0.023546936,0.0227752645,0.0220382661,0.0224481821,0.0215010345,0.0219732225,0.0214890223,0.0197132714,0.020058807,0.0182087235,0.0167809539,0.0147187468,0.0120956423,0.0118181715,0.00820918474,0.00562972948,0.0085245911,0.00835179538,0.00497679971,-0.0667042211,-0.0693090111,-0.0719294995,-0.0735935569,-0.0749098584,-0.0760268569,-0.0778485984,-0.0775290206,-0.0771030188,-0.0750908107,-0.0741112083,-0.0726791099,-0.070577085,-0.0693892092,-0.0672142431,-0.0654717535,-0.063822493,-0.0607503876,-0.0587377176,-0.0560980737,-0.0532901511,-0.0505651608,-0.0485329777,-0.0447121896,-0.0429838225,-0.04092215,-0.0390293002,-0.0361000896,-0.03453568,-0.032695204,-0.031582538,-0.0297667161,-0.0281600468,-0.027016975,-0.0253523178,-0.024234511,-0.0225688554,-0.0216369703,-0.0204324797,-0.0192239992,-0.0181525387,-0.0167036764,-0.0151622072,-0.0145464838,-0.0142089948,-0.0129914358,-0.0123879537,-0.0117453411,-0.011287652,-0.0101193786,-0.00925378501,-0.00830283761,-0.00777983665,-0.00625564903,-0.00524812192,-0.0033441633,-0.00224902481,-0.00154168159,-0.000667251647,0.000448428094,0.00117772073,0.00216972083,0.00311113149,0.00367456675,0.00476270914,0.00590053201,0.00646910071,0.0077669844,0.00774466246,0.00823432207,0.00876582414,0.0083886981,0.00849605352,0.00883016735,0.00847493857,0.0076321587,0.00655016303,0.00626497716,0.00287953019,0.00113289803,-0.00341413915,-0.00686330348,-0.0118355975,-0.0137625411,-0.0167468749,-0.0178657323,-0.0169620961
929,6.82499981,2026-08-27T10:32:26.880000+0000,-26.6957389,153.3354092,0.0477669127,0.054225482,0.0551017299,0.0485194698,0.0518926643,0.0501889326,0.0510437936,0.0486922339,0.0474767275,0.0464872606,0.0440692082,0.0402461141,0.0403575078,0.0386273973,0.0383295082,0.0370669141,0.0363912098,0.0354901701,0.034308631,0.033757221,0.0323642492,0.0326828882,0.0315892063,0.0311232153,0.0308701508,0.030178057,0.0300805382,0.029378498,0.0294500124,0.0281879473,0.0282865278,0.0274940617,0.027335465,0.027052233,0.0270488001,0.0261757392,0.0260478351,0.0249634795,0.0256082769,0.0248442851,0.0251249783,0.0240665581,0.0235715657,0.0207364876,0.0204282943,0.0198965427,0.0199790522,0.0191722978,0.018857317,0.0179321133,0.017791016,0.0176553149,0.0179000329,0.017826926,0.0178852323,0.0177842826,0.0182891376,0.0177231953,0.0168202668,0.0172645804,0.0168201011,0.0171445757,0.0171191227,0.0168340392,0.0165702812,0.0173122939,0.0165517982,0.0166222863,0.0169569403,0.0171852726,0.0166582745,0.0161681939,0.0160710495,0.0169232357,0.0146590425,0.0148732914,0.0135588301,0.0113987466,0.0107209776,0.00851877034,0.00805566832,0.00325819757,0.00173921138,0.00269974489,,,0.000736776739,-0.0662822723,-0.0699270442,-0.0701075196,-0.0727915987,-0.074287869,-0.0752048716,-0.0773766115,-0.0767570436,-0.076111041,-0.0747888237,-0.0736392364,-0.0723371357,-0.0717651099,-0.0693972483,-0.0683022663,-0.0662897825,-0.0637105107,-0.0613184199,-0.0590757355,-0.0564460941,-0.053688176,-0.0503831878,-0.0483810008,-0.0463202037,-0.0430518314,-0.0411301702,-0.0389873274,-0.0369481146,-0.0353737064,-0.0336332321,-0.0317605622,-0.0302047357,-0.0287680626,-0.0274849907,-0.0256303288,-0.0239225402,-0.0229768641,-0.0214550011,-0.0207805,-0.0192120187,-0.0176105537,-0.0164516978,-0.0156102255,-0.013874501,-0.0133670196,-0.0130894482,-0.0118559822,-0.0111233443,-0.0103456602,-0.00952740014,-0.00914180279,-0.00850085914,-0.00697785616,-0.00494368374,-0.00525614619,-0.0034621805,-0.00221704692,-0.0012897104,-0.000245288014,0.000820398331,0.00204970688,0.00261169672,0.00344311446,0.00419653952,0.00479467958,0.00599250197,0.00699107349,0.00742896646,0.00861663371,0.00832630694,0.00926780701,0.00900068134,0.00929804146,0.00878215581,0.00839693099,0.00733415037,0.00706217438,0.00537697226,0.00441152602,-0.000275090337,-0.00336214155,-0.00615128875,-0.0101436228,-0.0138605312,-0.0151848868,-0.0161337629,-0.0158501305
930,6.98099995,2026-08-27T10:32:27.140000+0000,-26.6957389,153.3354092,0.0581868477,0.0439854972,0.0596116967,0.0510394238,0.0500426479,0.0491589308,0.0514137745,0.0470922329,0.0452067479,0.0438972637,0.0435491949,0.040336132,0.0372975059,0.0394174047,0.0353195295,0.0349869207,0.0339812115,0.0343601778,0.0322586447,0.0311772246,0.0320142545,0.0305129029,0.0305392109,0.0295632128,0.0294201486,0.0288380608,0.0284605306,0.0278084893,0.0264800042,0.0285479296,0.0261765085,0.0257640444,0.0260354578,0.0249622278,0.0254187956,0.0247157365,0.024567835,0.0244634785,0.0237082765,0.0236242823,0.0231049806,0.0225865636,0.0227915626,0.0211364739,0.0205182564,0.0205264762,0.0203689467,0.0197121482,0.0190071091,0.0185818411,0.0183007121,0.0183450151,0.0182297658,0.018156711,0.017745072,0.017454166,0.0179590695,0.017533157,0.0175302606,0.0175945889,0.0170601103,0.0170045756,0.0169990994,0.0165039971,0.0171002354,0.0162522588,0.0176717937,0.0164923016,0.0174069703,0.0166053027,0.0170782954,0.016038198,0.0157709997,0.0161531158,0.0151188131,0.0148729049,0.0136982193,0.0127278809,0.0113598136,0.00831719395,0.00810366031,0.00441564666,0.00303606689,0.00111629488,9.0735266e-05,0.00263770577,0.00129266083,-0.0666547865,-0.0680395588,-0.0701200217,-0.0728440881,-0.0745403841,-0.0760273784,-0.0776291266,-0.0764495432,-0.0762935355,-0.0752413124,-0.0733017251,-0.0728496239,-0.0707575977,-0.0685897246,-0.0677647516,-0.0648022667,-0.0635930002,-0.0605108961,-0.0582182333,-0.055808574,-0.053280659,-0.0501756743,-0.0479734838,-0.0451726988,-0.0428043269,-0.0407026634,-0.038719818,-0.0369106047,-0.0348962136,-0.032885734,-0.0314230733,-0.0297772549,-0.0280205607,-0.0271974839,-0.0254328288,-0.0238650292,-0.0233193599,-0.0210674889,-0.0201429911,-0.0192045122,-0.0180930384,-0.0160341822,-0.0152627155,-0.0137669966,-0.0128395408,-0.012752004,-0.0120385662,-0.0114059895,-0.0101983547,-0.009650141,-0.00895459205,-0.00787365437,-0.00675062835,-0.00561640412,-0.00452882797,-0.00314480066,-0.00243961811,-0.00101224333,-0.000477775931,0.000967912376,0.00167723,0.00295921415,0.00297059864,0.0043040067,0.00530213863,0.00611997396,0.00712855905,0.00750647485,0.00827416033,0.00838386267,0.00930534303,0.00895819813,0.00872552395,0.00970956683,0.00857426226,0.00788133591,0.00704915822,0.00595371425,0.00375799835,0.000500969589,-0.00265650451,-0.00755620748,-0.00976897776,-0.0139962956,-0.0176610984,-0.017860245,-0.0152067393
931,7.13700008,2026-08-27T10:32:27.389000+0000,-26.6957389,153.3354092,0.0495168678,0.0517854728,0.0547716767,0.048279427,0.0499926694,0.0485289432,0.0481637679,0.0438822284,0.0451067388,0.0433272719,0.0414092205,0.0381861404,0.038287513,0.0365574025,0.0349695385,0.034396939,0.0335812271,0.0322601832,0.0314486399,0.0305472407,0.0303442609,0.0288028978,0.0290992167,0.0283132214,0.0283601638,0.0270980671,0.0279105343,0.0269884989,0.0256800111,0.0259679295,0.0251765158,0.0244340412,0.0251354612,0.0241422299,0.0237188023,0.0235357415,0.0231578406,0.0231034849,0.0224982873,0.0218542926,0.0215449855,0.0220465772,0.0212215688,0.0201064795,0.0197282527,0.0201264638,0.0197489206,0.0190921053,0.0186170451,0.0179217551,0.0179906115,0.0174249187,0.0172596797,0.017596636,0.0169350076,0.0171041265,0.0170790404,0.0168031435,0.0171902571,0.0161745921,0.0167001132,0.0160145741,0.0157590937,0.0159639884,0.0162402261,0.01619225,0.016391797,0.0159623101,0.015436992,0.0159453265,0.015468318,0.0163082164,0.0161210094,0.0142031023,0.0144787682,0.0135828108,0.0119980536,0.0123676322,0.00835946854,0.0105967131,0.00506304344,0.00436484534,0.00433506491,0.00195518648,,0.00276634633,0.00239126943,-0.0672503039,-0.0684851035,-0.0703255683,-0.0732296407,-0.0742459074,-0.0752628818,-0.0778646544,-0.0758150741,-0.0761990547,-0.0766368434,-0.0730772391,-0.0726051405,-0.0709131062,-0.0694852397,-0.0688902661,-0.0656177774,-0.0637185127,-0.0617964193,-0.0593237504,-0.0562541075,-0.0537061803,-0.0504211858,-0.048409,-0.0456082225,-0.0430498384,-0.0414481871,-0.0397553481,-0.0372161269,-0.0357517265,-0.0336512551,-0.0319985896,-0.0297227688,-0.0286860876,-0.0270830058,-0.0257583484,-0.0243805498,-0.0226848871,-0.0212930031,-0.0200385191,-0.0189300366,-0.01798857,-0.0167696998,-0.0152882263,-0.0142625123,-0.0136350617,-0.0129375458,-0.0123841017,-0.0112915486,-0.0103839412,-0.0106457397,-0.00943021476,-0.00830926746,-0.00698623806,-0.00600200146,-0.00476440042,-0.00329038501,-0.00218518078,-0.00149779022,5.66914678e-05,0.000692404807,0.00196170062,0.00285369158,0.00328506529,0.00445847213,0.00517661124,0.0055244416,0.00714303553,0.00728096068,0.00880866498,0.00827836245,0.00902985036,0.00886269659,0.0079099983,0.0091740489,0.00823870301,0.00831574202,0.00750350207,0.0055879876,0.00294215977,0.000665009022,-0.0029226169,-0.00627251714,-0.0103453845,-0.0140928775,-0.0154378191,-0.0174370892,-0.0154136382
932,7.29799986,2026-08-27T10:32:27.639000+0000,-26.6957389,153.3354092,0.0540468507,0.0523254648,0.0514416546,0.0503793992,0.0483526364,0.0464789197,0.047763776,0.0443922244,0.0421467386,0.0414472781,0.0399892256,0.0371761471,0.0362175107,0.0365874134,0.0338395424,0.0328669511,0.0317512341,0.0307701845,0.0303986445,0.029367229,0.0293142591,0.0279529057,0.0278292131,0.0276332144,0.0277801584,0.0266080629,0.0268505197,0.0266084783,0.0254099909,0.0260479115,0.025676487,0.0250740256,0.0253554452,0.0245222189,0.0241687894,0.0238257311,0.023667831,0.0237734765,0.0237182826,0.023314286,0.0230349787,0.0225065723,0.0220015608,0.0269164499,0.0267482121,0.0261563864,0.0259288009,0.0249719396,0.0242068265,0.0241614822,0.0234803054,0.0236446206,0.023289416,0.0232664254,0.0230448507,0.022504013,0.0223889761,0.0218831096,0.0222302489,0.0217445996,0.021630127,0.0212445725,0.0214590691,0.0207439419,0.0211901776,0.0209522136,0.0207517836,0.0213023238,0.0209870078,0.0202753413,0.0210083239,0.0198581964,0.0199109297,0.0182529464,0.0184785053,0.0192123875,0.0180074032,0.0148367267,0.0148082655,0.0116151012,0.0107710026,0.0106822643,0.00433190074,0.00799172651,0.00595562998,,0.0106872218,-0.0657308027,-0.0684855878,-0.0709260553,-0.0725900978,-0.0747163743,-0.0756233782,-0.0764151141,-0.0780055448,-0.0758595243,-0.074857302,-0.0741076991,-0.0718355998,-0.0707735717,-0.069455713,-0.0677307323,-0.0657482296,-0.0645389706,-0.0621468835,-0.0597042106,-0.05635456,-0.0540766418,-0.0518016666,-0.0483094677,-0.0470186993,-0.0446703173,-0.0412086584,-0.0400358178,-0.0376065969,-0.0360122211,-0.0345717408,-0.0326690786,-0.0306832641,-0.0290465802,-0.0275634937,-0.0262388363,-0.0249410272,-0.0232353657,-0.0223934837,-0.0209689923,-0.0192404948,-0.0189790279,-0.0173601657,-0.015458703,-0.014553003,-0.0136855766,-0.0133580714,-0.0124546736,-0.011202164,-0.0106346086,-0.0102964565,-0.00905098021,-0.00800003856,-0.00713697076,-0.00573270023,-0.0046050325,-0.00332096964,-0.00226570666,-0.000938288867,0.000156208873,0.000891923904,0.00207125396,0.00307322294,0.00380458683,0.00452797115,0.00543609262,0.00634393096,0.00722255558,0.00801049918,0.00849821419,0.00792790949,0.0090893805,0.00855221599,0.00880947709,0.00915344059,0.00856801867,0.00771489739,0.00696247071,0.00590672344,0.00334061682,0.00113305449,-0.00288499147,-0.00749542564,-0.0113087445,-0.0144366324,-0.017511975,-0.0183615498,-0.016748175
933,7.46099997,2026-08-27T10:32:27.888000+0000,-26.6957389,153.3354092,0.0512468331,0.0470253937,0.0518216118,0.0467094071,0.0473926365,0.0455689318,0.0467337631,0.0447422192,0.0430367254,0.0410172604,0.0399592184,0.0380761549,0.0340475179,0.0368474126,0.0339195356,0.0332869478,0.03131124,0.0308501907,0.0302986447,0.029367229,0.0289242659,0.028152911,0.0273592137,0.0269432142,0.0272801481,0.0263080504,0.0265605114,0.0264184624,0.0242399741,0.0254478902,0.0248564724,0.0237140078,0.0248154383,0.0236922074,0.023868775,0.0236057304,0.0228478201,0.0225734636,0.0220382791,0.0224742834,0.0220949836,0.0221165717,0.0217815526,0.0220764372,0.0222481713,0.0227163136,0.0216086935,0.0214617811,0.0202966109,0.0200212114,0.0197700001,0.0193043221,0.0196691528,0.0192262121,0.0193346906,0.0195438992,0.0192489047,0.0198030733,0.0189702436,0.0192546099,0.0190801397,0.0184545703,0.0189690422,0.0183538981,0.0187701322,0.0198221784,0.0184717737,0.0193323344,0.0192070324,0.0190253668,0.0193183348,0.0193381887,0.0186508652,0.0189328119,0.0182082579,0.0173519813,0.0170967709,0.0146658374,0.0131570781,0.0121235009,0.00948897563,0.00833969098,0.00623873714,0.00486826291,0.00452176947,0.00498823123,0.00625312515,-0.0647792965,-0.0695240721,-0.0709545314,-0.0730185807,-0.0751148611,-0.0759818405,-0.0777335986,-0.0774040148,-0.076377973,-0.0757157505,-0.0746361613,-0.0734240487,-0.0719520152,-0.0700241625,-0.068809174,-0.0665466785,-0.0646374226,-0.0627153367,-0.0602626652,-0.0569230132,-0.054395102,-0.0513701178,-0.0488579273,-0.0468071587,-0.0445087664,-0.0419771075,-0.0398342796,-0.0374450684,-0.0357806943,-0.0336902142,-0.0323375538,-0.0306917392,-0.0289150402,-0.0273619555,-0.0265372917,-0.0247394852,-0.0236338191,-0.021971941,-0.0201974511,-0.0189789608,-0.0181374922,-0.0166386291,-0.0155671462,-0.0147214681,-0.014084056,-0.0137466043,-0.0122032389,-0.0118507743,-0.0106832683,-0.0102851763,-0.00972973555,-0.00820879638,-0.00743570924,-0.00582138449,-0.00512366742,-0.00388955325,-0.00269424915,-0.00168678164,-0.000452250242,0.000883474946,0.00131281465,0.00273477286,0.0032261163,0.00391948223,0.00495758653,0.00610543787,0.00704409182,0.00751204044,0.00795979053,0.0079594776,0.00849094242,0.00903376192,0.00817097723,0.00862488151,0.00800935179,0.00814609975,0.0066434592,0.00586748868,0.00285109133,0.00108312815,-0.00276535749,-0.00703635812,-0.0107801035,-0.0138783827,-0.0160641596,-0.0168840177,-0.0142307281
934,7.61999989,2026-08-27T10:32:28.133000+0000,-26.6957389,153.3354092,0.0557867996,0.0447754338,0.0491716489,0.0490894206,0.046862632,0.0459089167,0.0450337455,0.0453322157,0.0426367447,0.0409072563,0.0385191962,0.0383361466,0.0346175134,0.0346074067,0.0338195451,0.0321369469,0.0312212314,0.0312101841,0.0302086379,0.0290872324,0.0285542645,0.0284328982,0.0273592081,0.0270532109,0.026990151,0.0262180418,0.0251205117,0.0264184587,0.0248799659,0.0247678868,0.0244464707,0.0232539978,0.0239054356,0.0235522073,0.0223087762,0.0225757211,0.0222578198,0.0220434628,0.0218982697,0.0213142764,0.0210049823,0.0211765636,0.0203615483,0.0226364341,0.0224081688,0.0226363037,0.021758683,0.0207817759,0.0208966006,0.0205912068,0.0200599972,0.0200743247,0.0194491539,0.0199762117,0.0195246898,0.0200038999,0.0198489092,0.019473074,0.0194302443,0.019494608,0.0190801397,0.0189145673,0.0184090398,0.0183138978,0.0181701314,0.0193721764,0.019921774,0.0188023299,0.0195370279,0.0192153603,0.0198883247,0.0198281761,0.0192108527,0.0190127939,0.0187482387,0.0177319609,0.0171467476,0.0173058175,0.0140170557,0.0147734769,0.0106389495,0.00895966776,0.00756871328,0.00491824839,0.00708176102,0.0046982402,0.00699314661,-0.0655072704,-0.068702057,-0.0701025054,-0.0724965483,-0.0739128366,-0.0758498088,-0.0764315575,-0.0760419741,-0.0761359483,-0.0761637241,-0.0736441389,-0.0724820122,-0.0707599893,-0.0694321319,-0.068077147,-0.0662446544,-0.0638953969,-0.0622033104,-0.059050642,-0.0566909909,-0.0539230704,-0.0506080911,-0.048375912,-0.0455851182,-0.043726746,-0.040655084,-0.0392422639,-0.0373430476,-0.0351286568,-0.0330081806,-0.0316555351,-0.0299397111,-0.0279030204,-0.0267499238,-0.0249052644,-0.0237774588,-0.0223017931,-0.0210799202,-0.0199754313,-0.0187069327,-0.0175754689,-0.0161266066,-0.0155251324,-0.0137894526,-0.0122220293,-0.0117845759,-0.0112512186,-0.0105087385,-0.0096912533,-0.00919315219,-0.00780771673,-0.0070367679,-0.00549367815,-0.00414934009,-0.00348164141,-0.00230752677,-0.00159221888,-7.47665763e-05,0.000589773059,0.00198552012,0.00313483179,0.00381680578,0.00420814008,0.0052914992,0.00538960844,0.0078574717,0.00782611221,0.00830407441,0.00897180289,0.00932149589,0.00901296735,0.00967577845,0.00954298675,0.00871688873,0.00932136178,0.00809811056,0.00726547092,0.00614947826,0.00328309089,0.000395126641,-0.00263336301,-0.00719435513,-0.0119680986,-0.0140363723,-0.0169521198,-0.0162819959,-0.0134886876
935,7.76200008,2026-08-27T10:32:28.381000+0000,-26.6957389,153.3354092,0.0571767725,0.0583154,0.0653216392,0.0554293878,0.0591926277,0.0566589423,0.0589537583,0.0528822206,0.052226752,0.0504772663,0.0489692129,0.0436461568,0.0431575291,0.042437423,0.0398195572,0.0396669656,0.0388012417,0.0374101959,0.0361786522,0.0354872495,0.034614265,0.0340129174,0.0340092219,0.0329532176,0.0325101651,0.0318180583,0.0316005237,0.0305684712,0.031049978,0.030587893,0.0296664722,0.029384004,0.0287754405,0.0277822167,0.0285087861,0.0280957315,0.0275178272,0.0273634698,0.0275782831,0.0263842866,0.0268349908,0.0256265774,0.0256115589,0.0225564372,0.0224881656,0.0213862974,0.0213686675,0.0210017394,0.0205165427,0.0200111214,0.0191199053,0.0196542218,0.0193090588,0.0186261367,0.0193946306,0.0190038569,0.018928878,0.0187430568,0.0189702399,0.0185746104,0.0187901445,0.01865457,0.0185090397,0.0177138913,0.018650122,0.0178521685,0.0192117784,0.0188823435,0.0177670494,0.0185953882,0.0178983547,0.0171582066,0.0186808743,0.0180127975,0.0156582128,0.0166418888,0.0143366056,0.0151055921,0.0108767338,0.0105930194,0.00893835351,0.0067488919,0.00302773528,0.00417715544,0.000450510299,0.00414687768,0.00385173503,-0.0676748455,-0.0702696219,-0.0715100914,-0.0742241293,-0.0752103925,-0.0752473772,-0.0779091492,-0.0778095573,-0.0761135295,-0.0771313012,-0.0749117061,-0.0732895806,-0.0727775618,-0.0699997023,-0.0691647232,-0.0668422133,-0.0646729693,-0.0627408773,-0.0597981997,-0.0571585596,-0.0548506528,-0.0515756495,-0.049083475,-0.0470726974,-0.0437043123,-0.0415726453,-0.0396398231,-0.0376406088,-0.0357462354,-0.0337057635,-0.0321131013,-0.0305872709,-0.0288705975,-0.0274474919,-0.0254128389,-0.0242950357,-0.0233093649,-0.0216274895,-0.0202529915,-0.0196645036,-0.0181830302,-0.0162541643,-0.0156526938,-0.0148170218,-0.0135296136,-0.0130321532,-0.0121388063,-0.011746347,-0.0108988807,-0.0101908073,-0.009585388,-0.00827444345,-0.00712134689,-0.00546699762,-0.00491928309,-0.00370514393,-0.00240981579,-0.00146235526,0.000152185559,0.00116793066,0.00182726234,0.00249923021,0.00336055458,0.00430393219,0.0050920397,0.00602988899,0.00710854679,0.00751651078,0.00825425982,0.00845395774,0.00802542269,0.0086382404,0.00844543427,0.00898932666,0.00783377886,0.00825047493,0.00658778846,0.00527172536,0.00412523001,7.14510679e-06,-0.00250147283,-0.0069026649,-0.0104365572,-0.0134649724,-0.015400894,-0.0173808709,-0.0141576603
936,7.86999989,2026-08-27T10:32:28.630000+0000,-26.6957389,153.3354092,0.0592567809,0.0506954119,0.0443216041,0.0493593626,0.0462426171,0.045938924,0.0404037423,0.0460822172,0.0428167544,0.0406272672,0.0385292172,0.0395361781,0.0383275226,0.0342874117,0.0360095464,0.0352869593,0.0332012288,0.0321401879,0.0318686478,0.0311072376,0.0304942671,0.030212909,0.0295792017,0.0294732209,0.0292201433,0.0282480437,0.0279905107,0.0272284597,0.0282799657,0.0262278803,0.0263164621,0.0269539934,0.0256654304,0.0254021995,0.025638774,0.0253057256,0.0244078189,0.024813462,0.0248582773,0.0233842805,0.0231749825,0.0228865668,0.0234215483,0.0246964227,0.0246981513,0.0242062639,0.0233886149,0.0231416784,0.0225464609,0.0219410267,0.0219597947,0.0217241254,0.0214789771,0.0215760712,0.0215745829,0.0207738206,0.0210488588,0.0211430471,0.0210402384,0.020204613,0.0206001475,0.0197845679,0.019339025,0.0198738705,0.0196701027,0.0194621533,0.0211017709,0.0195523389,0.0194370486,0.0204353835,0.0184883401,0.018698182,0.0190608259,0.0170427207,0.0200280957,0.0168317128,0.0144363539,0.015635252,0.0112762973,0.010082447,0.0099876374,0.00497799739,0.00561665464,0.00268597901,0.000629225979,0.00596554996,0.00349042937,-0.0653822869,-0.0708770975,-0.0714175329,-0.0737915784,-0.0748878419,-0.0754948258,-0.077926591,-0.0768269971,-0.0770909563,-0.0755487382,-0.0730691478,-0.0728670284,-0.0713350102,-0.069277145,-0.0682921559,-0.0657396615,-0.0636104122,-0.0614483282,-0.0584956482,-0.0553459972,-0.0534980893,-0.0497230962,-0.0477309152,-0.0454001427,-0.0423617549,-0.0402900986,-0.0382472761,-0.0360780656,-0.0343636833,-0.0322332121,-0.0311305486,-0.0295647234,-0.0274080411,-0.0265849493,-0.024380289,-0.0234324709,-0.0221868083,-0.0209149234,-0.0201104395,-0.0185819454,-0.0169804692,-0.0162316114,-0.014930144,-0.0153644681,-0.0142370611,-0.0138296187,-0.0132562891,-0.0121138543,-0.0115364045,-0.01064834,-0.00968293101,-0.00875198841,-0.00702887028,-0.00631451607,-0.00529675931,-0.00378262252,-0.00233729184,-0.00128980726,-0.000395253301,0.000830501318,0.00178983063,0.00207178295,0.0034731105,0.00434646755,0.00528457016,0.00588243455,0.00688108057,0.00762906671,0.00796681643,0.00840651244,0.00859797001,0.00844077766,0.00835796446,0.00899181515,0.00708622485,0.00791288167,0.00753011554,0.00488398224,0.00362740457,0.000969171524,-0.00312960148,-0.00635095686,-0.0114749745,-0.0146835148,-0.0145795643,-0.0172396414,-0.016886428
937,7.97900009,2026-08-27T10:32:28.880000+0000,-26.6957389,153.3354092,0.0578767955,0.0460453965,0.0508016236,0.0521793664,0.0468626171,0.0456789248,0.0452637449,0.0462822169,0.0427967273,0.0428872667,0.0401792228,0.0412461832,0.0362175219,0.0377574153,0.0363095552,0.034306962,0.0335512459,0.0324201956,0.0321686566,0.0304472353,0.0305042658,0.0302329082,0.02938921,0.0287932195,0.0277501419,0.0280680414,0.0269305035,0.0271484461,0.0258599557,0.0257878676,0.0261564497,0.0251339842,0.025045421,0.0247421991,0.0245387647,0.0245757215,0.0236778148,0.023093462,0.0228782762,0.022614276,0.0222549848,0.0221165717,0.0214615427,0.0211364124,0.0211481247,0.0198962186,0.0202885419,0.0193315689,0.0188563205,0.0188908484,0.0184995905,0.0180039275,0.0179587957,0.0178859271,0.0176244788,0.0172537435,0.0171088148,0.0175130256,0.0167402364,0.0167346187,0.0164001565,0.016074568,0.0166290104,0.0155738443,0.0155400746,0.0170321297,0.0154817626,0.0163123496,0.0167770647,0.0147353988,0.0155083509,0.0153281745,0.0142707843,0.0153926257,0.0124779297,0.0135214413,0.0136459339,0.00786466245,0.0101555074,0.00827138405,0.00445629004,0.00553628756,0.0023445515,,0.000256655156,,0.003297708,-0.0659612715,-0.069526054,-0.0717565268,-0.0736605525,-0.0759768263,-0.0768637955,-0.0779955611,-0.0786559805,-0.0778399333,-0.0765877068,-0.0754180998,-0.0736659914,-0.071293965,-0.0708661154,-0.0693211183,-0.0670386255,-0.0649093688,-0.0622972921,-0.0598346218,-0.0564749688,-0.053927049,-0.0520020649,-0.0484198853,-0.0462991148,-0.0438007154,-0.04096907,-0.0389962457,-0.0379070416,-0.0352326557,-0.033692196,-0.0317095295,-0.0300637148,-0.0286470242,-0.0272739269,-0.0258292705,-0.0243514441,-0.0226857774,-0.0217839032,-0.0205294192,-0.0196009167,-0.0179394484,-0.0171405822,-0.0156491101,-0.0146834552,-0.0134060606,-0.0129086375,-0.0117453113,-0.0109029189,-0.0105855018,-0.0097174868,-0.00898209959,-0.00810116529,-0.00719801337,-0.00575364381,-0.00481585413,-0.00341166556,-0.00198630244,-0.000928789377,-0.00026421994,0.000991538167,0.00212086737,0.00269281864,0.0033641234,0.00395746529,0.00534557551,0.00592343509,0.00687209517,0.00736010075,0.00788785517,0.00871755928,0.00867901742,0.00858180225,0.00834896415,0.00936277956,0.00823711604,0.00794368982,0.00656079501,0.00626448542,0.00362771749,0.000429213047,-0.00174984336,-0.0085715875,-0.0101358742,-0.0137046725,-0.0166010186,-0.0169212706,-0.0165981278
938,8.09000015,2026-08-27T10:32:29.137000+0000,-26.6957389,153.3354092,0.0665467754,0.0389653929,0.05313164,0.0549393669,0.0457826182,0.0449289232,0.047643736,0.0473922119,0.0407167375,0.0418072641,0.0398892239,0.041616179,0.0343875438,0.0373374149,0.0358495489,0.0339569673,0.0328412428,0.0325901955,0.0315486565,0.030197246,0.0305142719,0.0294729117,0.0283192098,0.0286032222,0.0275501609,0.0276680514,0.0267405175,0.0278084613,0.0265799705,0.0254478827,0.0265664607,0.0254539903,0.0250354335,0.0250322074,0.0246887766,0.0238157269,0.0239578243,0.0238434691,0.0231782813,0.0229142886,0.0227149911,0.0224265754,0.0218515527,0.0221664254,0.0219381489,0.021386249,0.0204485878,0.02063163,0.0204364005,0.0187109411,0.0197697002,0.0190040283,0.0191088859,0.0198259987,0.0191845205,0.019143777,0.0191788338,0.0192030352,0.0185602345,0.0186346173,0.0187301505,0.0180345681,0.0196090229,0.0190538615,0.0177300908,0.0201521423,0.018041769,0.0189823508,0.0198770668,0.0175454058,0.0195683669,0.0188982021,0.0178608317,0.0202027038,0.0173880495,0.0155016165,0.0173261855,0.0129850004,0.0143359452,0.0135919563,0.00849700812,0.00895718019,0.00624563172,0.00277485093,0.00850794371,0.000804167474,0.00735901296,-0.0683238357,-0.0710486397,-0.0741790757,-0.0753731281,-0.0771393776,-0.077866368,,,-0.0783724934,-0.0770902708,-0.0768606737,-0.0742685571,-0.0730965361,-0.0711186752,-0.0695636868,-0.0675211921,-0.0656119362,-0.0620798543,-0.0603171811,-0.0572475381,-0.0544096157,-0.0517446175,-0.0484724455,-0.0466816723,-0.0441032834,-0.0412716232,-0.0396688059,-0.0377895907,-0.0355452225,-0.0340247452,-0.0323220827,-0.0302262679,-0.0289895721,-0.0272564739,-0.0254918151,-0.0241940022,-0.0230883472,-0.0221464634,-0.0207719654,-0.0192634799,-0.0186720043,-0.0166431367,-0.0155116618,-0.014135994,-0.0133386105,-0.0128911659,-0.012127839,-0.0109454319,-0.0102879927,-0.0101699606,-0.00904455036,-0.00775361806,-0.00671049953,-0.00541613251,-0.00457835943,-0.00285420567,-0.00216884911,-0.000841356814,0.000533208251,0.00135896355,0.00245829672,0.0030002594,0.00373157114,0.0045049265,0.00506303459,0.00615087897,0.00748954713,0.00785753131,0.00890529901,0.00891499966,0.00910646468,0.00885926187,0.00875644386,0.0090302825,0.00834465027,0.00848127902,0.0069584474,0.00483223051,0.00445555151,0.000777184963,-0.00400172174,-0.00606326759,-0.0128174424,-0.014856115,-0.0161223337,-0.0175725296,-0.0170593709
939,8.17700005,2026-08-27T10:32:29.385000+0000,-26.6957389,153.3354092,0.0574967526,0.0449153483,0.0548215955,0.0498793982,0.0481526069,0.047838904,0.0489637256,0.0463722162,0.0435867198,0.0442272611,0.042679213,0.0387861729,0.0363575257,0.0380674116,0.0342295393,0.0342769548,0.0336212292,0.0332001746,0.0311686452,0.0309872311,0.030794248,0.0297529027,0.0287891906,0.028793212,0.0285501312,0.0277680345,0.027220495,0.027258439,0.0257599447,0.0261378586,0.0246864427,0.0244939718,0.0250554122,0.0243721884,0.0242387578,0.0236857124,0.0229378082,0.0224234518,0.0221882686,0.0220142733,0.0216349773,0.0209365617,0.0206815321,0.0204264,0.0198781118,0.0198962074,0.0194385312,0.0183415618,0.0188563094,0.0180008374,0.0178095866,0.0174339283,0.0172088016,0.0181659311,0.0170844793,0.0170037523,0.0174388159,0.0173930302,0.0168802403,0.0172646213,0.016940156,0.016724566,0.0163590107,0.0160538424,0.0157600734,0.0163221266,0.0162317585,0.0161423422,0.0163670573,0.0146153858,0.0146383317,0.0144481519,0.0137407556,0.0146325938,0.0133978939,0.0124214012,0.0129158888,0.00937461667,0.0104054613,0.00631133653,0.00451624673,0.004436241,0.00107450783,,0.00253664795,,0.00292775128,-0.0689092502,-0.0717940256,-0.0744444728,-0.0754385144,-0.0771447644,,,,,-0.0774256587,-0.0761260614,-0.0750439465,-0.0730919316,-0.0714840665,-0.0695990771,-0.0674765855,-0.0650373325,-0.0630652383,-0.0603425726,-0.057682924,-0.054625012,-0.051370021,-0.0493178517,-0.0462870635,-0.0441986844,-0.0424170345,-0.0400142111,-0.0375649929,-0.0363006294,-0.0339201465,-0.0321874879,-0.0309016705,-0.0291549824,-0.027851887,-0.0261172242,-0.0244094022,-0.0231937468,-0.0217918679,-0.0206373706,-0.0188188814,-0.017867405,-0.0161785446,-0.015167065,-0.0141414255,-0.0125040114,-0.0121865943,-0.0113732889,-0.011200875,-0.0098734647,-0.00960545987,-0.00891005993,-0.00780911744,-0.00660597533,-0.00517158955,-0.00460381061,-0.00314962119,-0.00176425278,-0.000436753035,0.000257827342,0.00142358243,0.00261291862,0.00314486027,0.00376617163,0.00484952331,0.00552761555,0.00646547973,0.00754414499,0.00825213641,0.008819893,0.00947958976,0.00942105055,0.00970382243,0.00933098048,0.00933479518,0.00901912153,0.00783569366,0.0079927966,0.00587648153,0.00280971825,0.000971205533,-0.00295784324,-0.00669958442,-0.00906385481,-0.0138426796,-0.0167889893,-0.0160392225,-0.0172660612
940,8.2329998,2026-08-27T10:32:29.634000+0000,-26.6957389,153.3354092,0.0460167676,0.0463853702,0.0467616096,0.0444193706,0.0442126207,0.0434989072,0.0421137176,0.0434021987,0.0403167158,0.0387672633,0.0369892009,0.0357461534,0.0336975195,0.0322274044,0.0312195346,0.0306769535,0.0302012339,0.0292001795,0.0288686343,0.0271572266,0.0273442529,0.0262429025,0.0260191932,0.0259932019,0.0252401307,0.0246680211,0.0237004813,0.0248384289,0.0234399363,0.0231378488,0.0228864308,0.0218339618,0.0228354074,0.0222021844,0.0220987499,0.0221357029,0.0218178015,0.0213734433,0.0207482595,0.0205442682,0.0206249729,0.0200865585,0.0198915266,0.0219263919,0.0217780955,0.0212261733,0.0211384874,0.0204014983,0.0202162322,0.0197907444,0.0193294808,0.0192438252,0.0196587183,0.019425869,0.0189444255,0.0194137152,0.0191987976,0.0195330158,0.0191002395,0.0192346256,0.0188701581,0.0191945601,0.0185889993,0.0182238277,0.0190500543,0.0194121096,0.0190417543,0.0191223416,0.0190970562,0.0192653872,0.0184383281,0.0182081386,0.0188307203,0.0177425295,0.0175677929,0.0174412448,0.0153056551,0.0144842975,0.0125250407,0.0111707766,0.0100855399,0.00723535242,0.00562342815,0.00417247089,0.00527534168,0.00317150005,0.00421639904,-0.0698426962,-0.0725974813,-0.0741279498,-0.0763419792,-0.0774182379,,,,,-0.0774591193,-0.0761495158,-0.0739973933,-0.0731253847,-0.0704675317,-0.0693125427,-0.0669700354,-0.0655107871,-0.0624387115,-0.0599560291,-0.0571063831,-0.0542884767,-0.0518334806,-0.0492813066,-0.0456905328,-0.0436521471,-0.0413104966,-0.0396876708,-0.0379184559,-0.0358640961,-0.0341336206,-0.0320909582,-0.0301651359,-0.0284084417,-0.0274153501,-0.0252706818,-0.0244928747,-0.0234172009,-0.0219053328,-0.0203408301,-0.0192823447,-0.0177408718,-0.0165620036,-0.0150105357,-0.0139848813,-0.0133974925,-0.0125300884,-0.0115267858,-0.0114644095,-0.00996700674,-0.00995901227,-0.00888362527,-0.00808267295,-0.00656954199,-0.00516512245,-0.00426732749,-0.0033031255,-0.00191773474,-0.00063021481,0.000204354525,0.00130012631,0.0021994561,0.00321140885,0.0039127171,0.00467603654,0.00567413867,0.00646200031,0.00750067085,0.00781866908,0.00825643539,0.00857613236,0.00915758312,0.00899035484,0.00921749324,0.008801274,0.00895557553,0.00796209276,0.00657912344,0.00515274704,0.00366587937,0.00120723993,-0.0016919747,-0.00833387673,-0.0104183257,-0.0129672587,-0.0189537182,-0.0167840198,-0.0158508793
941,8.2869997,2026-08-27T10:32:29.881000+0000,-26.6957389,153.3354092,0.0474067479,0.0508653745,0.0559215918,0.0450893864,0.0491326265,0.0481789149,0.0481737256,0.0440422073,0.0441367216,0.0419272669,0.039949201,0.0371261835,0.0362675264,0.0355974101,0.0321495496,0.033086963,0.0313812308,0.030420186,0.0299186483,0.0292672198,0.028364256,0.027462909,0.0276491903,0.0271532033,0.0260001384,0.0257280339,0.0247404911,0.0249284375,0.0239699371,0.0239078552,0.0229564328,0.0230139662,0.0226054043,0.0217421819,0.0218787529,0.0212357137,0.0212178025,0.0216034465,0.020678265,0.0203942694,0.0193749778,0.0193765592,0.0189515352,0.0165563971,0.0159480963,0.015836183,0.0149584971,0.0146815078,0.0144262416,0.0137807457,0.0135594849,0.0130938264,0.0138987098,0.013485861,0.0132044218,0.0129637104,0.0128387939,0.0129230162,0.0125802355,0.0131146247,0.0128501598,0.0118945604,0.0122890025,0.0115738269,0.0123000555,0.0117521146,0.0120317554,0.0126323458,0.0122670624,0.0118853925,0.0128183346,0.010078148,0.0123407356,0.0110225473,0.0100378115,0.0103312647,0.00913567655,0.00699431868,0.00577506376,0.00256079994,0.00500556501,,,,,,,-0.0717287362,-0.0741235092,-0.0746339634,-0.0758179948,,,,,,,-0.074935548,-0.0743734241,-0.0726514012,-0.0702935532,-0.0691185668,-0.0668160617,-0.0639668107,-0.0627247319,-0.0598120615,-0.0557624139,-0.0539445058,-0.0516495034,-0.0484073311,-0.0460465588,-0.0432181582,-0.0410665125,-0.0400536992,-0.0373044759,-0.0361401029,-0.03374964,-0.031726975,-0.0303611532,-0.0289644748,-0.0277913585,-0.0256367065,-0.0239988938,-0.0225932337,-0.0219713561,-0.0201368593,-0.0189583711,-0.01781689,-0.0165780298,-0.0154365525,-0.013170898,-0.0121935159,-0.0120460987,-0.0108727962,-0.0102704093,-0.00977303088,-0.00917502493,-0.00774963945,-0.00712869316,-0.00548554957,-0.00425114483,-0.00361334532,-0.00238914043,-0.000923760235,-6.62505627e-05,0.00113832951,0.00191409886,0.00318343192,0.00363537669,0.00422669202,0.00523002446,0.00660811365,0.00690598786,0.00776465237,0.0084226504,0.00931041688,0.0096001178,0.00999157131,0.0100443438,0.00944147259,0.00898526609,0.00903956592,0.00783609599,0.00787312537,0.00572674721,0.00344987214,0.000521235168,-0.00296797603,-0.00672988594,-0.00977432728,-0.0161432661,-0.0170197152,-0.0173400417,-0.015566919
942,8.34399986,2026-08-27T10:32:30.136000+0000,-26.6957389,153.3354092,0.0491567552,0.0473553874,0.0667115971,0.0488393605,0.0511226207,0.050588917,0.0528637245,0.0464822203,0.0444067381,0.0448572598,0.0445792079,0.038766183,0.0393775217,0.040377412,0.0353995562,0.0353169627,0.0348212421,0.0342701897,0.0314386487,0.0326372311,0.0312542692,0.0290529151,0.0298592076,0.0291632153,0.0286101475,0.02745804,0.028070502,0.0270584505,0.0254799537,0.0275878683,0.0263264496,0.0248839799,0.0260354169,0.0245121997,0.0242287684,0.0241957195,0.0240478106,0.0232434571,0.0226382781,0.022614276,0.0217749812,0.0219465718,0.0222515427,0.0181264151,0.0183881242,0.0180162136,0.017508544,0.0172715727,0.0157063194,0.0162308421,0.0162395891,0.0148139317,0.0159488004,0.0158859305,0.0151244728,0.0154537428,0.0146488128,0.0148530239,0.0146102356,0.0147746205,0.0143001536,0.0142245647,0.0148090115,0.0126238428,0.0143000744,0.0151321273,0.0132017657,0.0151223466,0.013707065,0.0128253978,0.0151383514,0.012968177,0.0125207836,0.0147426259,0.0105779311,0.0114614414,0.0114859333,0.00645466195,0.0105655072,0.00481138472,0.00286629144,0.00559628708,,,0.000256655156,,0.00218770746,-0.0707833022,-0.0746380836,-0.0769085139,-0.0774425641,,,,,,-0.0782697126,-0.0764001161,-0.0752879903,-0.0736859664,-0.0719881207,-0.069883123,-0.0687706247,-0.0659213737,-0.0632992983,-0.0608366132,-0.0579969659,-0.0551890656,-0.0519540608,-0.0499418825,-0.047211118,-0.045092728,-0.0423310734,-0.0406982489,-0.0389190465,-0.0361846685,-0.0348341987,-0.03343153,-0.0308957137,-0.0293790214,-0.0278759263,-0.0261712745,-0.0251334496,-0.0238477923,-0.0223259106,-0.0213114098,-0.0198029242,-0.0189114437,-0.0174625739,-0.0161511078,-0.0144754574,-0.0137880594,-0.0130106434,-0.012367323,-0.0112349242,-0.011317499,-0.0106094927,-0.00912410021,-0.00790316612,-0.00756002963,-0.00608564913,-0.00481785834,-0.00340367109,-0.00180831552,-0.00128079206,-9.6231699e-05,0.00110953301,0.0022488609,0.00277081877,0.00343212485,0.00377546996,0.00512357056,0.00631143898,0.00693009794,0.00771809369,0.00850585848,0.00837555528,0.00905702263,0.00851980597,0.00853694975,0.00909076631,0.00858511031,0.00810167938,0.00598879158,0.00560249388,0.00315571576,0.000937215984,-0.00200184435,-0.00769358873,-0.0102278814,-0.0129266903,-0.0171630085,-0.0187432729,-0.0150701255
943,8.39900017,2026-08-27T10:32:30.385000+0000,-26.6957389,153.3354092,0.0453367345,0.0545153767,0.0501916185,0.0473993644,0.0488226265,0.048068922,0.0453337096,0.0432822257,0.0435067415,0.0421172678,0.0392192379,0.0356961899,0.0370475203,0.0344574228,0.0328995511,0.0320569687,0.0312212501,0.0301702004,0.029388655,0.028627241,0.0283642691,0.0273829177,0.0273592118,0.0264732148,0.0259101484,0.0252480488,0.0250305012,0.0251984484,0.0245099496,0.0240778606,0.0232864395,0.023883976,0.0232154131,0.0224121921,0.0223887637,0.0222757198,0.021667812,0.0214434564,0.0207482763,0.02062428,0.0203849897,0.0199265741,0.0194215439,0.0184464026,0.0188581012,0.0179361738,0.0177384745,0.0168914702,0.0164561849,0.0161506664,0.0156793874,0.0160037316,0.0160586257,0.0153657887,0.0158443619,0.0157036688,0.0153787658,0.0149229961,0.014800231,0.0152846258,0.0147901643,0.0144245634,0.0146289952,0.0141338184,0.014650044,0.0140621038,0.0149117587,0.015012362,0.014557085,0.0139854206,0.0145883672,0.0138381822,0.0129507547,0.0134625519,0.0129377861,0.0105511928,0.011525535,0.0100740939,0.00734474137,0.00630034367,0.00301496685,0.000964600593,0.000422468875,,,,,-0.070434317,-0.0743990988,-0.076789543,-0.0783735812,,,,,,,-0.0761111155,-0.0755389854,-0.0733169764,-0.0716891214,-0.070124127,-0.0677316263,-0.0662223846,-0.0628703013,-0.0603676215,-0.057717979,-0.0549100675,-0.0521350726,-0.0495528951,-0.0461621173,-0.0448637344,-0.0420320779,-0.0395492613,-0.0383700393,-0.0359656699,-0.0344252102,-0.0328125395,-0.0310067311,-0.029020045,-0.0277869329,-0.0259522684,-0.024534449,-0.0235787928,-0.0219369121,-0.0207624175,-0.0195839331,-0.018382445,-0.0169735849,-0.0157021135,-0.0141564682,-0.0127590895,-0.0118516833,-0.0115683824,-0.0105560273,-0.00963864475,-0.00932066143,-0.00831530988,-0.00729436427,-0.00616122037,-0.00466680527,-0.00403898954,-0.00264476985,-0.00157936662,-0.000681839883,0.000442758203,0.00150854141,0.00244785845,0.00309981406,0.00452111661,0.00498443842,0.00629254431,0.00679039955,0.00775909424,0.00806708634,0.00947487354,0.00954458117,0.00940603018,0.00979880244,0.00944593549,0.00982970744,0.00877398252,0.00849047303,0.00644744188,0.00516097993,0.0040140301,0.000735253096,-0.00296408683,-0.00694619119,-0.0097007677,-0.0154298469,-0.0154164732,-0.019066941,-0.0163038783
944,8.45300007,2026-08-27T10:32:30.634000+0000,-26.6957389,153.3354092,0.0616867542,0.0395853594,0.0504615568,0.0518193394,0.0446926132,0.0450989045,0.0466137156,0.046292223,0.0400667451,0.0418172739,0.0408292152,0.0405561775,0.0349075384,0.0364774242,0.0355995521,0.0334369801,0.0327812508,0.032340195,0.0316486545,0.029637238,0.0298542622,0.0289929118,0.0286992081,0.0287032127,0.0286501385,0.0273780301,0.0265504923,0.0263984371,0.0253199376,0.0252678506,0.0262464341,0.0247439649,0.0248954073,0.024812188,0.0239387602,0.0236757156,0.0235178079,0.0236334521,0.0226582717,0.0224742759,0.0221749805,0.0218765736,0.0215315428,0.020506395,0.0201180801,0.0194261409,0.0189684331,0.0178114083,0.0183261074,0.0168905705,0.0168792885,0.0171436314,0.0162285361,0.0168157145,0.0167343132,0.0157336295,0.0158687457,0.0163929891,0.016400231,0.0155746285,0.0162501689,0.0153745627,0.0148089873,0.0166038014,0.0149700306,0.015992092,0.0165317561,0.0142123597,0.0163270887,0.0162854232,0.0130283628,0.0157881677,0.0149707217,0.0121524874,0.015387685,0.0117110349,0.0123653002,0.0101637729,0.00717431959,0.00881978404,0.00685426127,0.000993713737,0.00236138469,0.000310210511,,0.00190877076,,-0.0734218061,-0.072986573,-0.0753470063,-0.0782310441,,,,,,-0.0783681795,-0.0752185807,-0.0750564486,-0.0725744367,-0.0695165917,-0.0692415908,-0.0654990971,-0.0640598461,-0.0616677627,-0.0579850897,-0.056275446,-0.0532275364,-0.049712535,-0.04838036,-0.0450995825,-0.0431311987,-0.0404695496,-0.0384167396,-0.0369675234,-0.0351031572,-0.0329226814,-0.0314900167,-0.0293842033,-0.0280575119,-0.0266244002,-0.025049746,-0.0236919336,-0.0225262605,-0.0212243795,-0.0203698874,-0.0192013979,-0.0175399259,-0.0170210525,-0.0151295885,-0.0143439397,-0.0132365748,-0.0125091821,-0.0116458982,-0.0113635361,-0.010216184,-0.00978822261,-0.00847287476,-0.00801192969,-0.00671877712,-0.00518434495,-0.00440650433,-0.00282226503,-0.0016168505,-0.000349320471,0.000615283847,0.0013410598,0.00236041099,0.00313235819,0.00375363231,0.0050669536,0.00586505234,0.00668291003,0.00733160973,0.00820963085,0.00881740451,0.00921711326,0.00907855481,0.00985132158,0.00933843851,0.00931219012,0.00856643915,0.00815286487,0.00758977234,0.00483322889,0.00410617143,0.000597260892,-0.00326221436,-0.00627449155,-0.0102392212,-0.0157884583,-0.014905192,-0.017605748,-0.0170027092
945,8.50699997,2026-08-27T10:32:30.883000+0000,-26.6957389,153.3354092,0.052996736,0.0404253453,0.0459715836,0.0431093611,0.0414726138,0.0405489206,0.0422236994,0.0390321948,0.0362967476,0.0355972573,0.034189228,0.0322561711,0.0293975342,0.0299474187,0.0277695581,0.0267869793,0.0259912536,0.0252801869,0.024118647,0.0237972308,0.0230542608,0.022072915,0.0221691988,0.0212332103,0.0215601437,0.020908026,0.020860482,0.0200184193,0.0197699256,0.0195478294,0.0197864138,0.0189339481,0.0188053958,0.0183221791,0.018488748,0.018155707,0.0180478003,0.0177034438,0.0167282671,0.0169342719,0.0167449787,0.0164865647,0.0161315314,0.0190763734,0.0186980516,0.0177060924,0.0177383516,0.0172713026,0.0172759555,0.0159303844,0.0163390804,0.0164334308,0.0159483626,0.0159855802,0.0157942064,0.015853554,0.0159087051,0.015862966,0.0153402276,0.0155746341,0.0154801747,0.0155945607,0.0149089685,0.0153637715,0.0159899984,0.0156420656,0.0157517456,0.0152623635,0.0161070991,0.0148454327,0.0157483611,0.0140281469,0.0143606644,0.0142923798,0.0142075038,0.0128007494,0.0121748624,0.00927316584,0.00852351636,0.00761870667,0.0045029046,0.00499199703,0.00170928566,,0.00110024237,,,-0.0713247508,-0.0749595389,-0.0763799921,-0.0775040314,,,,,,-0.0771211237,-0.0756015331,-0.0736593977,-0.0716273934,-0.0699395463,-0.0683745295,-0.0658620298,-0.0634927899,-0.0611007139,-0.0581580326,-0.0560183972,-0.0532104895,-0.0499554798,-0.0477233082,-0.0444025509,-0.0423741452,-0.0394725017,-0.0376896895,-0.0362704843,-0.0340861194,-0.0321256444,-0.0306329876,-0.0287171602,-0.027680479,-0.0257673636,-0.0238727108,-0.0229748785,-0.0213592164,-0.0204673447,-0.0187028535,-0.017474357,-0.0167428739,-0.0146940127,-0.014162533,-0.0132469088,-0.0118995458,-0.0114621818,-0.0107589215,-0.0103065893,-0.00975927711,-0.0087813437,-0.00808603317,-0.00734509528,-0.00593191385,-0.00437743962,-0.00390956551,-0.0022053048,-0.000719860196,-3.22982669e-05,0.00121232867,0.0021481216,0.00305746496,0.00348941237,0.00461067259,0.00520397723,0.0065420717,0.00743994862,0.00810864568,0.00873667002,0.0088044554,0.0101841688,0.00999561697,0.00993836671,0.00948544592,0.00938914716,0.00937333703,0.00979967415,0.00752644241,0.00596974045,0.00356249511,0.000743329525,-0.00300644338,-0.00726911426,-0.0112041086,-0.0152135715,-0.0176706128,-0.0196113363,-0.0184983462
946,8.56400013,2026-08-27T10:32:31.139000+0000,-26.6957389,153.3354092,0.0529767089,0.0498853214,0.0510415547,0.0491893329,0.0477326214,0.0466289222,0.047383707,0.0457322039,0.0434167348,0.0411572717,0.0390192345,0.0375561938,0.035007529,0.0355674289,0.0341495536,0.0321469754,0.0319112502,0.0305102002,0.030298654,0.0288972314,0.028374264,0.0276629105,0.0275592078,0.027063204,0.0265101362,0.0260380395,0.0256204903,0.0249184314,0.0247799326,0.0237378385,0.0236164182,0.0237239525,0.0228354037,0.0228021797,0.0223987494,0.0221257079,0.0221978072,0.0213034507,0.0217482708,0.0208542719,0.0209349804,0.0203965679,0.0203615371,0.0193963796,0.0186980553,0.0184160937,0.0184383616,0.0175013077,0.017355958,0.016810393,0.0164890848,0.0164334308,0.016018359,0.0163355768,0.0162642021,0.0156035554,0.0167587027,0.0156729668,0.0164602268,0.0157746337,0.0159001742,0.0157945622,0.0154689699,0.0154937748,0.0155299976,0.0158720706,0.0155617474,0.0155823696,0.0163671076,0.0150854373,0.0145983687,0.0148581611,0.0138106793,0.0153223984,0.0140275201,0.0129907699,0.0121748839,0.0113131888,0.0089935381,0.00711872987,0.00555292703,0.00451202039,0.00300930534,0.0010979292,0.000250248704,0.00247608777,0.000160916708,-0.0721327737,-0.0745075792,-0.0765480176,-0.0778220445,-0.0787482932,,,,,-0.0787991509,-0.0756895542,-0.0753374249,-0.0730754063,-0.070757553,-0.0698625594,-0.0668400675,-0.0649508163,-0.0627987385,-0.0596260577,-0.0577264056,-0.0544685125,-0.0517135113,-0.0494413301,-0.0466305688,-0.0443721749,-0.0425905325,-0.0400077216,-0.037268497,-0.0361441411,-0.0339536667,-0.0325910076,-0.0305551849,-0.0290485024,-0.0276553817,-0.0260807276,-0.0243829116,-0.023747243,-0.02223536,-0.0210808776,-0.0197623782,-0.0188608915,-0.0171220303,-0.0166405588,-0.0143749192,-0.0138175711,-0.0127302036,-0.0118069351,-0.0114746094,-0.0101172924,-0.00985936075,-0.00881405175,-0.00764311105,-0.00611992925,-0.0047454685,-0.00412759185,-0.00244333595,-0.00148788095,0.000109687448,0.00107429922,0.00153009593,0.00283943862,0.00382138044,0.00488265604,0.00528595597,0.00632404536,0.00758191198,0.00852062553,0.00919865817,0.00937643647,0.0101961568,0.0106175989,0.00969035178,0.0100874379,0.00950114429,0.00884532183,0.00796166807,0.00720842928,0.00651174039,0.00447449088,0.000245317817,-0.00357444584,-0.00765711814,-0.0123421177,-0.0155715942,-0.0177786313,-0.0195093527,-0.0167963877
947,8.62899971,2026-08-27T10:32:31.386000+0000,-26.6957389,153.3354092,0.0516066961,0.0509153493,0.0533715598,0.0490393676,0.0497726202,0.0485289097,0.0486236922,0.0458322205,0.0460067354,0.0435972773,0.0422992185,0.0378062055,0.0391175374,0.0361474268,0.0360995643,0.0350869782,0.0337012522,0.0333801955,0.0318786539,0.0320072398,0.0308842603,0.0299329087,0.0303491969,0.0291832071,0.029610144,0.0292280354,0.0276904851,0.0267684329,0.027829932,0.0273378398,0.0262364149,0.0275139511,0.0258854032,0.0259321835,0.025868753,0.0253057126,0.0245478023,0.0247434508,0.0240882672,0.0241642743,0.02364498,0.0228865668,0.0233315323,0.0247763768,0.0242980532,0.0242760945,0.0236183554,0.0230613034,0.0219559614,0.0216003899,0.0219590813,0.0218034331,0.0220383611,0.0216855742,0.0215042066,0.021423554,0.0211987011,0.0214829668,0.0211702269,0.0211946368,0.0208601747,0.0210245606,0.021178972,0.0203137752,0.0211899988,0.0205320697,0.0208817497,0.0215523671,0.0203971043,0.021015441,0.0209283698,0.0206581596,0.0209406763,0.0189323984,0.0192975216,0.0193007682,0.0165948831,0.0174031891,0.015833538,0.0134487301,0.0125229303,0.00669201929,0.00820930395,0.00991793349,0.00262024859,0.00580608798,0.00919091608,-0.0750947744,-0.0770495757,-0.0776900202,,,,,,,,-0.0747715607,-0.0747494176,-0.0728074163,-0.0694195703,-0.0684045628,-0.0658220574,-0.0641028136,-0.061910741,-0.058898069,-0.055778414,-0.054160513,-0.0503755137,-0.0477933437,-0.0451925695,-0.0423641764,-0.0404325388,-0.038489718,-0.0365205109,-0.035276141,-0.0326456651,-0.0307330191,-0.0294271894,-0.0278405026,-0.0264673941,-0.0250027254,-0.02386491,-0.0226292461,-0.0212173648,-0.0197728761,-0.0191043802,-0.0170229003,-0.0163740292,-0.0153625533,-0.0133869201,-0.0124695748,-0.0120922029,-0.0110389367,-0.0106566176,-0.00971930474,-0.00918136537,-0.0078760609,-0.00730511546,-0.00592193007,-0.00478746742,-0.00393959135,-0.00278533995,-0.00158988684,-0.000452317297,0.000682301819,0.00207809359,0.00226743519,0.00333938003,0.00436064601,0.00530394912,0.00575204194,0.00761991739,0.0080486238,0.00855664909,0.00944443792,0.00987415016,0.0100555941,0.0102583468,0.00978542864,0.0092491284,0.00864332914,0.00813965499,0.00673642755,0.00577974319,0.00357248634,0.000693313777,-0.00344645232,-0.00659911335,-0.012984097,-0.0164835826,-0.0180806257,-0.0203713626,-0.0184383839
948,8.71500015,2026-08-27T10:32:31.635000+0000,-26.6957389,153.3354092,0.045676697,0.0487953387,0.0540715642,0.043099355,0.046072606,0.045088917,0.0431037135,0.0408022143,0.0412767492,0.0395672582,0.0381792225,0.0355061777,0.0363975391,0.0348674133,0.031829562,0.0318069756,0.0307112429,0.0305301975,0.0292286612,0.028637236,0.0283942614,0.0274829194,0.0271791983,0.0260832142,0.0257201362,0.025838038,0.0259004924,0.024178436,0.0252299365,0.0247778427,0.0230364278,0.0232339576,0.0232254006,0.0228721872,0.0227687545,0.0226557143,0.0217478089,0.0209234506,0.0208282657,0.0203942731,0.0206949823,0.0207965672,0.0198115371,0.0204963908,0.0204380695,0.0208361167,0.0199783966,0.0194013547,0.019306032,0.01852048,0.0185891837,0.0185635313,0.0183784477,0.0183056481,0.0178242568,0.0180635918,0.0179187208,0.0179429762,0.0174302272,0.0175546352,0.0177101698,0.0173045602,0.017438978,0.0172437876,0.0177200139,0.0171520803,0.0182417501,0.0175423641,0.0178470984,0.0185554307,0.0171183683,0.0180181637,0.0172106978,0.0161324404,0.0173876025,0.0147809014,0.0153050926,0.0140434802,0.0110239293,0.0118492581,0.00958359521,0.00499286735,0.00689034071,0.00253907335,0.003381524,0.00455742981,0.00366226491,-0.0735492706,-0.0748240724,-0.0762545168,,,,,,,-0.077825658,-0.0748260617,-0.0737439245,-0.0712719187,-0.0698540658,-0.0682290643,-0.0654265732,-0.0635473207,-0.0616452396,-0.0580025613,-0.0560929105,-0.0528450161,-0.0500700176,-0.0481178388,-0.0445170738,-0.0426686741,-0.0408470333,-0.0385942236,-0.0365249999,-0.0343906395,-0.0323801748,-0.0314475186,-0.0291716978,-0.0275149867,-0.0267418921,-0.0244872384,-0.0233594105,-0.0221437439,-0.020291876,-0.0194673799,-0.0185988769,-0.0170574039,-0.0167785287,-0.0152370632,-0.0129614174,-0.0116340593,-0.011556685,-0.0107934102,-0.0104710683,-0.00937373191,-0.00877578557,-0.00804046541,-0.00700952113,-0.00610634685,-0.00463190675,-0.00336404145,-0.00185979158,-0.00106436759,-0.000196814537,0.00108779967,0.00188358873,0.00326292962,0.00383486599,0.00514614582,0.00531946868,0.00647755712,0.00791542977,0.00822412968,0.00931214541,0.00987992436,0.00963963568,0.00992108136,0.0103038475,0.0101209506,0.0102046654,0.00952889025,0.00844526291,0.00877211243,0.00523550063,0.003868334,0.0015392974,-0.00413033366,-0.00651278347,-0.0104576573,-0.016187001,-0.0162039064,-0.0197645575,-0.0174815506
949,8.80200005,2026-08-27T10:32:31.885000+0000,-26.6957389,153.3354092,0.0467267446,0.0617753118,0.0513515584,0.0488393344,0.0518825948,0.049158901,0.0486036912,0.0440922119,0.0466267392,0.0451972708,0.0436092354,0.0387261994,0.0407975502,0.0378774181,0.0363395587,0.0360369831,0.0351912454,0.0331201963,0.0322386473,0.0322772264,0.0309542604,0.030202914,0.0304391943,0.0290832017,0.0284201317,0.0285280254,0.0283604823,0.02760843,0.0271099247,0.0273378361,0.0259964131,0.0250539444,0.0247353949,0.0248821769,0.0248987507,0.0237457063,0.023367798,0.0230134428,0.0225582644,0.022074271,0.0225649774,0.0216465611,0.0212215297,0.0189263783,0.0183780566,0.0182460882,0.0176583547,0.0171912983,0.0172059573,0.016230382,0.0156290848,0.0164334308,0.0157283619,0.0162555743,0.01644421,0.0159735605,0.0160987023,0.0159929674,0.0156102292,0.0155946352,0.0157101732,0.0157345571,0.0147289699,0.0154137723,0.0157099981,0.0143020675,0.0165217463,0.0161023643,0.0154371019,0.015745433,0.0147683593,0.0155281499,0.0161506664,0.0132623818,0.0148375025,0.013600748,0.0115748616,0.011923166,0.0101735163,0.00652870722,0.00604290608,0.00260199606,0.00431928365,0.00257791951,0.00016024732,,0.00182093866,-0.074872762,-0.0738775507,-0.0755679831,-0.0777920261,-0.0775682628,-0.077505216,,-0.0777974129,-0.0765513554,-0.0767091215,-0.0741395354,-0.0725174025,-0.0718353838,-0.0689575449,-0.0677025318,-0.0657100379,-0.0629007965,-0.0605087206,-0.0587460473,-0.0558463931,-0.0532884821,-0.0503034815,-0.0477413237,-0.0451805405,-0.0424221568,-0.0401005112,-0.0385177024,-0.036618486,-0.0347641222,-0.0333936438,-0.0317409933,-0.029275164,-0.0280984715,-0.0263753608,-0.0253807083,-0.0236428827,-0.0220272206,-0.0212053396,-0.020390857,-0.0186523534,-0.017110873,-0.0158920065,-0.0141705349,-0.0133149028,-0.0129375458,-0.0123801827,-0.0110469311,-0.0103346035,-0.00991728902,-0.00959934294,-0.00832403451,-0.00695309043,-0.00602991879,-0.00459544361,-0.00429757684,-0.00252331048,-0.00147785246,-0.000670306385,0.000804334879,0.00238011777,0.00295946002,0.00363140553,0.00466266274,0.00522597134,0.00632406771,0.00743194669,0.00823064148,0.00893867016,0.00895644724,0.00967617333,0.0100076124,0.00968035311,0.00923744589,0.0095911473,0.00883533061,0.00845167041,0.00701843202,0.00564173609,0.00389449298,-0.000524684787,-0.00256444514,-0.0064470917,-0.0123121142,-0.0141915753,-0.0178486072,-0.0174393244,-0.0177463591
950,8.88899994,2026-08-27T10:32:32.134000+0000,-26.6957389,153.3354092,0.0582067557,0.0358753465,0.047321599,0.0474393629,0.0414726287,0.0409489051,0.0410037376,0.0429422073,0.0361467265,0.0368872546,0.0350492299,0.0363561884,0.0310775172,0.0309674181,0.0297195502,0.0285169668,0.0276112445,0.0271001849,0.0264586508,0.0251572337,0.0251042638,0.0240629055,0.0236991998,0.0227832068,0.0227101501,0.0223480426,0.0215105005,0.0222384427,0.0212999489,0.0208278596,0.0217464436,0.0199539755,0.0201654136,0.0199621934,0.0193687659,0.0187357161,0.0190778095,0.0177634563,0.0185582712,0.0177042745,0.0176749788,0.017116569,0.0168415401,0.0182864014,0.0175181068,0.0166061893,0.0167385023,0.0161315128,0.0152562466,0.0154807521,0.0141694918,0.0147538316,0.0152387107,0.0147358552,0.014454416,0.0142537067,0.0145187918,0.0145230107,0.0140702343,0.0144146234,0.01392016,0.0139445635,0.0136690019,0.0131738316,0.014340058,0.0141021172,0.0137717612,0.0146623524,0.0127770724,0.0137154069,0.0144683551,0.0124081727,0.0136307608,0.0130425803,0.0103878472,0.0128913056,0.00959572103,0.00980436429,0.0108051095,0.00337084662,0.00534561137,0.00161542417,,0.00124251749,,,0.00108633377,-0.071178779,-0.0758135542,-0.0745340213,-0.0765880421,-0.0776743144,-0.0772712901,,,-0.0753174201,-0.0760451853,-0.0735555887,-0.0720134676,-0.0712914467,-0.0688935965,-0.066768609,-0.065296106,-0.0624868572,-0.0601247735,-0.0581021048,-0.0537724495,-0.0524945408,-0.0499295518,-0.0467073694,-0.0443366021,-0.0421482064,-0.0397665612,-0.0384137295,-0.0356045291,-0.0345801525,-0.0333096758,-0.0310470164,-0.0293512084,-0.0282445028,-0.026411403,-0.025316745,-0.0237989277,-0.0224132687,-0.0214813836,-0.0192568935,-0.0183084048,-0.0168869346,-0.0152580589,-0.0153165907,-0.0132909417,-0.011953555,-0.0115161464,-0.0106528401,-0.0102604628,-0.00965306163,-0.00884505361,-0.00819969177,-0.00644873828,-0.00496560335,-0.00447120517,-0.00339340419,-0.00152920187,-0.00104381144,0.000223711133,0.00159828365,0.00253404677,0.00333339721,0.00474533439,0.00541663915,0.00620996952,0.00678808242,0.00819593668,0.00896462053,0.00949260592,0.0104003772,0.010360077,0.0111515373,0.010754317,0.0102814659,0.0100952536,0.00922956318,0.00841608644,0.00769313425,0.00627674162,0.00348988175,0.00115123391,-0.00298796594,-0.007929869,-0.0108543336,-0.0146832615,-0.0161297508,-0.0162601136,-0.0183069855
951,8.98799992,2026-08-27T10:32:32.383000+0000,-26.6957389,153.3354092,0.0564668886,0.0393254831,0.0502216928,0.0493993945,0.0442926399,0.0437889323,0.0450937673,0.0450122319,0.0403167158,0.0390072614,0.0371992029,0.0380961187,0.0320874788,0.0344773903,0.0324595086,0.0310969185,0.0302812103,0.0290101599,0.0283186324,0.0269572195,0.0274342522,0.0265328791,0.026009202,0.0254032128,0.0241401345,0.0241780467,0.0234005228,0.0242784731,0.02198999,0.0234779157,0.0229664966,0.0216740295,0.0222254507,0.0211522132,0.0209887791,0.0205757283,0.0207778178,0.0205534678,0.0199982692,0.0199442729,0.0194549654,0.0188265499,0.0186315477,0.0189164616,0.0176682454,0.0182564631,0.0175089296,0.0172721334,0.017057091,0.0166018289,0.0162007064,0.0166450143,0.0155497734,0.0167267211,0.0160550792,0.0161841698,0.016429076,0.0159431621,0.0156802628,0.0155945905,0.0155001106,0.0153945703,0.0155590922,0.0150939934,0.0153302308,0.0162922554,0.0161317885,0.0148022901,0.0160369575,0.0148452828,0.0149682704,0.0154281622,0.0149809569,0.0144530665,0.0147587564,0.012032846,0.0126381516,0.0106078126,0.0101797441,0.00777712185,0.00457358919,0.00503557641,0.00108600268,0.0012062504,,,,-0.0759886876,-0.0779934675,-0.0792039409,-0.078888014,,,,,,-0.0767652318,-0.0758056343,-0.074533537,-0.0730215088,-0.0705836415,-0.0688586682,-0.0673061758,-0.064466916,-0.0615848154,-0.0595321506,-0.056392502,-0.0538245775,-0.0515095927,-0.0476874076,-0.046596624,-0.0435482487,-0.041696582,-0.039823737,-0.0376645289,-0.0360501297,-0.0340996571,-0.0320469961,-0.0310811624,-0.0293144844,-0.0273114145,-0.026256755,-0.0245789587,-0.0232732855,-0.0219114125,-0.0206969231,-0.0201584399,-0.0186569728,-0.0167881027,-0.0159466341,-0.0150409192,-0.0138234645,-0.0133259296,-0.0118224844,-0.0115599111,-0.0104222745,-0.0100040659,-0.00973852724,-0.00845755637,-0.00691454113,-0.00589031726,-0.00467272103,-0.00383871794,-0.00238353014,-0.00133616477,-0.000621691346,0.00105400383,0.00202332437,0.00293530524,0.00386667252,0.00475009531,0.00555822253,0.00660604984,0.00766464323,0.00812256336,0.00836024433,0.00837991387,0.00852140784,0.00891424716,0.00799156725,0.00819560885,0.00802029669,0.00750735402,0.00693517923,0.00504973531,0.00383400917,0.00143698603,-0.00322048366,-0.00710020959,-0.0102229491,-0.0144202784,-0.0164150223,-0.017204158,-0.0173006132
952,9.11499977,2026-08-27T10:32:32.631000+0000,-26.6957389,153.3354092,0.0519268624,0.0468454361,0.0454416983,0.0478294082,0.0454126447,0.0442989469,0.0438237712,0.0441522337,0.0397567376,0.0397172496,0.0376191922,0.0364361443,0.0331475027,0.0329874083,0.0317495242,0.0304069333,0.0296612158,0.0289301816,0.0279586315,0.0274372268,0.0265842564,0.0253628977,0.0257292055,0.0251132194,0.0243601464,0.0236980598,0.0235105343,0.0235384833,0.0220899992,0.0222879238,0.0220665019,0.0212840419,0.0212254561,0.02100222,0.0209187921,0.0199857336,0.0199578311,0.0200234726,0.0200782791,0.0195542835,0.0188349783,0.0188365672,0.0182515569,0.019476464,0.0186282471,0.0181764495,0.0179689061,0.0175820924,0.0165370367,0.0169617478,0.0158406086,0.0162349194,0.0159496833,0.0157166421,0.0159950182,0.0155241312,0.0155890472,0.015733147,0.0152802579,0.0154445916,0.0152301136,0.0150545724,0.0151190907,0.0148639847,0.0148302233,0.0146722468,0.0156917926,0.0156423058,0.0155969793,0.0148553113,0.014638301,0.0144681949,0.0143409781,0.0144530702,0.0140287308,0.0126027726,0.0114480108,0.0107875876,0.0084494222,0.00749666756,0.00616299594,0.00218479987,0.00303502521,0.00120515749,0.000269462354,0.000686365413,0.00129131228,-0.0763682798,-0.0772430673,,,,,,,,-0.0778048113,-0.0756752193,-0.0749331117,-0.0719010904,-0.0699132234,-0.0688382387,-0.0662857369,-0.0639564916,-0.062044397,-0.0593717247,-0.0562620685,-0.0537341535,-0.0504791737,-0.0484969839,-0.0457162,-0.043147821,-0.040596161,-0.0388933234,-0.0370241031,-0.0354497023,-0.0334592313,-0.0317465588,-0.0301307365,-0.0286140591,-0.0270609856,-0.0257063359,-0.024188526,-0.0228828527,-0.0209109746,-0.0202864818,-0.0189380012,-0.0174665414,-0.0160676725,-0.0150562078,-0.0143904909,-0.0133530349,-0.0130855218,-0.0120220929,-0.0109995231,-0.0103319213,-0.0102137029,-0.00850818306,-0.00777724385,-0.00678420812,-0.00522996485,-0.00492236763,-0.00269833952,-0.00178314,-0.000835761428,0.000128723681,0.00132443756,0.0021437332,0.00304572284,0.00397709757,0.00436050445,0.00606863201,0.00655648112,0.00810506195,0.00807299465,0.00886068493,0.00923036784,0.00978186727,0.00921471417,0.00841201097,0.008696042,0.00846069306,0.00756771863,0.00661548227,0.00632997602,0.00283414871,0.000846989453,-0.00249062479,-0.0075205192,-0.011363402,-0.0139108673,-0.0153057948,-0.0171250664,-0.0160015821
953,9.24400043,2026-08-27T10:32:32.879000+0000,-26.6957389,153.3354092,0.0470669493,0.0429655388,0.0502217524,0.0436894894,0.0451526754,0.0440589674,0.0446038283,0.0421822593,0.0400567353,0.0385072529,0.0379192121,0.0344461352,0.0335474983,0.0329874046,0.0312095154,0.0307669174,0.029151218,0.02868017,0.0286086351,0.0267072413,0.0265042614,0.0258628912,0.0248592328,0.02424323,0.0247601699,0.0238980856,0.0236105658,0.0232485197,0.0229000412,0.0218579695,0.0215765554,0.021754086,0.0218554903,0.0211622491,0.020708818,0.020365756,0.0202578492,0.0203334987,0.0192382932,0.0197942965,0.0185249895,0.0186765753,0.0178515799,0.0178165175,0.0178383477,0.0173166301,0.016579181,0.0160624739,0.0159275476,0.0155623984,0.0148913246,0.0152156139,0.0150302984,0.014737132,0.0145753855,0.0144543927,0.0150392018,0.0154332304,0.0147902705,0.0147045674,0.0147300884,0.0143445814,0.0146691492,0.0139640849,0.0146903312,0.0146523323,0.0146518163,0.0148122823,0.0142269358,0.0143052712,0.0147582907,0.0138482377,0.0140711553,0.0135334237,0.0136693446,0.0130837578,0.0108895227,0.0100796986,0.0090022264,0.00727043115,0.00452775508,0.00216082484,0.00238241302,0.000383236445,0.000858452986,,0.000740782358,-0.0742958188,-0.0763706043,-0.0768110901,-0.0789151564,-0.07839147,,,-0.0779906288,-0.0771746412,-0.0759924278,-0.0735828355,-0.0731307343,-0.0713987127,-0.0700008348,-0.0679758638,-0.0662333742,-0.0641241148,-0.0619820133,-0.0590493307,-0.0564096905,-0.0539017655,-0.0511367843,-0.0488445833,-0.0460337996,-0.0432754196,-0.0413837545,-0.0399109013,-0.0379916877,-0.036507275,-0.0340467878,-0.0325041376,-0.030828312,-0.0287816338,-0.0279185735,-0.0264639184,-0.0248961076,-0.0236904547,-0.0223485641,-0.0214440785,-0.0202156045,-0.0188041478,-0.0168752819,-0.0161538124,-0.0141280591,-0.0137405694,-0.012542963,-0.01160945,-0.01100678,-0.00963903219,-0.00906071812,-0.00871507823,-0.00784414262,-0.00695119053,-0.00497705489,-0.00443957746,-0.00266566873,-0.00181056559,-0.000903278589,0.000611141324,0.00119680166,0.00262609124,0.00306810439,0.00406952947,0.00501298159,0.00586113334,0.00683895499,0.00789750367,0.00795537233,0.0089430362,0.009242706,0.00958422571,0.00963712484,0.0092145279,0.00937871635,0.00883360207,0.00852095336,0.0072991848,0.00560422242,0.00347907096,0.000612847507,-0.00350376219,-0.00619237125,-0.0113942698,-0.0152008161,-0.0164947659,-0.0186933912,-0.0167296864
954,9.37800026,2026-08-27T10:32:33.140000+0000,-26.6957389,153.3354092,0.0602968894,0.0400454849,0.0533417352,0.0494094305,0.0460626744,0.0440989509,0.0467738062,0.0459722355,0.0406367332,0.0401172489,0.0393191911,0.0383761339,0.0336875021,0.0352273956,0.0331295021,0.0310069062,0.0300712045,0.0300601684,0.0289586205,0.0283572171,0.0278042518,0.0266228803,0.0263992045,0.0258932188,0.0255301539,0.0245780647,0.0239805374,0.0245584939,0.0225400161,0.0233079456,0.0234665256,0.0222240593,0.0229154695,0.0222122315,0.0215087943,0.0214657411,0.0202478319,0.0210734773,0.0205282755,0.0197042841,0.0198449716,0.0193765555,0.0188715588,0.0179664902,0.0180683006,0.0173165593,0.0170390848,0.016282348,0.0154773835,0.0150522003,0.0157311112,0.0149454121,0.0157201253,0.0153970001,0.0146552911,0.0147743206,0.0145091675,0.0139532071,0.0143402712,0.0144245792,0.0143000931,0.0142245768,0.0150791258,0.0130640501,0.0137102939,0.0146523016,0.0124818012,0.0155422762,0.0136669306,0.0130952578,0.015208262,0.0127081871,0.0131010544,0.0150632644,0.0100291055,0.0122334063,0.0109290155,0.00706901588,0.0123013444,0.00467927381,0.00325630745,0.00734902034,,0.00135087641,5.85545786e-06,,0.00682814885,-0.0731127113,-0.0763975009,-0.0784579739,-0.0783120468,-0.0792483389,,-0.0791471004,,-0.0773815066,-0.0767993033,-0.0758397132,-0.0727076232,-0.0720655769,-0.0704177245,-0.0681627467,-0.0673602521,-0.0638209879,-0.0614088997,-0.0600462183,-0.0566465743,-0.054078646,-0.0518536679,-0.0484714806,-0.0471406914,-0.0438223109,-0.0419706553,-0.0408077985,-0.0374285877,-0.0365841836,-0.0353136882,-0.0332410298,-0.031965211,-0.0304485336,-0.0289954618,-0.0273408182,-0.025573004,-0.0242773443,-0.0236754604,-0.0214809664,-0.020652499,-0.0195810385,-0.0185921751,-0.017280709,-0.0145949647,-0.0140274912,-0.0133599192,-0.01207643,-0.0111237913,-0.0107660666,-0.0103277862,-0.00937217474,-0.00830122828,-0.00665824115,-0.00552407652,-0.00411655754,-0.00343262404,-0.00210749358,-0.000840164721,-5.73694706e-06,0.00127992779,0.00244921446,0.00283122808,0.00378263742,0.00462608039,0.0058542192,0.00668203831,0.00725059211,0.00849848241,0.0089661479,0.00945582241,0.00955731422,0.00887019932,0.00891756266,0.00921170413,0.00829651207,0.00788377225,0.00684185326,0.00647673756,0.00358138233,0.00042489171,-0.00291201472,-0.00757096708,-0.0105131716,-0.0141899437,-0.0163641721,-0.0180928931,-0.0168592334
955,9.52000046,2026-08-27T10:32:33.389000+0000,-26.6957389,153.3354092,0.0449969321,0.0503755212,0.0504517555,0.0438194759,0.0461226702,0.0458989516,0.046433799,0.0387022309,0.0426867157,0.0395772606,0.0377891958,0.0351361036,0.0349274799,0.0341773815,0.0311994981,0.0309268925,0.0300111901,0.0299201515,0.0275086127,0.0280872192,0.0278242454,0.02643287,0.0260992125,0.0256932117,0.0250301436,0.0249580592,0.0249405392,0.0235284995,0.0233300235,0.0233879555,0.0225465354,0.0228540655,0.0222254749,0.0218222328,0.0215788018,0.0213157386,0.0209978297,0.0209234748,0.0207682718,0.0199342817,0.0200749654,0.0192265566,0.0193515606,0.0201864932,0.019718321,0.0195066053,0.0194391496,0.0187224485,0.0182575211,0.0179323778,0.0173013136,0.0180056076,0.0172702987,0.0170971435,0.0172153991,0.0172543991,0.0173792113,0.0172732323,0.0174902733,0.0165545717,0.017110087,0.016964579,0.0164391436,0.0166740771,0.0172803253,0.0172823258,0.0178618059,0.0175722651,0.0169169083,0.0171552356,0.0164982453,0.0160581786,0.0175010823,0.0161533412,0.0148392487,0.0150736552,0.0136994151,0.0123695843,0.011272111,0.0088903131,0.00755763426,0.0038307067,0.00434231386,0.00200315984,0.000468423474,0.000825851457,0.00185089093,,,,,,,,,,,,-0.0774606168,-0.0755685866,-0.0725907311,-0.0716857463,-0.069433257,-0.0674140081,-0.0645119026,-0.0622392222,-0.0590995736,-0.0564916469,-0.0532366745,-0.0511744879,-0.0485736877,-0.0457553193,-0.0439936519,-0.0417707935,-0.0400515869,-0.0378871746,-0.0359466933,-0.0350340307,-0.0325282067,-0.0311415307,-0.0301784724,-0.0279138051,-0.0267960131,-0.0251703523,-0.0239284635,-0.0227639675,-0.0211755,-0.0200340338,-0.0193851851,-0.0175237171,-0.0166079663,-0.0152904615,-0.0142328739,-0.013719365,-0.0127266869,-0.0124789402,-0.0116306171,-0.0107949749,-0.00919403136,-0.00840105861,-0.007016927,-0.00622945279,-0.00455554575,-0.0036104396,-0.00232315063,-0.00133873522,-0.000293083489,0.000606223941,0.00142822415,0.00245963782,0.00343310088,0.00491124392,0.00527905673,0.00689761341,0.00725547224,0.00770314038,0.00769279152,0.00786430389,0.00850718468,0.00821457803,0.00854875147,0.00777363032,0.00686097145,0.00555919111,0.00569422543,0.00310906768,0.00103284419,-0.00249376893,-0.00734236091,-0.0106042698,-0.0150107741,-0.016484689,-0.0164632425,-0.0144694895
956,9.69999981,2026-08-27T10:32:33.639000+0000,-26.6957389,153.3354092,0.0637869611,0.0512255654,0.0566717573,0.0549094677,0.0510326736,0.0499489456,0.0489238277,0.0499422438,0.0454667397,0.0455472656,0.0445891954,0.0431161225,0.0394274853,0.0406373963,0.0381695032,0.0370668992,0.0359511971,0.0349401645,0.0331086218,0.0331772231,0.0332042575,0.0320128836,0.03118922,0.0308232307,0.0305701513,0.0300880726,0.0292105488,0.0292785168,0.0276400372,0.0285279769,0.0282865576,0.0271040909,0.0270254891,0.0267522428,0.0256288163,0.0254357513,0.0250678416,0.0244334862,0.0243082829,0.0240042899,0.0234849714,0.0234365594,0.022781577,0.0200265143,0.0197983608,0.0198966637,0.0190492328,0.0187225621,0.0180376805,0.0165525656,0.0176615212,0.0174358096,0.0168704744,0.0172772799,0.0170855038,0.017124474,0.0171092562,0.0168132558,0.0170702785,0.0164245646,0.0165200792,0.0162345823,0.0163591616,0.0163241066,0.0160403568,0.0169323515,0.0159218162,0.0159922652,0.0175469015,0.0146152331,0.0167082548,0.0154282097,0.0148911551,0.0156334694,0.015479452,0.0131239668,0.0141098797,0.0102502219,0.0104129463,0.00777142448,0.00461903121,0.00499246409,0.0023744572,0.000475495588,0.00113099744,0.000828542979,0.00203356706,-0.078528747,,,,,,,,,,,-0.0771037117,-0.0755016729,-0.0731737986,-0.0710188299,-0.069346346,-0.0671570823,-0.0640549734,-0.0611122921,-0.0589326471,-0.0558947176,-0.0533397421,-0.0505475476,-0.0479567572,-0.0456383824,-0.0427667089,-0.0409338586,-0.0391546413,-0.0374402292,-0.0355897471,-0.0339270793,-0.0319012552,-0.0304545909,-0.0290815234,-0.0276868604,-0.0255590715,-0.024863407,-0.0230915323,-0.0217070356,-0.0209885687,-0.0196771137,-0.0186882503,-0.0171767771,-0.0159110278,-0.0156735107,-0.0140458792,-0.013482362,-0.0131196529,-0.0117818639,-0.0112135112,-0.010457851,-0.00934689492,-0.00836394727,-0.00698985159,-0.00603240728,-0.004498519,-0.00373345613,-0.00233618915,-0.00139181316,-0.000136166811,0.00118312985,0.00168514997,0.00306658447,0.00396005809,0.00454820693,0.0055860281,0.00676455349,0.00761240721,0.00828004628,0.00838971883,0.00843123347,0.00837413967,0.00855156034,0.00751578808,0.00828073174,0.00762816519,0.00663653016,0.00493171811,0.00277675688,0.00134079903,-0.00260552764,-0.00644374639,-0.0116953626,-0.0154516175,-0.0161353052,-0.0169636458,-0.0177498646
957,9.87899971,2026-08-27T10:32:33.888000+0000,-26.6957389,153.3354092,0.048806943,0.0438755378,0.0468717404,0.0434194803,0.0431326739,0.0424189419,0.0424038209,0.0403022617,0.03915672,0.0383872539,0.0375491977,0.033736106,0.0332474932,0.033587385,0.0305895023,0.0303268954,0.0294211917,0.0289301649,0.0274886172,0.0273372177,0.0263042562,0.0256628841,0.026009215,0.0248032175,0.0251401495,0.0241780672,0.0248505455,0.0242885146,0.0231700353,0.0228779726,0.0229665488,0.0223840848,0.0226054806,0.0215222444,0.0211988091,0.0215357486,0.0215278435,0.0210034885,0.0204482824,0.0201642867,0.0203849748,0.0200765599,0.01942157,0.0193965118,0.0189383496,0.0186466519,0.0182092339,0.0178125575,0.0172876716,0.0168225635,0.0169215202,0.0163758062,0.016640475,0.0160572883,0.0158755016,0.0159944762,0.0155292591,0.0156132551,0.01555028,0.0156545658,0.0155400774,0.0152545795,0.0151191605,0.0149241062,0.0145203546,0.0143223526,0.014401813,0.0160022639,0.0147468969,0.0150452256,0.0150882471,0.0138381999,0.0132511407,0.013623449,0.0129394336,0.0122339474,0.012589857,0.010170198,0.010342923,0.00624139933,0.00567900389,0.00222244067,0.000444437843,,,0.0018085523,0.0025835894,,,,,,,,,,,,-0.0766796693,-0.0753076449,-0.0725397691,-0.0709047914,-0.0691723228,-0.0669530481,-0.0640809536,-0.0620882772,-0.0587286279,-0.0564107075,-0.0536757261,-0.0506435335,-0.0483227372,-0.0462643579,-0.0438626967,-0.0418098271,-0.0400306284,-0.0379662178,-0.0361757278,-0.0343830623,-0.0330472365,-0.0312705673,-0.0293275043,-0.0283528455,-0.0265450589,-0.0250093862,-0.0232575051,-0.0219330154,-0.0208845511,-0.0200430788,-0.0181142204,-0.0169027559,-0.0147070065,-0.013419494,-0.0124518722,-0.0116283372,-0.01100564,-0.0104578435,-0.00966949016,-0.00871382654,-0.00761286914,-0.00655993074,-0.00505582988,-0.00383837521,-0.00270450115,-0.00107943267,-0.000222161412,0.0014822185,0.00244787335,0.00344716012,0.00433918089,0.00541060418,0.0060640797,0.00759223104,0.00864004344,0.00926858187,0.00979643315,0.0103740692,0.00975373387,0.00988524407,0.0101881474,0.00951557606,0.00956978649,0.00928473473,0.00827218592,0.0076405257,0.00589572638,0.00351075828,0.00113479048,-0.00325152278,-0.00728975981,-0.010631375,-0.0130076259,-0.0165712796,-0.0175396204,-0.0167658255
958,10.0559998,2026-08-27T10:32:34.136000+0000,-26.6957389,153.3354092,0.0550769344,0.0413955674,0.0488617606,0.049839437,0.0461726896,0.0457789451,0.0457738079,0.0458122343,0.041766718,0.040627256,0.0385091901,0.0379561149,0.0339674875,0.0337173827,0.0333594941,0.0323268995,0.0310611986,0.0299701616,0.0296686273,0.0280672256,0.0286542587,0.0266028792,0.0265892129,0.0261732154,0.0257201474,0.0249580685,0.0242605414,0.0249285121,0.0237000324,0.0232179724,0.0232065544,0.0230940878,0.0230654869,0.0225822385,0.0217188075,0.0223557446,0.0214478392,0.0210734867,0.0206882805,0.0199342873,0.0202449709,0.0195365567,0.0191815719,0.0183665138,0.0183083508,0.0179466549,0.0173492283,0.0165925641,0.01622767,0.0156425629,0.0149815232,0.0162858106,0.0153804785,0.0157072898,0.0151255047,0.0151844788,0.015899254,0.0151932547,0.0160402786,0.0149745652,0.0156800784,0.015094582,0.0150391599,0.0147041054,0.0147803538,0.0152823525,0.0160318147,0.0150122643,0.0155868977,0.0153952241,0.015138248,0.0154681969,0.0149211399,0.0141134514,0.014389432,0.0117339464,0.012639856,0.0114901988,0.00884292368,0.00903140008,0.00716900453,0.00448244018,0.00237443624,0.00261548022,0.00247099344,,0.00166358985,,,,,,,,,,,,,-0.0765816346,-0.074473761,-0.0721987933,-0.0699463189,-0.0679470599,-0.0648349524,-0.0618622713,-0.0599826202,-0.0567046925,-0.053939715,-0.050917536,-0.0478567332,-0.0455283597,-0.0433966927,-0.0407838374,-0.0389946252,-0.0373802148,-0.0349697173,-0.0337970592,-0.031591244,-0.0302945711,-0.0286915079,-0.0269368477,-0.0257390551,-0.0244333819,-0.0223514996,-0.021237012,-0.020298548,-0.0189270861,-0.0173982196,-0.0164367519,-0.0167110004,-0.0156934857,-0.0148658752,-0.0137723312,-0.0131096393,-0.0123618394,-0.0116734877,-0.0106678307,-0.00959686935,-0.00815392286,-0.00666981936,-0.00552238524,-0.00460849702,-0.00340343267,-0.00193616748,-0.000421777368,0.000513866544,0.00152315199,0.00264517218,0.00328660756,0.00411007553,0.00544823706,0.00621604174,0.0069745779,0.00769243389,0.00874006748,0.00921973586,0.00927124172,0.00969415903,0.00925157219,0.0084457919,0.00868074596,0.00773818791,0.00649653375,0.00630172342,0.00316676497,0.000530801713,-0.00325553119,-0.00674375147,-0.0116653666,-0.0128816217,-0.0179552697,-0.0183036327,-0.0164198205
959,10.2180004,2026-08-27T10:32:34.383000+0000,-26.6957389,153.3354092,0.0446369573,0.0465555564,0.0469517373,0.0440194644,0.0445126668,0.0433389656,0.0446638279,0.0404622406,0.0406067185,0.0394872539,0.0367791876,0.0336260945,0.0327174775,0.0326373838,0.0303294957,0.0291968808,0.0286311805,0.0279801469,0.0268886127,0.0259772111,0.0258642472,0.0249128696,0.0247692075,0.0236732103,0.0235801395,0.0233280696,0.0226605441,0.0218785126,0.0217300393,0.0217879713,0.0205965526,0.0197840892,0.0200154874,0.0197322425,0.0198188126,0.0193257462,0.0191478413,0.0187534839,0.0187082756,0.0181642771,0.0179849621,0.0179765448,0.0171515644,0.0174965113,0.0172083713,0.0170066897,0.0164292958,0.0165826529,0.015777804,0.0156327374,0.014951718,0.0151560083,0.0149706518,0.0154774357,0.01510562,0.0147845522,0.0145193078,0.0143332854,0.0147902854,0.015014559,0.0147100706,0.0143445805,0.0142591717,0.0139641315,0.0140603799,0.0150723709,0.014111815,0.0155822476,0.0147468708,0.0148451952,0.0152982185,0.0131481793,0.0152411517,0.0138035109,0.0131195597,0.0132141737,0.0116302343,0.0114007425,0.00948366523,0.00778241595,0.00607030559,0.00617410429,0.00109649682,,0.000863553258,,0.00461635459,,,,,,,,,,,,,,,-0.0748217702,-0.0725392997,-0.069470033,-0.0670179203,-0.0638452545,-0.0609856024,-0.0581776798,-0.0554827005,-0.0523805134,-0.0511097088,-0.04771135,-0.0450196639,-0.0436768048,-0.040997602,-0.0395331793,-0.0371926837,-0.0353300311,-0.0339241959,-0.0318475291,-0.0304044783,-0.0290598273,-0.026862029,-0.0256363638,-0.0239344761,-0.0226299986,-0.0214015283,-0.0198000707,-0.0185012035,-0.0172697417,-0.0149939768,-0.0142564587,-0.0140488036,-0.0123952478,-0.0116525218,-0.0109346956,-0.0111262947,-0.00939060003,-0.0085696429,-0.00662671775,-0.00575264543,-0.00458522886,-0.00351139158,-0.00255635381,-0.0013891086,0.000485256314,0.00149089843,0.00202018023,0.00344218314,0.00355364382,0.00477711856,0.00562527776,0.00689308345,0.00784161687,0.00793944299,0.00884707272,0.00927674025,0.0096482411,0.00883116573,0.00903859735,0.0090828687,0.0085478723,0.0081653893,0.0072138682,0.00504922122,0.00362443924,0.00123875588,-0.00347728282,-0.00643512607,-0.0105664581,-0.0127124563,-0.0134357959,-0.0163439289,-0.0145800449
960,10.342,2026-08-27T10:32:34.632000+0000,-26.6957389,153.3354092,0.0588870123,0.0416055806,0.0529517978,0.0513594896,0.0461226888,0.0458289571,0.0465338454,0.0455022678,0.0423667319,0.0411572643,0.0413691998,0.038326107,0.0347874686,0.0364173837,0.0334394984,0.0328168869,0.0319911949,0.0314601623,0.0302986205,0.028987227,0.0288142562,0.0277528781,0.0272492208,0.0273432303,0.0268901624,0.0257280804,0.0258905571,0.0254885312,0.023700051,0.0251879878,0.0235465746,0.0227641072,0.023755502,0.0223422535,0.0227588266,0.0222657584,0.0221878476,0.0214534979,0.0214382838,0.0213242956,0.0203049742,0.0202365573,0.0202915836,0.0204265304,0.0193283949,0.0190367289,0.0185893439,0.0184227247,0.0173578896,0.0167628396,0.016361827,0.0170761086,0.0160907358,0.0167274978,0.0159956682,0.0160645861,0.0161093231,0.0164632946,0.0160702839,0.0158445574,0.0159000661,0.0145945847,0.0149991866,0.0155841485,0.0144303991,0.0161323883,0.0154918255,0.0150522534,0.0159268789,0.01489521,0.014478243,0.0152182197,0.0146012176,0.0147136059,0.0143996989,0.0124243703,0.0131505085,0.010441104,0.00845412631,0.00985301379,0.00463104527,0.00335502205,0.00303760357,,0.000194841414,0.00181259238,0.000567637384,,,,,,,,,,,,,,,-0.0766943544,-0.0741118789,-0.0719426125,-0.0690205023,-0.0660978332,-0.0635181814,-0.0605202615,-0.0575252697,-0.0545630828,-0.0522222891,-0.0489539206,-0.0473022498,-0.044169385,-0.0427001715,-0.0403557457,-0.0381952561,-0.036602594,-0.0347767733,-0.0330801159,-0.0308370516,-0.0289623924,-0.0277945995,-0.0262089334,-0.0245070644,-0.0232625641,-0.0219740979,-0.0204926394,-0.0192637779,-0.0176223069,-0.0157665424,-0.0151490159,-0.0141313523,-0.0127777979,-0.0124850422,-0.011937201,-0.0107787773,-0.00965307653,-0.00844211876,-0.00696921349,-0.00572516024,-0.00492776185,-0.00360393524,-0.00262892246,-0.00155167282,-0.000687338412,0.000478304923,0.00152759254,0.00199960172,0.00311107934,0.00404457003,0.00489270687,0.0058305338,0.00688903779,0.00732687861,0.00818449259,0.00842415541,0.00837568194,0.00841861218,0.00820607692,0.00861036032,0.00848540664,0.00767298788,0.00643153489,0.00575695932,0.00221229345,0.00134673715,-0.00199916214,-0.00731683522,-0.00789803267,-0.0136038885,-0.0160771348,-0.0161952078,-0.0165513121
961,10.4680004,2026-08-27T10:32:34.882000+0000,-26.6957389,153.3354092,0.0453469791,0.0459855609,0.0517217889,0.0422194675,0.0439326875,0.0423089378,0.0434738211,0.0375922434,0.0385067239,0.037337251,0.0374691635,0.0322660878,0.0333974734,0.0317273773,0.0294594858,0.0286868829,0.0276811812,0.0268401448,0.0249986053,0.0255172085,0.0247442424,0.0239728708,0.0232191999,0.0221932083,0.0223201383,0.0213680584,0.0218105484,0.021608511,0.019400036,0.0216179732,0.0196965542,0.0198640879,0.0197954886,0.018762242,0.0190788042,0.0182957388,0.0187078379,0.0181534793,0.0177182686,0.0170942806,0.0176749546,0.0166465454,0.0163715631,0.0175765157,0.0176783763,0.0170767158,0.0158893242,0.0159727074,0.0151778748,0.0145928189,0.0143618211,0.0146461064,0.0142607447,0.0143875023,0.0143656777,0.0138445972,0.0137193343,0.0135332989,0.0139802881,0.013464557,0.0138900671,0.0134245828,0.0125391772,0.0127941417,0.0134103931,0.0130023826,0.0125618158,0.0132922409,0.012996858,0.0137951821,0.0126582077,0.012188171,0.0126311611,0.0113535393,0.010849623,0.0113342907,0.00992042106,0.00831101276,0.00687403418,0.00631291978,0.00303094834,0.00160492817,,,,,0.00240772497,,,,,,,,,,,,,,,,-0.0772778019,-0.0748985335,-0.0722664148,-0.0691937357,-0.0664640963,-0.0632761642,-0.0596612021,-0.0576290041,-0.0555281937,-0.0522498339,-0.0497681648,-0.0474552959,-0.0446660779,-0.0436016619,-0.0412611663,-0.0390885063,-0.0372826979,-0.0352560245,-0.0337329693,-0.0325483084,-0.0303005241,-0.0292948596,-0.0272829831,-0.0265484899,-0.0248800144,-0.0236385576,-0.022229705,-0.0209282227,-0.0189624578,-0.0178449377,-0.0170172788,-0.0160337202,-0.0153509639,-0.0142631084,-0.0128647014,-0.0123789907,-0.0112180337,-0.0102451146,-0.00869106501,-0.00780366361,-0.00669982284,-0.00497481972,-0.00394757837,-0.00248323381,-0.00172760338,-0.000308305025,0.000643700361,0.00173515826,0.00247865915,0.00323679298,0.004324615,0.00568312407,0.00653094798,0.00734858215,0.00765822828,0.00790973008,0.0078926608,0.00813011825,0.00820440054,0.00791941583,0.00783699751,0.00650553405,0.00468096137,0.00345629454,0.00108072907,-0.00258515775,-0.00663284212,-0.00980404019,-0.0142498687,-0.0165730827,-0.0179511011,-0.0152271725
962,10.599,2026-08-27T10:32:35.141000+0000,-26.6957389,153.3354092,0.0578669906,0.0486855917,0.0505217649,0.0509694852,0.047782667,0.0462989584,0.046723824,0.0440822318,0.0412267186,0.040257249,0.0385391824,0.0375060774,0.0338774659,0.0348973721,0.0332894847,0.030486878,0.0301811751,0.0290101375,0.0282386038,0.0275272056,0.0265742354,0.0263428669,0.0255191904,0.0251032077,0.0252401363,0.0246780496,0.0242805313,0.0240885075,0.0229900349,0.0228779744,0.022806555,0.0218340848,0.0219954848,0.021382235,0.0214388017,0.0209557395,0.0203978326,0.0200934727,0.0196882654,0.0193942692,0.0185149517,0.0189865381,0.0184815545,0.0170265101,0.0166483745,0.0167667065,0.0158093218,0.0156726968,0.0152478684,0.0143028162,0.0149318175,0.0131660998,0.0137907481,0.0140375057,0.0138856759,0.0133945998,0.0139093334,0.0139733022,0.0130602913,0.0127645601,0.0132800657,0.01251458,0.0126191769,0.0126841394,0.0121403914,0.0138123818,0.0125018135,0.0126922345,0.013266854,0.0119251721,0.0124881985,0.0133981593,0.0116911437,0.0128635205,0.0115796048,0.00996426679,0.010250397,0.0073409914,0.00656400993,0.00498289615,0.00253092684,0.00225490378,,,,,,,,,,,,,,,,,,,,,,,-0.0735723898,-0.0709997192,-0.0675200671,-0.0645521432,-0.0609171651,-0.0583849773,-0.0556241795,-0.0530558117,-0.0500541404,-0.0482512787,-0.0460820533,-0.0436876342,-0.0419371501,-0.0394544862,-0.0376686603,-0.0357819945,-0.0341889374,-0.0326442793,-0.0304164924,-0.0287908316,-0.0280089453,-0.0263144597,-0.0252459794,-0.0235945322,-0.0224856697,-0.0209442042,-0.0202184394,-0.018840909,-0.0183132552,-0.0174896903,-0.0156569406,-0.0150590912,-0.01515067,-0.0134549662,-0.0126640014,-0.0107510835,-0.00987701863,-0.00848963857,-0.00713580847,-0.00605079532,-0.00495354831,-0.00342918932,-0.00269357115,-0.00117427856,-0.000182278454,0.000579178333,0.00152268261,0.00282081962,0.00412864238,0.00518714637,0.0060249716,0.006852597,0.00757224858,0.00798375905,0.0080466792,0.00860413164,0.008738406,0.00900343806,0.00826099515,0.00708954036,0.00537496805,0.00402028859,0.00110473484,-0.0025511533,-0.00794883072,-0.00989001989,-0.0139658749,-0.0150890611,-0.0155070722,-0.015683122
963,10.7089996,2026-08-27T10:32:35.391000+0000,-26.6957389,153.3354092,0.0571869761,0.0498955809,0.0397217758,0.0478394814,0.0437926836,0.0434889682,0.0385838374,0.0427822694,0.0382567197,0.0376372486,0.0343291685,0.0344261043,0.03288747,0.0293773822,0.030139491,0.028706884,0.027341187,0.0257801563,0.0267986115,0.0253372248,0.0250042453,0.0236628726,0.0239992123,0.0235732142,0.0227101576,0.0231280755,0.0222805589,0.0210285187,0.0218300503,0.02075799,0.0203365739,0.0212141033,0.0200954974,0.0197322518,0.0197388176,0.0190257486,0.0191478487,0.0181334913,0.0185582787,0.0173142832,0.0183649678,0.0174965542,0.0169915725,0.0179765318,0.0175183993,0.0177067481,0.0167293716,0.0160527676,0.0162179545,0.0149029233,0.0144019304,0.015146208,0.0148308296,0.0151475733,0.0148957241,0.0144546321,0.0148393549,0.0145233041,0.0145202866,0.0144745521,0.0144500639,0.014444585,0.013529188,0.0136641599,0.0134804137,0.0134423953,0.014811825,0.0138222417,0.0136668608,0.0134851877,0.0123682199,0.0130581986,0.0136212092,0.0113336183,0.0127497427,0.0118044652,0.00965067558,0.0109613575,0.00681447843,0.00624350272,0.0046216785,0.000505837612,0.00302861771,,,0.00152397645,,,,,,,,,,,,,,,,,,,,-0.071834296,-0.0688746497,-0.0663967133,-0.0632817447,-0.0606395565,-0.0577587411,-0.0544503853,-0.0524787083,-0.0499458499,-0.0473566353,-0.0452322066,-0.0427817143,-0.0413690582,-0.0390032306,-0.0368665718,-0.0349835083,-0.0328388587,-0.0313610621,-0.0300654024,-0.0286135264,-0.0271790363,-0.0254005678,-0.0235891081,-0.0222402476,-0.020578783,-0.0212130062,-0.0200954713,-0.0188478082,-0.0180942379,-0.0174914747,-0.0164435878,-0.0157351494,-0.0143994354,-0.0135884807,-0.0120855868,-0.0105715394,-0.00988416374,-0.0083303526,-0.00679534674,-0.0061981231,-0.00442377478,-0.0036681667,-0.00246887654,-0.00142686069,-0.000215396285,0.000508114696,0.00189626217,0.00311407447,0.00447257608,0.00538040698,0.00559802353,0.00680767,0.00686919689,0.00748212636,0.00695960224,0.00826390833,0.00740898401,0.00685659796,0.00686520338,0.00440073013,0.00389613211,0.00131072104,-0.00444503129,-0.0051625371,-0.0107835829,-0.0151992962,-0.0150323808,-0.0183703154,-0.0159963742
964,10.7860003,2026-08-27T10:32:35.639000+0000,-26.6957389,153.3354092,0.0575170107,0.0391255617,0.0517017767,0.0476795062,0.045802705,0.0439189598,0.0461638533,0.0445522591,0.0420267433,0.0407972485,0.0390791856,0.0364560932,0.033427462,0.0333573818,0.031739492,0.0312768891,0.0305311866,0.0295501538,0.0285986159,0.0281872246,0.0274542533,0.0267228745,0.0260992218,0.0254032314,0.0247501601,0.0245780814,0.0244705565,0.0234385319,0.0233500544,0.0227879956,0.0223865751,0.0219041128,0.0215355046,0.0213822536,0.02053882,0.0204357523,0.0204078499,0.0198734961,0.019618284,0.0187742878,0.019074969,0.0188265536,0.018481575,0.015836535,0.0158584062,0.0166867543,0.0150393769,0.0147627722,0.0136779593,0.0137829259,0.0134319346,0.0133562069,0.0132308314,0.0136375707,0.013005726,0.0128946276,0.0129693467,0.0126033025,0.0129802842,0.0128645524,0.0132600646,0.0125545859,0.012949192,0.0128041627,0.0123904133,0.0129124001,0.0126318242,0.0125222448,0.0130368676,0.0122751947,0.011698232,0.0118582081,0.0114812236,0.0116136344,0.0112997629,0.0104244854,0.00864069816,0.00743138045,0.00759450113,0.00373352645,0.00269169966,0.000555862207,,,,,,,,,,,,,,,,,,,,,,,,-0.0733343214,-0.0706446692,-0.0674967393,-0.0638717562,-0.061159566,-0.0581487678,-0.0552703962,-0.052788727,-0.0501658693,-0.0479366481,-0.0461222231,-0.0437017381,-0.0416990742,-0.0393732451,-0.0373965763,-0.0355235301,-0.0343988761,-0.0323810764,-0.031045422,-0.0295535363,-0.0274090506,-0.0264105834,-0.0248991288,-0.0230102651,-0.0217087977,-0.0209830217,-0.0201654918,-0.0192578286,-0.0182142518,-0.0168614797,-0.016313605,-0.015075177,-0.0140394531,-0.0132985078,-0.01182561,-0.0103615597,-0.00928419083,-0.00752037764,-0.00670536608,-0.00540813804,-0.00363379717,-0.00328817219,-0.00180889666,-0.000706866384,0.000134587288,0.00135809183,0.0030362457,0.00413405895,0.00501256436,0.00604039431,0.00723800063,0.00710765272,0.00836917758,0.00804211944,0.00772959739,0.00849390775,0.00830898434,0.00774660707,0.00701522082,0.00529072434,0.00360613316,0.00134071708,-0.00301502645,-0.00722252578,-0.00931358337,-0.0148592815,-0.0169723704,-0.0158903375,-0.0155364051
965,10.8610001,2026-08-27T10:32:35.886000+0000,-26.6957389,153.3354092,0.0397569574,0.0442355722,0.0439317599,0.0405994728,0.042432677,0.0423489623,0.0412438363,0.0389122516,0.0389467292,0.0379272513,0.0341691859,0.0320960991,0.0305074546,0.0294573847,0.028809486,0.0279068854,0.0273511838,0.0263401549,0.0257386155,0.0246972162,0.0242542364,0.0235928651,0.0227292087,0.0225032158,0.0225201454,0.0214880612,0.0211405531,0.0207585171,0.02030004,0.0198879745,0.0194465611,0.019474091,0.0192554891,0.0189922452,0.0189288128,0.0180757418,0.0178778395,0.0174734835,0.0172682721,0.0173242837,0.0164249595,0.0166465491,0.0162115656,0.0166265201,0.0166483838,0.0163767152,0.0164293312,0.0156027088,0.014657882,0.0140228244,0.0140818227,0.0135961035,0.0142607437,0.0137774991,0.0138256717,0.013764591,0.0134493308,0.0130732991,0.013120289,0.0126845585,0.0130200665,0.0130845839,0.0132191787,0.012324146,0.0133203957,0.0126823848,0.0131018171,0.0138222417,0.0123068653,0.0122751882,0.0129382173,0.0126581844,0.0123111727,0.0126835555,0.0119396392,0.0104443086,0.00970044266,0.00858103484,0.00696405675,0.00506294426,0.00408097543,0.00160495145,,,,,0.00148770213,,,,,,,,,,,,,,,,,,,-0.0721017569,-0.0691821128,-0.0655541793,-0.0621892139,-0.0600670166,-0.0569262058,-0.0540978462,-0.0510861725,-0.0482933074,-0.045994103,-0.0444696844,-0.0417391807,-0.0394665226,-0.0377806947,-0.0351640396,-0.0338109769,-0.0320563205,-0.0298285298,-0.0282028727,-0.0266909897,-0.0247064978,-0.0239280239,-0.0226365738,-0.0208677091,-0.019676242,-0.0199704766,-0.0186829492,-0.0179652907,-0.0172017328,-0.0159089826,-0.0148611218,-0.0145327114,-0.0136970021,-0.0123660527,-0.0106631406,-0.00919908285,-0.00840167701,-0.00703784823,-0.00539283454,-0.00463560224,-0.00320125371,-0.0023156181,-0.00115632266,-4.31388617e-06,0.000847145915,0.00209064037,0.00289878994,0.00412660092,0.00499510765,0.00630294532,0.00692056119,0.00715021789,0.00787173957,0.00897465646,0.00823210925,0.00812639296,0.00828142464,0.00804899633,0.00697754323,0.00579297543,0.00349828601,0.000802740455,-0.00334315002,-0.00675082952,-0.011012014,-0.0142378546,-0.0149110779,-0.0155791119,-0.0170352012
966,10.9379997,2026-08-27T10:32:36.137000+0000,-26.6957389,153.3354092,0.0596169904,0.0488655455,0.0562517494,0.0532995015,0.0514427014,0.0509289689,0.0504338332,0.0505622514,0.0482367426,0.0479772538,0.0452191792,0.0451160856,0.0415374823,0.0406973809,0.0400094911,0.0385168903,0.0379111841,0.0369301625,0.0364386216,0.0353872254,0.0342942439,0.0338028781,0.0332092196,0.032553222,0.0325001627,0.0321180746,0.0314105526,0.0312285274,0.0297100507,0.0298979878,0.030006567,0.0288241003,0.0286154971,0.0282422528,0.028358819,0.0282457545,0.0275878459,0.0269834939,0.0269582812,0.0265242904,0.0264349729,0.0259365533,0.0255215745,0.0240565315,0.0237483941,0.0230267253,0.02229934,0.0226827227,0.0214978904,0.0210628342,0.0214418285,0.0201061014,0.0205907375,0.0206674989,0.0200256668,0.02036459,0.0202593245,0.0204832945,0.0199802853,0.0200645588,0.0193000678,0.0192345846,0.0195391849,0.0183141474,0.0191303995,0.0195323862,0.0182618219,0.0194722507,0.0196168739,0.0180452,0.0198082328,0.0175782051,0.0178612024,0.01868359,0.0158396792,0.0171643496,0.0154004851,0.0131610818,0.014814103,0.00889298972,0.00830101967,0.00959499646,0.00172757683,0.00131892413,0.00427483302,0.00305260089,0.00646766089,,,,,,,,,,,,,,,,,,,,-0.0715061724,-0.0691582412,-0.0658332631,-0.0621010736,-0.0604502596,-0.0570019037,-0.0542902201,-0.0526473671,-0.0494281501,-0.0476337373,-0.0453932285,-0.0429605767,-0.0414747559,-0.0390280895,-0.0368050262,-0.0355703719,-0.0337825865,-0.0313769244,-0.0301250368,-0.0285105556,-0.0268920772,-0.0251406245,-0.0234417655,-0.0224302895,-0.0201145224,-0.0190769956,-0.0181893408,-0.0172257796,-0.0162230209,-0.015295174,-0.0149267539,-0.0136210658,-0.012380112,-0.0113271885,-0.00977314264,-0.00870575011,-0.00747191906,-0.00641690195,-0.00447965413,-0.00355531275,-0.00249966979,-0.0012203902,-0.000418372452,0.000643089414,0.00178658217,0.00249474496,0.00396253914,0.00496105105,0.00657888502,0.00663651526,0.00743616372,0.00739769638,0.00759062171,0.00846807659,0.00832236558,0.00794740021,0.00779498369,0.00685352832,0.00500896573,0.00367428362,0.00150873512,-0.00320716202,-0.00698483735,-0.0101760402,-0.0138319023,-0.0143451318,-0.0165031888,-0.0168492869
967,11.0120001,2026-08-27T10:32:36.386000+0000,-26.6957389,153.3354092,0.0460369736,0.0451855622,0.0484917648,0.0433894582,0.0436126776,0.0411189683,0.0432938263,0.0384822413,0.0379067212,0.0370672494,0.0355091915,0.031766098,0.0328474753,0.0318073742,0.0285394937,0.0279968884,0.0272611827,0.0261501521,0.024718618,0.024787223,0.0248342529,0.0237828717,0.0228292178,0.0229032133,0.0223301481,0.021868078,0.021520555,0.020288527,0.0203000512,0.0208379868,0.0194465723,0.0191541072,0.019485496,0.0189222544,0.018268818,0.0178557541,0.0184778478,0.0175534859,0.0167982802,0.0171742868,0.0166649688,0.0162465554,0.0167715717,0.0153665328,0.0150784003,0.0144267492,0.0147993732,0.0136927664,0.0132279545,0.0128129236,0.0124819307,0.0128662037,0.0127808321,0.0125975683,0.012455726,0.0125546297,0.0126893483,0.0120633086,0.0119902892,0.0127145536,0.0117000621,0.0117545826,0.0118591888,0.0112141594,0.0123904124,0.0115323979,0.0117618255,0.0117822429,0.0115968585,0.0115751866,0.0126082217,0.0108182002,0.0107212085,0.0116936192,0.00957974419,0.00946446508,0.0085006766,0.0074313581,0.00586447818,0.00447350368,0.00259167841,0.000475837849,,,,,,,,,,,,,,,,,,,,,,,,,-0.0716966614,-0.0688487366,-0.0657437593,-0.062611565,-0.0597907528,-0.0572623983,-0.0545107201,-0.0517078526,-0.0494986326,-0.0480142087,-0.0450737178,-0.0427210554,-0.0406852439,-0.038278576,-0.0368755236,-0.0352708623,-0.0332630761,-0.0316674113,-0.0295555331,-0.028241042,-0.0265625753,-0.0249311216,-0.0237122588,-0.0220407806,-0.0209150128,-0.0196274854,-0.0181898177,-0.017206233,-0.0171934813,-0.0155356005,-0.0153971612,-0.0138114505,-0.0124404952,-0.0112675875,-0.00990353525,-0.00900617242,-0.00719236583,-0.00612735748,-0.00466012955,-0.00322578102,-0.00255017728,-0.00114088506,-0.000128865242,0.0005826056,0.00164610147,0.00250425935,0.00454206765,0.00554057211,0.00573839247,0.0071260184,0.00734566152,0.00808718801,0.00799012184,0.00729759037,0.00860189646,0.00746697932,0.00720458478,0.00650319457,0.00472871959,0.00376412272,0.00012871623,-0.00313703716,-0.00548453629,-0.0123055726,-0.0130712762,-0.0156243891,-0.0178123266,-0.0147883818
968,11.0790005,2026-08-27T10:32:36.636000+0000,-26.6957389,153.3354092,0.0470770039,0.0484055728,0.0449117795,0.0455494598,0.0447626822,0.04326896,0.0425338298,0.0396122485,0.0391067378,0.0378972404,0.0358791836,0.034346085,0.0321074799,0.0320573822,0.0305294823,0.0297368821,0.0280311834,0.0279801469,0.0262586065,0.0253972132,0.0257642455,0.024442872,0.0236892011,0.0235532112,0.0230001416,0.0227480587,0.0217005536,0.0222385153,0.0216600392,0.0214279797,0.0216665585,0.0201840941,0.0203954875,0.0200322419,0.0195088107,0.0195457488,0.0190678388,0.0190534834,0.0183982719,0.018394284,0.018064959,0.0174965486,0.0173915662,0.0183665212,0.0179883856,0.0178567134,0.0180493332,0.0170427114,0.017057877,0.0167328231,0.0155618209,0.0172161032,0.0153907426,0.0159275066,0.0164056737,0.0159945935,0.0158493258,0.0156132961,0.0158802848,0.0157645587,0.0157300644,0.0157945845,0.0148491794,0.0154141439,0.0149603952,0.0153123839,0.016281819,0.0148722446,0.0158768632,0.01734519,0.0143082151,0.0159581844,0.0156511739,0.0121835545,0.0153896417,0.0130843101,0.0110304412,0.012021035,0.00869405642,0.00713294279,0.00711097382,0.00335495127,0.00303754257,0.000388889108,,0.000692615751,0.0033277031,,,,,,,,,,,,,,,,,,,,-0.07226412,-0.0701461807,-0.066611208,-0.0634290129,-0.0608782172,-0.0581198484,-0.0550581813,-0.0526653081,-0.0496961027,-0.0483416766,-0.0459311903,-0.0433285311,-0.0412427112,-0.0390960388,-0.0371729769,-0.0352083333,-0.0332905315,-0.0316548757,-0.0304029882,-0.0286584944,-0.0272700265,-0.0256385766,-0.0235297121,-0.0218582489,-0.020862475,-0.0195749477,-0.0188972987,-0.017223727,-0.0170509778,-0.0159831345,-0.014994707,-0.0143990107,-0.0123580508,-0.0113551356,-0.0097810775,-0.00875368714,-0.00708985329,-0.00574482977,-0.0050676018,-0.00358324498,-0.0027776137,-0.000868327916,-0.000336326659,0.000605136156,0.00175862759,0.00262678415,0.00411459059,0.00502310693,0.00614093989,0.00687856972,0.00752821565,0.00757973641,0.00800265372,0.00754011422,0.00744439662,0.00789941847,0.00775699317,0.00598554313,0.00559097528,0.00374628603,0.000270739198,-0.00318515301,-0.00642282516,-0.0113440417,-0.0125298537,-0.0159730837,-0.0159511194,-0.0146871991
969,11.1470003,2026-08-27T10:32:36.885000+0000,-26.6957389,153.3354092,0.0491769947,0.0425255746,0.0571817569,0.0437094681,0.0458126813,0.044778958,0.0485638231,0.0416922458,0.040336743,0.0414472669,0.0415291712,0.0358961076,0.0341174752,0.037697386,0.0327194966,0.0329868868,0.0320611782,0.032090161,0.0288286135,0.0291372146,0.0290142521,0.0281228665,0.0277292095,0.0281232223,0.0265901498,0.0262980722,0.0272205509,0.0254785232,0.0240400434,0.0257779825,0.0244365614,0.0245740991,0.0252054967,0.023542244,0.0237188172,0.0227757506,0.0229178406,0.02151349,0.0220282804,0.021934282,0.0211549643,0.0213265549,0.0210615695,0.0195465256,0.0191683918,0.0191167239,0.0179693345,0.0180327147,0.017577881,0.0161628276,0.0164918266,0.0162261073,0.0160307381,0.0158574991,0.0156056732,0.0157945883,0.0155193312,0.0159932971,0.0154702859,0.0151445568,0.0153000671,0.014924584,0.0151191819,0.0144041451,0.0148303993,0.0157723855,0.0149118192,0.015192247,0.0153668681,0.0146551942,0.0146382255,0.0135381948,0.0140111893,0.0152335707,0.0132096577,0.012624328,0.0123604648,0.00875106081,0.0109640798,0.00607296638,0.00407099631,0.00507497462,,,,,,,,,,,,,,,,,,,,,,,,,,-0.0713322163,-0.0682172254,-0.0643250421,-0.0618542321,-0.0589358658,-0.0557042062,-0.0540313274,-0.0514521301,-0.0486477017,-0.0461472124,-0.0441645458,-0.0418787226,-0.0400120579,-0.0377090052,-0.0364143439,-0.0347065628,-0.0326108895,-0.0305490047,-0.0288445204,-0.0276060514,-0.026274588,-0.0242157318,-0.0232542641,-0.0213084929,-0.0203709677,-0.0192833096,-0.018299751,-0.0174969994,-0.0165591501,-0.0155607238,-0.0147650279,-0.0126940757,-0.0121211633,-0.0103171021,-0.00942971557,-0.00750587136,-0.00651086122,-0.00528363138,-0.00468926877,-0.00288364291,-0.00221434981,-0.0009823367,-0.000100880861,0.00102261454,0.002320759,0.0035885796,0.00420708209,0.00501491874,0.00571253896,0.00654219091,0.00726372004,0.00736664981,0.00734410435,0.00784837455,0.00783342123,0.00719098747,0.00621954352,0.00640497357,0.00217028707,0.00201473385,-0.00257115066,-0.00801885128,-0.00747003406,-0.013895873,-0.0158090889,-0.014507141,-0.015143238
970,11.2159996,2026-08-27T10:32:37.145000+0000,-26.6957389,153.3354092,0.0526369885,0.0446455963,0.0472117513,0.0457495004,0.0445426889,0.0433289595,0.0426738448,0.0426022597,0.0405067354,0.0381572396,0.0366491936,0.0356560834,0.031697467,0.0317373872,0.0313294902,0.0293868911,0.0284611788,0.028140163,0.0272686146,0.0262572262,0.0254742466,0.0245228838,0.0239792168,0.0234632157,0.0230901539,0.0236180723,0.0222805589,0.0221385285,0.0219300501,0.0209179893,0.0212465692,0.0197841022,0.0200155005,0.0200322494,0.0193788204,0.0196257532,0.0189178437,0.0189034883,0.0180182848,0.0182442889,0.0179049745,0.0171065573,0.0173915755,0.0178165287,0.0179883949,0.0178667288,0.0175093394,0.0162127204,0.016607888,0.0157828387,0.0152618289,0.0159361083,0.0153907398,0.0158374999,0.0152556719,0.015064586,0.0150693292,0.0152132967,0.0150102861,0.0150545575,0.0160200652,0.0152345849,0.0150591843,0.0155841466,0.014960398,0.0154423853,0.0155918207,0.0148722511,0.0162568744,0.015005203,0.0145582343,0.0155982058,0.014211203,0.0138735874,0.0142096784,0.0120343519,0.0125004863,0.0118410829,0.00774410367,0.00948299002,0.00424101949,0.00332499808,,0.000478923321,0.00189483457,,,,,,,,,,,,,,,,,,,,,,,-0.069998242,-0.0673932582,-0.0642710626,-0.0606802665,-0.0581418946,-0.0551502183,-0.0527473614,-0.0498281494,-0.0474237278,-0.0459432378,-0.0432905704,-0.0403747596,-0.0386280902,-0.0371050239,-0.0347803794,-0.0327625796,-0.0314769186,-0.0299350396,-0.028150551,-0.0261720754,-0.0248906203,-0.0234317593,-0.0213502906,-0.0213545151,-0.0199469924,-0.0188493356,-0.0175257772,-0.0167730302,-0.0160451718,-0.0147867501,-0.0140410624,-0.0130201094,-0.0114971884,-0.010113135,-0.00878574699,-0.00707190484,-0.00643689185,-0.00496965647,-0.00377530605,-0.00272967666,-0.00177038461,-0.000508368015,0.000623084605,0.0015065819,0.00325474143,0.00412254035,0.00506106019,0.00616888702,0.0065465197,0.00792616606,0.00776768476,0.00827062875,0.00817807764,0.00782236457,0.00857741386,0.00860498846,0.00608353317,0.0061589703,0.00266429037,0.000368729234,-0.00246716291,-0.00672483444,-0.0093960464,-0.013101887,-0.0160251111,-0.0158531778,-0.0145892799
971,11.2880001,2026-08-27T10:32:37.392000+0000,-26.6957389,153.3354092,0.0481269993,0.0535255522,0.0464717522,0.0471994951,0.0473826937,0.047088962,0.0435438305,0.0442022532,0.0434867255,0.0407172553,0.0375391729,0.036776077,0.0346274786,0.0329973772,0.0328194946,0.0311968829,0.0301911812,0.0289301556,0.0283986069,0.0284772087,0.0266942419,0.026142871,0.0260292049,0.0250332095,0.0247501489,0.0237880703,0.0237105414,0.023538515,0.0232700426,0.0220279749,0.0221465621,0.0214440916,0.0213854909,0.0210022405,0.0206188131,0.0205057487,0.0199578404,0.0190434847,0.0192382727,0.0186242834,0.0189149585,0.0179765448,0.017941568,0.0170265194,0.0163383801,0.0161367171,0.0162693299,0.0150627056,0.0150278779,0.014822823,0.0138718206,0.0145061025,0.0139107453,0.0137075009,0.0140156765,0.0136345932,0.0134493308,0.0134033002,0.0139802871,0.0135445567,0.0129000675,0.0132845836,0.0130991796,0.0132141439,0.0133903977,0.012942384,0.0139118182,0.0134022413,0.0131468624,0.013595189,0.0124882171,0.0137581844,0.0132111721,0.0126135536,0.0119296405,0.0116043082,0.0100104418,0.00902103633,0.00759405643,0.00587294344,0.0041809734,0.00109495176,,,,,0.00111770257,,,,,,,,,,,,,,,,,,,,,-0.0705681741,-0.0670132041,-0.0646210089,-0.0610402152,-0.0580018535,-0.0560201779,-0.0521673039,-0.0501681045,-0.0479336753,-0.0453331843,-0.0431405306,-0.0411347002,-0.0394580401,-0.0377649777,-0.0358403288,-0.0332025327,-0.0322468616,-0.0301049873,-0.0289004967,-0.0273820162,-0.0254105665,-0.0241917036,-0.0225802325,-0.0223544762,-0.0202869475,-0.0195892863,-0.018535722,-0.0173929818,-0.0169851258,-0.0157067068,-0.014581006,-0.0131900497,-0.0121771358,-0.0104930773,-0.00939568132,-0.00769183785,-0.00634682924,-0.00579959899,-0.00447525084,-0.00323961675,-0.00186032057,-0.000578314066,0.000193141401,0.0013666302,0.00232478976,0.00364260375,0.00445111841,0.00557895005,0.00586656481,0.00655622035,0.00730773807,0.00769066066,0.00761811435,0.0078823939,0.00742743164,0.00728500634,0.00659354776,0.00507897884,0.00410429388,-0.000491254032,-0.00238715112,-0.00630483031,-0.0109160133,-0.0113818608,-0.0154350847,-0.01876311,-0.0164091997
972,11.3789997,2026-08-27T10:32:37.641000+0000,-26.6957389,153.3354092,0.0512569472,0.0410255566,0.0478917621,0.0437894501,0.0430726781,0.0419689529,0.0427938215,0.0409122556,0.0374067239,0.0370772593,0.0358891711,0.0335760862,0.0307274573,0.0325573795,0.0286394954,0.0289568827,0.027341187,0.0270201545,0.0258286186,0.0252372194,0.0246442445,0.0235828664,0.0238992032,0.0229932107,0.022320142,0.0221580602,0.0223805513,0.0210285056,0.0199300386,0.02100797,0.0196865536,0.0199440904,0.0203254838,0.0191322397,0.0192288086,0.0190357473,0.0183278378,0.0174634829,0.018408278,0.0174742788,0.0167349633,0.0172665492,0.0166015625,0.0168665126,0.016018372,0.0159866903,0.0157292988,0.0152926603,0.0145078087,0.0137927346,0.0137917222,0.0137360096,0.0136506548,0.0141074304,0.0142856175,0.0137045532,0.013389308,0.0141232833,0.0136502832,0.0132045597,0.0137100685,0.0135045797,0.0132591734,0.0130041316,0.0133203808,0.0133223711,0.0127218161,0.0142122461,0.0139668696,0.0133251948,0.0143882195,0.0124881808,0.0131611545,0.0132835088,0.0110295601,0.0116241751,0.0104302345,0.00840074383,0.00766366534,0.0063124164,0.00408030767,0.00335410424,,,0.00180354831,,0.000376355834,,,,,,,,,,,,,,,,,,,,-0.0740436092,-0.0716656744,-0.0683806986,-0.0652484968,-0.0619977079,-0.059369348,-0.0568376705,-0.0542047992,-0.051505588,-0.0490011871,-0.0465506911,-0.0446680225,-0.0427022018,-0.0407255366,-0.03861247,-0.0366378278,-0.0349000283,-0.0335143693,-0.0316824839,-0.0295679942,-0.0282895155,-0.02689806,-0.0249092095,-0.0239477418,-0.0210519694,-0.0200044475,-0.0187668093,-0.0179532543,-0.0172305182,-0.0163026899,-0.0152742863,-0.013978608,-0.0127776414,-0.0118447207,-0.010050647,-0.00925322622,-0.0076193884,-0.00660435855,-0.00530710071,-0.00393274426,-0.00317709893,-0.00156782568,-0.00130581856,0.000305637717,0.00168912113,0.0024972856,0.00369508564,0.00466361642,0.00554144382,0.00595907867,0.00705873221,0.00705023855,0.00746316463,0.00765059888,0.00775486231,0.00745986402,0.00705739856,0.00711587816,0.00503122061,0.00420644879,0.000960759819,-0.00434527546,-0.00585314631,-0.0101344734,-0.0142904557,-0.0139537901,-0.0152119324,-0.0132380463
973,11.4680004,2026-08-27T10:32:37.890000+0000,-26.6957389,153.3354092,0.048136957,0.0431855805,0.0604517907,0.0447094589,0.0480627008,0.045408953,0.0499838181,0.0412722416,0.0425467342,0.0400772542,0.042039182,0.0352860875,0.0331574865,0.037417382,0.0313694999,0.0318568908,0.0312911943,0.0312101599,0.0294086151,0.0288072173,0.0285642557,0.0270028841,0.0271492153,0.02715322,0.0256001502,0.0254380703,0.0255005583,0.0254985243,0.023420047,0.0248479843,0.0237065721,0.0227641035,0.0244454965,0.0222622529,0.021788815,0.0219657496,0.0220278502,0.021293493,0.0214282814,0.0210842863,0.0206149742,0.0207065586,0.0203615781,0.0201065317,0.0200383924,0.019106729,0.0194393378,0.0188727193,0.0178878903,0.0181628373,0.0169918314,0.0168961082,0.0172107369,0.0166775007,0.0169056691,0.01706459,0.0168493241,0.0170632955,0.0163502842,0.0165845565,0.0158500653,0.0164745841,0.0163191818,0.0144741479,0.0162204001,0.0154123856,0.0158418212,0.0165622476,0.0144068738,0.0157452021,0.0162482336,0.0131682064,0.0164512023,0.0149935884,0.0124796759,0.0161243491,0.00978048611,0.0106110815,0.0116041033,0.00433299039,0.00740101933,0.00335499784,0.000467579346,0.0033589229,,0.000272599282,0.00424765982,,,,,,,,,,,,,,,,,,,,,-0.0729642361,-0.0691292509,-0.0662770644,-0.0637062639,-0.0598078966,-0.0573662221,-0.0559133589,-0.0525941402,-0.0506397188,-0.0476392359,-0.0453465655,-0.0438007526,-0.0412040912,-0.0395810232,-0.0378663726,-0.0357185751,-0.0340429209,-0.0322810411,-0.0304465443,-0.0289980732,-0.0276766233,-0.0259177573,-0.0241862871,-0.0215305202,-0.020773001,-0.0193453431,-0.0187117681,-0.0176290199,-0.0167611651,-0.0156127587,-0.0144270547,-0.0132861026,-0.0122231953,-0.0103891268,-0.0091317445,-0.00765791535,-0.00661289692,-0.00555565208,-0.00428129733,-0.00331567228,-0.00194638968,-0.000984363258,-2.29030848e-05,0.00121059269,0.00249873847,0.00332654268,0.00498505682,0.00575289875,0.00641052425,0.00675017387,0.00795169175,0.00779463351,0.00812208652,0.00804636627,0.00774140656,0.00700899214,0.00609753281,0.00599296391,0.00263829529,0.000262729824,-0.002583161,-0.00631082803,-0.00982204825,-0.0152478702,-0.016511105,-0.0170291848,-0.0155152753
974,11.559,2026-08-27T10:32:38.140000+0000,-26.6957389,153.3354092,0.0578469671,0.0483055525,0.0542017594,0.0509194806,0.0486426763,0.0475389473,0.0457838289,0.0448522381,0.0427667275,0.0411972478,0.0380191654,0.0377160981,0.0358774737,0.033467371,0.0336194895,0.0317868739,0.0307711754,0.0298001412,0.0289286077,0.0280672144,0.0275042355,0.0270828623,0.0260992069,0.0260732025,0.0254201461,0.0255480576,0.0246605445,0.0236185137,0.0235200357,0.0233079735,0.0230465587,0.0230140891,0.0223054849,0.0219722427,0.0211388078,0.0207157396,0.0203978382,0.0202434789,0.0200682711,0.0194642805,0.0194549579,0.0192965455,0.0187115669,0.0185265169,0.0184683762,0.018806709,0.0184393283,0.0171227045,0.0173578709,0.0166728199,0.0161418244,0.0165161062,0.0160107426,0.0160075054,0.0164656751,0.0154645992,0.0157993343,0.0156332981,0.0154802874,0.0149145592,0.0153800678,0.0155145824,0.0146291768,0.0149641419,0.0151503943,0.0140523817,0.0154818138,0.0141022382,0.0145168584,0.0163351819,0.0126182055,0.014578172,0.0145411622,0.0120935384,0.0139396209,0.012404291,0.0103004212,0.0117610134,0.0069640344,0.00774292089,0.00612094998,0.00109492848,0.000457520597,0.000338872429,,,0.00111772399,,,,,,,,,,,,,,,,,,,,-0.0736581013,-0.0710001737,-0.0673851967,-0.065313004,-0.0619421974,-0.0591038391,-0.0564121678,-0.0537393019,-0.0515800901,-0.0491556749,-0.046855174,-0.0443125069,-0.0424266905,-0.0400800295,-0.0387369655,-0.0366723016,-0.0349645205,-0.0330988504,-0.0313969776,-0.0299024805,-0.0279940069,-0.0267225541,-0.0252536945,-0.0235922299,-0.0213964656,-0.0195189416,-0.0187412761,-0.0174177177,-0.0169349648,-0.0157271102,-0.015028704,-0.0138829909,-0.0124320425,-0.0111491159,-0.00955505669,-0.00892766565,-0.00746382773,-0.0060788095,-0.00475157797,-0.00415722281,-0.00255160034,-0.00135230273,-0.00044029206,0.000431165099,0.00139465183,0.00307279825,0.00384061784,0.00520912558,0.00608694553,0.00651457161,0.00734422356,0.00806573778,0.00835865736,0.00780611485,0.00822039694,0.00821541995,0.00834298879,0.00629154593,0.00558697432,0.00402229279,-0.000303268433,-0.00285915285,-0.00644686073,-0.0103980377,-0.013433855,-0.0153070875,-0.016925104,-0.0160211734
975,11.6610003,2026-08-27T10:32:38.389000+0000,-26.6957389,153.3354092,0.056107007,0.0422756113,0.0574318133,0.0499595031,0.0487226769,0.0471989699,0.0489238463,0.0465322658,0.0423767418,0.044387266,0.0426091775,0.0430160835,0.0369774811,0.0403173827,0.0376294851,0.0364468694,0.0356011838,0.0346801579,0.0344086178,0.0329172201,0.03320425,0.0310628787,0.0315792076,0.030223215,0.0305601489,0.0298680738,0.029390553,0.0303885303,0.0280900542,0.0282579958,0.0291865803,0.026854109,0.027395498,0.0265922491,0.0263588168,0.0262457505,0.0254278481,0.0256434921,0.024768278,0.0255342852,0.0248149652,0.0239065494,0.0239615776,0.0216065347,0.0214584135,0.020916773,0.0198294092,0.0203228239,0.0196880307,0.0184730105,0.018752031,0.017946301,0.0179409161,0.0187976398,0.0178357773,0.0181446671,0.0179893747,0.0183933191,0.0176202897,0.0175045524,0.0176900607,0.0164245851,0.0174391977,0.0160241742,0.0163804293,0.0177124105,0.0165618267,0.0167322401,0.0174068511,0.0150051806,0.0165482182,0.0168181993,0.0136012305,0.0170936622,0.0133098243,0.0142146014,0.0143808844,0.00999164954,0.0102548692,0.00910403021,0.00387234427,0.00717668328,0.00108966231,,0.00417739293,,,,,,,,,,,,,,,,,,,,,,-0.0740871653,-0.0704292282,-0.068414256,-0.0650020689,-0.0626812652,-0.0594128892,-0.0569212213,-0.0542883575,-0.0510391444,-0.0490147173,-0.0472042225,-0.0446415544,-0.0427157357,-0.0412290767,-0.0385760143,-0.0365613587,-0.0346035697,-0.0327679068,-0.0315460302,-0.0297715403,-0.028503079,-0.0265316255,-0.0248927586,-0.0229912959,-0.0213855132,-0.020627968,-0.0195502862,-0.0179967061,-0.0168839358,-0.0161260366,-0.0156575777,-0.014191851,-0.0128508918,-0.0117279962,-0.0101639628,-0.00914661586,-0.00791282207,-0.00705783814,-0.00503061712,-0.0038362816,-0.00324066728,-0.00249137729,-0.000859364867,7.21141696e-05,0.00101561844,0.00223377347,0.0035315752,0.00503008068,0.00530789793,0.00665550679,0.00682515651,0.00716667622,0.00738961995,0.00733710825,0.00736142695,0.00745654106,0.00729419291,0.00632287562,0.00491847098,0.00327397138,-0.000281311572,-0.00196690112,-0.00594423711,-0.0108951554,-0.0132307112,-0.0156936496,-0.0189915076,-0.0147275254
976,11.8059998,2026-08-27T10:32:38.637000+0000,-26.6957389,153.3354092,0.0561369956,0.041915603,0.0465217791,0.04908951,0.0434026867,0.0433889478,0.0414938293,0.0426722616,0.0390167274,0.0379072465,0.0353291743,0.0361160897,0.0315974616,0.0313573591,0.0307094753,0.028596865,0.0277611613,0.0275401343,0.0267985966,0.0253372118,0.0250042342,0.0252328608,0.0240892041,0.023173213,0.0236901361,0.02264807,0.0213105455,0.0227085222,0.0207600463,0.0209079925,0.0216665678,0.0194741022,0.0200954936,0.0195922423,0.018918816,0.0182857402,0.0188378356,0.0183734819,0.0170182716,0.0180942733,0.0175149571,0.0171065405,0.0162815601,0.0159965307,0.0153884161,0.0154367816,0.0146494284,0.0144528598,0.0138280857,0.0132630924,0.0129221203,0.0134363985,0.0132910106,0.0133577194,0.012595837,0.0130347088,0.0132994009,0.0131933372,0.012600298,0.0129945502,0.0123400548,0.012054584,0.0119792037,0.0125541836,0.0124804359,0.012482415,0.012761822,0.0131822247,0.0130368304,0.0134051498,0.0133481845,0.0123981703,0.0121612083,0.0113336593,0.0118398499,0.0103546716,0.0102410261,0.00849187374,0.00648519024,0.0063844854,0.00407293998,0.00160746137,,,,,,,,,,,,,,,,,,,,,,,,,,-0.0708536729,-0.068478696,-0.0655564964,-0.0624756925,-0.0594973378,-0.0572656617,-0.0543327965,-0.0519735813,-0.0495091528,-0.0470886491,-0.0449959934,-0.0430001765,-0.0408035144,-0.0384204648,-0.036685802,-0.0354180075,-0.032962352,-0.0312504694,-0.0299859717,-0.0280075148,-0.0266660564,-0.0253271945,-0.0235457309,-0.0216499567,-0.0208324119,-0.019574713,-0.0180811174,-0.0172983296,-0.0160904117,-0.015501935,-0.0143461935,-0.0131052323,-0.0115223378,-0.010638319,-0.0092509836,-0.00762721151,-0.00648223609,-0.00529503822,-0.00378071517,-0.00291509926,-0.00132583082,-0.000833794475,0.00023766607,0.00106119365,0.00291933864,0.00375715643,0.00479564071,0.0057534501,0.00667104125,0.00704069436,0.00804220885,0.00818514824,0.00763264298,0.00765698403,0.00734211504,0.00690981746,0.00627855957,0.00522422791,0.00208982825,0.000524669886,-0.00187078863,-0.00596792996,-0.0106986761,-0.0117141157,-0.0172869079,-0.0170046128,-0.0147905648
977,11.9519997,2026-08-27T10:32:38.886000+0000,-26.6957389,153.3354092,0.0488069952,0.0503856018,0.0454918109,0.0465895124,0.0454826802,0.0441889614,0.0446138345,0.0421622545,0.0420167185,0.0397572555,0.0373891704,0.0357060693,0.0351574682,0.0323973708,0.0329894722,0.0310968626,0.029741168,0.029550137,0.0281186011,0.0276272073,0.0269442312,0.0262428615,0.0257091988,0.0250132084,0.0248401482,0.0241780616,0.0234105512,0.0232485179,0.0231700484,0.0215879921,0.022296574,0.0213541072,0.0208354928,0.0213022474,0.0202488117,0.019535739,0.0199578367,0.0196434781,0.0191582721,0.018694276,0.0188349541,0.0184365436,0.0181715637,0.0160765275,0.0155484099,0.0152067747,0.0151894316,0.0144528598,0.0133880842,0.0140030915,0.0127721252,0.0127464002,0.012931006,0.012747718,0.0128758373,0.0119747147,0.0126494048,0.0123933386,0.0122502921,0.0120645501,0.0124700526,0.0122345826,0.011999201,0.0113041811,0.0127704386,0.0119524179,0.0121918228,0.0126322228,0.012236828,0.0116451476,0.0115381852,0.0119181704,0.0113112088,0.0108436607,0.0107598472,0.00985467061,0.00896102563,0.00779187307,0.00650519039,0.00359448558,0.00225294195,0.000537461136,,,,,,,,,,,,,,,,,,,,,,,,,,-0.0727176666,-0.0694026947,-0.066510506,-0.0639897063,-0.0608313419,-0.0578596592,-0.0557767861,-0.0526775792,-0.0508231595,-0.0474926569,-0.0462199971,-0.0432541743,-0.0417375118,-0.0399244614,-0.0377198011,-0.036222022,-0.0342163518,-0.0323344767,-0.0306599885,-0.0292715132,-0.0273000635,-0.025891196,-0.023209732,-0.0217839554,-0.0209164023,-0.0194287188,-0.0186851285,-0.0174923353,-0.0166144185,-0.0158159398,-0.0143401958,-0.0132092349,-0.0116163418,-0.0101623237,-0.00948499888,-0.00759121776,-0.00644624233,-0.00549904257,-0.00403471291,-0.00262910873,-0.00188983232,-0.000477798283,0.000523671508,0.0019171834,0.00277534127,0.0039331466,0.00506163388,0.00609944761,0.00671704859,0.0069866851,0.00751821697,0.00768115371,0.00755863637,0.0075429827,0.0071381107,0.00662582368,0.00687455386,0.00498022884,0.00370582193,0.000490657985,-0.00284479558,-0.00633192807,-0.0103126988,-0.0119281188,-0.0152008869,-0.016488608,-0.0167545751
978,12.1009998,2026-08-27T10:32:39.140000+0000,-26.6957389,153.3354092,0.0470669977,0.0444555767,0.0514817648,0.0424494855,0.0447426848,0.0436689667,0.0447938293,0.0411022417,0.0415067077,0.0394772291,0.0379391685,0.0334960781,0.0331274532,0.0323373638,0.030019477,0.0301368572,0.0288811624,0.0286001414,0.0275085904,0.0276372023,0.0256442335,0.0250928607,0.0250291936,0.0248231962,0.0243601315,0.0239980482,0.0236105453,0.0221285056,0.0226200335,0.0220279694,0.0211565532,0.0218340885,0.0209254846,0.0207722336,0.0204788018,0.0198357366,0.0198078267,0.0195734706,0.0190782603,0.018784266,0.0184449479,0.0185965337,0.0181715563,0.017026512,0.0170483813,0.0162267294,0.0158093534,0.0160527471,0.015107939,0.0143829091,0.01395192,0.0136762001,0.0141308382,0.0143275792,0.0142357321,0.01384464,0.0140993558,0.0137333097,0.0134802908,0.0143345548,0.0138100618,0.0128845796,0.0131791839,0.0131941559,0.0131004052,0.0137823923,0.0133418161,0.0140722273,0.0126368385,0.0137951588,0.0135181835,0.0119681507,0.0132511538,0.0116035528,0.0113996668,0.0113343857,0.0099305883,0.0088512674,0.00846438669,0.00315340934,0.00398158235,0.00163574377,0.00111854309,0.00108001009,,0.00181400799,1.91414729e-05,,,,,,,,,,,,,,,,,,,,,-0.0731706247,-0.0690356493,-0.0666734576,-0.0634126663,-0.0606043003,-0.0581026189,-0.0552297607,-0.0527905449,-0.0506961271,-0.0473356321,-0.0456529669,-0.0435171425,-0.0413104743,-0.0397774242,-0.0381527655,-0.0358649716,-0.034079317,-0.0321174376,-0.0305829458,-0.0287744775,-0.0274530165,-0.0258641578,-0.0244326927,-0.0222469196,-0.0203693956,-0.0202217251,-0.0189481452,-0.0183353834,-0.0166175105,-0.0159190707,-0.0150833577,-0.013562385,-0.0126794763,-0.0105854273,-0.0101180524,-0.0081942454,-0.00702923536,-0.00594201684,-0.00450767577,-0.00364205986,-0.00222278386,-0.00117075443,-0.000439301133,0.000404208899,0.00201235712,0.00289016962,0.00395866483,0.00484649092,0.0059940964,0.00627374649,0.00654526055,0.00632818788,0.00724565238,0.00790993124,0.00696501136,0.00723261386,0.00556122512,0.00461672992,0.0038421452,9.67159867e-05,-0.00291902572,-0.00563652813,-0.0105975643,-0.0134932548,-0.01453631,-0.0159142017,-0.0140002258
979,12.25,2026-08-27T10:32:39.389000+0000,-26.6957389,153.3354092,0.0467170104,0.0499455966,0.0594118163,0.0471095033,0.0485726781,0.0478489548,0.0512338541,0.0430122502,0.0449467115,0.0422272496,0.0425591655,0.0366560854,0.0372974649,0.037707381,0.0332194827,0.0341868661,0.0328411721,0.0317001455,0.0304286052,0.0299472082,0.0294642486,0.0277128704,0.0286892131,0.0275132116,0.0274501517,0.0262880716,0.02741055,0.0255685225,0.0253100507,0.0257979892,0.0235265717,0.0247341096,0.0242054984,0.0233822521,0.0231188163,0.0228557475,0.0223978423,0.0221234839,0.0220382772,0.0217042807,0.0214749631,0.020626545,0.0203615725,0.0193165354,0.0192484092,0.0191967636,0.0184394084,0.0184228159,0.0177380219,0.016843006,0.0168620255,0.017006306,0.0167309213,0.0166876446,0.0167557802,0.0166046713,0.0159393754,0.0165533219,0.0165502895,0.0160745531,0.0162700564,0.0159745831,0.0157391969,0.0154141719,0.0152604263,0.0161824096,0.0169018246,0.0162722338,0.0167768467,0.0154751707,0.0157182068,0.0156581886,0.0147412177,0.0149636483,0.0148498025,0.0133945812,0.0129608624,0.0120216263,0.00979484525,0.00743400771,0.00722232182,0.00267666206,0.00304964418,0.00113119138,0.000957387849,0.000835323706,0.00333042443,,,,,,,,,,,,,,,,,,,,,-0.0744172037,-0.0710622221,-0.0682300255,-0.0648892298,-0.0621108636,-0.0598092005,-0.0567263216,-0.0538871139,-0.0514326841,-0.048932191,-0.0472795367,-0.0445237011,-0.042717047,-0.0413139947,-0.0388793387,-0.0373115391,-0.0355258882,-0.0337040015,-0.0319195129,-0.0306010395,-0.0293395855,-0.0273507349,-0.0256192647,-0.0234234892,-0.022185944,-0.0207582675,-0.0198746882,-0.0194219016,-0.0179240145,-0.0167755559,-0.0161598176,-0.0145788714,-0.0132659711,-0.0115719438,-0.0107645765,-0.00959078968,-0.00812579691,-0.00678858906,-0.005684264,-0.00454863906,-0.0029393509,-0.00216734409,-0.00106585771,-4.23491001e-05,0.000875800848,0.00228360295,0.00312211365,0.0042899251,0.00475753099,0.00558718294,0.0062187016,0.00631164759,0.00678911805,0.00762345642,0.00665855408,0.00609621406,0.00620488822,0.00441046804,0.00280597806,0.00169070065,-0.00375489891,-0.00515222549,-0.00904313475,-0.0142687112,-0.0144216344,-0.0138994642,-0.0141154863
980,12.408,2026-08-27T10:32:39.638000+0000,-26.6957389,153.3354092,0.0530069694,0.0519955754,0.0557317659,0.0497694798,0.0499326773,0.0475589484,0.0474338457,0.0465822369,0.0424467102,0.0434872583,0.0396891683,0.0394860804,0.0355474688,0.0369073786,0.0344194844,0.0328168646,0.0319811776,0.0310101435,0.0306386035,0.0288872104,0.0287242383,0.0278328657,0.0279392041,0.0267432053,0.0268801488,0.0261180606,0.0251205489,0.0256585199,0.0244200453,0.0237279907,0.0247665681,0.0231741033,0.0235954933,0.0227922443,0.0227588154,0.021605745,0.0213578418,0.021143483,0.0210482702,0.0206242781,0.0208549593,0.0203965418,0.0198915638,0.0178965237,0.0175184011,0.0169967581,0.0167293977,0.0165128093,0.0161480177,0.0154830031,0.0148220239,0.0152963009,0.0150909228,0.0149476454,0.0149057815,0.0146446712,0.0150293792,0.0149233183,0.0145302899,0.0141545525,0.0147300595,0.0144845825,0.0136291943,0.0144041693,0.0139404237,0.0146424063,0.0151818227,0.0144822318,0.0148068415,0.0151151633,0.0136081968,0.0141581781,0.014451202,0.0130236316,0.0136597855,0.0120345615,0.0110808415,0.0113116046,0.00813482329,0.00852398388,0.00661229622,0.00157663878,0.00303962547,0.00261118123,,,0.00167044532,,,,,,,,,,,,,,,,,,,,,-0.0722511783,-0.0676462129,-0.065334022,-0.062703222,-0.0588448495,-0.0562931895,-0.0538603142,-0.0512310937,-0.0493966676,-0.0467361808,-0.0443535224,-0.0427377038,-0.0402510315,-0.0383479707,-0.0365833119,-0.0347755328,-0.032779865,-0.0314679854,-0.0295634978,-0.027405031,-0.0263635777,-0.0239947177,-0.0223232545,-0.021797467,-0.0203799307,-0.0199322589,-0.0182086714,-0.0174558945,-0.016458001,-0.0154795498,-0.0141638145,-0.0130128562,-0.0113599524,-0.010375917,-0.00915856659,-0.00745476782,-0.00592978299,-0.00463256985,-0.00326823443,-0.00213263184,-0.00130333751,-0.000561311841,0.000820152462,0.00162366033,0.00276181847,0.00414963067,0.00502812862,0.00494594127,0.005873546,0.00686319172,0.00760470331,0.00709763914,0.00751513243,0.00764945149,0.00737454742,0.00741220266,0.00637089461,0.00504647195,0.00347197801,0.000266686082,-0.00246891379,-0.0063162148,-0.00975713879,-0.0126727,-0.0151856281,-0.015593458,-0.0132994615
981,12.5679998,2026-08-27T10:32:39.887000+0000,-26.6957389,153.3354092,0.0613469779,0.0535255745,0.0515117608,0.0540194698,0.0495126694,0.0481189638,0.0472538434,0.0477622598,0.0446367301,0.0434372462,0.042409163,0.0402860902,0.0378474556,0.038147375,0.0364694744,0.0346168615,0.0341211706,0.0330901481,0.0319486037,0.0313472077,0.0307642333,0.0299928579,0.0298392046,0.0287632048,0.0286101419,0.0281380601,0.0280705467,0.0276085231,0.0261100475,0.0273279864,0.0261565708,0.0253541078,0.0256454907,0.0247222427,0.024668809,0.024555739,0.0243378393,0.0235434845,0.0236282703,0.0233842749,0.0228649508,0.0226565376,0.0217615664,0.0199465305,0.0198084135,0.0195867773,0.0181294307,0.0184228569,0.0177380834,0.016473094,0.0172221251,0.0169963986,0.0164610092,0.0172777157,0.0160158407,0.0156947151,0.0161994044,0.0158833358,0.0156302918,0.0158645511,0.0162300542,0.015354584,0.0160692036,0.0143441819,0.0138904359,0.0160224158,0.0146818217,0.0150422249,0.01684683,0.0140651483,0.0153081864,0.0156281684,0.0124612097,0.0154636614,0.0127598476,0.0100046732,0.013971027,0.00849187374,0.0107251899,0.00778448535,0.00144294091,0.00609746017,0.00109064253,,0.000958647695,0.000286682742,,,,,,,,,,,,,,,,,,,,,,-0.0727356672,-0.0697606951,-0.0665785,-0.0638177022,-0.0612893291,-0.0576876551,-0.0550747924,-0.0530255809,-0.0502511486,-0.0484106578,-0.0462179855,-0.0434121713,-0.0422455072,-0.0400124528,-0.0379378051,-0.0357900076,-0.0340143517,-0.0326424688,-0.0315779746,-0.0292095095,-0.0276580639,-0.0258392058,-0.0237577371,-0.0224519446,-0.0216244012,-0.0198967196,-0.0194131248,-0.0183203332,-0.017212417,-0.016693946,-0.0151381977,-0.014487233,-0.0127543435,-0.0113203228,-0.00980298966,-0.0086992085,-0.00726424158,-0.00585704297,-0.00512270629,-0.00372710079,-0.00237783045,-0.00128579885,-0.000714331865,0.000939190388,0.00162734091,0.00260515511,0.00385364145,0.00540144742,0.00564905256,0.00647868961,0.00678020716,0.0076231584,0.007380642,0.00751498342,0.00725012273,0.00684782118,0.00607656687,0.0055122301,0.00319782645,0.000722669065,-0.00258278847,-0.00684992224,-0.00991069525,-0.0121961311,-0.0147188939,-0.0160866044,-0.0142625645
982,12.7259998,2026-08-27T10:32:40.135000+0000,-26.6957389,153.3354092,0.0568170175,0.0426155962,0.0526418015,0.0476694889,0.0480326898,0.0478789657,0.0481038354,0.0461422391,0.042776715,0.0421072356,0.0413791724,0.0377160944,0.0353074744,0.036127381,0.0342394821,0.0326368809,0.0319811814,0.0308301412,0.0300886054,0.0293372143,0.028904248,0.0280128606,0.0278292075,0.0274232086,0.0268701538,0.0264080707,0.025880551,0.0255685225,0.0240500532,0.0247579925,0.0241865739,0.0238641053,0.0235854983,0.0230022501,0.0226788148,0.0221957527,0.0224778466,0.0209034886,0.0217282735,0.0215442795,0.0210049655,0.0200765505,0.0210715681,0.0192265324,0.0189384054,0.0188767686,0.0184394084,0.018042814,0.0175880268,0.0169730112,0.0164420288,0.0165963005,0.0163109172,0.0165476408,0.0164757799,0.0163346697,0.0162493791,0.0165933203,0.0163402911,0.0161345527,0.0157900564,0.0156945847,0.0152091961,0.0150941731,0.0160204265,0.016512407,0.0159218237,0.0159622338,0.0159268472,0.0148851704,0.0153082088,0.0154281892,0.014831217,0.0157336481,0.0137598058,0.0133045819,0.0122708622,0.010521627,0.00993484538,0.00948400702,0.00612232182,0.00445666164,0.00109964097,0.000431194436,0.00104739086,0.00167532451,,,,,,,,,,,,,,,,,,,,,,-0.0722552016,-0.0694102272,-0.066078037,-0.0637072325,-0.0606688708,-0.0576272011,-0.0549843237,-0.0533351228,-0.0504406914,-0.0481601991,-0.0454375371,-0.0438217148,-0.0416950583,-0.0395219885,-0.0381273441,-0.0364695564,-0.0342938825,-0.0325920098,-0.0304775201,-0.0293790475,-0.0271175914,-0.0257787295,-0.0242272653,-0.0229914971,-0.0216839463,-0.0197262801,-0.0192126967,-0.0180099048,-0.0174020194,-0.016883567,-0.0150278285,-0.0141768754,-0.0125639699,-0.0111399516,-0.0105125904,-0.00888878852,-0.00759380311,-0.00578659773,-0.00464226305,-0.00372663885,-0.00225736201,-0.00132534653,-0.000723868608,0.000669635832,0.00243779272,0.0033256039,0.00445410609,0.00499191135,0.00616952777,0.00655917823,0.00752069801,0.00725363195,0.00755111128,0.00782544911,0.00797054917,0.00708820671,0.00606688112,0.00533246994,0.00351797789,0.000292696059,-0.00239291042,-0.00675021857,-0.00862112641,-0.0139466897,-0.0165796429,-0.014437478,-0.0148934834
983,12.882,2026-08-27T10:32:40.383000+0000,-26.6957389,153.3354092,0.0484569892,0.0457856059,0.0484517738,0.046179492,0.0460026748,0.045838967,0.0459438488,0.0440222472,0.0442267135,0.0410772339,0.0381591767,0.0374860764,0.0346174575,0.033557374,0.0325894877,0.0317668729,0.0309311654,0.0309201404,0.0296286028,0.0292672049,0.0277742445,0.0275328606,0.0271492042,0.027053209,0.0260901488,0.0258280691,0.0250205472,0.0250085164,0.0245100483,0.0242479891,0.0237765722,0.0234841071,0.0231354944,0.0221922416,0.0223088153,0.021815747,0.0215778425,0.0219734851,0.0213582739,0.0206942763,0.0206149612,0.0199165456,0.0194115676,0.0198665243,0.0189383999,0.0187267605,0.0186694022,0.0181128141,0.0171380211,0.017353002,0.0165720247,0.016536301,0.0167109165,0.0166076496,0.0163557827,0.016604675,0.0161393806,0.015953321,0.0163602903,0.0165845528,0.0157200582,0.0157745834,0.0161991958,0.0153241707,0.0159404241,0.0162224062,0.0163918231,0.0167022292,0.0158068445,0.0171551649,0.0157981981,0.0163081773,0.0163012035,0.0147836301,0.0157597866,0.0141945593,0.0137908403,0.0139616048,0.0108848233,0.0098539833,0.0074622957,0.00499663781,0.00498962123,0.00201117853,0.00341738481,0.00264533097,0.00481044594,,,,,,,,,,,,,,,,,,,,,-0.0726611838,-0.0683462098,-0.0662340224,-0.0634832233,-0.0596248507,-0.0577031821,-0.0548503175,-0.0528810993,-0.0500666834,-0.0473661721,-0.0455235168,-0.0436477028,-0.0411710292,-0.0395579748,-0.0375033244,-0.0352755412,-0.0333098695,-0.0316579901,-0.0301134996,-0.0286550298,-0.0268035792,-0.0253947265,-0.0233832486,-0.0219574757,-0.0207299292,-0.0197722502,-0.0185186751,-0.0177958943,-0.0168679915,-0.015899539,-0.0143438056,-0.0131028593,-0.0119799599,-0.0104359239,-0.00970856845,-0.00764477253,-0.00686977804,-0.00573257357,-0.00416824967,-0.00264262408,-0.00182334334,-0.00121131539,0.000580154359,0.00107365847,0.00240180641,0.00374962389,0.00471812487,0.00534593314,0.00627353787,0.00691318512,0.00743469596,0.00761764497,0.00782512128,0.00792944431,0.00724454969,0.006762214,0.00638089329,0.00499646366,0.00420197099,8.66800547e-05,-0.00300891697,-0.00627623498,-0.0101371333,-0.0129927024,-0.0139556415,-0.0150634535,-0.0134194605
984,13.0270004,2026-08-27T10:32:40.632000+0000,-26.6957389,153.3354092,0.0554369874,0.0496456027,0.0561017878,0.0506094843,0.0500126928,0.0480689518,0.0496838316,0.046462249,0.0445067324,0.04295725,0.0417691581,0.0381960832,0.0362674594,0.0370073617,0.0341494717,0.0336968638,0.0319811739,0.0314501412,0.0304485932,0.0285871997,0.0293842368,0.0277628563,0.027739197,0.0267532002,0.0263001472,0.0253380556,0.0249205418,0.0243685152,0.023240041,0.0245079808,0.022626562,0.0225240961,0.0230654925,0.0221922379,0.0213488117,0.0217557419,0.0212178323,0.0208534803,0.0203682669,0.0203942731,0.0197649579,0.0203965381,0.0198115613,0.020806523,0.0212184004,0.0209067576,0.019979395,0.0199428052,0.0196780171,0.0184729993,0.0191220231,0.0184363034,0.0184709243,0.0189976487,0.0175757892,0.0186046734,0.0177993793,0.0182133261,0.0182202905,0.018034555,0.017640058,0.0167745799,0.0173091926,0.0162441712,0.0172204208,0.0185124036,0.01709182,0.0169422273,0.0185068343,0.0160951559,0.0178681873,0.0159181654,0.016511187,0.0182636157,0.0152997654,0.0156645365,0.0143408179,0.0119315814,0.0124547994,0.0084539596,0.00790227298,0.00730661396,0.00303960452,0.00494116312,0.00180737569,0.0019453424,0.00518046785,,,,,,,,,,,,,,,,,,,,,-0.0730491653,-0.0701941922,-0.0667919964,-0.0637912005,-0.0616928302,-0.0592311583,-0.0554982796,-0.0536990687,-0.0514946468,-0.0491341501,-0.0465514883,-0.0446856692,-0.0423890017,-0.0403459482,-0.0388012901,-0.035813503,-0.0344778486,-0.0326459669,-0.0311714821,-0.0293730125,-0.0284115486,-0.0260026939,-0.024991218,-0.0211254545,-0.0205379128,-0.0192302354,-0.0184766538,-0.017473869,-0.0170359723,-0.0162075162,-0.01532178,-0.0145108216,-0.0133779198,-0.0119038895,-0.0107865408,-0.00921274722,-0.00790776312,-0.00726053864,-0.0055462122,-0.00458058715,-0.00298131257,-0.00244928896,-0.000797815621,-0.000114306808,0.000773839653,0.00227165222,0.00321014225,0.00444795936,0.00498556346,0.00566520542,0.00648672134,0.00657966733,0.00681713223,0.00689145923,0.00671655685,0.00530420244,0.00591288507,0.00451847166,0.00220397115,0.00196868926,-0.00291690975,-0.00577423722,-0.0091451183,-0.0133406892,-0.0121135972,-0.0157514177,-0.0122974142
985,13.1709995,2026-08-27T10:32:40.881000+0000,-26.6957389,153.3354092,0.0415370166,0.0408455804,0.0642217994,0.0433094688,0.0460426956,0.0447189659,0.0489738248,0.0393322557,0.0407767035,0.0400972404,0.0415391736,0.035686072,0.0330474637,0.0381073654,0.0316694677,0.0319468714,0.0310211629,0.0308401454,0.0282885935,0.0292372033,0.0289242379,0.02659286,0.0274291951,0.0266532153,0.0262901355,0.0255280621,0.0256905481,0.0257685203,0.0236900467,0.0257879887,0.0239565708,0.0229141023,0.0248154961,0.0232422445,0.0232788138,0.0225657411,0.0221678354,0.021813482,0.0224082675,0.0217742715,0.0213149544,0.0214065388,0.0209115669,0.0271465257,0.0267484132,0.0256867763,0.025629431,0.0258928575,0.0251880866,0.0245530922,0.0240721218,0.0238864012,0.0242210086,0.0235777181,0.0232358407,0.0232147127,0.0232294034,0.0233733375,0.0226302948,0.0228645504,0.0225400552,0.0223445836,0.0224592015,0.0219241828,0.0219804365,0.0222024154,0.0214518216,0.0227422249,0.021656828,0.0220051501,0.0231181867,0.0204081703,0.0210712086,0.0210336596,0.0185798481,0.0201046728,0.0180710256,0.017141873,0.0171751902,0.0130244866,0.0113929417,0.00889745913,0.00760063948,0.0064323009,0.00351865217,0.00515668048,0.00794181786,,,,,,,,,,,,,,,,,,,,,-0.0733076856,-0.0702127144,-0.0666205138,-0.0645997077,-0.0610013418,-0.0586996786,-0.0556167997,-0.0534275919,-0.0512231588,-0.0484926663,-0.0459900051,-0.0440841764,-0.0419775173,-0.0400644653,-0.0384898111,-0.0360720195,-0.0342963636,-0.0328144804,-0.0308799967,-0.0290315226,-0.0276400708,-0.0259412117,-0.0242097415,-0.0231539607,-0.0214364156,-0.0211687349,-0.0193551369,-0.0186023451,-0.0176544227,-0.0164959468,-0.01553021,-0.0137492456,-0.012686342,-0.0108823404,-0.00980499387,-0.00856121629,-0.00751625746,-0.00618904829,-0.00489472598,-0.00392910838,-0.00248983502,-0.001167804,-0.000246338546,0.00067717582,0.00231533498,0.00339313596,0.00426162779,0.00511943549,0.0066870302,0.00706668198,0.00700820237,0.00726114213,0.00753863156,0.00749298185,0.00741811097,0.00711581111,0.00580455363,0.00543022156,0.00328582525,0.000590652227,-0.00339480489,-0.00591191649,-0.00913269818,-0.012478143,-0.0132709108,-0.0137486346,-0.0139945894
986,13.3179998,2026-08-27T10:32:41.135000+0000,-26.6957389,153.3354092,0.0536970347,0.0572256036,0.0509917811,0.0515395105,0.0505627021,0.0486789569,0.0462738611,0.04586225,0.0455567315,0.0434472337,0.0426691584,0.0412160717,0.0400674604,0.0391873717,0.0373394787,0.0362868644,0.0352511704,0.0347801335,0.0330486074,0.032727208,0.0318842381,0.0318228565,0.0300192013,0.0307132211,0.029870145,0.0294880662,0.0287205577,0.0288985241,0.0286300592,0.0276679955,0.0280265808,0.0273341164,0.026865501,0.0268922541,0.0262888186,0.026025746,0.0253578462,0.0256334897,0.0250682794,0.024684282,0.0249649603,0.0245365463,0.0238815695,0.0254065413,0.0253284313,0.0241168048,0.0240794774,0.023382917,0.0235281643,0.0228431858,0.0219822284,0.0228865035,0.0220710933,0.0223477893,0.0222058892,0.0222547501,0.0218794234,0.0224933438,0.0222102962,0.0216445476,0.0219400488,0.0208645854,0.0206192117,0.0212741997,0.0207104534,0.0214924291,0.0214918293,0.0206722226,0.0222368278,0.0210951511,0.0201881919,0.0211481862,0.0195312425,0.0201837234,0.0196599513,0.0167748295,0.0191812608,0.0159921944,0.0137856118,0.0128150471,0.0105436463,0.0100583462,0.00564172771,0.00578348292,0.00616994686,0.00556804007,0.00555316731,,,,,,,,,,,,,,,,,,,,,-0.073530212,-0.0699852407,-0.0676430389,-0.0640322492,-0.0617438778,-0.0592021942,-0.0557693318,-0.0540101156,-0.0515256822,-0.0485052019,-0.046602536,-0.0444367155,-0.0426100455,-0.0405969918,-0.0384723358,-0.0365045443,-0.0342488959,-0.032767009,-0.031752523,-0.0297340564,-0.0278826095,-0.0262437426,-0.0256422721,-0.0234364867,-0.0219089426,-0.0210312419,-0.0198076293,-0.0188348144,-0.0177568793,-0.0172583871,-0.0157626346,-0.0143816769,-0.0127788037,-0.011584796,-0.010547474,-0.00841370225,-0.00758875906,-0.00626156479,-0.00478725135,-0.00387165695,-0.00290237367,-0.00167033821,-0.000718869269,0.000474661589,0.00132282078,0.00278061628,0.00402911007,0.00475691259,0.0055044964,0.0061641559,0.00607566535,0.00641861558,0.00684613734,0.00714049488,0.00676565617,0.0067134127,0.00550223142,0.00497796386,0.00297366083,0.000288635492,-0.0017266646,-0.00651360303,-0.00823423266,-0.0114295557,-0.0136821754,-0.0143798143,-0.0138457604
987,13.4589996,2026-08-27T10:32:41.384000+0000,-26.6957389,153.3354092,0.0596170165,0.043215584,0.0590717793,0.0497395024,0.0474226959,0.0457989462,0.0485738516,0.0467922613,0.042196732,0.043457251,0.0426591821,0.0422360934,0.0365574695,0.0402473733,0.0367494747,0.0351368748,0.0345611796,0.0343201421,0.0329686105,0.0318872184,0.0327342488,0.0308828671,0.0303192083,0.0299332216,0.0298701469,0.0288080685,0.0294005591,0.0287185274,0.027730057,0.0280979965,0.0275465827,0.0263041165,0.0269454978,0.0265922491,0.0262188204,0.026325753,0.0262578484,0.0251834914,0.0250682812,0.0249942876,0.024964964,0.0243765488,0.0238015745,0.0265965406,0.0257984214,0.025136793,0.0243094452,0.0233828686,0.0228580944,0.0217330996,0.0218421277,0.0224964023,0.0212110057,0.0218477156,0.0212358348,0.0206547063,0.019829398,0.0206333306,0.0203302912,0.0204145499,0.0202000551,0.0197145864,0.0197892021,0.0202541873,0.0195104424,0.0198124181,0.020521827,0.0193022322,0.0199068394,0.0203951653,0.0187682025,0.0188281946,0.0198512375,0.0169736929,0.0192898866,0.0169447139,0.0154510718,0.0158119202,0.0120652365,0.0119245332,0.00800299086,0.00671750773,0.0037006815,0.00559233921,0.00113865791,0.00458666496,0.00591177307,,,,,,,,,,,,,,,,,,,,,-0.0729537234,-0.0690687522,-0.0669765472,-0.0631957501,-0.0600973964,-0.0581457131,-0.0550928488,-0.0525336303,-0.0506092012,-0.0479387194,-0.0458360463,-0.0440802313,-0.0415935628,-0.039620515,-0.0373458527,-0.0355080701,-0.0341724046,-0.0320005193,-0.0306160375,-0.0289475694,-0.0270961188,-0.0256972499,-0.0239157863,-0.0231299996,-0.0220124647,-0.0210347734,-0.0199311711,-0.0189583749,-0.0182404704,-0.017131988,-0.0160762519,-0.0146552995,-0.0130424015,-0.0118583962,-0.0107810423,-0.00912727416,-0.0076622963,-0.00666510314,-0.00528077036,-0.00397516042,-0.00332588702,-0.00212385505,-0.0014923811,-0.000278875232,0.000989295542,0.00241708755,0.00351558626,0.00427339226,0.00487100333,0.00573065132,0.00637217611,0.00663511455,0.00601261109,0.00756696612,0.00595209002,0.00656981021,0.00653854758,0.00393421203,0.00297980756,0.00124466419,-0.0031907931,-0.00496791303,-0.0103586987,-0.0132541321,-0.013416931,-0.0156746842,-0.0137606598
988,13.5629997,2026-08-27T10:32:41.632000+0000,-26.6957389,153.3354092,0.0578770265,0.0549855866,0.0605817959,0.0562794991,0.0542727001,0.0530389696,0.0540638529,0.0509822555,0.0495867245,0.0482672565,0.0465191789,0.0434260704,0.0413674787,0.0421473756,0.039189484,0.0384168737,0.0374911837,0.0359701477,0.0358186066,0.0342772156,0.0345142372,0.0330528654,0.0321392044,0.0321632102,0.031630151,0.0305480678,0.0300505515,0.0300985277,0.0292500518,0.0300679915,0.0286065713,0.0271641091,0.0286954939,0.0268122461,0.0273988172,0.027285751,0.0265578441,0.0266934838,0.0256782733,0.0255342815,0.0253549647,0.0248465464,0.0246715695,0.0226365365,0.0216884073,0.022006765,0.0219094045,0.0207828172,0.021268025,0.0201730058,0.0198620278,0.0203063022,0.0196109209,0.0201276448,0.0200157817,0.0197746698,0.020129377,0.0196933206,0.0199802909,0.019734554,0.019650057,0.0196445826,0.0194191951,0.0191241745,0.018950427,0.0199524071,0.0205218233,0.0199622344,0.0215068478,0.0189851727,0.0195982084,0.0201581903,0.0177712161,0.0200336464,0.0175698046,0.0179445799,0.017510863,0.0145816272,0.0140248463,0.0131540066,0.00910232309,0.00840666145,0.00690964097,0.00415119482,0.00597738754,0.00445532613,0.00518042408,,,,,,,,,,,,,,,,,,,,,-0.0718752146,-0.0688702464,-0.0659880415,-0.0628772452,-0.0598088875,-0.057337217,-0.0549143404,-0.0517551303,-0.0496107042,-0.0477402024,-0.0450875461,-0.043071717,-0.0414050594,-0.039002005,-0.0371573456,-0.0354095548,-0.0334538966,-0.0318020172,-0.0302675255,-0.0285890549,-0.0272076018,-0.0253887437,-0.0236072801,-0.0215415023,-0.020943962,-0.0194462799,-0.0184626989,-0.0177699141,-0.0161020197,-0.015863575,-0.0145478398,-0.012926884,-0.0116639771,-0.00971995294,-0.00926259905,-0.00784879923,-0.00674381852,-0.00517659634,-0.00384227186,-0.00306665897,-0.00201737136,-0.00103534758,-6.38738275e-05,0.000759631395,0.00249779224,0.00346559286,0.00446409732,0.00538191199,0.00652951747,0.00648916513,0.00732068717,0.00755362958,0.00745110214,0.0081454441,0.00774052739,0.00695820153,0.00686687231,0.00534246117,0.00322796404,0.00053268671,-0.00258292258,-0.0065202266,-0.00785114616,-0.0131567121,-0.0149396434,-0.0154674836,-0.0142034926
989,13.6660004,2026-08-27T10:32:41.880000+0000,-26.6957389,153.3354092,0.0543769524,0.05596558,0.0485317372,0.0518894829,0.0503326729,0.050278943,0.0492938273,0.0474522561,0.0466967337,0.0450672619,0.0421291813,0.0401460975,0.0391074829,0.0370673798,0.0357894897,0.0353068784,0.0343911797,0.0335401446,0.0322286077,0.0319872051,0.030484248,0.0304928627,0.0292492118,0.0290632136,0.0279301461,0.0282380618,0.0272105467,0.0271385107,0.0266500376,0.0258679762,0.0254065581,0.0260840915,0.0248054806,0.024722239,0.02406881,0.0241057407,0.0237378385,0.0235434845,0.0230982769,0.0229242817,0.022554962,0.0224965438,0.0218415651,0.0212865174,0.0210683681,0.0208366923,0.0206792932,0.0200126544,0.0193978101,0.0186927356,0.0181917232,0.0180560052,0.0187506527,0.0182774309,0.0189856216,0.0182145573,0.0178893059,0.0180932824,0.0177202858,0.0180345625,0.0181800704,0.0177445821,0.0175991729,0.0177841298,0.0179003831,0.0182223711,0.0179018155,0.0181022473,0.017586872,0.0189451948,0.0177382212,0.0176281799,0.0173911545,0.0177635103,0.0158495605,0.0158741754,0.0149902338,0.0154707432,0.0121436659,0.0102224182,0.0100503052,0.00620410405,0.0036964959,0.00483774953,0.00171355275,0.00640127715,0.00387635548,,,,,,,,,,,,,,,,,,,,,-0.0734156817,-0.0699007064,-0.0672885105,-0.064217709,-0.0608793423,-0.0584476665,-0.0552348122,-0.0529955998,-0.0511411875,-0.0481606871,-0.0459780283,-0.0438622013,-0.0421255454,-0.0398124754,-0.0383178294,-0.0359000303,-0.0343943723,-0.0323424861,-0.0309880003,-0.0289595313,-0.0275180675,-0.0262292139,-0.0242077373,-0.0228419714,-0.0212444626,-0.0201468207,-0.019323267,-0.0190705284,-0.0174426883,-0.0165642947,-0.0155486092,-0.0137576461,-0.0125447176,-0.0105306432,-0.0105532333,-0.00878938287,-0.00719435513,-0.00613711029,-0.00521273911,-0.00402710587,-0.00275783241,-0.0018658191,-0.0005543679,0.000239118934,0.00128728151,0.00285507739,0.00383360684,0.00490143895,0.00513908267,0.00576872379,0.00621024519,0.00721316785,0.00695060194,0.0068448633,0.00627985597,0.00658738613,0.00651586801,0.00456122309,0.00385645032,0.00114075094,-0.00351528078,-0.00604313612,-0.0101044625,-0.0103404596,-0.0140437931,-0.0155319348,-0.0146480389
990,13.7740002,2026-08-27T10:32:42.136000+0000,-26.6957389,153.3354092,0.0543669499,0.0477255434,0.0557617918,0.0501594618,0.0479426794,0.0469889455,0.0506438166,0.0441822559,0.0439367108,0.0424872451,0.0429591723,0.0373760872,0.0366574638,0.0374773815,0.0341194868,0.0338268764,0.0330911875,0.0323201567,0.0306186117,0.0309772212,0.0301242508,0.0289628711,0.0289692041,0.028203208,0.0279401448,0.0275580641,0.0267305449,0.0263085142,0.0257500429,0.0267379787,0.0252565611,0.024964096,0.024735488,0.02405224,0.023928808,0.0234357491,0.0238878429,0.0233134869,0.0227882732,0.0227742791,0.0224849638,0.0221865475,0.0216115676,0.020816518,0.0209883843,0.0209967159,0.0199093334,0.0199427102,0.0191678815,0.0181828272,0.0186118204,0.0181061048,0.018350739,0.0192775037,0.01812567,0.0183645934,0.0180793293,0.018553298,0.0181602854,0.0187145602,0.0181200653,0.01770458,0.0179991797,0.0176341441,0.0178003963,0.0188923851,0.0183718186,0.0188422408,0.0183668621,0.0178951882,0.0196782164,0.017358182,0.0177111737,0.0182535537,0.015479641,0.0180543084,0.0159504414,0.0129110347,0.0150440568,0.0108029442,0.00835097395,0.00897494983,0.00432753609,0.00214889506,0.00427482184,0.00236261869,0.00775770191,,,,,,,,,,,,,,,,,,,,,-0.0734461844,-0.0703712106,-0.0671590194,-0.0644982234,-0.0611098483,-0.0583781824,-0.0561553165,-0.053556107,-0.0514116809,-0.048441194,-0.0459385365,-0.044482708,-0.0427060463,-0.0401629768,-0.038358327,-0.0362105407,-0.034604881,-0.0329529867,-0.030838497,-0.0296200365,-0.0280585773,-0.0263597183,-0.0243982486,-0.0224424824,-0.0212149471,-0.0206073038,-0.0195437409,-0.0179709829,-0.0173131302,-0.0162647106,-0.0156490169,-0.0137180574,-0.0124651454,-0.0110710785,-0.0102636889,-0.00837985426,-0.00755483657,-0.00627759844,-0.00511325896,-0.00392761827,-0.00283832848,-0.00184632838,-0.000614859164,0.000378623605,0.00177678466,0.00323459506,0.00372310728,0.00458092988,0.00571855158,0.00679820031,0.00658972561,0.00714265555,0.00704009831,0.00708439201,0.00725942105,0.00667699426,0.0062655434,0.004980959,0.00264628977,0.000710733235,-0.00220514834,-0.00613284111,-0.00844403356,-0.0123598836,-0.0155030936,-0.0152411312,-0.0144272111
991,13.8800001,2026-08-27T10:32:42.385000+0000,-26.6957389,153.3354092,0.05262696,0.0519155636,0.0594917797,0.0521694459,0.0518226698,0.0499389581,0.0501938276,0.0465922505,0.0448367111,0.0440872423,0.0427991673,0.0398060828,0.0388974659,0.038337376,0.0357194841,0.0350468829,0.034381181,0.0333601534,0.0319486149,0.0314272195,0.0309542455,0.0304928627,0.0293391999,0.0296532102,0.028510144,0.0287180655,0.0285505485,0.027038509,0.0273700394,0.0275079757,0.0257365592,0.0266240872,0.025415482,0.025012238,0.0252488106,0.0250657406,0.0246278401,0.0240634829,0.0241682772,0.0231542811,0.0234149601,0.0228965506,0.0222415645,0.0195465162,0.0198883675,0.0190366916,0.0188992973,0.0188726559,0.0175978094,0.0175027363,0.0175717231,0.016956009,0.0170906559,0.0172174294,0.0167656168,0.0166745558,0.0167293064,0.0171432849,0.0170302838,0.0167345591,0.0162100699,0.0167045817,0.016449172,0.0160741322,0.0161003824,0.0164523702,0.0159818139,0.016872244,0.0162568726,0.0159051977,0.0166282188,0.01587818,0.015831152,0.0153935095,0.0137595609,0.0143941743,0.0128702344,0.0125507433,0.0106536653,0.00788241718,0.00701030437,0.0038041044,0.00434649922,0.00265775435,,0.00195127632,0.00240635592,,,,,,,,,,,,,,,,,,,,,-0.0729316771,-0.0693566948,-0.0668345019,-0.0639837012,-0.060595341,-0.0583336726,-0.055830799,-0.0528215989,-0.0506771803,-0.0478566885,-0.0465340205,-0.0440882072,-0.041851528,-0.0403084755,-0.037613824,-0.0365960188,-0.0348803587,-0.0321784839,-0.0308739915,-0.0289055146,-0.0279840715,-0.0258251987,-0.0243337415,-0.0226179771,-0.0208504461,-0.0201128162,-0.0190592632,-0.0186065212,-0.0170986801,-0.0160102844,-0.0152245983,-0.0136936456,-0.0124307238,-0.0106966421,-0.0101392344,-0.00861538202,-0.00709034503,-0.0061231032,-0.00446873903,-0.00361310691,-0.00233381987,-0.000981807709,-0.000140354037,0.000883117318,0.00226128101,0.00316908956,0.00485761464,0.00530545413,0.00602307916,0.00682272762,0.00690425187,0.00765716285,0.00836460292,0.00831887126,0.00754386187,0.00725139678,0.00672987849,0.00414522737,0.00412045419,0.0005447492,-0.00264126807,-0.00616914034,-0.0102604777,-0.0132164396,-0.0150298029,-0.0164379254,-0.0158140399
992,13.993,2026-08-27T10:32:42.635000+0000,-26.6957389,153.3354092,0.0540369898,0.0495155975,0.0521717519,0.0481195003,0.0475026816,0.0453389436,0.0462938435,0.0451622456,0.0404267088,0.0399572328,0.040639177,0.0372960903,0.0348274745,0.0342073776,0.0339794829,0.0323868655,0.0309311673,0.030480139,0.0294586103,0.0280372035,0.0275742412,0.0268828571,0.0266592093,0.0261632074,0.0256901421,0.0255280621,0.0247305464,0.0250085127,0.0240600444,0.023897985,0.0242665615,0.0233241003,0.0235854909,0.0227822438,0.0223788116,0.0221957471,0.0221778359,0.0219734833,0.0211982727,0.0212242808,0.0214749593,0.0205465443,0.0200415645,0.0194665194,0.0192483924,0.0191167369,0.0184393674,0.0183427595,0.0182579439,0.0173429139,0.0176419225,0.0170862041,0.0169308297,0.0174775757,0.0166157316,0.0170646347,0.0161893498,0.0164133105,0.0164102893,0.0161345545,0.01613006,0.0156345833,0.0162191875,0.015414156,0.0151904076,0.0163423922,0.0157118198,0.0157522373,0.0165868495,0.0158251729,0.016008202,0.015648175,0.0145711824,0.0147135854,0.0139397047,0.0131044239,0.0130506335,0.0114013115,0.0109644327,0.00927345641,0.00651163096,0.00612579007,0.000458581839,0.00192003511,,0.000693990383,0.00166909769,,,,,,,,,,,,,,,,,,,,,-0.0728446767,-0.0693197176,-0.0664075166,-0.0636167079,-0.0597783476,-0.0580066741,-0.0551238023,-0.0527445897,-0.050680168,-0.0476296768,-0.0451170206,-0.0438911915,-0.0414645262,-0.0395614803,-0.0373068117,-0.035649024,-0.0338233635,-0.0321514867,-0.0302769952,-0.0286585316,-0.0269070677,-0.0253882147,-0.0238367505,-0.022240974,-0.0207134448,-0.0199757777,-0.018932201,-0.0180094317,-0.0170715638,-0.0163431279,-0.0143974014,-0.0137064569,-0.0121035427,-0.0102394968,-0.00947211683,-0.008228302,-0.0068533048,-0.00547607988,-0.00447174162,-0.00331612676,-0.00223683566,-0.00125481188,0.000206649303,0.00109015405,0.0019383058,0.00381611288,0.00448461622,0.00545243174,0.00614006072,0.00669970363,0.00768121332,0.00762415677,0.00770162046,0.00791592151,0.00797098875,0.00749860704,0.00658721477,0.00553272665,0.00292813778,0.000812701881,-0.00228304416,-0.0069905296,-0.0100215673,-0.0122772902,-0.0149203576,-0.0160882734,-0.0156643055
993,14.1090002,2026-08-27T10:32:42.884000+0000,-26.6957389,153.3354092,0.059256997,0.0497555807,0.054071784,0.0519694947,0.0500926934,0.049528949,0.0486138463,0.04665225,0.0448967367,0.0431772619,0.0424091779,0.0401660912,0.0382874757,0.0364073813,0.0360794999,0.0343668796,0.0341411866,0.0322201587,0.0322286114,0.0312572196,0.0303142481,0.0294328742,0.0299492199,0.0287832171,0.0286201555,0.0276480801,0.0283605587,0.026568532,0.0272800606,0.0266379975,0.0257265791,0.0260741115,0.0251155049,0.0247222539,0.0248188227,0.0241757594,0.0247078501,0.0233834963,0.0234682821,0.0228442866,0.0226249695,0.023046555,0.0222415794,0.0223165434,0.0218484178,0.0219267774,0.021449415,0.0211628284,0.0210380368,0.0203830153,0.0194220319,0.0196763035,0.0187109169,0.0192376394,0.0191957764,0.0192146655,0.0188693721,0.0191433206,0.0183902867,0.0185745526,0.0182200577,0.0185745843,0.0178091992,0.0180141758,0.0183404293,0.0169224124,0.0190418288,0.0174422432,0.0166968573,0.018555183,0.0166582242,0.0163282137,0.018151246,0.0156436805,0.0169398412,0.016124621,0.0119109061,0.0150216725,0.0112948921,0.00890405383,0.0095523661,0.00445670821,0.00562967872,0.00470122788,0.00095739949,0.00208531017,0.00352038071,,,,,,,,,,,,,,,,,,,,,-0.0734212473,-0.0695762783,-0.0670140833,-0.0641932711,-0.0609949157,-0.0582432374,-0.055470366,-0.0533211529,-0.0513567328,-0.0480062328,-0.0467335731,-0.0442377552,-0.0421410874,-0.040458031,-0.0385533758,-0.0362355895,-0.0348499268,-0.0325780548,-0.030863557,-0.02952509,-0.0274336375,-0.026204776,-0.0241233073,-0.0228175297,-0.0214199945,-0.0206223056,-0.0192287192,-0.018545948,-0.0175380558,-0.0168695934,-0.015243873,-0.0142229199,-0.0125200264,-0.0109259859,-0.00992863625,-0.00853484869,-0.00699986517,-0.00563263893,-0.00424830616,-0.00406268984,-0.0025434047,-0.000941380858,-5.99101186e-05,0.000653594732,0.00224176049,0.00350956619,0.00426805019,0.00535587966,0.00637348741,0.00668314099,0.00725466758,0.00733760744,0.00790510327,0.00795942545,0.00703454018,0.00600221008,0.00714088231,0.00457646698,0.00335198641,0.00166668743,-0.00288891047,-0.00670623034,-0.00775712729,-0.0128727108,-0.0143056586,-0.0148535371,-0.0120595619
994,14.2259998,2026-08-27T10:32:43.137000+0000,-26.6957389,153.3354092,0.0571670085,0.0490455553,0.0534517616,0.0526895076,0.0509326905,0.0504089445,0.0505438335,0.0497622341,0.0475567356,0.0446172431,0.0435491651,0.0412060954,0.038457457,0.0378273763,0.0362394825,0.0355568789,0.0344511792,0.0338501409,0.0333785973,0.0321472101,0.0316842347,0.0306528658,0.0304092057,0.0301232059,0.0293801464,0.0285080634,0.0283305477,0.0281485151,0.0278100409,0.0270579848,0.0267165657,0.0264540967,0.0263254866,0.0257622451,0.0259888116,0.0252757426,0.0252878349,0.0246534795,0.0246082693,0.0243042763,0.0237949584,0.0233565457,0.023091564,0.024056524,0.0232683904,0.0233367383,0.0220693648,0.0221627541,0.0212079491,0.0206429139,0.0209619235,0.0201862045,0.0202608295,0.0207575746,0.0201657284,0.0199946351,0.0201593544,0.0201133098,0.0195402894,0.0194245558,0.0197300613,0.0189745817,0.019769188,0.0189341567,0.018600408,0.0200423915,0.0184618179,0.0198222343,0.0190668497,0.0189151727,0.0197282005,0.0188981742,0.0176911801,0.018593587,0.017759705,0.016374426,0.0168706328,0.0133513119,0.0131644327,0.0119934566,0.0101016294,0.00787578989,0.00498858001,0.00429003499,0.00284611434,0.00125399092,0.00830909982,,,,,,,,,,,,,,,,,,,,,-0.0731446818,-0.0700897053,-0.0674375147,-0.0643867105,-0.0613483489,-0.0583466738,-0.0558938049,-0.0536345914,-0.0514501706,-0.049229674,-0.0462170243,-0.0447511971,-0.0422845371,-0.0398414731,-0.0383468233,-0.0361590311,-0.0343733653,-0.0325414948,-0.0311569981,-0.0296085253,-0.027927082,-0.026048217,-0.0243767388,-0.0234309658,-0.0219634436,-0.0208857767,-0.0197822079,-0.0190194324,-0.017581556,-0.0168531202,-0.0155974068,-0.0142264478,-0.0132735521,-0.0114694983,-0.0103821158,-0.00844830275,-0.00678329915,-0.00625608116,-0.00473173708,-0.00357612222,-0.002986826,-0.00222481787,-0.000393345952,0.000490158796,0.00192830712,0.00315611064,0.00423461944,0.00519243628,0.00575005263,0.00630969554,0.00674121827,0.0066441521,0.00674161315,0.00767590851,0.00693097711,0.00588859618,0.00572720915,0.00504271686,0.00342813134,0.00149270147,-0.00368303806,-0.00628053397,-0.00960157812,-0.0137372911,-0.0148503371,-0.0152782761,-0.0143543147
995,14.3380003,2026-08-27T10:32:43.385000+0000,-26.6957389,153.3354092,0.0488169976,0.0502755605,0.0470917709,0.0483194739,0.0477626771,0.0471989624,0.0473238416,0.0454322509,0.0456467271,0.0434872508,0.0404591635,0.0391860828,0.0385674499,0.0366873704,0.0357094705,0.0342568606,0.0336811692,0.0330001414,0.0321385898,0.0311771967,0.0307742264,0.029332852,0.0296491943,0.0286731943,0.02753013,0.0277480539,0.0268205404,0.0264785085,0.0259300396,0.0249979794,0.0254865605,0.0246440955,0.0248754881,0.0246522371,0.0236288048,0.0238157343,0.0233678278,0.021953471,0.0222582649,0.0221542679,0.0217749476,0.0214765333,0.0208215583,0.0201765187,0.0204283949,0.0197367501,0.0189793874,0.0191827957,0.018118009,0.0178729985,0.0170220193,0.0176062994,0.0171009209,0.0175076537,0.0170557853,0.0170246754,0.0170693807,0.0170933269,0.0171002951,0.0169645548,0.0164200589,0.016694583,0.0160891917,0.0160741694,0.0170004219,0.0162224025,0.0166218169,0.0168022234,0.0171068329,0.0160551518,0.0163681787,0.0157881565,0.0152711719,0.0153035987,0.0151097495,0.0141945183,0.0134607973,0.0126315597,0.0100147771,0.00852393638,0.0064622499,0.0050165914,,0.00261114957,0.0010473734,,0.00167048909,,,,,,,,,,,,,,,,,,,,,-0.0733571351,-0.0700221658,-0.0676999763,-0.0638391748,-0.0607608147,-0.0583191402,-0.0561562628,-0.0536870509,-0.0511326306,-0.0483721271,-0.0466194749,-0.0440636575,-0.0417869873,-0.0400139242,-0.0382992774,-0.0358814895,-0.0341958217,-0.0322639532,-0.0307794549,-0.0287509859,-0.0274795331,-0.0262006782,-0.0239992104,-0.0230434202,-0.0218658857,-0.0212882161,-0.0195446275,-0.0181718469,-0.01728395,-0.0161854997,-0.0153497569,-0.0138688087,-0.0122159012,-0.0108018592,-0.0102545097,-0.00812071562,-0.0072157234,-0.00577851385,-0.00475419313,-0.00358857214,-0.00272929668,-0.00127727538,-0.0001758039,0.000577710569,0.00218585879,0.00328367203,0.00457216054,0.00554998219,0.00575758517,0.00653722882,0.00736874342,0.00693167746,0.00751915574,0.00788347423,0.00682856143,0.00722622126,0.00632488728,0.00493048131,0.00292597711,0.000850684941,-0.00287491828,-0.00583221763,-0.0103231296,-0.0118886977,-0.0142715834,-0.0146993995,-0.0127453767
996,14.4399996,2026-08-27T10:32:43.633000+0000,-26.6957389,153.3354092,0.0505670309,0.0448755957,0.0524618179,0.0477995016,0.0478926823,0.0481889732,0.0496338382,0.048602242,0.0445067249,0.0436872207,0.0440991558,0.0414960459,0.0382474475,0.0399473645,0.0369594544,0.036676839,0.0356411487,0.0364101306,0.0350085907,0.0334271938,0.0343142338,0.0324528478,0.0327191912,0.0323632024,0.0319101326,0.0314180553,0.0306205451,0.0312285237,0.0292400569,0.0298880003,0.0290165842,0.0289741177,0.0296154991,0.0283822455,0.0283488166,0.0271857399,0.0281078313,0.0273634754,0.0271882638,0.02745427,0.0271349438,0.0260065328,0.0257515572,0.0274565388,0.0265784431,0.0265468452,0.0260895323,0.0258930083,0.024598293,0.0236233566,0.0239024255,0.023896696,0.0236912761,0.0242079385,0.0235060081,0.0227648299,0.0227794759,0.0231333748,0.0224303044,0.0231345408,0.0224100426,0.0219945833,0.0221092235,0.021894224,0.0220504813,0.0218824502,0.0221618265,0.0218322035,0.0217967946,0.021095112,0.0215881541,0.0213681571,0.0205312446,0.0205237661,0.0191100575,0.0187350381,0.0172916166,0.0172327198,0.015526332,0.013456041,0.0104449205,0.00948998798,0.00822376367,0.00429573469,0.00550250337,0.00390077312,0.00831595622,,,,,,,,,,,,,,,,,,,,,-0.073829174,-0.0700542033,-0.0677020028,-0.0641012043,-0.0610528477,-0.058241155,-0.0558482856,-0.0529290736,-0.0511446483,-0.0483541489,-0.0461614728,-0.0442156531,-0.0417489968,-0.0396859534,-0.0380612947,-0.0359035172,-0.0336178392,-0.032285966,-0.030451484,-0.0291930102,-0.0273315646,-0.0256927125,-0.0237812363,-0.0217754431,-0.0212478787,-0.019690156,-0.0187465288,-0.0179436915,-0.0169457197,-0.0153571814,-0.0147813968,-0.0136804245,-0.0123475567,-0.0105935931,-0.00965630263,-0.0080825761,-0.00675765425,-0.00574048609,-0.00408618897,-0.00306060165,-0.00200134516,-0.000599302351,0.000442191958,0.000815719366,0.00189388543,0.00354169309,0.00400015712,0.00569794327,0.00654551387,0.00636515021,0.00759667158,0.00718964636,0.00694716722,0.00757157803,0.00736678392,0.00644462556,0.00683356076,0.00486946851,0.00307534635,0.00151060522,-0.00305444002,-0.00640100241,-0.0097913444,-0.0127163753,-0.0152187049,-0.0159260929,-0.0157619305
997,14.5439997,2026-08-27T10:32:43.883000+0000,-26.6957389,153.3354092,0.0526371188,0.0364556722,0.0571018644,0.0432995036,0.0451127104,0.0422189832,0.0477338843,0.0401022732,0.0379066989,0.038917236,0.0384391434,0.0352160409,0.0300174244,0.0350973494,0.0305094346,0.0294168126,0.028581135,0.028910106,0.0268685762,0.0256271884,0.0263742153,0.0251628272,0.0248091929,0.0244032089,0.0238401406,0.0230980609,0.0237805638,0.0236285478,0.0210900865,0.0230380353,0.0222266186,0.0208741538,0.022065524,0.0210722666,0.0209088326,0.0202657469,0.0200978406,0.0198734906,0.0193782672,0.0190042686,0.0188249387,0.0189865213,0.0184015688,0.0198665727,0.0199585389,0.0191170238,0.019059822,0.0188034214,0.0181288552,0.0183140747,0.0175332353,0.0174674913,0.017851986,0.0171885099,0.017266443,0.0175051372,0.0170296598,0.017883474,0.017700322,0.0173945185,0.0171100087,0.0170045923,0.0171092823,0.0162443332,0.0172705967,0.0173125435,0.0171218477,0.018282162,0.0174367223,0.0163350329,0.018238103,0.0161781572,0.0170113817,0.0162240975,0.0148506761,0.0155960778,0.0137932505,0.0121150305,0.0115094353,0.00942023657,0.00682025217,0.00556676742,0.0024221153,0.00356489513,0.00267273257,,0.00537685864,,,,,,,,,,,,,,,,,,,,,,-0.0720622391,-0.0686300397,-0.0660892278,-0.0619808659,-0.0594691895,-0.0575662963,-0.0548470691,-0.0521326363,-0.0495821238,-0.0472894683,-0.0449636355,-0.042426981,-0.040733967,-0.0390893072,-0.036361523,-0.0350258574,-0.0334839784,-0.0313694887,-0.0296910368,-0.0281895958,-0.0263707377,-0.0253492668,-0.0230434313,-0.0224958286,-0.0210480206,-0.0194143057,-0.0186013319,-0.0176631883,-0.0167845227,-0.0156086236,-0.0143476538,-0.0133148581,-0.011390999,-0.0101738647,-0.00868025422,-0.00762546808,-0.00629839301,-0.0051041916,-0.00339864939,-0.00277939439,-0.00184734166,-0.000385783613,0.000367797911,0.00182597339,0.00305376202,0.00415217131,0.00487990677,0.0057374388,0.00577703118,0.00677859038,0.00703160465,0.00668922812,0.00702380389,0.00678928196,0.00653748959,0.00580695271,0.00469347835,0.00316011161,4.64245677e-05,-0.00287743658,-0.00502256304,-0.00885177404,-0.0127856955,-0.0137669072,-0.0165834948,-0.0159390345
998,14.6490002,2026-08-27T10:32:44.136000+0000,-26.6957389,153.3354092,0.0561371036,0.0511556678,0.0537318774,0.051779516,0.0496327095,0.0481789708,0.0466738753,0.046392262,0.042846702,0.0427672192,0.0412491448,0.039706029,0.0377674289,0.0367973484,0.0353694335,0.0339268148,0.0338711217,0.0324801132,0.0315885805,0.030887194,0.0300142262,0.0289528333,0.0285692029,0.0281832013,0.0276301317,0.0282480661,0.0278905649,0.0270485505,0.0255700909,0.0255180355,0.0258966181,0.0246541537,0.0247255228,0.0245022606,0.0244488344,0.0241857506,0.0229878463,0.0229334887,0.022708267,0.0221442711,0.0223149396,0.0215565246,0.0216115694,0.0209665764,0.0199485328,0.0208370201,0.0205998197,0.019863423,0.0198388528,0.0188340805,0.0186932385,0.0184674859,0.0184919834,0.0184885096,0.0183364432,0.0183651391,0.0182696637,0.0180334728,0.0179803222,0.0181845184,0.017800007,0.0176045913,0.0177392848,0.0175643303,0.0171805974,0.0179525409,0.0177518465,0.0176121648,0.0179867204,0.017075032,0.0174181033,0.0173781551,0.0165313818,0.0164640993,0.0149306767,0.0150960768,0.0153132509,0.0121950293,0.010249434,0.00921023637,0.0069702547,0.00500676688,0.00305212149,0.000494898297,0.00115273218,0.00196159445,0.000586858019,,,,,,,,,,,,,,,,,,,,,-0.0736432001,-0.0705382451,-0.0677660331,-0.0641152263,-0.0615768731,-0.0585651882,-0.0562922992,-0.0534830838,-0.0514386371,-0.0484881327,-0.0465654731,-0.0440496504,-0.0420829952,-0.0402099602,-0.0387653038,-0.0362975299,-0.0341718644,-0.0328699835,-0.0312254913,-0.029377047,-0.0277556069,-0.0257667415,-0.0242752731,-0.0228494406,-0.0213718265,-0.0204440244,-0.0186503008,-0.0183073394,-0.0171892047,-0.0160405301,-0.0146646276,-0.013763655,-0.0122608617,-0.0107870027,-0.00994986296,-0.00838624686,-0.00742147863,-0.00604441017,-0.00456018746,-0.00328464806,-0.00247540325,-0.00133334845,-0.000101789832,0.00095179677,0.00212997943,0.00350776315,0.00463616848,0.00532389432,0.00615143031,0.00675103813,0.00718258321,0.00714559108,0.00794322789,0.00776781142,0.00781326741,0.00680148602,0.00648093969,0.00570746511,0.00364410877,-0.000109583139,-0.00253345072,-0.00670854747,-0.00835777819,-0.0116117001,-0.0139628947,-0.016969502,-0.0163250417
999,14.7519999,2026-08-27T10:32:44.386000+0000,-26.6957389,153.3354092,0.0582070835,0.049045641,0.058161851,0.0533795319,0.0515427068,0.0502889715,0.0513638854,0.0486222468,0.0449466966,0.0444672368,0.0449891649,0.0418260321,0.0387674309,0.0413073562,0.0374194458,0.0368568301,0.0360111371,0.035170123,0.0336285867,0.0331372023,0.0332742222,0.0314128473,0.0319491923,0.0304932129,0.0295601338,0.0296680667,0.0299605653,0.0298285428,0.0287200753,0.0290380307,0.0280266106,0.0278041456,0.0273955148,0.0265022628,0.0268788319,0.0260057505,0.0254178476,0.0251634866,0.0256682672,0.024914274,0.0247949474,0.0236565303,0.0238715708,0.0239765663,0.0235885084,0.0232669581,0.0222297199,0.0220932718,0.0221786536,0.0213738102,0.021602938,0.0210871939,0.0208117161,0.0210982896,0.0205762777,0.0203250181,0.0198995918,0.020363437,0.0201303139,0.020164527,0.0203300212,0.0193145871,0.0193592608,0.0195742939,0.0189505555,0.0193325095,0.0193718411,0.0189821832,0.0190967545,0.0196950715,0.0184081364,0.0183481686,0.0178613476,0.0174039938,0.0166704692,0.0173557121,0.0149026662,0.014584193,0.0127783008,0.010168693,0.00895828381,0.00728425663,0.00435901526,0.00346148806,0.00257890951,,0.00592274591,,,,,,,,,,,,,,,,,,,,,,-0.0713727549,-0.0687305555,-0.0660097376,-0.0624113865,-0.0594296977,-0.057706818,-0.0541676134,-0.0522031561,-0.0492126644,-0.047389999,-0.0454641767,-0.0429975241,-0.0411444791,-0.0394098349,-0.0370320491,-0.0348963812,-0.0330245048,-0.0314400196,-0.0302815624,-0.0280201174,-0.026151251,-0.0246497802,-0.0220439695,-0.0215163715,-0.0205485933,-0.0190749206,-0.018161986,-0.017093908,-0.0161552988,-0.0153094344,-0.014028471,-0.0121156573,-0.011041753,-0.00994455814,-0.00885090232,-0.00670607388,-0.00603895634,-0.00457472354,-0.00370917469,-0.00249990821,-0.00151785463,-0.000206321478,0.00103724003,0.00243542343,0.00363320112,0.00482164323,0.00542939454,0.00660693645,0.00677655637,0.00743809342,0.00782109797,0.00713869184,0.00828320533,0.00822857767,0.00730665028,0.00657591969,0.00556220859,0.00282856822,-9.55015421e-05,-0.00297981501,-0.00531546772,-0.00991511345,-0.0128794685,-0.0154511034,-0.0160080045,-0.0156936683
1000,14.8780003,2026-08-27T10:32:44.634000+0000,-26.6957389,153.3354092,0.0481171198,0.0620257035,0.0579918809,0.0512495115,0.0556427054,0.0553389788,0.0567438714,0.0486722551,0.0518767126,0.0491572209,0.0478091389,0.041746024,0.0446173996,0.0430173427,0.0397694297,0.0400468074,0.039541129,0.0387001075,0.0364785716,0.0375671871,0.0357842185,0.034432821,0.0352291949,0.0340932049,0.0330601223,0.0332480632,0.0337705575,0.0321385451,0.0327500813,0.0321280286,0.0306466203,0.0311841518,0.030675523,0.0299422611,0.030188825,0.0298557431,0.0296678394,0.0287034828,0.029238265,0.0278342683,0.0274349302,0.0271065179,0.0264515653,0.0262665711,0.0260285307,0.0255270135,0.0253198165,0.0252834167,0.024068851,0.0235340744,0.0237932336,0.0229774881,0.0234719831,0.0227085091,0.0220364444,0.0223551393,0.0223596655,0.0225834772,0.0222103223,0.0226545185,0.0222200081,0.0216545891,0.0216792803,0.0210943315,0.021830596,0.0217825398,0.021281844,0.022182161,0.0212467164,0.0216450263,0.0214680936,0.0201781429,0.0204513688,0.0211340822,0.0185706578,0.0197160561,0.0178332273,0.0158250071,0.0166394114,0.0113502126,0.013990229,0.00841674302,0.00629209727,0.00648488058,0.00599272735,0.00112160202,0.00851687789,,,,,,,,,,,,,,,,,,,,,,-0.0710122213,-0.068110019,-0.0653291941,-0.0617808551,-0.0589591712,-0.056776274,-0.054137066,-0.0516026095,-0.0498721078,-0.0470594466,-0.04472363,-0.0427269638,-0.0406139418,-0.038659282,-0.0370015055,-0.0347658396,-0.0329939611,-0.0312894769,-0.0295010246,-0.0276495852,-0.0263107233,-0.0242892504,-0.0226734132,-0.0213658102,-0.0202080086,-0.019264292,-0.0182813071,-0.0176531859,-0.0162145011,-0.0152586028,-0.0136676282,-0.0125948377,-0.0109209791,-0.009623833,-0.00792022794,-0.00689544529,-0.00556837022,-0.00455415994,-0.00344862789,-0.00208937377,-0.0010773167,-1.57803297e-05,0.000467821956,0.00193600357,0.0034237802,0.00427218527,0.0052299276,0.00606744736,0.00676705688,0.00721859932,0.0069116056,0.00776924938,0.00773381442,0.00758927315,0.00678747892,0.00599694252,0.0047134757,0.00332010537,-0.00013358146,-0.00261745602,-0.00528255105,-0.0098317638,-0.0120656937,-0.0145068839,-0.01564347,-0.0134590082
1001,15.0019999,2026-08-27T10:32:44.882000+0000,-26.6957389,153.3354092,0.0595971085,0.0396956764,0.0535418689,0.0508095175,0.047822699,0.0474489629,0.0490139015,0.0491422676,0.0441866964,0.0434372276,0.0418691412,0.0410260186,0.0352874175,0.0375373289,0.0351894312,0.0344268084,0.0340211205,0.032540109,0.0326685607,0.0310471803,0.0313142091,0.0294128228,0.0297291912,0.0293431915,0.0287101306,0.0278380625,0.0276705604,0.0276885461,0.0263800882,0.0261980407,0.0263966247,0.0248841587,0.0260155238,0.0244922601,0.024508832,0.0246157423,0.0240978375,0.023753481,0.0235482622,0.0228342637,0.022774931,0.023596514,0.0226315632,0.0235765763,0.0230385512,0.023107063,0.022299882,0.0211735182,0.0216689929,0.0205642488,0.020103436,0.0202676822,0.0205921587,0.0209586546,0.0199665558,0.01999522,0.0196997114,0.0201735012,0.0200003255,0.019684514,0.0205400027,0.0190345887,0.0192392971,0.0199943576,0.0194506217,0.0190425627,0.01974185,0.0192921478,0.0207966939,0.019615002,0.0193180777,0.0193881374,0.0196213983,0.0186641589,0.0169408023,0.0168563053,0.0161836259,0.0148555748,0.0134801771,0.0128912525,0.00961155165,0.00720842974,0.00758418115,0.00277716643,0.00608529244,0.00196431857,0.00574962329,,,,,,,,,,,,,,,,,,,,,-0.0737901852,-0.0707052276,-0.0676230192,-0.0645021945,-0.0624138564,-0.0592321604,-0.0565592796,-0.0545200519,-0.0518056117,-0.0492451005,-0.0469524413,-0.0448966175,-0.0423199534,-0.040936932,-0.037862286,-0.0362345092,-0.0341488346,-0.0322069675,-0.0311724693,-0.0291440189,-0.0273925848,-0.0255137198,-0.0242622644,-0.0225364156,-0.0215987973,-0.0202209577,-0.0187772252,-0.0181442238,-0.0172560513,-0.0168573409,-0.0148514025,-0.0133904293,-0.0122376606,-0.0105438307,-0.00904671848,-0.00782314688,-0.00658839196,-0.00548133999,-0.00415715575,-0.0028616339,-0.00171237439,-0.000740326941,0.000401251018,0.0013448447,0.002913028,0.00348080695,0.0050092116,0.00546691567,0.00666442513,0.00651403517,0.00813557953,0.00807859749,0.00774625689,0.00803086907,0.00820639729,0.00711469352,0.0061942786,0.0055609718,0.00318780541,2.43782997e-05,-0.0031992048,-0.00557393581,-0.00917285681,-0.0112365186,-0.0136374272,-0.0148537941,-0.0140792653
1002,15.1300001,2026-08-27T10:32:45.135000+0000,-26.6957389,153.3354092,0.0529972017,0.0470557697,0.0545919165,0.0500495955,0.0484927408,0.048818998,0.0504439436,0.0455222949,0.0462067127,0.0437172353,0.0415991433,0.0392260216,0.0371874124,0.0382273421,0.0357094295,0.0345068015,0.0343711264,0.0329101197,0.0319385827,0.0316171981,0.0310442355,0.0305828303,0.0298292208,0.0291532278,0.0280201603,0.0281180944,0.027570596,0.0274985917,0.0262801331,0.0261980891,0.0259766765,0.0255942103,0.0253255647,0.0249422938,0.0247288663,0.0248457771,0.0241678711,0.0239035115,0.0237782858,0.0233042929,0.0230949521,0.0228065364,0.0224715937,0.0216066297,0.0212986395,0.0211472064,0.0206800904,0.0202538017,0.0199193768,0.019434724,0.0190539565,0.0187581852,0.0185825918,0.0181489997,0.0179468133,0.0181753971,0.0184698179,0.0178435519,0.0180403311,0.0181844961,0.0175999794,0.0177646,0.0176193416,0.0172444321,0.017240705,0.0182426311,0.0169818755,0.0179621466,0.0173566807,0.0168749988,0.017498102,0.0158382095,0.016211573,0.0174344704,0.0143013066,0.0149870822,0.0147947865,0.0106071634,0.011602262,0.00860402361,0.00637503341,0.00614281371,0.00306953024,0.00208299467,0.00192172732,0.0010010323,0.00188630726,,,,,,,,,,,,,,,,,,,,,,-0.0726238936,-0.0695316866,-0.0670108646,-0.0636425167,-0.0603608191,-0.0578779131,-0.0550687015,-0.0522542521,-0.0502437353,-0.0468810685,-0.0461152419,-0.0430386029,-0.0406755842,-0.0390909351,-0.037073154,-0.0351074934,-0.0336656198,-0.0315411314,-0.0298026763,-0.0282812454,-0.0261023901,-0.0247209184,-0.0231850334,-0.0215973966,-0.0206495076,-0.0191657059,-0.0182726309,-0.0176243521,-0.0164455548,-0.0154695511,-0.0141885914,-0.0127558783,-0.0110721216,-0.0102951154,-0.00818162411,-0.00685694814,-0.00572995842,-0.0048558116,-0.00323031098,-0.00212107599,-0.00138901174,-0.000177390873,0.000696241856,0.00238443166,0.00338220596,0.00395056605,0.00533824414,0.00630573928,0.00662534684,0.0071369186,0.00671998411,0.00759772956,0.00727246702,0.00710816681,0.00696670264,0.00625662506,0.00397370756,0.00365102291,0.000538274646,-0.00272459537,-0.0054384321,-0.00992663205,-0.0132596493,-0.0141398907,-0.0151758566,-0.0132211968
1003,15.2539997,2026-08-27T10:32:45.384000+0000,-26.6957389,153.3354092,0.0606572293,0.0422957912,0.0524419583,0.0516595989,0.0477427468,0.0474989973,0.0472039469,0.0477422997,0.0420867093,0.0433372147,0.0419091284,0.0396259949,0.0341573842,0.0374373198,0.0351094082,0.0337367654,0.0329011008,0.0331001021,0.0318785533,0.0305171795,0.0304642227,0.0296228174,0.0292592105,0.0287632085,0.0282201525,0.0278380904,0.0270905998,0.0275985915,0.0262901448,0.0261981096,0.0263966937,0.0243242271,0.0257155746,0.0249422975,0.0246588644,0.0241657682,0.0244678669,0.0242835116,0.0231482778,0.0236842781,0.0228549317,0.0230365191,0.0224715881,0.0236566514,0.0231887028,0.0226373263,0.0225302931,0.0223841015,0.020839788,0.021075258,0.0203045625,0.0204687752,0.0207131263,0.0198694319,0.0202371497,0.0200356357,0.0196799636,0.0193836316,0.0195403472,0.0192744788,0.0184299573,0.018404603,0.0184093844,0.0177045092,0.0185707882,0.0187226981,0.0179518834,0.0183421094,0.017616611,0.0188749228,0.0185680427,0.0157481804,0.0186316427,0.0159546826,0.0157517232,0.0158978105,0.0142959589,0.010788843,0.0145945353,0.0059571201,0.00786898192,0.00732785184,,0.00594983809,0.00420940341,,0.0050245598,,,,,,,,,,,,,,,,,,,,,-0.0756718218,-0.0728868768,-0.0685046539,-0.0669838339,-0.0636254922,-0.0603437982,-0.0579408705,-0.0548316687,-0.0527971908,-0.0505566746,-0.0481240004,-0.0458181836,-0.0436615497,-0.0407185443,-0.0395738818,-0.0370361172,-0.0353004597,-0.0338685811,-0.031584084,-0.0301356576,-0.0287442319,-0.0268753655,-0.025143899,-0.0230779946,-0.0213203169,-0.020772364,-0.0195285007,-0.0188953206,-0.0175969228,-0.016468022,-0.0149019361,-0.0138409622,-0.0125083029,-0.0109846368,-0.0101777241,-0.00838432461,-0.00712975115,-0.00525283813,-0.00446874648,-0.00336329639,-0.00184407085,-0.000911973417,0.000679671764,0.00117334723,0.00229155272,0.00362931192,0.00461763889,0.00569527596,0.0061827153,0.0061422959,0.00691388547,0.00770696998,0.00744479895,0.0075096488,0.00769553334,0.00728433579,0.00651464611,0.00627220422,0.00170008838,0.0010881424,-0.00151386112,-0.00754658133,-0.00816395134,-0.0111661404,-0.0141155198,-0.0137807988,-0.0112859085
1004,15.3610001,2026-08-27T10:32:45.634000+0000,-26.6957389,153.3354092,0.0470871888,0.0507457927,0.0508619323,0.0458695889,0.0464027338,0.0444790013,0.044563923,0.0397622734,0.0414366908,0.0391972251,0.038969133,0.0353959836,0.0353473984,0.0348373242,0.0327194184,0.0320467725,0.0304211061,0.0296900943,0.0283685587,0.0276571847,0.0277742203,0.0269728135,0.0265592057,0.0262532085,0.0258001406,0.0253280811,0.0248305909,0.0241585784,0.0243201293,0.0240780972,0.0230366811,0.0235542152,0.0232055578,0.0220222864,0.0220688544,0.0218857657,0.0218078624,0.0210535005,0.0217282679,0.0203042738,0.0202949345,0.0201465208,0.0199615862,0.0234266352,0.0226386618,0.0223972574,0.0223801788,0.0215539467,0.0212695748,0.020914983,0.0207242519,0.0202584751,0.0204528663,0.0204192195,0.0205769874,0.0199755207,0.0198298935,0.0205535963,0.0198003408,0.0200044885,0.0198699702,0.0196545981,0.0188193619,0.0186844692,0.0193507448,0.019582659,0.0196318757,0.0202121213,0.0194266345,0.0198049471,0.0190280527,0.0191381723,0.0186515767,0.0169545412,0.018751476,0.0166474059,0.0151253268,0.0156479552,0.0137233492,0.01016552,0.0115569541,0.00614527799,0.00373258814,0.00486637326,,0.00615511462,0.007050463,,,,,,,,,,,,,,,,,,,,,,-0.0740193427,-0.0701071173,-0.067596294,-0.0642579645,-0.0622362718,-0.0593533553,-0.05654414,-0.0539396703,-0.0512391552,-0.0488364957,-0.0471406728,-0.0447240248,-0.0429610237,-0.040516369,-0.0384086035,-0.0363629423,-0.0347010493,-0.0330465585,-0.031308122,-0.0292166956,-0.0275178365,-0.0260863602,-0.0246804729,-0.0223828107,-0.0214148872,-0.0207710676,-0.0192479305,-0.0181495994,-0.01744074,-0.0160347037,-0.0151337273,-0.0135410465,-0.0118873343,-0.0108103678,-0.00922692567,-0.00830228627,-0.00725533813,-0.0059812367,-0.0044157505,-0.0036265254,-0.00204443932,-0.000702828169,-0.000509157777,0.00122904778,0.00200679898,0.00304514915,0.00379280746,0.00476028025,0.00557985157,0.00588142872,0.00612450391,0.00596228987,0.00715707988,0.00651286542,0.00613152981,0.00627163053,0.00408896059,0.00373654813,0.000354208052,-0.00229823589,-0.00588148832,-0.00887929648,-0.0127518848,-0.0134216882,-0.016457282,-0.0152624957
1005,15.467,2026-08-27T10:32:45.883000+0000,-26.6957389,153.3354092,0.0648371875,0.0532857589,0.0575718991,0.0586495809,0.0542327166,0.0525689833,0.0507239252,0.0524022654,0.046196714,0.0463972241,0.0424791314,0.0442659929,0.0402874015,0.0393573232,0.0380394161,0.0362467915,0.0354011059,0.0345701054,0.0330885611,0.0320471823,0.0320542157,0.0312328152,0.0307891909,0.030713208,0.0291801337,0.0288980734,0.0279505756,0.0287185647,0.0273701157,0.0277480744,0.0272966549,0.0263141934,0.026405545,0.0259222798,0.0257688444,0.0252057556,0.0248378459,0.0241334923,0.024148263,0.02384427,0.0236449279,0.0231165104,0.0227015708,0.0232666098,0.0227986183,0.0226371773,0.0223800652,0.0213237777,0.0209793542,0.0198847055,0.0202239454,0.0201681834,0.0194926038,0.0203290135,0.0196868256,0.0194454081,0.0192698259,0.0197535604,0.0193103366,0.019134501,0.0187499803,0.0182545967,0.0182893351,0.0178044252,0.0182406995,0.0183426216,0.0183018614,0.0180621296,0.0190666541,0.0175449643,0.0179880597,0.0176281538,0.0165414996,0.017324388,0.0158512127,0.0145069798,0.0162846781,0.0114970496,0.0119121466,0.00928390585,0.00736491382,0.00789269712,0.000479428563,0.00138291949,0.00268169492,0.000861072447,0.000956415199,,,,,,,,,,,,,,,,,,,,,,-0.0742577836,-0.0714055598,-0.0678547397,-0.0655464083,-0.0620847121,-0.0592818111,-0.0570525937,-0.0540381223,-0.05160762,-0.0493449569,-0.0468791276,-0.04472249,-0.0426894724,-0.0404548198,-0.0388270468,-0.0368213765,-0.0348694958,-0.0327050127,-0.0313165598,-0.0302851386,-0.0284162723,-0.0265648067,-0.0244289413,-0.0230112821,-0.0218033977,-0.0207396038,-0.0198165178,-0.0185282491,-0.0176594518,-0.0166434459,-0.0151724741,-0.0138997436,-0.011996001,-0.0113489702,-0.00982549042,-0.00826080143,-0.00768382847,-0.00633969158,-0.00477419049,-0.00363494456,-0.00270287693,-0.00150126964,-0.000427640975,0.000790551305,0.00200832635,0.0028366819,0.00434435904,0.00500183553,0.00527144223,0.00574300438,0.00573605299,0.00641378015,0.00657850504,0.00699420273,0.00606273115,0.00547264516,0.00476972014,0.00260701776,0.000444278121,-0.00158859044,-0.00623240322,-0.00850062817,-0.0130236298,-0.0154038072,-0.0131996907,-0.0142050013
1006,15.5760002,2026-08-27T10:32:46.137000+0000,-26.6957389,153.3354092,0.0564671978,0.0469057336,0.046471905,0.0500395708,0.0462727249,0.0447489731,0.0433839075,0.0442122556,0.0412666909,0.0398672335,0.0380491316,0.0379560031,0.0352373943,0.0338273197,0.0337694101,0.0324667804,0.0314411074,0.0308300871,0.029708555,0.028487172,0.0286842119,0.0279128179,0.0268291887,0.0267131962,0.0262601282,0.0262880716,0.0260705743,0.0251885653,0.0247601066,0.0250180643,0.0235166512,0.0246541873,0.0232755374,0.0226922706,0.0231788401,0.0229957532,0.0226178449,0.0227934867,0.0225582607,0.0210642684,0.0209949221,0.0207665116,0.0204315688,0.0228766054,0.0216086134,0.0217771754,0.0208400618,0.0211737771,0.0209793486,0.0201047026,0.0197339412,0.0197581779,0.0197526012,0.0196590144,0.0194868296,0.0190554094,0.0196098275,0.0196435619,0.0194603372,0.0191544984,0.0192599799,0.0190945975,0.0192993358,0.0188544225,0.0191706978,0.0195626188,0.0190318599,0.0187321249,0.0194666479,0.0193049554,0.0189480484,0.0189181436,0.0180114899,0.0186643731,0.0176611952,0.0167569611,0.0153646544,0.0153870285,0.0127721233,0.0128938826,0.00936489087,0.00724267401,0.00501940493,0.00357289752,0.00457169302,0.00100108073,0.00612643547,,,,,,,,,,,,,,,,,,,,,,-0.0734177679,-0.0703155473,-0.0675547272,-0.0646863952,-0.0616946965,-0.0587217845,-0.0562825799,-0.0542581156,-0.0512876064,-0.0484449342,-0.0465391204,-0.0445024669,-0.0420494601,-0.0401748009,-0.0380170271,-0.0363413729,-0.0341394953,-0.0323049985,-0.0311065502,-0.0293651186,-0.0276762582,-0.0257648006,-0.0241689235,-0.0229212716,-0.0217033885,-0.0205095969,-0.0196365193,-0.0183882304,-0.0176994391,-0.0157934316,-0.0146624558,-0.0134397298,-0.0120759755,-0.0106889531,-0.0093954578,-0.00807078928,-0.00686381012,-0.00544966012,-0.00410417467,-0.00310493261,-0.00235286355,-0.000671267509,0.000402383506,0.00119056553,0.00251834095,0.00356669724,0.00434438139,0.00560185313,0.00569144636,0.00648301095,0.00663606822,0.00672378391,0.00712851435,0.00733419508,0.00639272481,0.00734264404,0.00478971004,0.00283702463,0.00128427893,-0.00285860151,-0.00605241209,-0.00719061494,-0.014853619,-0.0151838064,-0.014159672,-0.0142249763
1007,15.684,2026-08-27T10:32:46.385000+0000,-26.6957389,153.3354092,0.0599571392,0.0526357442,0.0610319227,0.0524495505,0.054292731,0.0534289815,0.053623911,0.0497322641,0.0502266996,0.047137212,0.0463791192,0.0429560058,0.0429474115,0.0421473235,0.0396994241,0.0392667837,0.0378711112,0.0373600908,0.0360485539,0.0353371762,0.0352242105,0.0339628085,0.0340691842,0.0333232023,0.0320901312,0.0316980593,0.0319605619,0.0313085467,0.0300500933,0.0304880459,0.0291666314,0.0292941742,0.0291455239,0.0278522652,0.0284188315,0.0271857455,0.0279578418,0.0265234802,0.0274982601,0.0263042655,0.0254949238,0.0257765129,0.0254515633,0.0256365873,0.024848571,0.0248271022,0.0246999543,0.0242236182,0.0237691291,0.0227144305,0.0228636358,0.022617884,0.0218123402,0.0224888008,0.0220866669,0.0220152959,0.0225397609,0.0223535262,0.0217503309,0.0215245076,0.0217299946,0.0207245909,0.0213893112,0.0210043807,0.0209606513,0.021722585,0.02146185,0.020952139,0.0213566758,0.02051498,0.0202680584,0.0207081325,0.0191614237,0.0203642361,0.0178509504,0.0174665544,0.0170640256,0.0145861441,0.0137109431,0.0114922933,0.0103528788,0.0107401162,0.00371626089,0.00574945658,0.00770784914,0.000157031463,0.00538236741,,,,,,,,,,,,,,,,,,,,,,-0.0738882348,-0.0702860057,-0.0675251931,-0.0644868463,-0.0612751655,-0.0583922639,-0.0562630482,-0.0533385873,-0.0517280847,-0.0485554188,-0.0464195944,-0.0440829471,-0.0423099324,-0.0401152708,-0.0381874964,-0.0366318412,-0.0341299586,-0.0327654742,-0.031097021,-0.0295455791,-0.0278467201,-0.0263552517,-0.0233893916,-0.0229217745,-0.0215839073,-0.0209101588,-0.0191771202,-0.0176688991,-0.0170501657,-0.0159841962,-0.0147032253,-0.0134804696,-0.0117166638,-0.0106595904,-0.00923606008,-0.00775133073,-0.00669430941,-0.00509014726,-0.00431463122,-0.0032453835,-0.00147330761,-0.000641740859,0.000291869044,0.0014000535,0.00254783779,0.00375621766,0.00474392623,0.00634141266,0.00608101487,0.00690256059,0.00728559494,0.00714327395,0.00737792999,0.00695352256,0.00616189837,0.00680162758,0.00469847769,0.00307548791,0.000372342765,-0.00256096572,-0.00558532774,-0.00887396187,-0.0134573504,-0.014447961,-0.0148241259,-0.0158195123
1008,15.809,2026-08-27T10:32:46.633000+0000,-26.6957389,153.3354092,0.0557771102,0.0508757234,0.0543918982,0.0536195263,0.0513427183,0.0510289744,0.0512339137,0.0525922514,0.0477067195,0.0463672243,0.0452091582,0.0436560251,0.0405474193,0.0413373448,0.0404294357,0.0389168076,0.0379711315,0.0371701196,0.0370385759,0.0354571901,0.0350242257,0.0345528275,0.0342592038,0.033613205,0.0330701508,0.0324780755,0.0321505703,0.0318585597,0.0307801012,0.0307380557,0.0306466408,0.0296841692,0.0299855322,0.0287522748,0.0282688383,0.0282257535,0.0280278511,0.0277334955,0.0271882694,0.0267542787,0.0267449394,0.0262465272,0.0252115782,0.0261165909,0.0253985673,0.0256170761,0.0253199004,0.0246735327,0.0241490081,0.0233042631,0.022793442,0.0227076858,0.0229821559,0.0228486471,0.0226865467,0.0223452114,0.022559708,0.0223734956,0.0221503247,0.022434514,0.0220600031,0.0215745959,0.0215893015,0.0214543603,0.0209006295,0.0212025698,0.0219918545,0.0214421619,0.0217667092,0.0222750232,0.0205181036,0.0210381746,0.0209214408,0.0198442098,0.019670859,0.0184463672,0.017713692,0.0160056446,0.015610246,0.0139113227,0.0110616256,0.00895849988,0.00760423951,0.0041672159,0.00286531076,0.0085142944,0.00500955898,,,,,,,,,,,,,,,,,,,,,,-0.0732032955,-0.0699210912,-0.0665502623,-0.0639619157,-0.061740227,-0.0581573322,-0.0560381338,-0.0530136749,-0.0507331714,-0.0490305051,-0.04588468,-0.0444580317,-0.0421750061,-0.0396703407,-0.0379925705,-0.0361269154,-0.033625029,-0.0320305452,-0.0306520835,-0.0289206468,-0.0277017839,-0.0253103301,-0.0231844746,-0.0222368538,-0.0210090242,-0.020225279,-0.0188822821,-0.0181941129,-0.0172354057,-0.0156194642,-0.0144385025,-0.0129557364,-0.0117519051,-0.0100848004,-0.00894123316,-0.00739645958,-0.00633941591,-0.00449524075,-0.00401970744,-0.00231045485,-0.00152840465,-0.00058683008,0.000706784427,0.00193496048,0.00321273506,0.00429112464,0.00478886068,0.00558637083,0.00648597628,0.00692752004,0.00733055919,0.00772821903,0.0072228536,0.00788838416,0.0068666786,0.00580627471,0.00518296659,0.00332979113,0.000126376748,-0.00239720941,-0.00624193251,-0.00983086973,-0.0128145441,-0.0147054717,-0.0151518881,-0.0145373717
1009,15.9350004,2026-08-27T10:32:46.882000+0000,-26.6957389,153.3354092,0.0530070513,0.0481156856,0.0573718511,0.0486094914,0.0511227027,0.0500089787,0.0497638583,0.0475822613,0.0458667241,0.0449072383,0.0443591401,0.0402660258,0.0389474332,0.0395673439,0.0368594415,0.0365068279,0.0357411392,0.0343801193,0.0338085741,0.032697197,0.0329042226,0.0319028385,0.0320591889,0.0309031997,0.0305501334,0.0295680687,0.0301505588,0.0287985411,0.0285200756,0.0286880285,0.0275266059,0.0273141395,0.0275455136,0.026882261,0.0266488288,0.0263857488,0.0262478385,0.0257034861,0.0255182683,0.0243642684,0.0247949436,0.0248365272,0.0245015658,0.0228565596,0.0229485054,0.0227069519,0.0226097163,0.0230732635,0.0219486486,0.0211438071,0.0216029342,0.0204071943,0.0209517125,0.0210982915,0.0203162767,0.0209050216,0.0207395907,0.0203834381,0.0207103156,0.0202945285,0.0202000234,0.0200845897,0.0193792619,0.019864291,0.0198805537,0.0202025082,0.0189618412,0.0205221809,0.0193167496,0.0195350647,0.0198081248,0.0191681609,0.0183913354,0.0186639801,0.0172004513,0.017465692,0.0166926458,0.0134341698,0.0144282775,0.0112486705,0.009998261,0.00898423232,0.0017589964,0.00351146562,0.00589890499,7.53859058e-06,0.00611276645,,,,,,,,,,,,,,,,,,,,,,-0.0744347423,-0.0710525364,-0.068251729,-0.0652333722,-0.062161684,-0.0599488094,-0.0572595969,-0.0543551445,-0.0516046509,-0.0493919775,-0.0477061681,-0.0445894971,-0.0428964756,-0.0407418087,-0.0387140363,-0.0370283723,-0.0353764929,-0.0329120047,-0.0315935425,-0.029622104,-0.027743239,-0.0260117725,-0.0245859548,-0.023698356,-0.0222905912,-0.0209869109,-0.0195439756,-0.0186958946,-0.0176872835,-0.0164514221,-0.0152204521,-0.0133876391,-0.0121137425,-0.0111665428,-0.00974288583,-0.00838805735,-0.00733094662,-0.00567671657,-0.00444114953,-0.00333189219,-0.00178983808,-0.00117830187,-0.000254735351,0.00116343796,0.00243122131,0.0032896474,0.00390740484,0.00501494855,0.00621456653,0.00668610632,0.00654910505,0.00651669502,0.0077612102,0.00693657994,0.00682464987,0.00623391569,0.00400020927,0.00370656699,0.000502482057,-0.00293181837,-0.00527746975,-0.00859709829,-0.0118014514,-0.0140530877,-0.0151999742,-0.0146556422
1010,16.0699997,2026-08-27T10:32:47.144000+0000,-26.6957389,153.3354092,0.0564670525,0.0618256032,0.07072182,0.0577194989,0.0600626953,0.0589289516,0.0601038374,0.0534122437,0.0530767068,0.0531672165,0.0517991446,0.0458860397,0.0465174355,0.0463773571,0.0420994535,0.0426468328,0.0419611409,0.0405001193,0.0381685831,0.0387371853,0.0379342213,0.0363428369,0.0361791849,0.0358431935,0.0347201228,0.0345080495,0.0340405405,0.0336285122,0.0321100503,0.0337479897,0.0306465775,0.0315741114,0.0315154865,0.03017224,0.0299688037,0.0295457337,0.0297478233,0.0280234702,0.0288482606,0.0276742633,0.0276749395,0.0276565235,0.0272515528,0.022706531,0.0231184345,0.0221668314,0.0218395237,0.0219229963,0.0209082775,0.0206233505,0.0200624205,0.0196266975,0.0208412819,0.0195079427,0.0195660125,0.019504834,0.0196594782,0.0187033769,0.0186703037,0.0188445412,0.0178800412,0.0178045835,0.0181592219,0.0165042207,0.019080475,0.0176724438,0.0172218215,0.0188121963,0.0168467853,0.0176250953,0.0186881348,0.015008132,0.0178412162,0.0169237331,0.0130300224,0.0162849966,0.0126815718,0.0132626723,0.012786286,0.0067559923,0.00990487449,0.00563994329,,0.0064857048,0.00105249113,1.07889064e-05,0.004995998,,,,,,,,,,,,,,,,,,,,,,,-0.0712379515,-0.0690571591,-0.0651187971,-0.0628571063,-0.0601642355,-0.0571650304,-0.055660598,-0.0521300919,-0.0497674271,-0.0476216003,-0.0451049507,-0.0436219051,-0.0414072499,-0.0390694663,-0.0370637998,-0.0353519134,-0.0329574309,-0.0320489742,-0.0296175145,-0.0278586634,-0.0260071978,-0.0244714022,-0.0234538391,-0.0222861096,-0.0211924873,-0.019899644,-0.0190416649,-0.0181631409,-0.0167073496,-0.0155563802,-0.0142435096,-0.0121895336,-0.0113222525,-0.00967851281,-0.00839359313,-0.00695643574,-0.00563213974,-0.00423655659,-0.00315728784,-0.00226525217,-0.00150375813,-0.000490218401,0.00150793791,0.0019557476,0.00349419564,0.00440198928,0.00481956452,0.00571918488,0.00611070544,0.00657366961,0.00709118694,0.00706558675,0.00742080808,0.0057086423,0.00597757846,0.00503347069,0.00168935955,0.0017446056,-0.00247041881,-0.00599700958,-0.00756735355,-0.0139523298,-0.0134846605,-0.0125420503,-0.0140178576
1011,16.1930008,2026-08-27T10:32:47.390000+0000,-26.6957389,153.3354092,0.0575369969,0.0526555888,0.053131815,0.0523894615,0.0494626872,0.0489689521,0.0457938239,0.0467522517,0.0440466926,0.0432272181,0.0407391451,0.0409860685,0.0397874489,0.0368973427,0.0370694511,0.0355068445,0.0342811458,0.0327201188,0.0323785879,0.0324471965,0.0311342124,0.0303828325,0.0293491799,0.0288631916,0.0286001284,0.0284280442,0.0286505315,0.0276985057,0.0264700409,0.0264679771,0.0258965585,0.0257640965,0.0250354856,0.0248722341,0.0242888033,0.0241057258,0.0235078242,0.0229334682,0.0221682545,0.0223742612,0.0221649371,0.0220265221,0.0215315521,0.0239765141,0.0231084023,0.0230967794,0.0223794449,0.022002887,0.0216481406,0.0212131683,0.0213722177,0.0212264974,0.020531103,0.0210177973,0.0199659038,0.0198547617,0.0201394316,0.0199633539,0.0198503006,0.0198745485,0.0190600492,0.0192345828,0.0189192053,0.0192041937,0.0187604465,0.0195624195,0.0194018148,0.0190122034,0.020126801,0.0190951154,0.0177881457,0.0196081251,0.0169211738,0.0181636401,0.0178398583,0.0164447278,0.0154511528,0.0151920812,0.0113554969,0.0119249299,0.00805352535,0.00722823106,0.00562162185,0.00331340311,0.00427992176,0.00263808016,0.0016732756,,,,,,,,,,,,,,,,,,,,,,,-0.0722649395,-0.0691441372,-0.0661157742,-0.0637741014,-0.0608112216,-0.0575720146,-0.055907581,-0.0536770821,-0.0510344282,-0.0487086102,-0.0464519374,-0.0441888869,-0.0417542309,-0.0394164436,-0.0380407833,-0.0358189046,-0.0339944065,-0.0318059511,-0.0303145014,-0.0287256427,-0.0266441777,-0.0245083831,-0.0233808458,-0.0219131336,-0.0205095299,-0.0201467276,-0.0182987861,-0.0174702927,-0.0160845332,-0.0149635598,-0.0132606775,-0.0128166713,-0.0109493509,-0.00933557004,-0.0079806298,-0.00667344779,-0.00556913018,-0.00462353975,-0.00290425867,-0.00217223167,-0.000730760396,-5.72353601e-05,0.00155092776,0.00253872573,0.00386720151,0.00437501073,0.00534259528,0.00592223555,0.0059537366,0.00612668693,0.00634417683,0.00670854002,0.00656369328,0.00660142303,0.00542023033,0.00388597697,0.00329165906,0.000136636198,-0.0021686703,-0.00514560938,-0.00937624276,-0.0120215118,-0.0127441287,-0.0142416917,-0.0126675665
1012,16.2849998,2026-08-27T10:32:47.638000+0000,-26.6957389,153.3354092,0.0609969907,0.0475055762,0.0467618145,0.0527695082,0.0470826812,0.0466689654,0.0435638465,0.0453122444,0.0428567268,0.0405472554,0.0381291583,0.0394760594,0.0366174504,0.0341973715,0.0339594744,0.0323768556,0.0310011636,0.0305601358,0.0295285918,0.0288672075,0.0281442367,0.0271528587,0.0266492106,0.02614321,0.0255001374,0.0259180572,0.0253105499,0.0250085201,0.0245900527,0.0249379948,0.0232765768,0.0231541134,0.0229754969,0.0223322492,0.022308819,0.021745747,0.0217278358,0.0210634861,0.0211982727,0.0214742757,0.0202249568,0.0206265375,0.0194115657,0.0204965379,0.020748429,0.0195868015,0.0193694681,0.0193429086,0.0187881589,0.018103186,0.0185222272,0.0174065046,0.0181510989,0.0183977876,0.017325893,0.0176347513,0.0181994233,0.0175033454,0.0177702941,0.0175845474,0.017100051,0.0160545856,0.017749209,0.0162841976,0.0164604504,0.0181824286,0.0159818251,0.0176722202,0.0189968217,0.0153551409,0.0179881826,0.0161781739,0.015811231,0.018073706,0.0141199324,0.0158048086,0.0151712392,0.0109621715,0.0141155887,0.00815502368,0.00537361996,0.0095483223,0.000451706816,0.000763467047,0.00521994755,,0.00425319001,,,,,,,,,,,,,,,,,,,,,,,-0.0728150234,-0.0697942078,-0.0670258626,-0.0629941821,-0.0612713024,-0.0582220927,-0.0554176718,-0.0533671677,-0.0505045056,-0.0479586907,-0.0462320223,-0.0437089801,-0.0418143235,-0.0392465219,-0.0368408598,-0.0351789854,-0.0338844918,-0.0319960229,-0.0303745754,-0.028685715,-0.0266042463,-0.0238184631,-0.0219909139,-0.0213032179,-0.0201896057,-0.0191668011,-0.0181488544,-0.0172603689,-0.015574608,-0.0139036439,-0.0124507621,-0.0113067627,-0.010409452,-0.00894568861,-0.00776073337,-0.00670354813,-0.00545922667,-0.00441363454,-0.00299435854,-0.00237231702,-0.00129083544,7.26878643e-05,0.000850841403,0.00167864561,0.00296713412,0.00373493135,0.00544251502,0.00579217076,0.00569368154,0.00624663383,0.00620413572,0.00689850003,0.00768367201,0.00646141171,0.00583022833,0.00531597435,0.00252167135,0.00137663633,-0.00202867389,-0.00718560815,-0.00801625103,-0.0131515488,-0.0140641592,-0.0123617798,-0.0125677139
1013,16.375,2026-08-27T10:32:47.887000+0000,-26.6957389,153.3354092,0.0589170307,0.0442655869,0.0529018119,0.0496095121,0.0473726913,0.046308957,0.0500138439,0.046742253,0.0425467268,0.0438672379,0.042769175,0.0414960645,0.0367674492,0.0390673727,0.0365394801,0.0352968611,0.0340711623,0.0343801416,0.0332086012,0.0317672156,0.0320642442,0.0312428586,0.0304092094,0.0299132075,0.0295701548,0.0283180717,0.0289105549,0.028158525,0.027180057,0.0279179998,0.0273065791,0.0256641135,0.0269454978,0.0250922535,0.0251688175,0.0249057524,0.024907846,0.0248834845,0.0236882754,0.0235242862,0.022774959,0.0232765414,0.0227815732,0.0221565384,0.0219284259,0.0222368073,0.0212994721,0.0207129195,0.0200681668,0.0184931904,0.0193522293,0.018746499,0.0186410993,0.018767789,0.0184158944,0.0182447508,0.0184194222,0.0182433464,0.0180602968,0.0183245465,0.0181300491,0.0178845879,0.01769921,0.0173742007,0.0177704543,0.018172428,0.0181318261,0.0182422232,0.0183968283,0.0173051469,0.0173281897,0.0172381829,0.0165312439,0.0171637237,0.0164799504,0.0144848302,0.0145712607,0.0135121951,0.0111956131,0.0108750481,0.00606364617,0.0044283485,0.00368172582,0.00048348261,0.00189995207,0.000968040666,0.00554316863,,,,,,,,,,,,,,,,,,,,,,,-0.073257044,-0.0704962462,-0.0674778819,-0.0641661957,-0.0614433289,-0.0585141182,-0.0558596924,-0.0534491912,-0.0508465283,-0.0488807112,-0.0464640409,-0.0444810018,-0.0423663445,-0.0398485512,-0.0380228907,-0.0355710126,-0.0338465162,-0.0321880467,-0.0307466052,-0.0288677402,-0.0267862715,-0.0253704861,-0.0241929404,-0.0228552409,-0.0219016373,-0.0204488114,-0.0203708783,-0.0187523998,-0.0177166313,-0.0157256797,-0.0141428038,-0.0129687935,-0.0113014802,-0.0098677054,-0.00873275846,-0.00727556646,-0.00622125715,-0.00520566106,-0.00371637195,-0.00233434141,-0.0016028583,-0.000729344785,0.000658817589,0.00219661742,0.00284510106,0.00357290357,0.00470049679,0.00577014685,0.0056816712,0.00665461272,0.0060121268,0.00665649772,0.00665166974,0.00557941198,0.006058231,0.00520396233,0.00264967233,0.000454641879,-0.002870664,-0.00543762743,-0.00878823549,-0.0125935525,-0.0142261945,-0.013593819,-0.0124597475
1014,16.4680004,2026-08-27T10:32:48.142000+0000,-26.6957389,153.3354092,0.0543770008,0.0575356074,0.0553817786,0.0563494824,0.0550726838,0.0546189733,0.0529138483,0.0517322607,0.0502667166,0.0468972363,0.0443191603,0.0429360792,0.0404374525,0.0396273695,0.0386494659,0.0366668552,0.0366011672,0.035440132,0.0343585946,0.0339072123,0.0325142406,0.0321728513,0.0318592079,0.0310932118,0.0305401422,0.0304480623,0.0290005542,0.0289785247,0.0278900564,0.0280779973,0.0281065796,0.0270041116,0.0270054936,0.026662251,0.0262788162,0.026765747,0.0260978397,0.0255534817,0.0253682733,0.0251442753,0.0249649566,0.024766542,0.0238815639,0.023346534,0.0231984258,0.0223268047,0.0219994709,0.0214729104,0.0210581571,0.020183187,0.0201522242,0.0196265019,0.020591097,0.0200677905,0.0198958963,0.0194447506,0.0192894246,0.0195633452,0.0193302967,0.018674545,0.0193800479,0.0188145861,0.0186192095,0.0191941969,0.0189904515,0.0185924266,0.0190018248,0.0195522178,0.0183968227,0.0192651432,0.0186481811,0.0181281734,0.0189112276,0.0176737066,0.0165799335,0.0171248093,0.0137512386,0.0155521724,0.0124555882,0.0105350222,0.0100536197,0.00679832418,0.00371170091,0.00350346277,0.00597994402,0.00265804911,0.00499319099,,,,,,,,,,,,,,,,,,,,,,-0.0748412237,-0.0717590153,-0.0684882253,-0.0651298612,-0.0628881827,-0.0593253076,-0.0571361035,-0.0547116622,-0.0512111709,-0.049038507,-0.0464526825,-0.0446660221,-0.0421129838,-0.0400883146,-0.0383005291,-0.035774868,-0.034132991,-0.0323084928,-0.030510027,-0.0291385762,-0.0267997272,-0.0252582468,-0.0243724659,-0.0229049139,-0.0218272097,-0.0203736126,-0.0198107921,-0.0182628557,-0.0174943693,-0.0157786123,-0.0145276524,-0.0135047734,-0.0114707723,-0.0109434575,-0.00906968862,-0.00774473697,-0.00647754967,-0.00505322218,-0.00404762477,-0.00284834951,-0.00187632442,-0.000924840569,0.000118680298,0.00145683438,0.00258464366,0.00430312008,0.00465092808,0.00552851707,0.00574816018,0.00701968372,0.00712263584,0.00693014264,0.00709450245,0.00771966577,0.0074474141,0.00691623241,0.00453197211,0.00321766734,0.00021263957,-0.00150267035,-0.00645960122,-0.00956022739,-0.0114755332,-0.0135781802,-0.0144058056,-0.0121517107
1015,16.5559998,2026-08-27T10:32:48.382000+0000,-26.6957389,153.3354092,0.0547170453,0.0402956158,0.0547617674,0.0465494618,0.0471726805,0.0459589511,0.0476638339,0.047002241,0.0425167046,0.0429372452,0.0410991646,0.0389060527,0.0361374468,0.0373573638,0.0350094624,0.0339068547,0.0332411565,0.0326501355,0.0316785835,0.030597195,0.030854227,0.0294328462,0.0291491989,0.0285732076,0.0281201396,0.0272580497,0.0269105453,0.0268585123,0.0250300448,0.0258679893,0.0252465699,0.0244041048,0.0247254893,0.0234422442,0.0245188102,0.0232157391,0.0229878332,0.0230834708,0.0223982614,0.0218342729,0.0216149427,0.0213965308,0.0211315528,0.0227965228,0.0220884141,0.0216967966,0.0212194603,0.0210928991,0.0204481464,0.0201731715,0.0196522232,0.0195465032,0.0194911044,0.0199277904,0.0196258985,0.0197747555,0.0196094271,0.0196433496,0.0195202976,0.019004548,0.0189100504,0.0186945815,0.019069206,0.0189141948,0.0187904499,0.0193624236,0.0198118221,0.0192922112,0.020466812,0.0187551286,0.0195181631,0.0185081474,0.0188912023,0.0187536739,0.0178498961,0.0175547693,0.0161911957,0.0131721273,0.0138655426,0.0119949766,0.0110035744,0.00897827744,0.00435166573,0.00345343817,0.0068299314,0.000148065388,0.00407323241,,,,,,,,,,,,,,,,,,,,,,-0.0760231763,-0.0721609667,-0.0691201687,-0.0661218017,-0.0628601313,-0.0606572554,-0.0570680387,-0.0555136204,-0.0526031218,-0.0503204614,-0.0476946384,-0.0452479795,-0.0428649299,-0.0412502699,-0.0386724845,-0.0369968154,-0.0352249406,-0.03323045,-0.0314919762,-0.029920537,-0.0278216712,-0.0263401978,-0.0239744186,-0.0224168673,-0.0207991749,-0.0200855695,-0.019072745,-0.0177548118,-0.016976323,-0.0158905573,-0.0141495988,-0.0127667189,-0.0110527202,-0.0100453869,-0.00849162042,-0.00723667443,-0.00644948334,-0.00531516969,-0.00392957777,-0.00314029306,-0.00176826119,-0.000976786017,-8.32676888e-05,0.00118488818,0.00263269246,0.00385117531,0.00444898009,0.00511656702,0.00568620116,0.00654771924,0.00692067295,0.0073781684,0.00644253194,0.00671768934,0.00703543425,0.00633423775,0.00539997965,0.00323567539,0.0004106462,-0.00271466374,-0.0063316226,-0.0093922168,-0.0108875111,-0.0156701431,-0.0137977451,-0.0136936232
1016,16.6830006,2026-08-27T10:32:48.632000+0000,-26.6957389,153.3354092,0.06204715,0.043805711,0.0652419031,0.0529095717,0.0510327108,0.0494589843,0.0531338975,0.049062252,0.0441167019,0.0458472334,0.0449691601,0.0426660255,0.0385274217,0.041877348,0.0372294448,0.0366768092,0.0360011272,0.035520114,0.0335385762,0.0332271867,0.03307423,0.0320028365,0.0316592008,0.0310832094,0.0307401419,0.0297580734,0.0295705721,0.030478552,0.0282500945,0.0289380495,0.0283566322,0.0280341655,0.0283855312,0.027102273,0.0273088347,0.0272757579,0.0267678518,0.0260734893,0.0264282711,0.025914276,0.0251849443,0.0256265271,0.0247315727,0.0223165881,0.0219285507,0.0217670538,0.020829862,0.0209334828,0.0196289364,0.0192941744,0.0191333406,0.0186075903,0.0185820665,0.0189485773,0.0181264915,0.0176351741,0.0179996826,0.0176334828,0.0172503218,0.0171145163,0.0175200067,0.0169845931,0.0169592947,0.016394347,0.0164906159,0.0174425542,0.0171218533,0.0166221652,0.0163967181,0.0155150332,0.0169581082,0.015868172,0.0151014179,0.0156341642,0.0137507766,0.0145962341,0.0108534861,0.0112253521,0.00907985494,0.00648079766,0.00696095545,0.00392765459,,0.000636072364,,,0.00168821029,,,,,,,,,,,,,,,,,,,,,,-0.0765507817,-0.0728885829,-0.070137769,-0.0665094182,-0.0640777349,-0.0608848296,-0.0583656207,-0.0563111715,-0.0528906696,-0.0502679944,-0.0479621775,-0.0460055172,-0.0440724939,-0.0422078483,-0.0396300629,-0.0376744047,-0.0356125198,-0.0341780297,-0.0325495824,-0.0304581486,-0.0288292803,-0.0264678225,-0.0250419676,-0.0231843553,-0.0220965333,-0.020712804,-0.0204898231,-0.0189416669,-0.0175929852,-0.016427055,-0.0154260844,-0.014003329,-0.0124294758,-0.0111823454,-0.00973875821,-0.00863398612,-0.00751693547,-0.00573274493,-0.00488719344,-0.00353794545,-0.00279588252,-0.00208432972,-0.000910721719,0.000537455082,0.00235523283,0.00302363932,0.00334136188,0.00467888266,0.0056784898,0.00547004491,0.0060730651,0.00617071986,0.00712531805,0.0062508285,0.00657907873,0.00697860867,0.00491521508,0.00184194744,0.00136841089,-0.00211532414,-0.00601024926,-0.00917932391,-0.0116831064,-0.0130541921,-0.0160506889,-0.0138262287
1017,16.8110008,2026-08-27T10:32:48.881000+0000,-26.6957389,153.3354092,0.051937148,0.0541157164,0.0508919135,0.0501595326,0.0476527102,0.0462789871,0.0443639085,0.0431822538,0.0416667014,0.0398672372,0.0392091349,0.0380760022,0.0351474024,0.0344973281,0.0340594277,0.032386791,0.0307611171,0.0302901063,0.0290785562,0.0286071897,0.0274842102,0.0274528265,0.0269591864,0.0257732011,0.025600126,0.0249480661,0.0241605584,0.0244485456,0.0242400933,0.023738049,0.0240266304,0.0224541649,0.0222855285,0.0216622651,0.0215688366,0.0212257449,0.0207578409,0.021063488,0.0199782588,0.0200742651,0.0197549276,0.019606512,0.0187015627,0.0197065864,0.0190885644,0.0191970803,0.0183599181,0.017663572,0.0177390613,0.0168443397,0.0170135349,0.0174377821,0.0171322487,0.0169587284,0.0162366107,0.0166752581,0.0163997337,0.0165535137,0.0164303295,0.0164045114,0.0156699978,0.0164045915,0.0160093028,0.0150543675,0.0154806385,0.0155625753,0.016081851,0.0155021464,0.0162166841,0.0153949931,0.0152680725,0.0161481388,0.014571419,0.0146242054,0.0129408855,0.0133064408,0.0123238359,0.0108758677,0.00821056776,0.00942177884,0.00453221938,0.00271927752,0.00369522208,0.000358306337,0.000216564513,,0.00132097211,,,,,,,,,,,,,,,,,,,,,,-0.0759137347,-0.0728315264,-0.0697707087,-0.0664723665,-0.0632006824,-0.0605277792,-0.057948567,-0.0553841218,-0.0523936078,-0.05025094,-0.0477651134,-0.0460384637,-0.043275442,-0.0419707857,-0.038853012,-0.0369573422,-0.0352354757,-0.0337109827,-0.0319925398,-0.029781092,-0.027502235,-0.0263807774,-0.0239449143,-0.0225572884,-0.0217494518,-0.0202257074,-0.0193626881,-0.0180344917,-0.0175357647,-0.016269803,-0.0150188431,-0.0135260746,-0.0120222643,-0.0106751695,-0.00906161964,-0.00813688338,-0.00654984266,-0.00479566306,-0.00398014486,-0.00247089565,-0.00181884319,-0.000837251544,0.000506341457,0.00170452893,0.00256231427,0.00348070264,0.00493840128,0.00585591048,0.00550551713,0.00683705509,0.00701009482,0.00658775121,0.00772239268,0.0072279647,0.00775629282,0.00572595,0.00506270677,0.00294964015,0.000996366143,-0.00266709924,-0.00634165853,-0.00932042301,-0.0121239498,-0.0148047134,-0.0163910054,-0.0154564232
1018,16.9419994,2026-08-27T10:32:49.137000+0000,-26.6957389,153.3354092,0.0588971041,0.0446656831,0.0545118712,0.0498395115,0.047392711,0.0457689762,0.0464438982,0.0441722535,0.0404066928,0.0399872251,0.0390691273,0.0375060141,0.0337474197,0.035067331,0.0328994282,0.0322168097,0.0304111261,0.0301301051,0.0286385622,0.0275771804,0.027874222,0.0261128321,0.0268491879,0.0255831983,0.0248101279,0.0253380612,0.0239705648,0.0237885471,0.0236900859,0.0234780405,0.022206625,0.0225241557,0.0212955214,0.0212822594,0.0212688278,0.0207857508,0.020847844,0.0197134875,0.0196782611,0.0191642661,0.0186649337,0.0186665226,0.0191115681,0.0167765785,0.0165685415,0.0159870386,0.0160398502,0.0154534653,0.0157089233,0.0153341684,0.0142433383,0.014467584,0.0144920722,0.014138584,0.0142665012,0.0141251814,0.0141896885,0.0140234912,0.0141503243,0.0134345153,0.0133500053,0.0138845919,0.01255929,0.0133443447,0.0144706098,0.0122625539,0.0143318484,0.0140721565,0.0117767081,0.0148850167,0.0128180888,0.0113281477,0.0147713907,0.00974413101,0.013210739,0.0115161911,0.00869343989,0.00990530476,0.00792980846,0.00207074964,0.00697090942,,0.00178315816,0.0017460431,,,0.00297825504,,,,,,,,,,,,,,,,,,,,,-0.0790877044,-0.0743327439,-0.0712805316,-0.0685397163,-0.0651913658,-0.0630196854,-0.0601667836,-0.0566575751,-0.0551331267,-0.0514726117,-0.0490699559,-0.0470241308,-0.0445674807,-0.0427344553,-0.0402997993,-0.0385320261,-0.0365063623,-0.0350244753,-0.0324499868,-0.0312715396,-0.0291800909,-0.0276112445,-0.0255497769,-0.0251339227,-0.0242263228,-0.0223584995,-0.0213047713,-0.0200617723,-0.018843621,-0.0179149397,-0.0164790154,-0.0150980502,-0.0138452724,-0.0120914206,-0.0114042908,-0.00953071564,-0.00841592997,-0.0074088797,-0.00595468283,-0.00480914861,-0.00376988947,-0.00213783979,-0.00118628144,0.000327311456,0.00122549385,0.0024632737,0.00319168717,0.00414940715,0.00540692359,0.00530653447,0.00644807518,0.00650110096,0.00701874495,0.00783333927,0.00695884228,0.00619708002,0.00583659858,0.00428321958,0.00338995457,0.00203640014,-0.00412732363,-0.0055822283,-0.00942131877,-0.0127651021,-0.0134461746,-0.0141926333,-0.0147781372
1019,17.0680008,2026-08-27T10:32:49.385000+0000,-26.6957389,153.3354092,0.0620370656,0.0503656156,0.0620818473,0.0542995147,0.054222703,0.0528089628,0.0545738488,0.0501722582,0.0487767123,0.0460972451,0.0443191491,0.0405260585,0.0394774415,0.0390773527,0.0367694572,0.0361468382,0.0348711386,0.034470126,0.0327285863,0.0327872001,0.0319542289,0.0313228443,0.0308791939,0.0306132063,0.029080132,0.0292780623,0.0283305515,0.0283285249,0.0274500605,0.0277480073,0.0267165899,0.0258141253,0.0263955053,0.0258322489,0.0254688188,0.0252057407,0.0250578318,0.0247334801,0.0248382669,0.023984272,0.0234749392,0.0229565296,0.0227815621,0.0223965421,0.022168465,0.0217768848,0.0214496031,0.0207131114,0.0201484319,0.0193735342,0.019782627,0.0193268973,0.0191414505,0.0195180792,0.0187461134,0.0192449074,0.0193495229,0.0193533991,0.0185203068,0.0185345355,0.0188900325,0.0181945879,0.0181392394,0.0186542496,0.0178005081,0.0187524725,0.0180618316,0.0188421905,0.0190267731,0.0183250867,0.0179081373,0.0182081517,0.0177112725,0.0180838406,0.0164802037,0.0157852881,0.0161320157,0.0125532867,0.0127770975,0.0117670801,0.00652624574,0.00728167593,0.00563584641,0.0026680287,0.00352506619,0.00265348656,0.00388869829,,,,,,,,,,,,,,,,,,,,,-0.077778168,-0.0744332075,-0.0719010159,-0.0680502057,-0.0652918369,-0.0626801625,-0.0599372759,-0.0571380779,-0.054503642,-0.0518331379,-0.049130477,-0.0467746481,-0.0447979867,-0.0427649431,-0.0399702862,-0.0378525071,-0.0361768417,-0.0343049616,-0.0321804732,-0.0307320133,-0.0285705663,-0.0271717124,-0.0249402523,-0.0237644464,-0.0218568668,-0.0206591189,-0.0199254714,-0.0182526037,-0.017294582,-0.016286023,-0.0150801986,-0.0137292296,-0.0119463876,-0.0101724342,-0.00962518156,-0.00796148181,-0.00653659552,-0.00594945252,-0.00441518426,-0.00336960703,-0.00207034498,-0.00120831281,-0.00026679039,0.000406756997,0.00193490833,0.00305270404,0.0041911602,0.00483894348,0.00527650863,0.0061661303,0.00662765652,0.00708062202,0.00737818331,0.00725263357,0.00683790445,0.00732584298,0.00639490783,0.00527095795,0.0031170398,0.00103254616,-0.00333218277,-0.0060883984,-0.00899846107,-0.0130831823,-0.0149752349,-0.0148624331,-0.0135381967
1020,17.1970005,2026-08-27T10:32:49.634000+0000,-26.6957389,153.3354092,0.0474070497,0.0464056656,0.0447918549,0.0447795242,0.0442926921,0.0442189537,0.0429538675,0.0425422452,0.0396467149,0.038567245,0.0359891653,0.0346460678,0.0331474356,0.0313273557,0.0305294562,0.0298468452,0.0290211458,0.0286401287,0.0273885839,0.026857201,0.0257142242,0.0253528487,0.0253092088,0.0243132114,0.0235401429,0.0238780621,0.0229205526,0.022948537,0.0218900666,0.0213180147,0.021706596,0.0206241328,0.0209855121,0.021062253,0.0205288231,0.0207157452,0.0199378449,0.0203134827,0.0199082699,0.0188342743,0.0192949474,0.019376535,0.0183915701,0.0192265529,0.019568475,0.0184868965,0.0182896126,0.0183431208,0.0173684433,0.0172135439,0.0168626308,0.016546892,0.0162814539,0.0166980755,0.0163161103,0.0164849069,0.0163495168,0.016683396,0.0163103063,0.0161545351,0.0158300344,0.0158145856,0.0158892404,0.0156542528,0.0167505108,0.0158624742,0.0168218352,0.0164222009,0.0155567843,0.0157451034,0.0162081569,0.0149581712,0.016071301,0.0153938737,0.0143002421,0.0141953286,0.0124120582,0.0105233314,0.0108871441,0.00795712695,0.00547629409,0.00390172098,0.000465890858,0.00345805986,2.50702724e-05,,0.00186865591,,,,,,,,,,,,,,,,,,,,,-0.0768242106,-0.073529236,-0.0703770369,-0.0666562393,-0.0636278838,-0.0608461984,-0.0588033237,-0.0552840978,-0.0537396707,-0.0501191728,-0.0484365076,-0.0457706898,-0.0429540239,-0.0414609797,-0.038956333,-0.0366685465,-0.0351128764,-0.0332809947,-0.031076517,-0.0290980488,-0.0272266082,-0.0258277394,-0.0243662782,-0.0238904692,-0.0222828984,-0.0215551481,-0.0201115012,-0.019458618,-0.018140614,-0.0171320401,-0.0153862387,-0.0143452734,-0.0130024329,-0.0113984719,-0.00997122377,-0.00892753154,-0.00778263807,-0.00625550002,-0.00478123128,-0.00370564312,-0.00257638842,-0.0015443489,-0.000582829118,0.000380709767,0.00194887817,0.00283667445,0.00410512835,0.00448289514,0.00536046922,0.00623010099,0.00658163428,0.00651460886,0.00703216344,0.00768662244,0.00697190315,0.00688984245,0.00549890846,0.00495497137,0.00352104008,0.000226557255,-0.00316818058,-0.00553437322,-0.00931445509,-0.0120292008,-0.0136712566,-0.0142984763,-0.0145042539
1021,17.3239994,2026-08-27T10:32:49.882000+0000,-26.6957389,153.3354092,0.0481370762,0.0375256874,0.0503318384,0.0415795483,0.0420526974,0.0412289761,0.0415238813,0.0391422436,0.0368467197,0.0365772173,0.0349791534,0.0318960361,0.0299674179,0.0315573402,0.028429443,0.0284068156,0.0271411333,0.0270801112,0.0256085806,0.0249371901,0.0250842217,0.0236528348,0.0235691909,0.0234431997,0.0223801378,0.0226180628,0.0220705625,0.0214785431,0.0208300855,0.021418035,0.0204166137,0.0197641533,0.0203855168,0.0191922579,0.0188988261,0.0191657487,0.0189078394,0.0186534859,0.0186882596,0.0182342716,0.0182049386,0.0179665219,0.0169815663,0.0179665722,0.0172785223,0.0170770008,0.0161197782,0.0158333667,0.0155587895,0.0144039858,0.0143331308,0.0141173871,0.0145018939,0.0148784397,0.0141863935,0.0143951038,0.0142596383,0.0139634581,0.0138203176,0.0139845228,0.0139200138,0.0135245901,0.0135692768,0.0125143155,0.0129605802,0.0135425292,0.0128218429,0.0129021704,0.0138167273,0.0135950428,0.0131081091,0.013058153,0.0126913618,0.013204053,0.0119305961,0.0106659429,0.0108930422,0.00831473712,0.00758904405,0.00638970966,0.00358958635,0.00220592087,,,,,,,,,,,,,,,,,,,,,,,,,,-0.0789726973,-0.0749477446,-0.0723955333,-0.068834722,-0.065276362,-0.0630546808,-0.0592817962,-0.0566625744,-0.0546181388,-0.0521476343,-0.0493049584,-0.0470091403,-0.0440324955,-0.0426594652,-0.0396147966,-0.0378970318,-0.0356213711,-0.0341094881,-0.0319749862,-0.0304465406,-0.0282850973,-0.0266462304,-0.0247147754,-0.0244189315,-0.0226913281,-0.0214435346,-0.0204898305,-0.0193768814,-0.0185287595,-0.0174101144,-0.0156742111,-0.0149632469,-0.0131104439,-0.0118265748,-0.010839425,-0.00888578594,-0.00789099187,-0.00679391623,-0.00536969304,-0.00405413657,-0.00307487696,-0.00184284151,-0.000611282885,-0.000107705593,0.0018004626,0.00232826173,0.00320667773,0.00419440866,0.00480193645,0.00552155077,0.0066030845,0.00720609725,0.00665371865,0.00731827319,0.00664371997,0.00590186566,0.0049912557,0.0050977245,0.00283426046,0.00075045228,-0.00256357342,-0.00611885637,-0.00888819993,-0.0127322823,-0.0152136162,-0.0148303062,-0.0134358928
1022,17.4580002,2026-08-27T10:32:50.142000+0000,-26.6957389,153.3354092,0.0634072125,0.0359157734,0.0539719015,0.0486795753,0.0437327363,0.0429389924,0.0445839353,0.043182265,0.0378567167,0.0389272161,0.036839135,0.0357659869,0.0317474045,0.0345973298,0.0312794223,0.0305467881,0.0286611076,0.0284300987,0.0269185584,0.0267471857,0.0263542142,0.0254428238,0.0247091949,0.0246832054,0.024820134,0.02358808,0.023590574,0.023708567,0.0221701153,0.0229580775,0.021396663,0.0211041924,0.0216055494,0.02008228,0.0204588491,0.0202657562,0.0195678528,0.0188834965,0.0192982666,0.0185342748,0.0185249373,0.0177265201,0.0180015769,0.0174866114,0.0180686228,0.0173171852,0.0162000731,0.0163637809,0.0160093606,0.0155047132,0.0150539465,0.0149581796,0.0146426018,0.0149090039,0.0146668237,0.0141354082,0.0145898256,0.0143535566,0.0140903369,0.0142545011,0.0140199792,0.0140245976,0.0134493401,0.0136844283,0.0135307014,0.0139326248,0.0140418634,0.0140921343,0.0140366592,0.0138349691,0.0130280675,0.0126781631,0.013251517,0.0114244036,0.0120312292,0.0119469985,0.00942469761,0.0107870707,0.00649216864,0.00411393028,0.00448493753,0.00173272192,,,,,,,,,,,,,,,,,,,,,,,,,,-0.0782007426,-0.0738657862,-0.0707935765,-0.0675527602,-0.0639044121,-0.0614627153,-0.0584098175,-0.0556305982,-0.0536361411,-0.0506756343,-0.0481829718,-0.0455171391,-0.0432804972,-0.0416574851,-0.0393128321,-0.0368450508,-0.0349693969,-0.0333075188,-0.0305830203,-0.0296345837,-0.0272931419,-0.0261842795,-0.0242528245,-0.0247269422,-0.0229493007,-0.0222314112,-0.0214276277,-0.019744534,-0.0188962556,-0.0173874646,-0.0165014639,-0.0151104853,-0.0142177567,-0.0122640133,-0.0109969899,-0.0095635131,-0.00801883638,-0.00758184493,-0.00564770401,-0.0047121942,-0.00330297649,-0.00244089216,-0.00169929117,-0.000265657902,0.00109254569,0.00157031417,0.00265866518,0.00404634327,0.00491382927,0.004713431,0.00573498756,0.00567805767,0.00643578172,0.00703050941,0.00609620661,0.00625472516,0.00609464198,0.00483172387,0.00242903829,0.00132627785,-0.00210658461,-0.0064804107,-0.0086286217,-0.0110216141,-0.0131718218,-0.0125077292,-0.0155030191
1023,17.5869999,2026-08-27T10:32:50.392000+0000,-26.6957389,153.3354092,0.0481371805,0.0527057722,0.0492119528,0.0489695631,0.0477127507,0.0456689745,0.0431739353,0.0415922776,0.0412367098,0.0401572101,0.0388591252,0.0359559916,0.0359973796,0.034527313,0.0333394036,0.031956777,0.0300611015,0.030140087,0.0287285484,0.0281471722,0.0277742129,0.0260928031,0.026359193,0.0259531941,0.0254001394,0.0242480803,0.0243405811,0.0247285701,0.0234301258,0.0232980866,0.0233566687,0.0226942115,0.0219655503,0.0224122796,0.0218588524,0.0215257611,0.020897856,0.0208234936,0.0202782657,0.0205342732,0.0201449227,0.0193565115,0.0198815744,0.0193066187,0.0186886508,0.0190272462,0.0182801746,0.0176639371,0.0180395655,0.0170649737,0.016524246,0.0169784762,0.0166628622,0.0171692204,0.0166469906,0.0164855272,0.0164698958,0.0170836002,0.016560344,0.0162844881,0.0164799709,0.0155946007,0.0158193614,0.0162844658,0.0156907402,0.0163726546,0.0162818711,0.0160221141,0.0163566247,0.0146149332,0.0164580345,0.0158381499,0.0153615512,0.0160445105,0.0150214387,0.012847363,0.0137452828,0.0112279113,0.00994330272,0.00839547347,0.00652690884,0.00444523245,0.00306255464,,0.00211552903,0.000715130474,0.00060050562,,,,,,,,,,,,,,,,,,,,,-0.0776382461,-0.0740533024,-0.0709510744,-0.0673902556,-0.064331919,-0.0624902174,-0.0585573018,-0.0566680878,-0.0538636297,-0.0509031042,-0.0488704368,-0.046594616,-0.0445679761,-0.0422949716,-0.0400603153,-0.0379825495,-0.0363868847,-0.0339650065,-0.0325205177,-0.0308120772,-0.0288306363,-0.0272017829,-0.0253803134,-0.0235444233,-0.0223167688,-0.0211288445,-0.0198950283,-0.0188618898,-0.0179735571,-0.0169347003,-0.0159586444,-0.014117673,-0.0125749782,-0.0114312693,-0.0106643066,-0.00887086242,-0.00815622509,-0.0068692863,-0.00511517376,-0.00428969413,-0.00290047377,-0.00230837613,-0.000956766307,5.6900084e-05,0.00128509104,0.00228285789,0.00343119353,0.00407885015,0.00488632172,0.00525589287,0.0062674731,0.00634054095,0.00656831264,0.00721309334,0.00676888227,0.00680753589,0.00580765307,0.00484497845,0.00243255496,0.000270217657,-0.0018222332,-0.00572549552,-0.00941329449,-0.011185877,-0.0148456395,-0.0152312145,-0.0125864074
1024,17.7339993,2026-08-27T10:32:50.640000+0000,-26.6957389,153.3354092,0.0519471839,0.0466157459,0.0478419028,0.0452295281,0.0455827378,0.0433889739,0.0427839234,0.0408822671,0.0398566946,0.0378672406,0.0375391357,0.0350260064,0.0340873972,0.0337673388,0.0310894232,0.0310468059,0.0299611222,0.0293001086,0.0282485671,0.0277471915,0.0276742224,0.0262828227,0.0268391985,0.0254632086,0.0251001436,0.0250280835,0.0247305799,0.0243585669,0.0237801131,0.0244980678,0.0232866518,0.0225941893,0.0236655399,0.0221822765,0.022378847,0.0220357608,0.022627851,0.0215134993,0.0208882671,0.0207642801,0.0205349363,0.020376524,0.0200415775,0.0214466043,0.0208985992,0.0208371393,0.0198300015,0.019953683,0.0194692165,0.0185645334,0.0191837456,0.017907979,0.0189224184,0.0185488649,0.0182167143,0.0179953296,0.0181597788,0.0184335317,0.0174603295,0.0177945029,0.0179799907,0.0167545974,0.0178493261,0.0160344001,0.0176706705,0.0184726026,0.0167518631,0.0188021455,0.0184766781,0.0151249934,0.018488083,0.0160381719,0.0158714894,0.0180143304,0.0133010885,0.0159167498,0.0165543016,0.00981650501,0.0136314034,0.0106428908,0.00328361709,0.00840103347,,0.00143064139,0.00580914272,,0.00261364877,,,,,,,,,,,,,,,,,,,,,-0.0790757611,-0.0765508041,-0.0721885934,-0.0694577694,-0.0661794245,-0.0629677325,-0.0600848384,-0.0577156246,-0.0548811667,-0.0528606549,-0.0497579835,-0.0475521684,-0.0454555191,-0.0427125059,-0.0406078473,-0.039240066,-0.0364544131,-0.0353525355,-0.0335280374,-0.031489592,-0.0297581591,-0.0280192904,-0.0258478373,-0.0232419707,-0.0217143334,-0.0208164603,-0.019802697,-0.0188796408,-0.0178814046,-0.0161226392,-0.0152066723,-0.013435699,-0.0127229691,-0.0108991861,-0.0102321282,-0.00883860141,-0.00743389875,-0.00633689016,-0.00515272468,-0.00383721292,-0.0024779737,-0.00157589465,-0.000824317336,0.000329308212,0.00173749775,0.00234527141,0.00325363874,0.00453134626,0.00528883934,0.0058484301,0.00654999912,0.00724304467,0.00682075322,0.00679544359,0.00729105622,0.00608950108,0.00559929013,0.0053262189,0.00246332586,0.00074031949,-0.00240283459,-0.00612702221,-0.00947553664,-0.0127188042,-0.0142492875,-0.0153254047,-0.0154207796
1025,17.882,2026-08-27T10:32:50.889000+0000,-26.6957389,153.3354092,0.0533571541,0.0432257541,0.0502319559,0.0470895693,0.0446527414,0.0434089825,0.0450739227,0.0429222807,0.0392267108,0.039357245,0.0381591506,0.036816027,0.0322474092,0.0346973464,0.0314494297,0.0307868011,0.0304011311,0.0297701154,0.0286485832,0.0280472077,0.0274942275,0.0264928341,0.0262692142,0.0256632268,0.0258901585,0.0244380888,0.0249105971,0.0242585875,0.0228701364,0.0244980901,0.0231166743,0.0222742092,0.0232755598,0.0218722969,0.0219188649,0.0216657724,0.0215678643,0.0214335099,0.0212682821,0.0205242876,0.0206049457,0.0199865364,0.0200315956,0.0192266311,0.0191686451,0.018717207,0.0184400957,0.0177438054,0.0178093724,0.0173647292,0.016593961,0.0167481825,0.0163525958,0.0168390013,0.0165068172,0.0161053985,0.0164698139,0.0164235532,0.0162303317,0.0164244939,0.0158699807,0.0153846005,0.0159493443,0.0155544337,0.0161607061,0.0159226283,0.0159418751,0.0161021482,0.0166166779,0.0151149957,0.015678104,0.015868213,0.0151815712,0.0147044733,0.0132913059,0.0133270817,0.0133747859,0.00954716373,0.0111222621,0.00757402368,0.00487503409,0.00560281426,0.00111952703,0.00124299387,0.0011617234,,0.00390630681,,,,,,,,,,,,,,,,,,,,,-0.0776468441,-0.074391894,-0.0700096786,-0.0679688528,-0.064490512,-0.0614888147,-0.0594659075,-0.0564466938,-0.0538722426,-0.0516617224,-0.0486690663,-0.0467632376,-0.0446465947,-0.0420135818,-0.0396989249,-0.0378111564,-0.0359954908,-0.0338636041,-0.031549111,-0.0296306647,-0.028469231,-0.0263603814,-0.024968911,-0.0235330276,-0.0225353874,-0.0214674994,-0.0202737041,-0.0189606249,-0.0181223415,-0.016703546,-0.0159775615,-0.0143865943,-0.0126238763,-0.0111001134,-0.0102331042,-0.00876961648,-0.0075949356,-0.00705795735,-0.00517380983,-0.00385831296,-0.00276907533,-0.00172699243,-0.000835388899,0.000388257205,0.00146643817,0.00267421454,0.00361257046,0.00497025251,0.00565773994,0.00651735067,0.00650893152,0.00721199811,0.00693973154,0.00760447234,0.00745017081,0.00677870214,0.00695862621,0.00518570095,0.00331302732,0.000590272248,-0.00319258869,-0.00589641184,-0.00794463605,-0.0129676536,-0.0146479085,-0.0151538402,-0.0145591944
1026,18.0300007,2026-08-27T10:32:51.136000+0000,-26.6957389,153.3354092,0.047087159,0.0397657603,0.0442419201,0.0426595658,0.0422127284,0.0406589955,0.0409039147,0.0400622636,0.0386567041,0.0365872309,0.034189146,0.0343360156,0.0308074113,0.0308573339,0.0295694266,0.0286367908,0.0277111176,0.0272200983,0.0266685653,0.0257371888,0.0262842122,0.0244928189,0.0250192024,0.0237232167,0.0234601386,0.0229980871,0.0224405825,0.0226785745,0.0220801234,0.0214080773,0.0213066638,0.0207141954,0.0202155504,0.0203022845,0.0200888496,0.0200457592,0.0195678566,0.0196234994,0.0196782723,0.018684281,0.0184249394,0.0185065251,0.0181615837,0.0197066218,0.0189286247,0.0188771933,0.018130077,0.0172837917,0.0169993602,0.0170547143,0.0162239503,0.0163381845,0.0166625958,0.0163590051,0.0162968226,0.0158854052,0.0158198234,0.0163535587,0.0155203361,0.015624498,0.015669981,0.0155145992,0.0149793411,0.0151344286,0.0153807011,0.0147926249,0.0170218665,0.0155421365,0.0156566631,0.0153949745,0.0145580759,0.0147381751,0.0152115291,0.0138644231,0.0146612525,0.0134870224,0.0111747207,0.0122870952,0.00750219263,0.00897395331,0.00508496538,0.00388274528,0.000489468221,0.000502948184,0.00116170617,0.00113105774,0.00169637054,,,,,,,,,,,,,,,,,,,,,-0.0797987804,-0.0759438276,-0.0733616054,-0.0695807934,-0.0665124506,-0.064030759,-0.0606778562,-0.0577886365,-0.0559141785,-0.0523336641,-0.0503309965,-0.0480951853,-0.0449885353,-0.0436255224,-0.0408108681,-0.0392630845,-0.0377974212,-0.0351555534,-0.0334810503,-0.0316026174,-0.0303311832,-0.0281623118,-0.0255708545,-0.0243249759,-0.0226873271,-0.0217994452,-0.0201156437,-0.0190525614,-0.0182942823,-0.0177454874,-0.0165094882,-0.0142785311,-0.013145797,-0.0113720521,-0.010535039,-0.00908154249,-0.00776687264,-0.00671988726,-0.00510573387,-0.00421024859,-0.0027609989,-0.00166893005,-0.000917330384,0.000126309693,0.00136450678,0.00277227908,0.00334063172,0.00435832143,0.0053358078,0.0058253929,0.00636696815,0.00604002178,0.00701776147,0.00700249523,0.0068281889,0.00728671253,0.00588663667,0.00434371084,0.00315102935,0.000638276339,-0.00293459743,-0.00519840419,-0.00973664224,-0.0115396157,-0.013559863,-0.0148157626,-0.0134910792
1027,18.1809998,2026-08-27T10:32:51.385000+0000,-26.6957389,153.3354092,0.0512672327,0.0413657837,0.0475219525,0.0442695767,0.0426927432,0.04213899,0.0421639569,0.0415822789,0.0381567106,0.0370772406,0.0358491279,0.0338759981,0.0317473933,0.0327873267,0.0300294124,0.0293467678,0.0278111063,0.0276600942,0.0264885537,0.0256571844,0.0257342253,0.0243028235,0.0246392135,0.0235332176,0.0232601557,0.0228180941,0.0224406011,0.0223186016,0.0218101516,0.0212381128,0.0207366999,0.0208742321,0.0201455764,0.0202423036,0.0193388704,0.019155778,0.0191278681,0.0185035113,0.0184582751,0.0178342871,0.0181249343,0.0177265238,0.0172215942,0.0174066555,0.0165687017,0.0167673342,0.0155803002,0.0157541111,0.0156297944,0.0140452627,0.0147545636,0.0140587734,0.0149831297,0.0144294323,0.0146571472,0.0141356336,0.014199961,0.0144036273,0.0141503476,0.0137844812,0.0137999589,0.0131946029,0.0136293881,0.012894514,0.0138407936,0.0141526982,0.0138018858,0.0143121146,0.0129566174,0.0135549288,0.0138080502,0.0121781956,0.0135416556,0.012354698,0.0114817433,0.0123278331,0.00924598239,0.00946886744,0.0084545603,0.00499714445,0.00503900833,0.00396787655,,,,,0.00152453594,,,,,,,,,,,,,,,,,,,,,,-0.0781289041,-0.0745166913,-0.0715158507,-0.0677275211,-0.0652058125,-0.0629229024,-0.0595836863,-0.0571692139,-0.0545786992,-0.0516960248,-0.0497502051,-0.0473835692,-0.0456205755,-0.0426459126,-0.0402281471,-0.0385024883,-0.0364506021,-0.0342261121,-0.0329376794,-0.0306062438,-0.0283873938,-0.0269859284,-0.0245600119,-0.0232723281,-0.0220243782,-0.0209105276,-0.0198273361,-0.0184989423,-0.0176700428,-0.0157639533,-0.0151729882,-0.0136203319,-0.0119066685,-0.0108997598,-0.00859636068,-0.00804177672,-0.00694486499,-0.00557077676,-0.00468532741,-0.00307609141,-0.00190399587,-0.000642351806,-9.868294e-05,0.00136952847,0.00235728174,0.00349559635,0.00417324901,0.00481069833,0.00534027815,0.00604186952,0.00662496686,0.00666277111,0.00718763471,0.00648352504,0.00591231883,0.0054326579,0.00424020737,0.00353808701,0.000356137753,-0.00295586139,-0.0051785633,-0.0101459399,-0.0127481297,-0.013347514,-0.0146828368,-0.0125979558
1028,18.3430004,2026-08-27T10:32:51.634000+0000,-26.6957389,153.3354092,0.0540272668,0.0388958566,0.0516820289,0.0475995876,0.0435427763,0.0429890193,0.0434939638,0.0426522791,0.0382467099,0.0375972278,0.0372791253,0.0354259722,0.0309073739,0.0323673151,0.0308293998,0.0296867527,0.0286810845,0.0280100852,0.0270185508,0.0267771818,0.0258942153,0.0249728169,0.0245292131,0.0238132104,0.0236501489,0.0231980924,0.0225406084,0.0226886068,0.0210101698,0.0212381333,0.0209767185,0.0200842526,0.0199855864,0.0199423134,0.0198688749,0.0191557817,0.0187478699,0.0190335196,0.0179182794,0.017914284,0.0175749362,0.0171765182,0.0171415992,0.0163866747,0.0160987508,0.0154374279,0.0148104392,0.0142443161,0.0140700741,0.0136456229,0.0142349694,0.0142191695,0.0133734774,0.0139297163,0.0133773619,0.0131257866,0.0128700584,0.0130336797,0.0129603567,0.0130344685,0.0128599396,0.0128346086,0.0120094195,0.012774569,0.0127508501,0.0123827448,0.0137318932,0.0128320931,0.0127765778,0.0146948919,0.0119180251,0.0116781946,0.0138317235,0.00953486376,0.0118520502,0.0106483484,0.00832679681,0.0107100205,0.00674610585,0.00495923636,0.00703166379,,0.00179994106,,,,0.00226997584,,,,,,,,,,,,,,,,,,,,,,-0.0778109208,-0.0747586936,-0.071997866,-0.0678695291,-0.0657078326,-0.0633148998,-0.0601156913,-0.0571712069,-0.0545706861,-0.0522280186,-0.0501222014,-0.0472855605,-0.0452625751,-0.0427179188,-0.0400801562,-0.0390044861,-0.0364426076,-0.0343181193,-0.03291969,-0.0311182626,-0.0286593996,-0.0274179429,-0.0243520178,-0.0226343088,-0.0219063088,-0.0203724056,-0.0199591629,-0.0186006799,-0.0174317136,-0.0156455636,-0.0145745873,-0.0132619739,-0.0114683732,-0.0099715367,-0.00842820108,-0.00748369098,-0.0063868165,-0.00496277213,-0.00424733758,-0.00269812346,-0.00195602328,-0.000924348831,0.000259354711,0.001547575,0.002665326,0.00435362011,0.00464122742,0.00556864589,0.00586821884,0.00667981803,0.00635294616,0.00607081503,0.00716576725,0.00672177225,0.00733076036,0.00517132878,0.00469920784,0.00241746753,0.000526063144,-0.00414537638,-0.00349733979,-0.0113641545,-0.0122558102,-0.01231464,-0.015349552,-0.0131945238
1029,18.5100002,2026-08-27T10:32:51.884000+0000,-26.6957389,153.3354092,0.0575174093,0.047515925,0.0445721224,0.0499596931,0.0455727987,0.0446790159,0.0410140231,0.0411823057,0.0404967032,0.0384572409,0.0351991281,0.036645934,0.0339873694,0.0322973207,0.0314393789,0.0309267268,0.0284110755,0.0280800872,0.0277285427,0.0268571936,0.0258942228,0.0251428057,0.0252092313,0.0249832384,0.0242301654,0.0234781299,0.0232006535,0.0230486654,0.0223402288,0.0220982134,0.0218767934,0.0217443313,0.0212956369,0.0212123506,0.0211289208,0.0201958083,0.0199379064,0.0199335497,0.0195182953,0.0190743059,0.0189749449,0.0188265238,0.018791629,0.0182767473,0.0186189059,0.0180977024,0.0178208631,0.0174349062,0.0176008809,0.0167666301,0.0162960924,0.0169602633,0.0161844455,0.0165604968,0.0163579527,0.0162961986,0.016480308,0.0163738057,0.0162503738,0.0157644339,0.0160298981,0.0161346216,0.0154095087,0.0161847267,0.0160710197,0.0155928805,0.0171319339,0.0158520546,0.0164764989,0.0159848146,0.0150979999,0.0157882534,0.0156819858,0.015055405,0.0141229928,0.0138098756,0.0119191539,0.0102733141,0.0111304894,0.008035128,0.00554912165,0.00390070211,0.00180153921,,,,0.00154488813,,,,,,,,,,,,,,,,,,,,,,-0.0789566115,-0.0750743672,-0.072793521,-0.0690252036,-0.0667534843,-0.0632905513,-0.060821332,-0.05791682,-0.0552362874,-0.0522536263,-0.0497977994,-0.0476211831,-0.0455782115,-0.043683555,-0.0416657962,-0.0391301401,-0.0371082649,-0.0352237746,-0.0334153362,-0.0313739367,-0.0301450752,-0.028133601,-0.0249976292,-0.0237998553,-0.0224717259,-0.0208677128,-0.0199242905,-0.0184155889,-0.0171964169,-0.0161101148,-0.0145791546,-0.0129466504,-0.0117032081,-0.0101565719,-0.00872341543,-0.00759907067,-0.00624233484,-0.00524841249,-0.0037830323,-0.00233384222,-0.00122169405,-1.99452043e-05,0.000693835318,0.00160206109,0.00257979333,0.00374800712,0.00422555208,0.00493290275,0.00590246171,0.00595408678,0.00633729249,0.00619532913,0.00613052398,0.00689689815,0.00624639541,0.00576770306,0.00422643125,0.0027057454,-0.000444181263,-0.00106403232,-0.00542399287,-0.0091592595,-0.0104194432,-0.0140167326,-0.0144105703,-0.0116052181
1030,18.6790009,2026-08-27T10:32:52.136000+0000,-26.6957389,153.3354092,0.0449876785,0.0550661944,0.052982334,0.0454298258,0.0478128865,0.0465890728,0.0463241674,0.0412323698,0.0432467088,0.0410972163,0.0402690955,0.0362058394,0.0356272981,0.0357772894,0.0319593213,0.0329666473,0.0309910141,0.030890055,0.0284985118,0.0294871852,0.0287942234,0.0267527681,0.0272092465,0.0264332667,0.0257701967,0.0250081774,0.0260507353,0.0250987783,0.0239503775,0.0256983824,0.0234469697,0.0229845066,0.0240357555,0.0224024355,0.0225890074,0.0229158625,0.0222379565,0.0216536019,0.0218683239,0.0213743262,0.0205949359,0.0206965264,0.0202716831,0.0223169252,0.0227192864,0.0213784147,0.0208419636,0.021166496,0.0202330295,0.0196793508,0.0197691508,0.0187832322,0.0200370848,0.0191026293,0.0191095788,0.0189173426,0.0186309982,0.0181441698,0.018860437,0.0189443454,0.0176997781,0.0189146474,0.0185497459,0.0173351429,0.0185614675,0.0190432388,0.0170020182,0.0200019311,0.0178362578,0.0177445691,0.0205878727,0.0155783286,0.0185125992,0.0179967675,0.0137554314,0.0187639073,0.0143554313,0.0123921409,0.0157122873,0.00805103686,0.00828928873,0.00905630179,0.00118301809,0.00521159777,0.00360709731,,0.00877568498,,,,,,,,,,,,,,,,,,,,,,-0.0793159306,-0.0749136657,-0.0728528053,-0.0685945079,-0.0658427626,-0.0631197542,-0.0598505437,-0.0577159747,-0.0551254116,-0.0523427427,-0.0505369306,-0.0475003272,-0.0455074236,-0.0437127687,-0.0409050398,-0.039089378,-0.0372675061,-0.03486301,-0.0336846076,-0.0322432332,-0.0297743715,-0.0281829014,-0.0244567841,-0.0227988176,-0.0217903703,-0.0199060217,-0.0196521208,-0.0178228281,-0.0170430988,-0.0155363902,-0.0141754225,-0.0129432157,-0.0114702284,-0.0105641261,-0.0084014535,-0.00752759725,-0.00685121864,-0.00542758405,-0.00406240672,-0.00286326557,-0.00193102658,-0.00118906796,-8.50781798e-05,0.00101321191,0.00214088708,0.00279888511,0.00433620811,0.004493393,0.00563287735,0.00610461086,0.00602802634,0.00596646965,0.00650232285,0.00766965002,0.00725051761,0.00567380339,0.00528492033,0.00242707878,0.000761151314,-0.00217435509,-0.00629879534,-0.00865981728,-0.0103059933,-0.0155190676,-0.0119999796,-0.0117136165
1031,18.8430004,2026-08-27T10:32:52.385000+0000,-26.6957389,153.3354092,0.0575277731,0.0490163043,0.0532124378,0.0514198504,0.0495629124,0.0481891222,0.0497742295,0.0471323878,0.0436467156,0.0426572189,0.0415090695,0.0394858196,0.0355272889,0.0367972776,0.0344692953,0.0340865999,0.0324309953,0.0318300389,0.0321184993,0.030037187,0.0293342266,0.0280727614,0.0277792718,0.0277832784,0.0269302037,0.0271581989,0.0264307708,0.0259188265,0.024750432,0.025348451,0.0237570331,0.0237745736,0.023875799,0.0233724676,0.02332904,0.0230658874,0.0224579796,0.0217936281,0.0220983345,0.0213843435,0.0206749402,0.0208465215,0.0209017042,0.0193869919,0.0192394331,0.0192686748,0.01875237,0.0179670788,0.017593829,0.0165603552,0.0173102729,0.0164743215,0.0166880563,0.0166434087,0.0157701746,0.0164877642,0.0156912524,0.0161043014,0.0161004588,0.0160943121,0.0160097331,0.0151046598,0.0154498378,0.0154152969,0.0150716314,0.0153333675,0.0157120544,0.0155318892,0.0166161675,0.0157444812,0.0147278272,0.0159483626,0.0138628306,0.0144472737,0.014206334,0.011965394,0.0131177418,0.0109853875,0.0100466246,0.00863687973,0.0056266943,0.00269569969,0.00376457721,0.000574257225,0.000881203101,,0.00270063896,,,,,,,,,,,,,,,,,,,,,-0.081020467,-0.0777355731,-0.0744032934,-0.0713324174,-0.0686141253,-0.0645823702,-0.062799342,-0.0600501336,-0.057225544,-0.0540549718,-0.0520623028,-0.0490064956,-0.0467099063,-0.0448570065,-0.0427323505,-0.0409546457,-0.03852899,-0.037047103,-0.0352026075,-0.032874234,-0.0310728587,-0.029364001,-0.0272425413,-0.0248763524,-0.0235183239,-0.022099752,-0.0211552791,-0.0200112127,-0.0186816975,-0.0171117708,-0.0163149014,-0.015003942,-0.0133018494,-0.0119790211,-0.0109731182,-0.00943061709,-0.00797692686,-0.00674069673,-0.00547716767,-0.00472205132,-0.00325292349,-0.00242066383,-0.00139863789,-0.000154562294,0.00107374787,0.00212139636,0.00278931856,0.00347657502,0.00437368453,0.00489315391,0.00558491051,0.00626841187,0.00606700033,0.00632310659,0.00685077906,0.00634215027,0.00588617474,0.00517816097,0.00187134743,0.00120691955,-0.0018370226,-0.00641942024,-0.00866892189,-0.0121636018,-0.0143151507,-0.0125349686,-0.0127782375
1032,18.9780006,2026-08-27T10:32:52.633000+0000,-26.6957389,153.3354092,0.053357847,0.0495063812,0.0481325127,0.0487699248,0.0472329259,0.0466891229,0.0452042595,0.0455224179,0.0428367108,0.0409772247,0.038039051,0.0365257934,0.0343872681,0.0341072604,0.0325892828,0.031306576,0.0302909724,0.0295600258,0.0293284953,0.0285771787,0.0277442057,0.0266527403,0.0265492685,0.0265332796,0.0251902081,0.0248282142,0.0243307874,0.0243388489,0.0237804633,0.0232884921,0.023277076,0.0222846083,0.0218858253,0.0220224839,0.0216290578,0.021515891,0.0213479921,0.0209736321,0.0205783341,0.020064339,0.0198249333,0.0194365121,0.019331716,0.0193870272,0.0189295243,0.0184888616,0.0182826594,0.0176674947,0.0176043939,0.016491076,0.0164610837,0.016775107,0.0161387604,0.0166439787,0.0173706058,0.0163480677,0.0171314366,0.0164444018,0.0160604771,0.0161642879,0.0163596999,0.0158146638,0.0161098968,0.0161854085,0.0159417484,0.0161434617,0.0165820718,0.0164518505,0.0168360919,0.0157044008,0.0161777753,0.015528365,0.0163029712,0.0151976096,0.0153869521,0.013226429,0.0127993757,0.0116876997,0.0108397268,0.00894107576,0.00597202405,0.00619247835,0.00121293031,0.00206341431,,0.000945713371,0.00271154381,,,,,,,,,,,,,,,,,,,,,-0.0806584954,-0.0769336224,-0.0738213286,-0.070830442,-0.0675621703,-0.0644004121,-0.0613373555,-0.0586881489,-0.0560835451,-0.0529329628,-0.0509202965,-0.0478144772,-0.046217896,-0.044215031,-0.0418603644,-0.0396126695,-0.0376470089,-0.0350951329,-0.0336006358,-0.0321422592,-0.0300008915,-0.0282020308,-0.0262105688,-0.0237243399,-0.0222662836,-0.0207476206,-0.0192030631,-0.0182688534,-0.0172991827,-0.0167291313,-0.0149921328,-0.0134211704,-0.0122591406,-0.0105664358,-0.00966068357,-0.00787831098,-0.00697474182,-0.00563860685,-0.00468517095,-0.00385009497,-0.00233098865,-0.00196871161,-0.00035661459,0.000287503004,0.00165584683,0.0028834641,0.00328134,0.00506854057,0.00538558513,0.00573504716,0.00646682084,0.00687035918,0.00666906685,0.00710533559,0.00647326559,0.006295003,0.00614953786,0.00525216013,0.0025761202,0.000372745097,-0.00208004564,-0.00612098724,-0.00921934098,-0.0108329281,-0.0136433393,-0.0137423724,-0.0116853416
1033,19.1100006,2026-08-27T10:32:52.882000+0000,-26.6957389,153.3354092,0.0383780263,0.0469564982,0.0441025719,0.0433799997,0.0430729799,0.0417391323,0.0421443358,0.0398624428,0.0394066945,0.0381972268,0.0354890488,0.0340957493,0.0335772336,0.0328172296,0.0305592418,0.030206522,0.0290109217,0.0285300016,0.0276384689,0.0268271752,0.0270141996,0.0257127173,0.0257792696,0.025273269,0.0239202008,0.0244482234,0.0248308163,0.0236088913,0.0230605211,0.0235585682,0.0226971526,0.0228346866,0.023205867,0.0223225188,0.0225990862,0.0220359154,0.021948006,0.0215036459,0.0214983337,0.0207643472,0.0204449203,0.0207765028,0.020431729,0.0204971023,0.0198796932,0.0195891783,0.0187531579,0.0188882146,0.018125385,0.0173823386,0.0176825076,0.0169164967,0.0173099972,0.0171849821,0.0171913709,0.016768612,0.0165717658,0.0172145721,0.0172405113,0.0166342501,0.0165596455,0.0162746795,0.0161800031,0.0153755974,0.0160919521,0.0163436234,0.0167921074,0.0165217835,0.0165059678,0.0160542708,0.0155076943,0.0148783699,0.0154232243,0.015308205,0.014038044,0.0144982599,0.012482252,0.0129317623,0.0103051737,0.00762844086,0.00663137482,0.00276436424,0.00186756765,0.00119947176,,0.00278466335,0.00163063407,,,,,,,,,,,,,,,,,,,,,,-0.0778667107,-0.0752744153,-0.0720435157,-0.0681952536,-0.0665234774,-0.0627004057,-0.0602611937,-0.0570965596,-0.0543159582,-0.0523233041,-0.0493174717,-0.0469309203,-0.0445980616,-0.0425334163,-0.0398357213,-0.0383400619,-0.0360081866,-0.0345736966,-0.0325353332,-0.0309039913,-0.02933513,-0.027043663,-0.0249173678,-0.0230292156,-0.0221404135,-0.0203956962,-0.0191012695,-0.018171303,-0.0174710006,-0.0159838051,-0.0141328275,-0.0132509395,-0.0119384602,-0.010212943,-0.00882079452,-0.00760746002,-0.00675148517,-0.00510818511,-0.00449319929,-0.00282413512,-0.00204180926,-0.00122960657,-0.000905402005,0.000732958317,0.00225055963,0.00301833451,0.00365543365,0.00507239252,0.00499182194,0.00560362637,0.00633726269,0.00676616281,0.00700273365,0.00617109984,0.00614348054,0.00539892912,0.0044426471,0.00350793451,-0.000183567405,-0.00194433331,-0.00582268834,-0.00921905786,-0.0122307763,-0.0120792091,-0.0146668106,-0.013609305
1034,19.2460003,2026-08-27T10:32:53.139000+0000,-26.6957389,153.3354092,0.0515981764,0.0394466147,0.0527026728,0.043990057,0.0433530062,0.0416191667,0.0449744016,0.040152438,0.0385966897,0.0383072197,0.0365090109,0.0340156816,0.0319771692,0.0332972184,0.029659206,0.0294964742,0.0286808852,0.0286399815,0.0263884328,0.0268471632,0.0258141868,0.0252626967,0.0252092741,0.0248932801,0.0239502154,0.0235882513,0.0233008526,0.0233389381,0.0218005832,0.023048643,0.021487223,0.0211047605,0.0217559133,0.0205425508,0.0208291169,0.0198959336,0.019948028,0.0191836674,0.019138338,0.0193843469,0.0185149051,0.0186664965,0.0184017476,0.0178871714,0.0173598621,0.0165395048,0.016823668,0.0165189467,0.0154363802,0.0158936009,0.0151239261,0.0156178819,0.0156212319,0.0149759753,0.0156821311,0.0154691497,0.0153320888,0.0148447445,0.0154905412,0.0149342092,0.0147895887,0.0154346908,0.0141301146,0.0141457897,0.0153921619,0.0138037894,0.015612145,0.0156117212,0.0137758451,0.0164541434,0.0154176168,0.0133883916,0.0162134897,0.012778814,0.0133991567,0.0141001064,0.00871514622,0.0121458462,0.00977064203,0.00433582766,0.00848075096,0.00297627226,,0.00428553671,,0.00224361103,0.00348970434,,,,,,,,,,,,,,,,,,,,,,-0.0780858323,-0.0750335157,-0.0722925961,-0.0683043599,-0.0658225715,-0.0632194579,-0.0594402589,-0.0575056002,-0.0546949878,-0.0521023199,-0.0499364994,-0.0474599563,-0.0452071354,-0.0433524735,-0.0402548052,-0.0388591476,-0.0364172682,-0.0342427716,-0.0330644287,-0.0305131041,-0.0290042348,-0.0271327756,-0.0245264098,-0.0238781795,-0.0225692131,-0.020754341,-0.0195696875,-0.0184094533,-0.0178589001,-0.0165114999,-0.0147405267,-0.0132887736,-0.0114864856,-0.0107412264,-0.00909930468,-0.00817620754,-0.00689040124,-0.00598722696,-0.00445233285,-0.00319328159,-0.00272092223,-0.00133864582,-0.000244311988,0.000304065645,0.0018016398,0.00274931639,0.003956303,0.00450319052,0.00510258228,0.00580441207,0.00694815069,0.00660724193,0.00656410307,0.00640291721,0.00640594214,0.00605232269,0.00483713299,0.00267375261,0.0011241436,-0.00154462457,-0.00709040463,-0.00905479491,-0.0120746419,-0.0134410709,-0.0142572895,-0.0143193081
1035,19.3770008,2026-08-27T10:32:53.388000+0000,-26.6957389,153.3354092,0.0554381534,0.0606466196,0.0456426851,0.052810058,0.0505930036,0.0493091792,0.0447043963,0.045642443,0.0457366668,0.0417272113,0.039579004,0.0383556634,0.0392571837,0.0344872028,0.0348791927,0.0339964665,0.0326108783,0.0319199711,0.0309284348,0.0293671507,0.0288441814,0.0290226825,0.0280692633,0.0275732763,0.027130207,0.0274482425,0.0269208439,0.0260189287,0.0261105783,0.0246686358,0.0248272195,0.0245747622,0.0238059144,0.0238925498,0.0239291117,0.0226859245,0.0229880232,0.0226336606,0.0218683369,0.0216043387,0.0216949023,0.0215564873,0.0207417458,0.018287167,0.0173598658,0.0175495204,0.0164336935,0.0160689913,0.0161764417,0.015003683,0.0150040248,0.0160179809,0.0149313249,0.0151260523,0.015082187,0.0145591851,0.0151421195,0.0149047589,0.0148405405,0.014464207,0.0148595823,0.0144446902,0.0137601206,0.0146958018,0.0146521712,0.0140437996,0.0157821439,0.0138517069,0.0151058258,0.0148841199,0.0129175968,0.014658371,0.0135134812,0.0114888269,0.0141292028,0.010280204,0.0111053167,0.011346099,0.00558099523,0.00868631713,0.00625138544,,0.00319324667,,,0.000294990605,,,,,,,,,,,,,,,,,,,,,,,-0.0786043033,-0.0763719901,-0.0728210732,-0.0690328404,-0.0669310465,-0.0631879345,-0.0607187226,-0.0580740646,-0.0553834513,-0.0527807847,-0.05005496,-0.0476984158,-0.0461856052,-0.0433809534,-0.040803276,-0.0387376137,-0.0365657322,-0.0341412537,-0.0326428972,-0.0307315737,-0.0294527113,-0.0271012522,-0.0241348818,-0.0232566334,-0.0214276686,-0.0203627869,-0.0193381123,-0.0182678662,-0.0173972696,-0.0160398781,-0.0145188943,-0.0131671503,-0.011204876,-0.0101096332,-0.00870772451,-0.00744462758,-0.00620885193,-0.00537569076,-0.004420802,-0.00276176631,-0.00153939426,-0.000827096403,-9.27820802e-05,0.000865608454,0.00204317272,0.0033608526,0.00428783149,0.00447470695,0.00586408377,0.00672592223,0.00624966621,0.0064887628,0.00748565048,0.00713448972,0.00735755265,0.00592400134,0.00479888916,0.00270558894,0.000176109374,-0.00276250392,-0.00491809845,-0.00884234905,-0.0106920451,-0.0134883225,-0.0130944178,-0.0128663629
1036,19.5049992,2026-08-27T10:32:53.636000+0000,-26.6957389,153.3354092,0.055428151,0.0500666276,0.0405926891,0.0503200777,0.0448230095,0.0443891734,0.0410743877,0.0439024344,0.0407966934,0.0382772051,0.0359490216,0.036855679,0.0353671759,0.0321772099,0.0327591896,0.0317564607,0.0304908734,0.0294199735,0.028528424,0.0283071566,0.0273741819,0.0265526958,0.0268392619,0.0253532715,0.0261701997,0.025518246,0.0253008455,0.0246189386,0.0244105849,0.0233686417,0.0235972311,0.0234647654,0.0234259162,0.0223925505,0.0223691203,0.0223359279,0.021868024,0.0215736683,0.0216483362,0.0212243441,0.0209948979,0.0204564836,0.020511739,0.0203371774,0.020429885,0.0196695458,0.0196837336,0.0191890411,0.0185865145,0.0176137798,0.0178341251,0.0176380817,0.0178814102,0.0178761259,0.0170022398,0.0172492247,0.0172821432,0.0173647683,0.0171205439,0.0170442015,0.0166995786,0.0161546879,0.016490126,0.0161058158,0.0163421854,0.0169838108,0.015752146,0.0171917062,0.0161058158,0.0145741114,0.0168375932,0.0165283717,0.0145435045,0.0168988723,0.0137692839,0.0136803361,0.0150155239,0.00993639138,0.0117013864,0.00998684298,0.00385205308,0.0101579353,0.00379429106,,0.00384986168,,0.00368246762,,,,,,,,,,,,,,,,,,,,,,,-0.076412499,-0.0729315728,-0.0698633343,-0.0669315457,-0.0640384406,-0.06141923,-0.0582145676,-0.055623956,-0.0531212948,-0.0507354699,-0.0480889194,-0.0458361022,-0.0434814505,-0.0411637872,-0.0387981199,-0.0371662416,-0.035111744,-0.033383403,-0.0313620642,-0.0296332166,-0.0269817524,-0.0253853761,-0.0238971263,-0.0227381513,-0.0214132629,-0.0201785713,-0.0193583034,-0.0184977017,-0.0173202828,-0.0153293014,-0.0135375559,-0.011895299,-0.010860078,-0.00938817859,-0.00821510702,-0.00701933354,-0.00565619767,-0.00486130267,-0.00346226245,-0.00203990191,-0.00100759417,-0.000563263893,0.00123512,0.00218268484,0.00332035124,0.0045273304,0.0048641935,0.00574357808,0.00596541166,0.00678917021,0.00661827624,0.00633517653,0.00715405494,0.00602716208,0.0062436685,0.00554864109,0.00251544267,0.000956095755,-0.00188237429,-0.00713780522,-0.00731188804,-0.0106714517,-0.0143576041,-0.0135036036,-0.0120455176
1037,19.6310005,2026-08-27T10:32:53.885000+0000,-26.6957389,153.3354092,0.0592682622,0.0379567109,0.0489327684,0.0479301028,0.0434230492,0.0433891863,0.0421244614,0.0452924743,0.0385166779,0.0392772034,0.0375490226,0.0366156735,0.0318771712,0.0351772085,0.0325691812,0.0308064446,0.0305108856,0.0297699776,0.0291984323,0.0276771672,0.0274941958,0.0262127016,0.0257792939,0.025463298,0.0255002249,0.024658272,0.0244408883,0.025008982,0.0228006374,0.0223387089,0.0233672969,0.02142483,0.0224359613,0.0219525881,0.0217791554,0.0216759574,0.0206680503,0.0210536923,0.0201883595,0.020534372,0.0202249195,0.0190465003,0.019251775,0.018987244,0.0195600018,0.0192697514,0.0183640458,0.0183494911,0.0178871136,0.0161945242,0.0168049522,0.0167488735,0.0168121085,0.0169766843,0.0163026657,0.0162295196,0.0168023165,0.0161648616,0.0162405558,0.0165341757,0.0158695467,0.0161947031,0.0155601948,0.0161359347,0.0151323117,0.0165939126,0.0158121791,0.0158816855,0.0172457751,0.0152740777,0.0154675972,0.0163884424,0.0148937274,0.0150393061,0.0143000148,0.0130415,0.0145472903,0.010458841,0.0114746271,0.00917118136,0.00559752388,0.00507485494,0.00250276318,,0.0036801314,,0.00350324344,,,,,,,,,,,,,,,,,,,,,,-0.0794929937,-0.0759106725,-0.0721497387,-0.0699015111,-0.0660497099,-0.0630865842,-0.060657382,-0.0576026998,-0.0544520766,-0.0519794114,-0.0494135991,-0.0472570509,-0.0455142558,-0.0426196009,-0.0402719416,-0.0380362757,-0.0365443937,-0.0343899094,-0.0323115624,-0.0309902467,-0.0288313888,-0.0266599208,-0.0250035152,-0.0233952142,-0.0229561478,-0.0215811618,-0.0202763528,-0.0188559145,-0.0174651667,-0.016037643,-0.0146066695,-0.01293502,-0.0117928907,-0.0104778185,-0.00877603889,-0.00774309784,-0.00645741075,-0.00527434796,-0.00406950712,-0.00258048624,-0.00180808455,-0.000725723803,0.000198662281,0.00142706186,0.00237461925,0.0039422214,0.00421914458,0.00483597815,0.00555533916,0.00597722828,0.00697102398,0.0068602562,0.00645735115,0.00619648397,0.00654998422,0.00501701236,0.0047326237,0.00285018235,0.000271916389,-0.00197540224,-0.00587934256,-0.00784232467,-0.0113508478,-0.0134859085,-0.0134411603,-0.0130528659
1038,19.7609997,2026-08-27T10:32:54.139000+0000,-26.6957389,153.3354092,0.051588323,0.0487567633,0.0412528105,0.0469501093,0.0436430648,0.0435391888,0.0423944704,0.0440624803,0.0396466888,0.0387271978,0.0364789888,0.0373756401,0.032617148,0.0328371935,0.0325191729,0.0307964236,0.0302408598,0.0292199664,0.02925843,0.0275871605,0.0281441957,0.0263826847,0.02704929,0.0255533028,0.0258802343,0.0247282851,0.0245309062,0.0253690053,0.022970669,0.0232887417,0.023767326,0.0226748604,0.0229659844,0.0226326026,0.0222991686,0.0221159682,0.0223180652,0.0213537067,0.0214183629,0.0214543715,0.0206849147,0.0205364991,0.0199617855,0.02025727,0.0198000818,0.0202098936,0.0192142613,0.018969804,0.0190275405,0.0174550638,0.0173455663,0.0169194657,0.016912641,0.0173171125,0.0170429926,0.0166997481,0.0166924559,0.017294934,0.0161805693,0.0163841583,0.0161695257,0.0155347055,0.0154802455,0.0160760172,0.0160024017,0.0161139835,0.016552195,0.0158516578,0.0157657191,0.0157840215,0.0150175625,0.015928451,0.014253838,0.0152995689,0.0151304863,0.0131222866,0.0121685285,0.011180589,0.00889697019,0.00846434757,0.00626154523,0.00397996139,0.00316904625,0.000443958677,,0.000745238271,,,,,,,,,,,,,,,,,,,,,,,,-0.0775857121,-0.0743547827,-0.0707665458,-0.0685647503,-0.0650416091,-0.0619223937,-0.0588077083,-0.0559570864,-0.0540844165,-0.0504886061,-0.0483620577,-0.0459692739,-0.0438846312,-0.0414869711,-0.0393213108,-0.037219435,-0.0350949317,-0.0332366042,-0.0319152959,-0.0295264237,-0.027404964,-0.0256285295,-0.0239601918,-0.0223310441,-0.0210359991,-0.0201410986,-0.0186905451,-0.0178496912,-0.0163720846,-0.0149410963,-0.0133695081,-0.0124074668,-0.0109125003,-0.00976083428,-0.00816797465,-0.00776236504,-0.00606936961,-0.00500454754,-0.00362554938,-0.00261313468,-0.0013807416,-0.000996299088,0.000452123582,0.00154965371,0.00268720835,0.00319410115,0.00440087914,0.00482024997,0.00550213456,0.00549598783,0.00590530038,0.00594251603,0.00570185483,0.00594560802,0.00529303402,0.00459912419,0.00270725042,0.000419788063,-0.00241666287,-0.00530950725,-0.00888164341,-0.00916934758,-0.0117635429,-0.0133882016,-0.01046969
1039,19.8880005,2026-08-27T10:32:54.388000+0000,-26.6957389,153.3354092,0.0526483282,0.0522967391,0.0443428271,0.0491601229,0.0466230512,0.0461591929,0.0432144739,0.0436824933,0.0408166908,0.0403272174,0.0374190062,0.0368956327,0.03409715,0.0326671898,0.032509163,0.0318464227,0.0305708498,0.0296699554,0.0291584153,0.0293371547,0.02776419,0.0269526727,0.0271392819,0.0261432864,0.0259802248,0.0261982735,0.0252108853,0.0245289914,0.0245906524,0.0236387271,0.0236873105,0.0234748479,0.022275975,0.0229225904,0.022069158,0.0225559566,0.0217180494,0.0215736963,0.0211883523,0.0213043559,0.0207648985,0.0205364879,0.020351775,0.0204972625,0.0196400657,0.0191898793,0.0192942508,0.0185797885,0.018057527,0.0175150521,0.0171055533,0.0169094671,0.0165426414,0.0167071186,0.016502995,0.0160997603,0.0164824668,0.0164349359,0.0162405726,0.0157041606,0.0156895239,0.0163947046,0.0153302383,0.0160960089,0.015452398,0.015753977,0.0163221881,0.0154316472,0.0164357051,0.0164039992,0.0160075352,0.0159784127,0.0157737955,0.0146995168,0.0143104307,0.0136222262,0.0126684634,0.0116205215,0.00872690231,0.0106742764,0.00571147259,0.00394989271,0.00318899099,,,0.00366526027,0.000561494846,,,,,,,,,,,,,,,,,,,,,,,-0.0770696476,-0.0737787113,-0.0700204894,-0.0678186789,-0.0640655532,-0.0611963347,-0.0595116541,-0.0560110137,-0.0532783493,-0.0507025346,-0.0482959971,-0.0464032069,-0.0438085571,-0.0415909067,-0.0388952382,-0.0367233567,-0.0351188742,-0.0333305411,-0.0312492251,-0.0290303677,-0.0272689052,-0.025492467,-0.0239441283,-0.0232549943,-0.0217099525,-0.0206950381,-0.0188344792,-0.0180036351,-0.0169360191,-0.0152850375,-0.013873443,-0.0121713877,-0.0108664259,-0.00921474397,-0.00799190253,-0.00661628693,-0.00592327863,-0.00493848324,-0.00356946886,-0.0029270649,-0.00152466446,-0.000640228391,0.000168181956,0.00118572265,0.00260329247,0.00349015743,0.00383693725,0.00476630032,0.00515818596,0.00547201931,0.00535133481,0.00574854016,0.00607787073,0.00586161762,0.0050290525,0.00414513052,0.00254325569,0.00102578849,-0.0018606782,-0.00585350394,-0.00936564803,-0.0111633316,-0.0132775083,-0.0151921362,-0.0122035816
1040,19.9880009,2026-08-27T10:32:54.637000+0000,-26.6957389,153.3354092,0.0655482933,0.0481767207,0.0485827811,0.0555500835,0.0474430509,0.0471391752,0.0441044457,0.0489324629,0.0429766737,0.0424171947,0.0400789864,0.0424156301,0.0371471569,0.0368471928,0.0363391712,0.0341564268,0.0330408588,0.0326999612,0.0324584171,0.0307671595,0.0309141912,0.0299826786,0.0287392754,0.0291432887,0.0278002191,0.027728267,0.0271908753,0.0274889767,0.0267406367,0.0255087093,0.0268772971,0.0257648341,0.0248659644,0.0248625856,0.0242791548,0.0239459537,0.023488041,0.0239036884,0.0230883434,0.0226743501,0.0227749012,0.022096483,0.0216017663,0.0199472439,0.0189300235,0.0192698035,0.0186741408,0.0175996255,0.0183473099,0.0167047828,0.0166152529,0.0168891661,0.0159323756,0.0166469067,0.0163628366,0.0158296451,0.0159623921,0.0165649019,0.0161005668,0.0157641694,0.0159695372,0.0154147008,0.0150002167,0.0166059677,0.0143023524,0.0152639421,0.0172621813,0.0140216593,0.0164657291,0.0167240277,0.0133275464,0.0167184062,0.0141337337,0.0130793806,0.0165801831,0.0101818219,0.013687836,0.0131196398,0.00542572141,0.0118626878,0.00680945721,0.00157733541,0.00511584524,,0.00292396778,0.00171121233,,,,,,,,,,,,,,,,,,,,,,,-0.0812704414,-0.0784081221,-0.0742371902,-0.0709789693,-0.0684771538,-0.0647040233,-0.062674813,-0.0594801307,-0.0565695018,-0.0542468466,-0.0515910275,-0.0495044887,-0.0473516993,-0.0444070362,-0.0419393852,-0.0398737229,-0.0377818458,-0.0358273499,-0.0342690125,-0.0322476998,-0.0303888395,-0.0283373706,-0.0259709507,-0.0241926312,-0.023223538,-0.0218085125,-0.0205436647,-0.0191431642,-0.0182223693,-0.0168747902,-0.0156938061,-0.0142521858,-0.0127000809,-0.0105450675,-0.00925333798,-0.0086004436,-0.00712479651,-0.0061917752,-0.00511695445,-0.00375793129,-0.00306553394,-0.00162316114,-0.000828750432,0.000109650195,0.00107720494,0.00203478336,0.00294168293,0.00345849246,0.00458785146,0.00529973209,0.00472355634,0.00600281358,0.00590996444,0.00539918989,0.00545279682,0.00510004163,0.00392587483,0.00350371748,0.000385850668,-0.00222104043,-0.00559441,-0.00934697688,-0.0123050585,-0.0120296553,-0.0132145733,-0.0129061341
1041,20.0830002,2026-08-27T10:32:54.885000+0000,-26.6957389,153.3354092,0.0753282905,0.0463467501,0.0463628136,0.0595400818,0.0487630591,0.0484491996,0.0463244542,0.0534524657,0.043386694,0.0442472063,0.040269006,0.0444156304,0.0370271392,0.0369871892,0.0384891666,0.0351064317,0.0342508592,0.0336499549,0.0342784151,0.030847149,0.0311841853,0.0307426807,0.0296092816,0.0291332919,0.0292802192,0.0287082661,0.0276608821,0.028048981,0.0272806454,0.0261087175,0.0272873007,0.0253648404,0.0253859665,0.0256825835,0.0253991503,0.0248359498,0.0238580462,0.0243536904,0.0234683473,0.0228943527,0.0231649019,0.0216964837,0.0227017663,0.0194572471,0.0187700354,0.0204498284,0.0184441768,0.0182796773,0.0181973781,0.0163548663,0.0172753483,0.0171792638,0.0166324675,0.0176569764,0.0166928917,0.0170296803,0.0173224173,0.0166949164,0.0161205698,0.0159241688,0.0170895308,0.0157147031,0.0164002217,0.0161759816,0.014382368,0.0174039565,0.0153821828,0.0149216559,0.0180957224,0.0145340171,0.0158475451,0.0171384104,0.0140737547,0.0163794272,0.0155802667,0.0117919557,0.0159780439,0.00843993202,0.00949611329,0.0117532145,0.00356012583,0.00730818184,0.0057468852,,0.00234524161,0.000592551893,0.00295877317,,,,,,,,,,,,,,,,,,,,,,-0.0813949481,-0.0770826265,-0.0743516907,-0.0715134665,-0.0678516552,-0.0656585246,-0.0629593134,-0.0594746321,-0.0570140071,-0.0542313382,-0.0515955165,-0.0497889854,-0.0469161868,-0.0447515398,-0.0427638851,-0.040298216,-0.0382063389,-0.036491856,-0.0337135196,-0.0325521976,-0.0305833519,-0.0283018835,-0.0263454504,-0.0245671235,-0.0235480107,-0.0217529945,-0.0205581076,-0.0198276043,-0.0184767693,-0.0169291869,-0.0155682117,-0.0138965994,-0.0126745179,-0.0109095126,-0.00976780057,-0.00835493207,-0.00730929524,-0.0060762614,-0.00491144508,-0.00357244164,-0.00289003551,-0.00194764882,-0.000463232398,0.000205174088,0.00151271373,0.00298029184,0.00350718945,0.00449398905,0.00495334715,0.00548522174,0.0057990551,0.00611831993,0.00672550499,0.00572475046,0.00687840581,0.00455570966,0.00356163085,0.00286957622,-0.000188171864,-0.00203491747,-0.00420812517,-0.00943052769,-0.0110084713,-0.0134829432,-0.0145877749,-0.0126392841
1042,20.1800003,2026-08-27T10:32:55.139000+0000,-26.6957389,153.3354092,0.0561382398,0.0445167273,0.0502027534,0.0485700667,0.0455630235,0.0441991724,0.0450944304,0.0450524613,0.0407766625,0.0409871861,0.0389490016,0.038465634,0.0342871472,0.0367271937,0.0341291651,0.032686431,0.0315908603,0.0316699632,0.0296084173,0.0292871576,0.0291541815,0.0282826759,0.0275992695,0.0272932742,0.0269302074,0.0260882545,0.0264308657,0.026208967,0.0241306182,0.0258686915,0.0250072759,0.0237748139,0.0245759431,0.0235225707,0.0233291406,0.0226159394,0.0232780352,0.0226336718,0.0216383412,0.0219843462,0.0211448967,0.0213964805,0.0206617527,0.0213572197,0.0212999787,0.021069726,0.0209140182,0.0197294615,0.0196370874,0.0192945041,0.018214941,0.0189088695,0.0185021162,0.0180966966,0.0178126805,0.0179095324,0.017752327,0.0173848681,0.0174605604,0.0173141807,0.0173195451,0.0169946961,0.0169801898,0.0163359251,0.0164323039,0.0169439074,0.0173221696,0.0163416713,0.0169457477,0.0160140395,0.0162575506,0.0167483855,0.0149536552,0.0151092252,0.013939919,0.0129313963,0.0134871807,0.0101087261,0.00998451002,0.00763106346,0.0071474039,0.0045647379,0.000592660625,,0.00216010213,0.00183714763,3.35229561e-06,,,,,,,,,,,,,,,,,,,,,,-0.081108883,-0.0770865604,-0.07429564,-0.0710874125,-0.0675956011,-0.064172484,-0.0617832765,-0.0586685911,-0.0563679785,-0.0539853126,-0.0504194796,-0.0482329354,-0.0463601463,-0.0437054895,-0.0417178273,-0.0392421633,-0.036970295,-0.0350157991,-0.0335674621,-0.0315961391,-0.0293772817,-0.0276858248,-0.0253694169,-0.0240111127,-0.0224820413,-0.0208970718,-0.0203322507,-0.0190018192,-0.0175310597,-0.0164535493,-0.0150625631,-0.0137508959,-0.0116087571,-0.0110036805,-0.00945191085,-0.00814896077,-0.00684328377,-0.00588022172,-0.00445538014,-0.00341635942,-0.00235397369,-0.00090162456,-0.000347234309,0.0013011694,0.00236872584,0.00288633257,0.00373324752,0.00414007157,0.0054494366,0.00611129403,0.00623508543,0.00649431348,0.00652138889,0.0068205148,0.0064239949,0.00600101799,0.00566663593,0.00234419107,0.00128591061,-0.00263141096,-0.00666534901,-0.00755833089,-0.0116368011,-0.0137718469,-0.0136970282,-0.0120286867
1043,20.2759991,2026-08-27T10:32:55.388000+0000,-26.6957389,153.3354092,0.0596181862,0.0449866503,0.0438927114,0.0483500287,0.0448830016,0.0434891768,0.0415244065,0.0436524563,0.0400466882,0.0368372165,0.0355789959,0.0364256613,0.0325271599,0.0312972032,0.0316391848,0.0298564546,0.028410878,0.0280799698,0.0275684297,0.0259171594,0.0265541859,0.0257426817,0.024919264,0.0246032681,0.0249202028,0.0241682474,0.0229108445,0.0230389368,0.0219805893,0.0220086481,0.0217972361,0.0211847741,0.0220559239,0.0215825569,0.0208891183,0.0210759323,0.0205280241,0.0203736648,0.0202783402,0.020224344,0.0200649016,0.0199964847,0.0192517452,0.021917183,0.0211398937,0.0202895701,0.0208437666,0.0197290964,0.0199365877,0.0199538674,0.0186542291,0.0192681737,0.0188714936,0.0193261988,0.0191722978,0.0196392648,0.0198821649,0.0193147846,0.0196505468,0.0193441994,0.0194595736,0.0189746898,0.0188901369,0.0191458259,0.0192622021,0.0194038246,0.0199121516,0.0201116987,0.0192058086,0.0195341036,0.0191475879,0.0189683735,0.0200035237,0.0180789195,0.0188593641,0.0160904713,0.0173157323,0.0147966854,0.0127317766,0.013387369,0.0106327189,0.00853878353,0.00770532992,0.00572895259,0.00376112992,0.00642767455,0.00570381666,,,,,,,,,,,,,,,,,,,,,,-0.0812053159,-0.0773929954,-0.074432075,-0.0711638331,-0.0687020421,-0.0655889288,-0.0626097247,-0.059255071,-0.0565744527,-0.0543117896,-0.0516059622,-0.0493594185,-0.046896603,-0.0446819477,-0.042294275,-0.0405786112,-0.038366735,-0.0364822447,-0.0338839032,-0.0325625762,-0.030883722,-0.0283022486,-0.026415877,-0.0245176293,-0.0235486329,-0.0222437307,-0.021139022,-0.0196887255,-0.0188981146,-0.0172306895,-0.015699707,-0.0139879733,-0.0125257224,-0.0118105188,-0.0103086457,-0.00886558741,-0.00752981752,-0.00667668134,-0.00552179664,-0.00433276594,-0.00315039605,-0.00201810151,-0.00105375051,-3.53679061e-05,0.00130220503,0.00210985541,0.00271682441,0.00394368172,0.00468306988,0.00518491864,0.00555866212,0.00658778846,0.00591471791,0.00629362464,0.00521676987,0.00412335247,0.00367840379,0.00296529382,0.000946074724,-0.00217226148,-0.00541748852,-0.00827144086,-0.0124008656,-0.0129368976,-0.0126827732,-0.0145446658
1044,20.3859997,2026-08-27T10:32:55.637000+0000,-26.6957389,153.3354092,0.0491580851,0.048056569,0.0471926518,0.0482000187,0.0466329977,0.0452691615,0.0445043519,0.0449924357,0.0407666713,0.040857181,0.0383090042,0.0376156792,0.0340671688,0.0342072062,0.0328591913,0.0320064649,0.0315208919,0.030539969,0.0289684199,0.0283871498,0.0282141771,0.0275226794,0.0269292463,0.0265232474,0.0255601872,0.0258882139,0.0251908116,0.0248988904,0.0246705394,0.0242385939,0.0239271726,0.023304712,0.0237358809,0.0229225159,0.0226590876,0.0224658996,0.0221579969,0.0224036351,0.022258319,0.0216043219,0.0214648917,0.0208464712,0.0208217148,0.0195471216,0.0194097795,0.0191193614,0.0190634597,0.0185786616,0.0179059971,0.0178831313,0.0170334056,0.0181773826,0.0175207928,0.0173156336,0.01784187,0.0171589646,0.0171519909,0.0171546917,0.0169105344,0.0169042237,0.0164996069,0.0170446821,0.0158300679,0.0159757119,0.0164720789,0.0170837231,0.0167821199,0.0166617222,0.0160658583,0.0168041456,0.0169575922,0.0159183163,0.0163633116,0.0155485012,0.0148486523,0.0135393292,0.0135439886,0.0134642571,0.0110085579,0.0090930555,0.00658726972,0.00568188773,0.00445688097,0.00273971399,,0.00404689461,0.00367302028,,,,,,,,,,,,,,,,,,,,,,-0.0808631778,-0.0778508708,-0.0742999613,-0.0707817152,-0.0678499192,-0.0651368275,-0.0621476248,-0.0597229674,-0.0565223657,-0.0538496971,-0.0512838811,-0.0491273217,-0.0465944931,-0.0441798344,-0.0415121615,-0.0398865044,-0.0374346301,-0.0354901329,-0.0336917825,-0.031770438,-0.0296115875,-0.0278401263,-0.025603801,-0.0242355913,-0.0227466747,-0.0215518624,-0.0204472952,-0.0198671483,-0.018526677,-0.0163693577,-0.0153983608,-0.0138365477,-0.0120241866,-0.0110088363,-0.00922683626,-0.00838364661,-0.00701778382,-0.00527457893,-0.00465963781,-0.00319059938,-0.00239825249,-0.00132600218,0.000168278813,0.000506646931,0.00227423757,0.00329194218,0.00363895297,0.00452586263,0.00536525249,0.00573707372,0.00606075674,0.00617975742,0.00642652065,0.0061051473,0.00596792996,0.00536397099,0.00495839864,0.00216452777,0.000704236329,-0.00195524096,-0.00587193668,-0.00867703557,-0.0116575137,-0.0136846378,-0.0140112638,-0.0111633688
1045,20.5009995,2026-08-27T10:32:55.885000+0000,-26.6957389,153.3354092,0.0571880452,0.0604865514,0.0573826395,0.057409998,0.0562929995,0.0552991591,0.05526435,0.0527724214,0.0518366657,0.0501972102,0.0463890247,0.0447057076,0.0426471941,0.0418272167,0.04005922,0.0388265029,0.0378009044,0.0368199944,0.035498444,0.0350771621,0.0345641896,0.0334027,0.0332992487,0.032243263,0.0313001983,0.03130823,0.0302308127,0.0301788952,0.0298705343,0.029278582,0.0286671631,0.0285047088,0.0277658775,0.0277025197,0.0267090909,0.0268259123,0.0262380019,0.0259936471,0.0256583281,0.0253743324,0.0252649039,0.0248364899,0.0247417223,0.0261071138,0.0260297433,0.0256092865,0.0250933245,0.024988465,0.0243757274,0.0238927789,0.0234530065,0.0233369879,0.0232004393,0.0234053433,0.0230416469,0.0229488052,0.0228418875,0.0230646394,0.0225705244,0.0226842351,0.0229896214,0.0220746771,0.0218000431,0.0224656612,0.0218920242,0.0218036789,0.0228921138,0.0217217505,0.0220859088,0.0232842062,0.0208576433,0.0223583505,0.0218632855,0.0217083842,0.0220383983,0.0191388726,0.0191632342,0.0178831667,0.015797073,0.0167210214,0.015254667,0.00901855901,0.0109327566,0.0086351661,0.00706575625,0.00697144773,0.00919749029,,,,,,,,,,,,,,,,,,,,,,,-0.0793929026,-0.075162001,-0.0717637464,-0.0690819621,-0.0660088733,-0.0634096637,-0.0600050241,-0.0573944226,-0.0548617616,-0.0518659316,-0.0494893827,-0.0472265407,-0.0446418896,-0.0430942178,-0.040348541,-0.0377766676,-0.0364721753,-0.034503825,-0.0325324684,-0.0304936171,-0.0284321494,-0.0262458473,-0.0246976577,-0.0232088007,-0.0221840255,-0.0210795216,-0.019609455,-0.0185090527,-0.0173517987,-0.015400812,-0.0148389712,-0.0127165541,-0.0115011334,-0.00998905301,-0.00876580924,-0.00757989287,-0.00661665201,-0.00508167595,-0.00422263145,-0.00338029116,-0.00205807388,-0.000753819942,0.000144556165,0.000822134316,0.00247988105,0.00339692831,0.0039338693,0.00408327579,0.0055250898,0.00577875972,0.00566770136,0.00623439252,0.00607290864,0.00499550253,0.00553128868,0.00501539558,0.00275114179,0.000140331686,-0.00291972607,-0.00498715788,-0.00783281028,-0.0100638717,-0.0126515701,-0.0137086585,-0.0103609413
1046,20.6159992,2026-08-27T10:32:56.138000+0000,-26.6957389,153.3354092,0.0540280677,0.0545965582,0.0463826172,0.0524900034,0.0486829802,0.0484391488,0.0435443595,0.0465624295,0.0444166921,0.0420272015,0.0391590074,0.0398956984,0.0380771793,0.034727212,0.0359592028,0.0340764858,0.0325208977,0.0322699808,0.0317384452,0.0301271584,0.0294041857,0.029102698,0.0280492622,0.0283632725,0.027320208,0.0273382291,0.0268108249,0.026558904,0.0262905415,0.0247385893,0.0256371796,0.0250347164,0.0240258873,0.0244125295,0.0237690993,0.0235759132,0.0227480046,0.0224736538,0.0224783346,0.0215143394,0.0217649043,0.0212364886,0.0215317328,0.0172571242,0.0172797702,0.0163793303,0.0160434023,0.0153885717,0.0149058746,0.014482961,0.0142632117,0.0142771872,0.0143706193,0.0144254854,0.0137417577,0.0141488807,0.0140119335,0.0143646644,0.0139705269,0.0141942287,0.013489617,0.0135846809,0.0133900587,0.0132656908,0.0131220538,0.0142537029,0.0131921209,0.0143417455,0.0142258964,0.0124741923,0.0141076371,0.0131483562,0.0129933292,0.0128384754,0.0118585629,0.0114791412,0.0120236557,0.00791375898,0.00745786168,0.00682208594,0.00284601562,0.00447027013,,,0.00203832495,,,,,,,,,,,,,,,,,,,,,,,,,-0.0785999224,-0.0756190121,-0.0726207569,-0.0698289722,-0.0662458837,-0.0633366704,-0.0604820251,-0.0579914264,-0.0550387651,-0.0524129421,-0.0497463867,-0.0482735522,-0.045268897,-0.0430412218,-0.0409155525,-0.0385636799,-0.036669191,-0.0344308354,-0.0327394903,-0.030940637,-0.0285191722,-0.0265128501,-0.0247946568,-0.0241057612,-0.0225409754,-0.0211464353,-0.0194563419,-0.0189858936,-0.0169986188,-0.0155976191,-0.0144358054,-0.0127934068,-0.0114880204,-0.0100759938,-0.00871276855,-0.00752688199,-0.00591364503,-0.00546871126,-0.0040396601,-0.00277731568,-0.0020550862,-0.000600807369,0.000117570162,0.00153514743,0.00282286853,0.00298991799,0.00377684087,0.00485624373,0.00520806015,0.00523173809,0.00579072535,0.00610744953,0.0059960261,0.00556871295,0.0055546388,0.00474890321,0.00341484696,-0.000635713339,-0.00155548006,-0.00597254187,-0.00882793218,-0.0111787021,-0.0124761015,-0.0123130083,-0.0133552253
1047,20.7310009,2026-08-27T10:32:56.386000+0000,-26.6957389,153.3354092,0.0456680395,0.062716499,0.0427726097,0.0519000031,0.0504329801,0.049019143,0.0454943217,0.0450924076,0.0466066822,0.0421571955,0.0405090265,0.0378457271,0.0403772108,0.0358072184,0.0359192155,0.0359065086,0.0347809158,0.0338599794,0.0332584381,0.0322371572,0.0311041772,0.0320726931,0.0311692506,0.029993251,0.0297401845,0.0292582083,0.0299608,0.0284088738,0.0290605016,0.0281685479,0.0274371374,0.0283446759,0.0274658557,0.0269425046,0.0271590725,0.0266658962,0.0263879895,0.0259936303,0.0259683207,0.0252943244,0.0247948989,0.0255464837,0.0254517086,0.0287170783,0.0277696829,0.0283591803,0.0276531707,0.0266782455,0.0274554323,0.0261324123,0.0258925948,0.0257665925,0.0249800906,0.0257650651,0.0254914369,0.0242086593,0.0251917988,0.0247445926,0.0245905165,0.0237842482,0.0242696404,0.0235446729,0.0225700047,0.0239556022,0.02232196,0.0236036312,0.0244821012,0.0226317625,0.0243459344,0.0226942264,0.0210276414,0.0236183144,0.0206231736,0.0211881679,0.0215780325,0.0176782906,0.020122353,0.0176119469,0.0128754545,0.0162088592,0.0100619365,0.00839510746,0.00897852704,0.00362054887,0.00752063282,0.00612607319,0.00716211693,,,,,,,,,,,,,,,,,,,,,,,-0.0804288164,-0.0766379163,-0.0733396485,-0.070737876,-0.0670047998,-0.0646955818,-0.06140095,-0.0589903593,-0.0563376881,-0.0532218702,-0.0508653112,-0.0489424691,-0.0463378057,-0.043990124,-0.0415544696,-0.0397325866,-0.037738096,-0.0355997346,-0.033938393,-0.0317795277,-0.0292980708,-0.0273317769,-0.0255336091,-0.0244347937,-0.0227000676,-0.022265628,-0.0204456411,-0.0198653191,-0.0180181041,-0.0163971186,-0.0151652321,-0.0130727515,-0.0117872655,-0.0101751238,-0.00918180496,-0.00826584548,-0.00702256709,-0.00531757623,-0.00441851467,-0.00376619399,-0.00256400555,-0.00169978291,-0.000271424651,0.000486187637,0.00110393763,0.00273101777,0.00362798572,0.00453738868,0.00461918861,0.00504282117,0.00547172129,0.00595828891,0.00607668608,0.00596910715,0.00547461957,0.00441841036,0.00276378542,0.00182241946,-0.00357821584,-0.00542639196,-0.00765260309,-0.0110141635,-0.0104523897,-0.0127198473,-0.0107422546
1048,20.8430004,2026-08-27T10:32:56.635000+0000,-26.6957389,153.3354092,0.0508980267,0.0444864631,0.048112575,0.0457799658,0.0441629551,0.0433791392,0.043844305,0.041932404,0.0413566753,0.038837187,0.038069021,0.0360857248,0.0338572115,0.0340272151,0.031619221,0.0306964982,0.0296909064,0.0293999892,0.0279884487,0.0279371571,0.0270941854,0.0266627073,0.0269392412,0.025443254,0.0251901876,0.0249282084,0.0252007898,0.0243488662,0.0232304931,0.0236285385,0.0234371237,0.0229146574,0.0232758429,0.0223224983,0.0222990606,0.0214358885,0.0216379855,0.0214236267,0.0212583132,0.02153432,0.0208448991,0.0202164799,0.0201117005,0.0230270643,0.0224796552,0.0228691287,0.0220030975,0.0212581363,0.0215152875,0.0203422271,0.0204723906,0.0212463997,0.0203399118,0.0203649197,0.0205213297,0.0199385844,0.0204317514,0.0203245673,0.0202905126,0.0200242549,0.0198296458,0.0202246718,0.019529989,0.0197055731,0.019001931,0.0205836073,0.0205120947,0.019931769,0.0212859474,0.0200042427,0.0202376489,0.0210383106,0.0197431315,0.0194180757,0.0198578723,0.0176580213,0.0178219322,0.0177913532,0.0135946665,0.0141277965,0.0116705885,0.00901339762,0.0102864224,0.00570825255,0.00580806751,0.00835336465,0.00401939591,,,,,,,,,,,,,,,,,,,,,,,,-0.0764448866,-0.0734466389,-0.0700248554,-0.0673017874,-0.0635225698,-0.061057955,-0.0577573478,-0.0557046831,-0.0530088693,-0.0503823012,-0.0478794537,-0.0457348041,-0.0436471179,-0.0410014465,-0.0392795652,-0.0368150771,-0.0351567231,-0.0332653672,-0.0314565152,-0.0292750485,-0.0253687687,-0.0240506083,-0.0228318125,-0.0214271136,-0.0203027055,-0.0188627727,-0.0176324807,-0.0167152882,-0.0149943009,-0.0135924071,-0.0120298862,-0.0109543577,-0.00955218822,-0.00812883675,-0.00702286512,-0.00577956438,-0.00509456545,-0.00353549421,-0.00257317722,-0.00159099698,-0.000736795366,0.000411570072,0.00128918141,0.00217694789,0.00314404815,0.00386101007,0.00463042408,0.00508221984,0.00570583344,0.00584471226,0.00614124537,0.00570956618,0.00571188331,0.00605727732,0.00415090472,0.00238609314,0.000734463334,-0.00208646059,-0.0051850006,-0.00781150907,-0.0116033182,-0.0117218569,-0.012689501,-0.0120919645
1049,20.9549999,2026-08-27T10:32:56.883000+0000,-26.6957389,153.3354092,0.0554279797,0.0603064932,0.0537925996,0.0557899699,0.0544829629,0.0529691391,0.0521643125,0.0503724255,0.0501666926,0.0476072095,0.04573901,0.044475738,0.0425672121,0.0410572141,0.0402292199,0.038456507,0.0374209173,0.0370499939,0.035558451,0.0354371555,0.0345541872,0.0338626988,0.0333692469,0.0329132564,0.0312801935,0.0316882059,0.0308007915,0.0311988667,0.0300504994,0.0287485439,0.0294871256,0.0283346605,0.0283658523,0.0282925032,0.0275990646,0.0275658946,0.0272079837,0.0265236273,0.0259683225,0.0259843245,0.0254249014,0.0252264868,0.0245817117,0.0204170719,0.0202696621,0.0200591329,0.0194531046,0.0184381418,0.0183652919,0.0180422291,0.0173423961,0.0180463977,0.0171899162,0.01741492,0.0170013215,0.0168485809,0.0167017542,0.016984567,0.0169305112,0.0166542549,0.0167396478,0.0165246706,0.0159899928,0.0158555768,0.0163419303,0.0160136092,0.0169220977,0.0166317727,0.0162559543,0.0167642497,0.0158476606,0.0163683202,0.0161531474,0.0147880912,0.0146778896,0.0135280434,0.0132219549,0.0118813775,0.0086346902,0.00970781967,0.00714061595,0.00271342322,0.0038164414,0.000688268337,0.00154807023,0.00125335599,0.00125937304,,,,,,,,,,,,,,,,,,,,,,,,-0.0775649101,-0.0739866495,-0.0710448772,-0.0673418045,-0.0650125891,-0.0619579628,-0.0591173694,-0.0563446954,-0.0538688824,-0.0515723154,-0.049189467,-0.0468548127,-0.0444371291,-0.042241469,-0.0399295911,-0.0378750935,-0.0356867351,-0.0340753868,-0.0320265368,-0.0303050689,-0.0276487842,-0.0261406377,-0.0250618383,-0.0234171376,-0.021692723,-0.0208927765,-0.0194224864,-0.0177453049,-0.0164643228,-0.0153924227,-0.013549909,-0.0122143701,-0.0106222034,-0.00961886346,-0.0082828775,-0.00715956837,-0.00604458898,-0.00448550284,-0.00324320048,-0.00241101533,-0.00171680748,-2.84537673e-05,0.000649146736,0.00199693441,0.00307403505,0.00385100394,0.00457041711,0.00513221323,0.00507583469,0.00587470829,0.00611124188,0.00580957532,0.00667189062,0.00524728,0.00368090719,0.00297609717,5.44637442e-05,-0.00189645588,-0.00481498986,-0.0101314858,-0.0100933164,-0.0120718554,-0.0130494982,-0.0112619922
1050,21.0739994,2026-08-27T10:32:57.145000+0000,-26.6957389,153.3354092,0.0557779782,0.0542165078,0.0563826039,0.0534599684,0.0521929562,0.05159913,0.0512143038,0.04901243,0.0482066832,0.0459872149,0.0452290326,0.0423957184,0.0400072262,0.0411772169,0.0388092324,0.0380365215,0.0368209258,0.0362599976,0.0352984443,0.0342271551,0.033794187,0.0331927016,0.0331792459,0.0319332555,0.0316801891,0.031298209,0.0305107962,0.0307388715,0.0294205043,0.0297085475,0.0285071321,0.0282546673,0.0287558567,0.0277725011,0.0277490709,0.0267358962,0.0273579899,0.0263636373,0.0261083227,0.0259043314,0.0258049071,0.0254664887,0.0248917118,0.025957074,0.0248496644,0.0242091417,0.0244031046,0.0237681512,0.0231752954,0.0232322365,0.0215223972,0.0219363943,0.0216099136,0.0214249175,0.0216813236,0.0208285786,0.0207917485,0.0213345662,0.0210905094,0.0205142517,0.019989647,0.020124672,0.0201099943,0.019435579,0.0197519325,0.0193636063,0.0198320989,0.0207417775,0.0186859593,0.0203242544,0.0192376692,0.0194983315,0.0195931606,0.0167981088,0.0188579094,0.0170680638,0.0147319771,0.0154114012,0.0117147127,0.0119178435,0.0101206368,0.00508344546,0.00447646342,0.00495827897,0.00221807673,0.00222335034,0.00826935098,,,,,,,,,,,,,,,,,,,,,,,,-0.0777809396,-0.0741226748,-0.0711609051,-0.0680178404,-0.0652886182,-0.0625139922,-0.0592833906,-0.0566207319,-0.0538049079,-0.0513283461,-0.0496954918,-0.0470008366,-0.0447431616,-0.0427574888,-0.0404056162,-0.0383011252,-0.0365127586,-0.0345414132,-0.0327225626,-0.0306410976,-0.0272748023,-0.0259566605,-0.0244178623,-0.0228931606,-0.021868743,-0.0203688145,-0.0190585181,-0.0178813338,-0.0167003497,-0.0147884563,-0.0132159442,-0.0125604123,-0.0102682412,-0.00916489959,-0.00791890919,-0.00700560957,-0.0058106184,-0.00433153659,-0.00307922065,-0.00194705278,-0.00128283352,-4.47034836e-06,0.00123313069,0.0018909052,0.003177993,0.00369496644,0.00476439297,0.00534619391,0.00561981648,0.00561867654,0.00672522187,0.00550355762,0.00625588745,0.00492126495,0.00458489358,0.00264009088,-3.15308571e-05,-0.0025524646,-0.00464098901,-0.00926750153,-0.0104393438,-0.0124478713,-0.0146455467,-0.0116080344
1051,21.1860008,2026-08-27T10:32:57.394000+0000,-26.6957389,153.3354092,0.0575180165,0.0587164797,0.0479625538,0.0498799942,0.0502429605,0.0494691283,0.0437943302,0.0463524237,0.0453366898,0.0427871905,0.0398390144,0.0390657261,0.0393472239,0.034257222,0.0360392258,0.0353065096,0.0339109227,0.0317999944,0.0325384513,0.031317167,0.0303541943,0.0299527142,0.0296192542,0.0297232624,0.0289801881,0.0283082109,0.0283407997,0.0266388692,0.0278105009,0.0265485477,0.0267871283,0.0266146678,0.0253258552,0.0255225077,0.025469074,0.0250458959,0.0245979894,0.0245636366,0.0238383245,0.0232043304,0.0243349075,0.0231964905,0.0227817148,0.023347076,0.0226396658,0.0223291442,0.0216931049,0.0215581525,0.0207653008,0.021072235,0.019882394,0.0204163976,0.0205999129,0.0200949144,0.0204413235,0.0201185793,0.0200917479,0.0199645683,0.0198105108,0.0200242531,0.0197296478,0.0191946719,0.0187399928,0.0188155789,0.0191919319,0.0192736071,0.0190620963,0.019891778,0.0189159587,0.0200042557,0.0186076704,0.0181783307,0.0189831592,0.018348109,0.0167679079,0.0167980641,0.015791975,0.0153214,0.0142347123,0.0107978424,0.00902063679,0.00849344581,0.00445646606,0.00575827761,0.00269808038,0.00292334729,0.00807935372,,,,,,,,,,,,,,,,,,,,,,,,-0.078766942,-0.0757886767,-0.072736904,-0.0692738369,-0.0659646243,-0.063000001,-0.0600994006,-0.0578767285,-0.0548709147,-0.0520743355,-0.0498415008,-0.0474968441,-0.0456691571,-0.0431534946,-0.0415116176,-0.0387471244,-0.0370987542,-0.0347274169,-0.0328085646,-0.0308470987,-0.0280208066,-0.0264426544,-0.0253138617,-0.0240391567,-0.0226947516,-0.0212648138,-0.0199745148,-0.0186973438,-0.0170663446,-0.0157844573,-0.0144219473,-0.0127064064,-0.0110242441,-0.0102309063,-0.00901491195,-0.00737160444,-0.00652661175,-0.00515754521,-0.00401522964,-0.00266304612,-0.00177882612,-0.000780470669,0.000677116215,0.00239491463,0.00312200189,0.00327896327,0.00424838811,0.00420018286,0.00512380898,0.00526268035,0.00593922287,0.00569754839,0.0061198771,0.00562526286,0.00302889198,0.00307409465,0.000452466309,-0.0019884631,-0.00456699729,-0.00846350193,-0.012325339,-0.0115638822,-0.0146415606,-0.0146640316
1052,21.2900009,2026-08-27T10:32:57.643000+0000,-26.6957389,153.3354092,0.0627979711,0.0686964989,0.0551425852,0.0605099425,0.0587029718,0.0568491332,0.0516043231,0.055282414,0.0503866896,0.0487672016,0.045469027,0.0458457172,0.0439371914,0.0413572155,0.0411092192,0.039526511,0.0390809178,0.0372299813,0.0376484394,0.0350471586,0.034994185,0.0346127003,0.034739241,0.0335832536,0.0335501879,0.0328482054,0.032420788,0.0318488665,0.0313904956,0.030908538,0.0301371254,0.0303846616,0.0293658432,0.0293424949,0.0291490648,0.0288858879,0.0281679798,0.0277136303,0.0277083106,0.0271343254,0.0265048966,0.0263964832,0.0265417006,0.0266670678,0.0267396588,0.0257691331,0.0260230955,0.0250781383,0.024685286,0.0243622288,0.0242523905,0.0235863961,0.0242599156,0.0236149188,0.0233513284,0.0233785808,0.0228717532,0.0232845675,0.0233405121,0.0229742564,0.0225896463,0.0223146714,0.0227699894,0.0208655726,0.0224119276,0.0218736045,0.0220520925,0.0229217689,0.0223559476,0.0212542415,0.0224176515,0.0207583103,0.0208131317,0.0216380768,0.01857787,0.0197480209,0.0172219332,0.0155013558,0.0182346664,0.0121877957,0.00986058917,0.0118633974,0.00573641993,0.0051982454,0.00809806306,0.00222336664,0.00826939382,,,,,,,,,,,,,,,,,,,,,,,,-0.0790569037,-0.07572864,-0.0721868724,-0.069203794,-0.0663645864,-0.063189961,-0.0609793589,-0.0575267002,-0.0551308766,-0.0527743027,-0.049701456,-0.0481268056,-0.0458291173,-0.0433434546,-0.0413715765,-0.0396870896,-0.037048731,-0.0353273824,-0.0334085301,-0.0308570527,-0.0274307691,-0.0255726203,-0.0245238319,-0.0232191347,-0.0219547153,-0.0206147842,-0.019574482,-0.0181773081,-0.0168863088,-0.015214406,-0.0134618953,-0.0125463605,-0.0105942041,-0.00902085751,-0.00824487209,-0.006981574,-0.00534656644,-0.00432749838,-0.00288518518,-0.00232300907,-0.0011087954,0.000419564545,0.00113716722,0.00247494876,0.00356203318,0.00379899889,0.00449842215,0.00499021262,0.00588382035,0.00528270751,0.00651923567,0.00618755817,0.00611988455,0.00508526713,0.00443889201,0.00187408179,0.000822462142,-0.00142846256,-0.00570701063,-0.00596351922,-0.0104553252,-0.0132938623,-0.0125414953,-0.0117439702
1053,21.3910007,2026-08-27T10:32:57.891000+0000,-26.6957389,153.3354092,0.0655880198,0.0598164909,0.0504025966,0.0561299622,0.0536229648,0.0518191345,0.0485143065,0.0510324351,0.0469166897,0.0460371934,0.0430290252,0.0434357263,0.0404772051,0.0398072191,0.0394492187,0.0382365063,0.0367509164,0.0359399952,0.0351284519,0.0339671597,0.0338141844,0.0334027037,0.0320292488,0.0316532627,0.0316001996,0.0310182143,0.0304308012,0.0303588733,0.0296005085,0.028328551,0.0294971354,0.028504679,0.0276058558,0.0274625067,0.0271590762,0.0268158969,0.0269179922,0.0265136361,0.0254983231,0.0259843301,0.0248649046,0.0249864925,0.024421718,0.0242070816,0.0245296825,0.023969166,0.0240031425,0.0231582019,0.0223453715,0.0216923244,0.0215724967,0.0217764936,0.0214599986,0.0215449873,0.0214713756,0.0207486153,0.0207717717,0.0211845785,0.0204205122,0.0204342529,0.020709645,0.0199346729,0.0196100008,0.0200055931,0.0198819488,0.0199336205,0.0202720985,0.0198217724,0.0211959518,0.0194142479,0.0191176664,0.021198336,0.0187431797,0.0188381542,0.017937988,0.0163881984,0.0175421834,0.0149616934,0.0122551043,0.0137483701,0.00817130506,0.00844429154,0.00638750615,0.00138942199,0.00723934826,0.00305468938,0.00642069941,,,,,,,,,,,,,,,,,,,,,,,,-0.0797714293,-0.0775531828,-0.074111402,-0.0701083243,-0.0674191117,-0.0643744916,-0.0612638891,-0.0593612194,-0.0561554022,-0.0538388379,-0.0511359908,-0.0485113412,-0.0462636501,-0.0437079929,-0.0416561104,-0.0394016244,-0.0374632664,-0.0358619168,-0.0338230655,-0.0314515941,-0.0273653008,-0.0258471482,-0.0248883404,-0.0238636322,-0.0226892047,-0.0208792351,-0.0198289305,-0.0189717375,-0.0168407485,-0.0152588561,-0.0136563703,-0.0123608485,-0.0105787069,-0.00989538431,-0.00882939249,-0.00685610622,-0.00580111891,-0.00471205264,-0.00361972302,-0.00256753713,-0.00187331438,-0.000414960086,0.0012826398,0.00228042156,0.00277750194,0.00353446603,0.004683882,0.0052356869,0.00545930862,0.00586820394,0.00575476885,0.00634311885,0.00569549948,0.00547094643,0.00415465236,0.00264994055,0.000698447227,-0.00244233757,-0.00506068766,-0.00929705799,-0.010548763,-0.012737155,-0.0121847242,-0.0118071809
1054,21.4899998,2026-08-27T10:32:58.136000+0000,-26.6957389,153.3354092,0.0571980104,0.050896477,0.0518325716,0.0530299842,0.049732957,0.0494291373,0.0490643084,0.0495424084,0.0460066758,0.0450872146,0.0443390161,0.0429657139,0.0409872122,0.0404972173,0.0393492319,0.0377765074,0.0367409177,0.0361099876,0.0357784554,0.0346271619,0.0339941904,0.0332127139,0.0326092467,0.0328332558,0.0317001864,0.0308082197,0.0305107981,0.0311088786,0.0296005085,0.0295285489,0.0295771398,0.0281746779,0.0282158572,0.0274725053,0.0272290744,0.0268859025,0.0265379976,0.0263036415,0.0252783224,0.0252943318,0.0255749077,0.0245164875,0.0243417136,0.0237370841,0.0235796813,0.0236491635,0.0235431436,0.0226982031,0.0223453715,0.0215323269,0.0210024975,0.0209364928,0.0207700003,0.0210749861,0.0209413748,0.0206086151,0.0203817748,0.0207445771,0.0203605127,0.0205142498,0.0206396431,0.0200446732,0.019460002,0.0196155924,0.0200319476,0.0194836203,0.0205820985,0.0194717739,0.0211659521,0.0196842495,0.0197676662,0.0199283361,0.019213181,0.0189281534,0.0192979891,0.017068198,0.0172621869,0.0138116926,0.0127251036,0.0133783687,0.0101113059,0.00844429154,0.00573750259,0.00510942237,0.00373934861,0.00556468964,0.00421069888,,,,,,,,,,,,,,,,,,,,,,,,,-0.07766518,-0.0741733909,-0.0709103197,-0.06801112,-0.0652764887,-0.0618258864,-0.0587132126,-0.0561773963,-0.0539708324,-0.0516479947,-0.0489233285,-0.0463156551,-0.0443499796,-0.041998107,-0.0396136232,-0.0380852558,-0.0360839143,-0.0340350494,-0.0321335904,-0.027627293,-0.0259291492,-0.0253003426,-0.0229456164,-0.0225511901,-0.0208112411,-0.0196809173,-0.018403735,-0.0165227428,-0.0157208517,-0.013418369,-0.0125428364,-0.010780707,-0.00934737921,-0.0084213987,-0.0068481043,-0.00570311397,-0.00434403867,-0.00376171619,-0.00269953161,-0.00122530758,-0.000256963074,0.00112064928,0.00208842009,0.00331550837,0.00359246135,0.0047518909,0.00476367772,0.00517731905,0.00530620664,0.00574277341,0.0056611225,0.00504349917,0.00521895289,0.0036726594,0.00210794061,0.000916451216,-0.00157433003,-0.00512269139,-0.0087390542,-0.0106507614,-0.0112491399,-0.0138567388,-0.00937918574
1055,21.5919991,2026-08-27T10:32:58.385000+0000,-26.6957389,153.3354092,0.0477579944,0.0561264791,0.0475825705,0.0481499657,0.0482129715,0.0469191186,0.0469343029,0.0434624292,0.0425666831,0.0412372015,0.0376490206,0.0379257239,0.0359672196,0.0335272253,0.0337292291,0.0326965079,0.0315109231,0.030519994,0.030218441,0.0290371496,0.0283041783,0.0282827076,0.0264292546,0.0266132522,0.0259501822,0.0256882031,0.0252907965,0.0239488706,0.024220502,0.0236285422,0.0239171237,0.0238646623,0.0228058491,0.0226125009,0.0222090688,0.0226958897,0.02185799,0.0213436335,0.0213383157,0.0209843218,0.0211548992,0.019746488,0.0203517117,0.0192270726,0.0186996609,0.0189591367,0.0183630995,0.0179681443,0.0173052903,0.0162722319,0.0157523919,0.0166363977,0.0169599168,0.0161049217,0.0165113267,0.0164285842,0.0164217539,0.0165045671,0.016580509,0.0157042537,0.0160996467,0.0157946739,0.0157399923,0.0157355778,0.0163119305,0.015733609,0.0162520967,0.015501773,0.0157659519,0.0160242505,0.0159276612,0.0159783196,0.0152731445,0.0153880939,0.0153078884,0.0135180447,0.0128019545,0.0119613782,0.00927469041,0.00881781988,0.00713061355,0.00392342359,0.00251644198,0.000688268337,0.00069807074,0.00139335613,0.00217937259,,,,,,,,,,,,,,,,,,,,,,,,,-0.077254653,-0.0738128722,-0.0709998012,-0.0679305941,-0.0643059686,-0.0614953712,-0.0588827059,-0.0560268834,-0.0537603125,-0.0513074733,-0.0486628152,-0.0465851314,-0.0438994765,-0.0411875919,-0.0392731056,-0.0378547348,-0.0356733873,-0.0332245305,-0.031373065,-0.0282967761,-0.0265186355,-0.0254798457,-0.0237351432,-0.0225307196,-0.0213007852,-0.020380497,-0.0186533108,-0.017092336,-0.0155704319,-0.0138979107,-0.0128923878,-0.0112302154,-0.0094768703,-0.00804088265,-0.00710757822,-0.00588258356,-0.00412350893,-0.00312120467,-0.00202902406,-0.000914812088,4.35486436e-05,0.00119114667,0.00245893002,0.00400602818,0.00379299372,0.0045524165,0.00565420091,0.00507783145,0.00582669675,0.00648323447,0.00600156188,0.00584389269,0.00451926887,0.00436290354,0.00289808959,0.000246465206,-0.00210446119,-0.00540297478,-0.00859951228,-0.00996133685,-0.0129398629,-0.0125175118,-0.00856999308
1056,21.7229996,2026-08-27T10:32:58.634000+0000,-26.6957389,153.3354092,0.0536880121,0.0558365099,0.0598125607,0.0519299805,0.0532329716,0.0519991405,0.0524643064,0.0476324372,0.0475166701,0.0453371964,0.0437090248,0.0396757163,0.0405571945,0.0387072302,0.0365792252,0.0362265036,0.0352009125,0.0339099951,0.0331584439,0.0319271609,0.0312641934,0.0310027078,0.0307692531,0.0300032571,0.0286702011,0.0290782172,0.0288107991,0.0275888741,0.0277105123,0.0276685487,0.0262071379,0.0269246716,0.0260158572,0.0256025065,0.0255390741,0.0246658977,0.0250479933,0.0243436396,0.0242883265,0.0239843335,0.0234749019,0.0232764874,0.0229317136,0.0208070837,0.0206696782,0.0202091634,0.0196031425,0.0196482036,0.0185053721,0.0184923224,0.0184824988,0.0177164935,0.0181600023,0.017944986,0.0180113744,0.0171186179,0.0175617747,0.0177145787,0.0176605117,0.0170542523,0.0175296441,0.0172246732,0.0166900028,0.0162955914,0.0174219459,0.0170836207,0.0166421011,0.018421771,0.0165459514,0.0167242493,0.0178976636,0.0157083366,0.0168631822,0.0163181555,0.0141279902,0.0156781971,0.012072186,0.0135516934,0.0111551043,0.00779836997,0.00957130641,0.00451429328,0.00250750454,0.0021294211,0.000419347663,0.00306468806,0.00384069933,,,,,,,,,,,,,,,,,,,,,,,,,,-0.0765774176,-0.0733243302,-0.0693051293,-0.0670304969,-0.0637998953,-0.0608172342,-0.0588114075,-0.0557748489,-0.0534120016,-0.0507573411,-0.0480896607,-0.0463039912,-0.0436021201,-0.0414176248,-0.0399092697,-0.0374379158,-0.0356790721,-0.0334575959,-0.0300413184,-0.0287831612,-0.0270543508,-0.0252596401,-0.0242452063,-0.0228952505,-0.0217549279,-0.0199777521,-0.0187667608,-0.0171748772,-0.0154623799,-0.0137168616,-0.0127347186,-0.0114413872,-0.00959540904,-0.0084721148,-0.00761711597,-0.00587806106,-0.00481572747,-0.00355355442,-0.00241933018,-0.000810965896,-7.33733177e-05,0.00114440918,0.0016714856,0.00247845799,0.00330787152,0.00424966961,0.00496330112,0.00448219478,0.00467874855,0.00515711308,0.00449948013,0.00459492952,0.00350864977,0.00269393623,0.000792436302,-0.00256833434,-0.00442668051,-0.00765305012,-0.0116847754,-0.0103031471,-0.0114707276,-0.0101431906
1057,21.8670006,2026-08-27T10:32:58.883000+0000,-26.6957389,153.3354092,0.0425379984,0.0552964844,0.0440725721,0.0468299612,0.0467529558,0.0444591455,0.0444543026,0.0399424173,0.0420166813,0.0388472043,0.0370490104,0.0342757143,0.0355571993,0.0326072127,0.0317592211,0.031416513,0.0298709162,0.0281599928,0.0286884494,0.0288671572,0.0268941857,0.026752701,0.0261592455,0.0258532483,0.0248001851,0.025018217,0.024440797,0.0236888677,0.024040496,0.0232185442,0.0222771242,0.0225946661,0.0222058464,0.0217924975,0.0214790683,0.0212158915,0.0208179858,0.0210536271,0.0205783192,0.0197543278,0.0201348998,0.0197564866,0.0196417086,0.0175670758,0.0174296647,0.0174691379,0.0165831037,0.016898144,0.0158752929,0.0147222346,0.0157823954,0.0150463982,0.0149499141,0.0150549179,0.0144213289,0.0147585804,0.01487175,0.0146345655,0.0149505092,0.0142042562,0.0144296475,0.0133546721,0.0139099918,0.0141355768,0.0133619336,0.0148536051,0.0142020946,0.0134617742,0.0154359546,0.012934248,0.0146776587,0.0139483195,0.0126931462,0.0139380917,0.0128578907,0.0102980416,0.0120219551,0.00870137848,0.00824469049,0.00762782013,0.0035506133,0.00446342304,0.00120644365,,,,,,,,,,,,,,,,,,,,,,,,,,,,,,-0.074516885,-0.0709538087,-0.0681046024,-0.0654099733,-0.0623393804,-0.059606716,-0.0563508868,-0.0541743189,-0.0521214716,-0.0484468304,-0.0470391437,-0.0446234718,-0.0419016033,-0.0399971008,-0.0379187427,-0.0357973874,-0.0342785418,-0.0321170725,-0.0305307955,-0.0282326341,-0.0276438445,-0.0255691409,-0.0248947218,-0.0232847929,-0.0223644897,-0.0207873136,-0.0189363323,-0.0172544308,-0.0158219077,-0.0147163831,-0.012854211,-0.0115908757,-0.0105248988,-0.00844158232,-0.00765658915,-0.00621751696,-0.00516520441,-0.00383302569,-0.00319880992,-0.00173045695,-0.000752866268,0.000374920666,0.0016920194,0.00242897868,0.00311841071,0.00410019606,0.00445382297,0.0046627,0.00509922206,0.00493755192,0.00497988611,0.00467527658,0.00333890319,0.0040140897,-0.000417537987,-0.00205846876,-0.00487698615,-0.00804350525,-0.00843533874,-0.010813877,-0.0121415183,-0.0083540082
1058,22.0119991,2026-08-27T10:32:59.137000+0000,-26.6957389,153.3354092,0.0571779609,0.0439764746,0.0464025699,0.0475199409,0.0447429642,0.0439491384,0.0424743183,0.0426024199,0.039606683,0.0384772047,0.0361490101,0.036465738,0.0329372138,0.032687217,0.0317192264,0.0302865114,0.0290109087,0.0281699877,0.0278984457,0.0272171479,0.026834175,0.0261127055,0.025579242,0.0250732582,0.0243101846,0.0236682091,0.0237707887,0.0236088634,0.0226204861,0.0226985291,0.0219671186,0.0213346519,0.0215858389,0.0212824903,0.0207490604,0.020255886,0.0209079832,0.0203036219,0.0196683146,0.019834321,0.0190548971,0.0184964836,0.0184617005,0.0193870626,0.0188496448,0.018959105,0.0177430566,0.0171380844,0.0172952134,0.0161121339,0.0169522911,0.0162562951,0.0159898233,0.0168248471,0.0157012716,0.0157685447,0.0160217267,0.0155845545,0.0153105082,0.0152542582,0.0158896521,0.0149646699,0.015139984,0.0152055612,0.0133919166,0.0161035936,0.0154420901,0.0141917719,0.0167959575,0.0147642493,0.0140376566,0.0176583063,0.0122831082,0.0143380268,0.0146677885,0.00931788608,0.0138217211,0.0112510575,0.00611426774,0.0106472587,0.00319990935,0.00327253621,0.00184536586,,0.00315677165,,,,,,,,,,,,,,,,,,,,,,,,,,,,-0.0736043453,-0.0698512718,-0.0675720647,-0.0639174357,-0.0608168505,-0.0588441789,-0.0556783527,-0.0530617982,-0.0506389365,-0.048154287,-0.045786608,-0.0437709391,-0.0408990607,-0.0392745659,-0.0370662138,-0.0360648558,-0.0337860063,-0.0310845338,-0.0293282568,-0.0280901082,-0.0262113214,-0.0247866362,-0.0242022313,-0.0228723325,-0.0215020478,-0.0201648809,-0.0183838867,-0.0162819847,-0.0149894431,-0.0140038989,-0.01206173,-0.0108283535,-0.00941236317,-0.00835905224,-0.00681404024,-0.00568497926,-0.00486265868,-0.00326049328,-0.00264628977,-0.000337935984,0.00033967942,0.00126745552,0.00273455679,0.00357152522,0.00409094244,0.00450274348,0.00514634699,0.00556520373,0.00545170903,0.00584000349,0.00610228628,0.00468759984,0.00425115973,0.00286623836,5.44786453e-05,-0.00261659175,-0.00455530733,-0.00827194005,-0.00941393524,-0.0114725903,-0.0131703168,-0.010872826
1059,22.1539993,2026-08-27T10:32:59.385000+0000,-26.6957389,153.3354092,0.0516079441,0.0455064476,0.0503425337,0.0467599668,0.0447129421,0.0432791151,0.0434242859,0.0436824225,0.0396066792,0.0383272059,0.035819035,0.0365657285,0.0318572074,0.0329372101,0.0315292217,0.0301865116,0.0285709072,0.0281699859,0.0273584407,0.0270271543,0.0267341677,0.025342701,0.0245092437,0.0237832442,0.0243101791,0.0239581931,0.0229007732,0.0235988423,0.0219804756,0.022338517,0.0225271042,0.0211746432,0.0218858309,0.0206024814,0.0210390501,0.0199558809,0.0202979743,0.0203036144,0.019668309,0.0197543185,0.0193648897,0.0185764767,0.0183916949,0.018667046,0.0186896119,0.0185690522,0.0179029796,0.0174379703,0.0170050655,0.0159119517,0.015962081,0.0160560925,0.0159996562,0.0162247103,0.0161011647,0.0157684702,0.0160116833,0.0160445347,0.0159105044,0.0158142652,0.0151996575,0.0148846665,0.0153099662,0.015115533,0.0156318825,0.0156935658,0.0149020823,0.0148617765,0.0151359672,0.0141042601,0.0155576514,0.0153482892,0.0145730553,0.0146179181,0.0132976044,0.0129275955,0.0116912788,0.00949044432,0.00997345522,0.00571617158,0.00607853755,0.00333080208,0.00183323678,0.000594768208,0.00108419615,,0.000145320315,,,,,,,,,,,,,,,,,,,,,,,,,,-0.0745072961,-0.0716142282,-0.0685050264,-0.0650104061,-0.0624198094,-0.0591971353,-0.0571013168,-0.0539047495,-0.0518019013,-0.0491772406,-0.046979554,-0.0447338894,-0.042322021,-0.040307533,-0.0387891605,-0.0362578109,-0.0344489589,-0.032337483,-0.0302212201,-0.0288030952,-0.0275043249,-0.0257296599,-0.0245752968,-0.0236254111,-0.022425171,-0.0204980373,-0.018727053,-0.0173251107,-0.0165025517,-0.0145869628,-0.0129547566,-0.011681363,-0.0102553368,-0.00925200433,-0.00789699703,-0.00657792389,-0.00541561097,-0.0041834563,-0.00262927264,-0.00161090493,-0.000443302095,0.000644497573,0.00156160444,0.00216859579,0.00340800732,0.00388979912,0.00427337736,0.00489220768,0.00500867516,0.00527690351,0.00442908704,0.00441427529,0.00472766906,0.00194256008,0.000610530376,-0.00124082714,-0.00603993237,-0.0060268417,-0.00742906332,-0.0128679946,-0.0101859421,-0.0096584931
1060,22.2819996,2026-08-27T10:32:59.634000+0000,-26.6957389,153.3354092,0.0543979853,0.0445864573,0.0443625301,0.0466799289,0.0441629514,0.0423691422,0.0422943123,0.0430524126,0.0406666733,0.0375272073,0.0363790356,0.0357557498,0.0315472223,0.03228724,0.0309092458,0.0295765363,0.0289109256,0.0278799981,0.027998466,0.0267471671,0.0267341882,0.0251327194,0.0248892587,0.0249732714,0.0247101914,0.0234782174,0.0231007989,0.0230388641,0.0228904951,0.0218385365,0.0218771212,0.0216646567,0.021355845,0.020982502,0.0208890662,0.0204058997,0.0199279897,0.0197036397,0.0195883252,0.018754337,0.0184949134,0.0185764972,0.0179917179,0.0170970671,0.0164896362,0.0164490752,0.0159730073,0.0154579971,0.0149750896,0.0148519697,0.014192096,0.0146360956,0.0140396468,0.0142346956,0.0139511535,0.0137484577,0.0140816746,0.0140445279,0.0137205021,0.0139342612,0.0141496593,0.013904674,0.0137999719,0.0133655407,0.0134918904,0.0139535777,0.0139220934,0.0137717966,0.014065993,0.0133242942,0.0136977015,0.0128083471,0.0128131239,0.0118280016,0.0122076999,0.0106776971,0.0101713873,0.00860055722,0.00801357068,0.00629628869,0.00448865816,0.00346091995,,,,,0.00291521335,,,,,,,,,,,,,,,,,,,,,,,,,,-0.0740234107,-0.0721903518,-0.067841135,-0.0654265136,-0.0624859221,-0.0601832494,-0.0568474308,-0.0542508736,-0.0516780093,-0.0492633507,-0.0476456583,-0.0443800092,-0.0423581228,-0.0404536352,-0.0383152664,-0.036373917,-0.0343250595,-0.0320335925,-0.0297873318,-0.0287791975,-0.027060423,-0.0251557566,-0.0241313912,-0.0226315185,-0.0215012729,-0.0197541527,-0.0182231627,-0.0166312382,-0.0149286799,-0.0141731054,-0.0123808905,-0.0110874921,-0.00985146314,-0.00833813101,-0.00744311512,-0.00559403747,-0.00487172604,-0.00312957168,-0.0026453808,-0.0011870265,-0.000339411199,0.00141837448,0.00208550692,0.00339248776,0.00416192412,0.00452370942,0.00501732528,0.00608616322,0.00593262911,0.00591088086,0.00575306267,0.00510825962,0.00422165543,0.00287655741,-0.000295482576,-0.00159682333,-0.00520593673,-0.00839284807,-0.0109651014,-0.0123440772,-0.011522077,-0.0101746917
1061,22.4029999,2026-08-27T10:32:59.882000+0000,-26.6957389,153.3354092,0.0446580015,0.0424964912,0.0499425456,0.0406499654,0.0436829552,0.0425391309,0.0429443009,0.0392824151,0.0393566787,0.0378271937,0.0362890288,0.0312357415,0.0332272053,0.0307772253,0.0295592397,0.0288865175,0.0279809237,0.0277599953,0.0255584549,0.0261971597,0.0252441876,0.0243927091,0.0236492548,0.0240232572,0.0226701889,0.0222982075,0.0232107975,0.0217488725,0.0216205008,0.0211585388,0.0201571248,0.0206246618,0.0198358465,0.0195525028,0.0194090661,0.0192958955,0.0191979874,0.0183536373,0.0186883211,0.0178443324,0.0182049088,0.0165464934,0.0162717123,0.0162970703,0.0164896455,0.016609095,0.0162030384,0.0153780477,0.0149651589,0.0149920546,0.0139821935,0.0137161976,0.0143097388,0.0148947714,0.0142012155,0.0138084991,0.0138216969,0.0140945427,0.0136405053,0.0134742595,0.0132196555,0.013214672,0.0128099779,0.0131355505,0.0142119071,0.0133135868,0.0134920944,0.0143717891,0.0130659817,0.0128542781,0.0129476869,0.012758337,0.0126031321,0.0128480345,0.0114877624,0.0113578131,0.00967157725,0.0102808326,0.00652394677,0.00534680299,0.00448931428,0.00290175946,,,,,0.00217660749,,,,,,,,,,,,,,,,,,,,,,,,,,-0.0751379132,-0.0718448311,-0.068775624,-0.0660410002,-0.0627604127,-0.060037747,-0.0572419167,-0.0545953661,-0.053062506,-0.0499678478,-0.0473201573,-0.045124501,-0.0425326265,-0.0409081317,-0.0386497676,-0.0367084183,-0.0347795598,-0.0324280895,-0.0308218263,-0.0294536874,-0.0279049091,-0.0260502286,-0.0250758491,-0.0240059532,-0.0229056925,-0.0216685496,-0.0193475559,-0.0180356503,-0.016423095,-0.014767535,-0.0137753338,-0.0125419647,-0.0108659416,-0.00940261781,-0.00856761634,-0.00677854568,-0.00553623587,-0.0047640726,-0.00327986479,-0.00215150416,-0.000693894923,0.000513881445,0.0015110001,0.00249799341,0.00324741006,0.0043092072,0.00431281328,0.00493165851,0.00535815954,0.00485642254,0.00454866886,0.00433392078,0.00321739167,0.00203239918,0.0014904961,-0.00286070257,-0.00387961417,-0.00796641409,-0.0115485266,-0.0120773315,-0.0120252222,-0.0118477866
1062,22.5249996,2026-08-27T10:33:00.134000+0000,-26.6957389,153.3354092,0.041167967,0.0457964353,0.0517625697,0.0400399677,0.0442929454,0.0434391275,0.0430643074,0.037362393,0.038606666,0.0384972021,0.0377390236,0.0314057246,0.0334372111,0.0315872133,0.0287392177,0.0295665059,0.0280509181,0.0272099823,0.0258184392,0.0266471487,0.0244641751,0.0245627053,0.0248092376,0.023903247,0.0230501853,0.0225981995,0.0227207895,0.0219388567,0.0214404818,0.0216685254,0.0200771093,0.0213346463,0.0206858348,0.0197124928,0.0191090573,0.0194458868,0.018747976,0.0181236193,0.0184483118,0.0180743206,0.0174148977,0.0175664797,0.016901698,0.0166970547,0.0167296287,0.0155990785,0.0156630203,0.0149980299,0.0147451432,0.0144720441,0.0138221849,0.0142661985,0.0144197429,0.0139547754,0.0139912199,0.0133485068,0.0134917088,0.0137045458,0.013430506,0.0137642603,0.012869657,0.0134046702,0.0124399746,0.0130955465,0.0141218984,0.0118335793,0.0142020872,0.0139317764,0.0115959626,0.0144242579,0.0124876602,0.0124783022,0.0148930885,0.0109979827,0.0115777049,0.0127977505,0.0065015126,0.0112607637,0.00576387672,0.00323673151,0.00747924251,2.16895714e-05,,0.00129594374,,0.000410655746,0.0030966741,,,,,,,,,,,,,,,,,,,,,,,,,,,-0.0727807656,-0.0693215653,-0.0674969405,-0.0634363443,-0.0608936734,-0.0587578639,-0.0556012839,-0.053688433,-0.051253777,-0.048126094,-0.0460004397,-0.0437985621,-0.0418840609,-0.0401956961,-0.0377243534,-0.0357854888,-0.0340240262,-0.0312677547,-0.0296096206,-0.0280908421,-0.0265661627,-0.0258317813,-0.0239418894,-0.0231616311,-0.0218444765,-0.0198734924,-0.0185615644,-0.0158390179,-0.0154134445,-0.0136612542,-0.0116878748,-0.011291869,-0.0095885396,-0.00842352957,-0.00729446113,-0.00543215126,-0.0042199865,-0.00337579101,-0.0019974485,-0.001079835,0.000637963414,0.00176505744,0.00249204785,0.00283145905,0.00363325328,0.00374685973,0.00437570363,0.00490219146,0.00519045442,0.00469268113,0.00584793091,0.00366140902,0.00252639502,0.00144449621,-0.00285670906,-0.00477561355,-0.00795239955,-0.0121545047,-0.0127532855,-0.0127011463,-0.0113436654
1063,22.6480007,2026-08-27T10:33:00.384000+0000,-26.6957389,153.3354092,0.0495179407,0.0418264344,0.0458925515,0.0456699058,0.042082943,0.0406991243,0.0394842885,0.0396424159,0.0360866748,0.0355471931,0.0344890282,0.0335257575,0.0314872265,0.0301172212,0.0290592313,0.0273265336,0.0261609256,0.0251899883,0.0254184548,0.0237271506,0.0238341875,0.0239427052,0.0227992367,0.0216832571,0.02190019,0.020768201,0.0208307784,0.0203488376,0.0203804728,0.0198685043,0.0192470867,0.0196146294,0.0184658244,0.0187424794,0.0183190499,0.0179858822,0.0171879772,0.0174536221,0.0170983113,0.0166943166,0.0167349018,0.0162464883,0.0157316998,0.0160670374,0.0157795809,0.0152789932,0.0149628799,0.0147678237,0.0141448574,0.0136616863,0.0133117801,0.0129158022,0.0133893844,0.0129244905,0.0127209974,0.0130683519,0.0129416129,0.0132244928,0.0124305021,0.0130442744,0.0124596711,0.0128546655,0.0120899417,0.0122154932,0.0126018431,0.0131235337,0.0124620758,0.0127217956,0.013146,0.0121942973,0.0118776839,0.0122383041,0.0123130176,0.0122578172,0.011667395,0.0093172323,0.010730695,0.00718960632,0.00636232272,0.00666463003,0.00270656869,0.00103829289,0.000550138764,,,,,,,,,,,,,,,,,,,,,,,,,,,,,,-0.0761678219,-0.0728747696,-0.0695355535,-0.066680938,-0.0630803481,-0.0602876768,-0.0574118569,-0.0549752861,-0.0522724241,-0.0500077754,-0.04766009,-0.0454044268,-0.0422725491,-0.0406980477,-0.0384696759,-0.0368183255,-0.0347594768,-0.0331180133,-0.0309217572,-0.029563643,-0.0282149166,-0.0264302678,-0.0251259543,-0.0239161365,-0.022305958,-0.0213188641,-0.0198378786,-0.0177059174,-0.0165133029,-0.0151176639,-0.0131954029,-0.011741966,-0.0105059072,-0.0088025406,-0.00786751509,-0.00600843132,-0.00520613045,-0.00394398719,-0.00305982679,-0.00162148476,-0.000253871083,0.000753954053,0.0017310977,0.00260809064,0.00363752991,0.00422930717,0.00458288193,0.0046716705,0.00549806654,0.00433620065,0.00452825427,0.00494324416,0.00394640863,0.00228102505,0.000358581543,-0.00227319449,-0.00431283563,-0.007820189,-0.00861282647,-0.0116121918,-0.0117904395,-0.0104131326
1064,22.7779999,2026-08-27T10:33:00.633000+0000,-26.6957389,153.3354092,0.0432679094,0.0499864258,0.0583525412,0.0458299443,0.048632957,0.0464291275,0.0486742817,0.0431324169,0.0429366827,0.0408272147,0.0407790504,0.0351757444,0.034117233,0.0364272296,0.0316092484,0.0317265466,0.03071093,0.0308000017,0.028518457,0.0288371686,0.0278441869,0.0268527176,0.0267192461,0.0260332562,0.0252801962,0.0252082013,0.0247107856,0.0250988491,0.0222404748,0.0243085101,0.0230370946,0.0218046326,0.0227358304,0.0215724818,0.0212590527,0.0206158906,0.020747982,0.0203036238,0.0195183177,0.0196043253,0.0194449089,0.0191264953,0.0187817048,0.0172470417,0.0169595778,0.0166889802,0.0162728522,0.0156877805,0.0161647964,0.0141116045,0.0146416863,0.0144756986,0.0138392942,0.014714418,0.0139309438,0.0138283065,0.0140915839,0.0138344793,0.0136304963,0.0131942742,0.0137396771,0.0124946693,0.0137399388,0.0135954833,0.012121832,0.0136935245,0.0137720797,0.0120818093,0.014546019,0.0120743196,0.0121777076,0.0146883242,0.011693025,0.0117178047,0.0123973517,0.00853713881,0.0125705283,0.00815935899,0.00628197799,0.00673414813,0.00314594945,0.00103749149,0.000559136271,,,0.000403875019,,,,,,,,,,,,,,,,,,,,,,,,,,,-0.0752513558,-0.0712082982,-0.0688190907,-0.0664444789,-0.0623338968,-0.0599812269,-0.0569954067,-0.0544088259,-0.0522059724,-0.049931325,-0.0473236218,-0.0451179668,-0.042926088,-0.0405616015,-0.039153222,-0.0369218625,-0.0342230164,-0.0324015506,-0.0302352943,-0.0288171954,-0.0276484676,-0.0261438414,-0.0247695334,-0.0233497508,-0.0219895728,-0.0207225047,-0.0191015229,-0.0173095539,-0.0157669298,-0.0145512819,-0.01307901,-0.0112955347,-0.00992947817,-0.00849609822,-0.00722106546,-0.00627197325,-0.00490967929,-0.00377754122,-0.00251337141,-0.0013050288,-0.000467419624,0.000660404563,0.00184755027,0.00300458074,0.00364400446,0.00351577997,0.00432936102,0.00475813448,0.00445452332,0.00460262597,0.0050746426,0.00434957445,0.00482264906,0.00237716734,-0.000735394657,-0.000767320395,-0.00569715351,-0.00644465536,-0.0097874403,-0.0101269484,-0.0122953057,-0.00991805643
1065,22.9139996,2026-08-27T10:33:00.881000+0000,-26.6957389,153.3354092,0.0540379211,0.0461463816,0.0532225408,0.0509299487,0.0476929285,0.0478791296,0.0466642827,0.0467123911,0.0429766737,0.0412372015,0.040099021,0.0386857428,0.0345972255,0.0357272327,0.0339292362,0.0331165418,0.0315709338,0.0311299991,0.0302184522,0.0296671595,0.0287641808,0.0283627231,0.0272892416,0.0267932545,0.0269301832,0.0256881919,0.0262407772,0.0249788407,0.0240404606,0.0247384943,0.025157081,0.023224622,0.0233358182,0.0234424826,0.0227290466,0.0229158793,0.0225279722,0.0222436227,0.021638317,0.021214325,0.0211449042,0.0207664911,0.0207417011,0.0209670309,0.020909559,0.0198989511,0.0192128085,0.0189677272,0.0182847232,0.0183415096,0.0179115813,0.0177156031,0.0174792111,0.0174843483,0.0170108937,0.0169382766,0.0175615661,0.0172444694,0.0171204936,0.0167842768,0.0166596789,0.0167246666,0.0164899267,0.0154854674,0.0167118125,0.016603509,0.0166120753,0.0164418072,0.0167660229,0.016414322,0.0162977036,0.015918307,0.0154229924,0.0162277371,0.0144872498,0.0138369817,0.0141302953,0.0107290382,0.0102015566,0.00837358925,0.00548524596,0.0056366045,0.00313805649,0.000679071993,0.00211781124,0.00194251793,0.000878464896,,,,,,,,,,,,,,,,,,,,,,,,,,,-0.0731897727,-0.0696405545,-0.0669859424,-0.0636253506,-0.0610826835,-0.0581768677,-0.0556402914,-0.0528674349,-0.0503127798,-0.0483350828,-0.0458094105,-0.0434375405,-0.0410730541,-0.0392746851,-0.0374433249,-0.0350444615,-0.033463005,-0.0305667631,-0.0290186554,-0.0273199528,-0.026275333,-0.025011044,-0.0229712725,-0.0222211219,-0.0208940543,-0.0189030766,-0.0170510933,-0.0154084489,-0.0139027946,-0.0122304931,-0.0108770132,-0.0100509301,-0.00877755135,-0.00775250047,-0.00603341311,-0.00512111932,-0.00378900766,-0.00283484161,-0.00136651099,4.11197543e-05,0.00104895234,0.00219610333,0.00279311836,0.00379254669,0.00373432785,0.0043078959,0.00475665927,0.00560301542,0.00605110079,0.00480305403,0.00533791631,0.00392089784,0.0023053363,0.0011626333,-0.00156944245,-0.00581943989,-0.00802706927,-0.00961999595,-0.0113596618,-0.0102881193,-0.00940086693
1066,23.0540009,2026-08-27T10:33:01.140000+0000,-26.6957389,153.3354092,0.0512479357,0.050606411,0.0451425277,0.0471099429,0.0459929444,0.0458191298,0.0427742712,0.0447924025,0.0407066904,0.0404671989,0.0371590219,0.0357157625,0.0345072262,0.0323672295,0.0318592452,0.0313165411,0.0301109347,0.0294800103,0.0288884658,0.0274571534,0.0277441815,0.026662726,0.0258592498,0.0253432505,0.0255701821,0.024928201,0.0241407678,0.0240588393,0.0232304577,0.0228584893,0.0230170731,0.022044614,0.0219658166,0.022102477,0.0216290466,0.0216658786,0.0211979747,0.0203736145,0.0201283135,0.0196743179,0.0194349065,0.0197564904,0.0189416986,0.0173270199,0.0171995517,0.0168489274,0.0162727721,0.0156076718,0.0155746518,0.0151314177,0.0140614826,0.0142255034,0.0143091241,0.0142442798,0.0147308363,0.0138882315,0.0139515428,0.0144444583,0.0141104935,0.0137842819,0.0135596832,0.0136846658,0.013289921,0.0135854511,0.0128417984,0.0129835,0.0149720693,0.013711811,0.012586033,0.0146943294,0.012867705,0.0139083052,0.0133329723,0.0119876936,0.0116671678,0.0124168489,0.00926008541,0.0102787456,0.00660116505,0.00680306181,0.0041445801,0.00230575772,,0.000537927262,,,,,,,,,,,,,,,,,,,,,,,,,,,,,-0.0758683085,-0.0728352517,-0.0697560459,-0.0673614368,-0.0637808442,-0.0611481853,-0.0582023636,-0.0553657785,-0.0533229299,-0.0512382686,-0.0486005731,-0.046884913,-0.0438930355,-0.041288536,-0.0396601707,-0.0377688035,-0.036369957,-0.0342084877,-0.0314822569,-0.0294241644,-0.0281354636,-0.0269008465,-0.0252665803,-0.0239168257,-0.0225367025,-0.0211896375,-0.0194386579,-0.0173866749,-0.0157840215,-0.0147183314,-0.0135660172,-0.01187253,-0.0105664432,-0.00961304456,-0.0079779923,-0.00684889406,-0.00535660982,-0.00459449738,-0.00358033925,-0.00240201503,-0.00107438862,0.000373460352,0.00137060136,0.00215764344,0.00272707641,0.00391884148,0.00342240185,0.00399114937,0.00459748507,0.00457553566,0.00417744368,0.00433223695,0.00331515819,0.00291948766,-0.000443339348,-0.00144556165,-0.00434574485,-0.00752351433,-0.00885657966,-0.0110663697,-0.00974491239,-0.00978770852
1067,23.1879997,2026-08-27T10:33:01.388000+0000,-26.6957389,153.3354092,0.0450078808,0.0490663648,0.048652485,0.0435099155,0.0466929264,0.044709105,0.0464442559,0.0406724028,0.0425866842,0.0395372212,0.0371990539,0.0345757827,0.0351572558,0.0335672423,0.0314292572,0.0316665582,0.0297709499,0.0293900147,0.0283384714,0.0272671673,0.027174186,0.0265627317,0.0262392443,0.0253432505,0.0253801774,0.0250181966,0.0251107644,0.0237888228,0.0237704404,0.0231184661,0.0223570522,0.0225945897,0.021885803,0.0217224639,0.0217090324,0.021215871,0.0211979672,0.0205936078,0.0205783136,0.0199843217,0.0202949084,0.0197464954,0.0193316918,0.0213669986,0.020979492,0.0207588114,0.0202225931,0.0206374116,0.0191842951,0.0187909678,0.0189309735,0.0185650103,0.0189286768,0.0189039186,0.0179005638,0.0189080425,0.0186114255,0.018314397,0.0182704795,0.0184142962,0.0181497037,0.018064661,0.0179898851,0.0176353846,0.0178217273,0.0179734416,0.0168420598,0.019121835,0.0177660752,0.0178143755,0.0190577358,0.0162383039,0.0172128789,0.0169874802,0.0156667773,0.0154961944,0.0135290585,0.0145172942,0.0113992197,0.00945043191,0.00796123873,0.00394151313,0.00185178593,0.00429219846,0.00031013845,0.00206441432,0.00511030527,,,,,,,,,,,,,,,,,,,,,,,,,,,-0.0726747438,-0.0692155287,-0.0668809339,-0.0630003586,-0.0601876937,-0.0584818721,-0.0554152876,-0.0532024167,-0.0501377545,-0.047910057,-0.0458743945,-0.0435425155,-0.0420380197,-0.0401696526,-0.0372782834,-0.0352194272,-0.0332079716,-0.0299317501,-0.0282336846,-0.026645042,-0.0256804973,-0.0244263001,-0.0226666443,-0.021796599,-0.0205796212,-0.0187786482,-0.0170966126,-0.0149638876,-0.0140281022,-0.0117157102,-0.0106821507,-0.00936598331,-0.00837253034,-0.00692746788,-0.00581837445,-0.00487608463,-0.00361400843,-0.0022398904,-0.00134155154,0.000366076827,0.00145394355,0.00264113396,0.00338820368,0.00337763876,0.00464939326,0.00454293191,0.00505161285,0.00570784509,0.0055957213,0.00606741756,0.00529187918,0.00425440073,0.0020782724,0.000734761357,-0.00224816799,-0.0048192963,-0.00776775181,-0.00938148797,-0.0111719817,-0.0118910521,-0.0101640224
1068,23.3379993,2026-08-27T10:33:01.637000+0000,-26.6957389,153.3354092,0.0390478112,0.0581962913,0.0492023975,0.0436198525,0.0474029146,0.0465191044,0.0435042232,0.0402323864,0.0426266827,0.0400671996,0.038389042,0.0346158072,0.037957266,0.0329072513,0.0315692872,0.0319165848,0.030120967,0.0296700206,0.0290484801,0.0273671746,0.0274741948,0.0264627431,0.0269292369,0.0255432501,0.0256801769,0.0254081786,0.0243307427,0.0236887932,0.0237604044,0.0242384244,0.0219470039,0.023384545,0.02220577,0.0216424465,0.0214790124,0.0214358605,0.0205979533,0.0203735959,0.0204183068,0.0199943148,0.0195049141,0.0200664941,0.01980168,0.0183569565,0.018379394,0.0179386232,0.0172023065,0.0177369937,0.0163237229,0.0161902439,0.016220158,0.0157042146,0.0167479739,0.0160133485,0.0160401277,0.0158277377,0.0154912369,0.0159142986,0.015850462,0.0157543197,0.015669737,0.0151246544,0.0155298188,0.0142852729,0.0162516069,0.0156733487,0.0147920363,0.0160618722,0.016216144,0.014494448,0.0155577743,0.01398829,0.0154827256,0.0158071294,0.0124861384,0.0132451318,0.012237398,0.0097449515,0.0106760859,0.00863620173,0.00452587008,0.0044646957,0.000533395912,0.000572999939,0.00275986968,,0.00214939518,,,,,,,,,,,,,,,,,,,,,,,,,,-0.0751077309,-0.072524704,-0.068805486,-0.0659709051,-0.0624203235,-0.0607976615,-0.0579418428,-0.0558152609,-0.0528923646,-0.0501477048,-0.0481900051,-0.0454943404,-0.0432724692,-0.0417679735,-0.0393295772,-0.0373882093,-0.0349093489,-0.0329078883,-0.0316117145,-0.0306337066,-0.028785143,-0.0271806791,-0.0260166153,-0.0244471207,-0.0234772265,-0.0215503648,-0.0197793916,-0.0185772702,-0.0167644247,-0.0158684961,-0.0135159791,-0.0123222768,-0.0112960413,-0.00963251293,-0.00878737122,-0.00727826357,-0.00610600412,-0.00520398468,-0.00373992324,-0.00266160071,-0.00134396553,-0.000456035137,0.000971227884,0.00184832513,0.0027377978,0.0028495267,0.00363300741,0.00432158262,0.00505763292,0.00523526222,0.00435657799,0.00428051502,0.00357241929,0.00219552219,0.000840932131,-0.00103314221,-0.0055757314,-0.00703535974,-0.00872014463,-0.0119818002,-0.00910162926,-0.00950487703
1069,23.4939995,2026-08-27T10:33:01.887000+0000,-26.6957389,153.3354092,0.0526477545,0.0526562333,0.0345423557,0.0482298285,0.0425628833,0.0420990847,0.0350641795,0.040052373,0.038036678,0.0349772014,0.0314790532,0.0342958048,0.0323672816,0.0279072598,0.0291992966,0.0283065997,0.0272109751,0.0254500303,0.0259284787,0.0246571749,0.0233441889,0.0239127409,0.0232592262,0.0231432356,0.0227701701,0.0222181715,0.0213907287,0.0208087657,0.0211803783,0.0195283908,0.0202369764,0.0200845115,0.0190757532,0.0192524269,0.0191189963,0.0194558501,0.0182979405,0.018043587,0.0183083061,0.0175343081,0.0177349169,0.017416494,0.0169816688,0.0169369224,0.0162593257,0.0162185002,0.0158121176,0.0149967261,0.0143033611,0.0146897854,0.0133296503,0.0144237252,0.0140875354,0.0141029945,0.0143998582,0.0140675483,0.0136311231,0.0133842379,0.0142804552,0.0130443359,0.0129697546,0.014164649,0.0123797813,0.0133052012,0.0141015323,0.0117932875,0.0151420198,0.0129418913,0.0128461858,0.0142644849,0.0119577963,0.012868274,0.0148326214,0.00955689885,0.0143057304,0.0117244571,0.00760634802,0.0111634787,0.00731411669,0.00315354764,0.00552250911,,0.000558144879,,,,0.00104260398,,,,,,,,,,,,,,,,,,,,,,,,,,-0.0756591633,-0.0721261576,-0.0684869364,-0.0664523691,-0.0627817959,-0.0600191355,-0.0574333109,-0.0552067235,-0.0523338094,-0.0504591689,-0.0478714481,-0.0455557927,-0.0432639085,-0.0407894216,-0.0392810218,-0.0371496566,-0.0345707946,-0.0326393247,-0.0314031839,-0.0292751938,-0.0284466855,-0.0272822902,-0.0255282968,-0.0238589011,-0.0231491029,-0.0214623101,-0.0199113227,-0.0184191614,-0.0166762322,-0.0155202299,-0.0138676316,-0.0123238489,-0.0107975304,-0.00898395479,-0.00804879516,-0.00696967542,-0.00521744043,-0.00430544466,-0.00346142799,-0.00156311691,-0.000715456903,0.000332504511,0.00151979178,0.00221692771,0.00349640101,0.00393811613,0.00421156734,0.00400006026,0.0054160133,0.00521349162,0.00466457754,0.00534817576,0.00404968113,0.00175230205,0.00139705837,-0.00260775536,-0.00459127128,-0.00697156787,-0.0103670508,-0.0121793747,-0.0100797117,-0.0118031129
1070,23.6509991,2026-08-27T10:33:02.143000+0000,-26.6957389,153.3354092,0.0564677455,0.0400762521,0.0511623323,0.0500798337,0.046002876,0.0450690947,0.044224184,0.0444423743,0.0394466892,0.0411472097,0.0378790759,0.0376258343,0.0324572921,0.0354172587,0.0327792913,0.0315466076,0.0308209807,0.0303500295,0.0297884978,0.027927164,0.0283141918,0.0275227465,0.0259392336,0.0262032505,0.0268501714,0.0252081677,0.0252807308,0.0258287732,0.0237703789,0.024048388,0.024666978,0.0223545078,0.0234157536,0.0228524301,0.0222089998,0.0220258571,0.0221679471,0.0214235894,0.0205783062,0.020684313,0.0208449196,0.020146504,0.0199616719,0.0191469267,0.0189293157,0.0187984835,0.0182120893,0.0178266764,0.0179732945,0.0169197023,0.0173195451,0.0169036295,0.0163574442,0.0171929225,0.0166498031,0.0165075064,0.0168010984,0.0164442249,0.0167804491,0.0165143367,0.0166397579,0.0161546469,0.0157697741,0.0160751939,0.0157915205,0.0160832778,0.0170320198,0.0153918983,0.0173262004,0.0150045026,0.0151878074,0.0164782833,0.0151326125,0.0147868693,0.0145856682,0.0126543446,0.0149161639,0.0102832103,0.0108337505,0.00959304534,0.00463186391,0.00448960532,0.00181712909,,0.00513219647,,0.00177123491,,,,,,,,,,,,,,,,,,,,,,,,,,-0.0750946924,-0.0717316791,-0.0686224625,-0.0658179,-0.0627973303,-0.0597046688,-0.0569888465,-0.0549522452,-0.0518893413,-0.0490246937,-0.0477869734,-0.0452413186,-0.0430094302,-0.040574953,-0.0385865532,-0.0360951759,-0.0349663161,-0.0326048434,-0.0316687152,-0.0296507254,-0.0281722434,-0.0265578441,-0.025853876,-0.0242545046,-0.0227847062,-0.0214479268,-0.0202769525,-0.0187047757,-0.0164618418,-0.0154958107,-0.0141532011,-0.0125694126,-0.011063084,-0.00996950269,-0.00822432339,-0.00697520375,-0.00592297316,-0.00411097705,-0.00376695395,-0.00251866132,-0.000910997391,0.000376977026,0.00170426816,0.00181141496,0.0026608929,0.0037426129,0.00374604762,0.00478453934,0.00488047302,0.00522790104,0.00501894951,0.00489250571,0.00445391983,0.00202643871,0.000421062112,-0.0011638701,-0.00573757291,-0.00681804121,-0.0082636252,-0.0114161298,-0.00935657322,-0.0104000196
1071,23.8050003,2026-08-27T10:33:02.390000+0000,-26.6957389,153.3354092,0.0484777465,0.045356214,0.0467123725,0.0470798165,0.0440728813,0.0432190895,0.0447341949,0.0430223867,0.0406666808,0.0398372225,0.0380790867,0.0366658159,0.0341672935,0.0342972614,0.0327693,0.0321866199,0.030731,0.030620046,0.0294284932,0.0281971805,0.0286942106,0.0272327643,0.0278892517,0.0270132553,0.0255601853,0.0260881782,0.0255707391,0.0254487805,0.0242203865,0.0246583968,0.0245869812,0.023544522,0.0239557568,0.0232924391,0.0234690048,0.0226058625,0.0223779567,0.0220135953,0.0221683141,0.0213643201,0.0216949265,0.0210765079,0.0208116807,0.0215969328,0.0213793293,0.020988496,0.0208320972,0.0199566893,0.0197133049,0.0185697097,0.018789554,0.0192536246,0.0183674451,0.0187129192,0.0186698008,0.0180575009,0.0181010962,0.0179142226,0.0176704489,0.0179943331,0.01801976,0.0169446487,0.0174997766,0.0175851937,0.0166715216,0.0176832806,0.0176620279,0.017181905,0.0174662098,0.0180045161,0.0162978284,0.017978305,0.0152526442,0.0170669015,0.0154857058,0.0140143838,0.0134362075,0.0117732538,0.0113037955,0.0102630928,0.00870191399,0.00445965212,0.00506716454,0.00204615807,,0.0030154523,0.00583119225,,,,,,,,,,,,,,,,,,,,,,,,,,-0.0761687383,-0.0727057159,-0.0695565045,-0.0667419285,-0.0640313625,-0.0613987036,-0.0587728843,-0.0556862876,-0.0529733822,-0.0511187352,-0.0485110134,-0.0462853462,-0.0440034792,-0.0416889861,-0.039640598,-0.0372792147,-0.0353303589,-0.0333888903,-0.0307827406,-0.0295347571,-0.0277162716,-0.0261018723,-0.0248579159,-0.0243785307,-0.0224787444,-0.0208019689,-0.0197409987,-0.0177288242,-0.0162458979,-0.0150498562,-0.0134372488,-0.0121034607,-0.0104871318,-0.00947354734,-0.00802837312,-0.0065792501,-0.00587701052,-0.00418502092,-0.00303099304,-0.00142270327,-0.000685036182,0.000202938914,0.00167022645,0.00245737284,0.002796866,0.003728576,0.00416202098,0.00468051434,0.00469644368,0.00442390144,0.00569494814,0.00419849902,0.00363992155,0.00257245451,0.000347070396,-0.00196787715,-0.00459156185,-0.00934204459,-0.0111476481,-0.0108301342,-0.0121706054,-0.00993409008
1072,23.8969994,2026-08-27T10:33:02.639000+0000,-26.6957389,153.3354092,0.0526577085,0.0463862456,0.0481823459,0.0473598428,0.0462528914,0.0458990932,0.044754196,0.0448623821,0.0417266861,0.0403372124,0.0375490747,0.0372658186,0.0346872769,0.0349772573,0.0325792991,0.0320766121,0.0313209891,0.0303400289,0.0297784973,0.0291271694,0.0283941962,0.0277827401,0.027409235,0.026913248,0.0256501827,0.0259881709,0.025180731,0.0254487749,0.0248503834,0.0247383919,0.0241669826,0.023534514,0.0239557531,0.0231424309,0.0225089993,0.0220158529,0.0223779511,0.0221735891,0.0214083102,0.0209043156,0.0205949154,0.0209265053,0.0205816738,0.0207269322,0.0210593287,0.0202085078,0.0202221218,0.0194867346,0.01902337,0.0186997876,0.0181996487,0.0181337204,0.0182275306,0.0182229914,0.0178698581,0.0173775461,0.0178111214,0.0178442355,0.0176504515,0.0170743316,0.0165497549,0.0167546514,0.0166497808,0.0165952053,0.0171115324,0.017013289,0.0171120223,0.0173618961,0.0164261907,0.0175844934,0.0161778033,0.0163282864,0.0158926342,0.0156369172,0.0150257479,0.0152944801,0.0121063702,0.0138035025,0.010444141,0.00900357217,0.00810253154,0.00621045195,0.00311816996,0.00344726862,,0.000926809851,0.0045425836,,,,,,,,,,,,,,,,,,,,,,,,,,-0.0761131942,-0.0725001842,-0.0693009645,-0.06754639,-0.0635158196,-0.0608531646,-0.0578473359,-0.055310756,-0.0536078513,-0.0508431941,-0.0484854728,-0.0463698208,-0.0438379385,-0.0414334424,-0.038875062,-0.0374736749,-0.0358448215,-0.0336133614,-0.0314172134,-0.0298092254,-0.0282207169,-0.0266163051,-0.0259823278,-0.0244829394,-0.0228631273,-0.0211763345,-0.0197553635,-0.0185031854,-0.0164102726,-0.0150442533,-0.0133016706,-0.0121678784,-0.0103315637,-0.00908799469,-0.00868283957,-0.00650371611,-0.005241476,-0.00401948392,-0.00271545351,-0.00176715851,-0.000349491835,0.00055847317,0.00144577026,0.00237290561,0.00343237817,0.00395410508,0.00462754816,0.00452604145,0.00518199801,0.00442947447,0.00507056713,0.00489416718,0.00377567112,0.00370829552,0.00038304925,-0.00251176208,-0.00535526872,-0.00761558861,-0.0104910508,-0.0122433901,-0.0112537593,-0.00973716378
1073,23.9589996,2026-08-27T10:33:02.888000+0000,-26.6957389,153.3354092,0.0453277119,0.0555762686,0.0446623936,0.0473998375,0.0472128838,0.0467391014,0.0420041904,0.0434423648,0.0411667041,0.0391172282,0.0370590687,0.0354558341,0.035447266,0.0328672677,0.0329293013,0.0313966163,0.0303809959,0.0286700297,0.0289484914,0.0279271677,0.0273542032,0.027712753,0.0258692484,0.0259432457,0.0258701872,0.0249181818,0.0243307371,0.0241487809,0.0244903825,0.0224284027,0.0232569873,0.022994522,0.0225757603,0.02231244,0.0221390072,0.0221058596,0.0206679497,0.0208135936,0.0205783118,0.0201343168,0.0205949191,0.0199065097,0.0200416744,0.019146936,0.0182193369,0.0186385121,0.0179021284,0.0176667422,0.0175133739,0.0164797958,0.0166096538,0.0162637215,0.0157975312,0.0165829901,0.0162298568,0.0162875429,0.0164011195,0.0161042362,0.01604045,0.0152543327,0.0158997551,0.0146246497,0.0150797814,0.0157752056,0.015011535,0.0153032895,0.0159820244,0.0146118971,0.0157261956,0.0161345005,0.0137378145,0.0170182958,0.0137126492,0.0146769341,0.0156657677,0.0112644993,0.0121063925,0.012483526,0.0063541634,0.00961359497,0.00472255424,0.000430474989,0.00571818929,0.000377287623,,0.00454680063,,,,,,,,,,,,,,,,,,,,,,,,,,,,-0.0725882128,-0.0706590042,-0.0674644262,-0.0636938512,-0.0618411936,-0.0583253726,-0.055388771,-0.0538358763,-0.050621219,-0.0489435121,-0.0467778519,-0.0440059714,-0.0423914753,-0.0405430757,-0.0377817042,-0.0360828452,-0.0340213776,-0.0301952362,-0.0282572471,-0.0269087479,-0.0254343376,-0.0240903609,-0.0229409598,-0.0220911503,-0.0207843669,-0.0189833865,-0.0172112212,-0.0153883062,-0.0144422911,-0.0125796869,-0.0116859153,-0.00982960314,-0.00826602429,-0.00736086071,-0.00595173985,-0.00507950783,-0.00348751247,-0.00266348571,-0.00165518373,-6.75320625e-05,0.00119043887,0.00187773257,0.00273487717,0.00307434797,0.00386608392,0.00425951928,0.00397802889,0.00534398109,0.00448145717,0.00562254339,0.00517616421,0.00256766379,0.00354028493,-0.000154957175,-0.00234975666,-0.00360326469,-0.00832359493,-0.00866907835,-0.0101914108,-0.0110917687,-0.00771521032
1074,24.0200005,2026-08-27T10:33:03.135000+0000,-26.6957389,153.3354092,0.0683177561,0.0402362347,0.0467923619,0.0548998266,0.0465428941,0.0447390936,0.0432141908,0.049002368,0.0404966809,0.0404672064,0.0364290699,0.0408958271,0.0326272771,0.033657264,0.0347492918,0.0311966054,0.0300909821,0.0303300265,0.0302184783,0.0280071646,0.0279942006,0.0272127371,0.0266192295,0.026313249,0.0261601694,0.0257881619,0.0240407214,0.0247887764,0.0246903766,0.022678392,0.0249869749,0.0226045139,0.0223357547,0.0227624327,0.0217689965,0.0216558501,0.0217779428,0.0211235899,0.0201883037,0.0208243132,0.0206049103,0.0196664948,0.0195616707,0.0202569216,0.0193293206,0.0198985059,0.0191321187,0.0182867311,0.0183633622,0.0172997825,0.0172096435,0.0176837184,0.0167075321,0.0176829975,0.0168598611,0.0163875483,0.0165711232,0.0171042383,0.0161404535,0.0161243342,0.0165997557,0.0159946494,0.0152497785,0.0172052048,0.0148615325,0.0162932891,0.0172020197,0.0145418923,0.0173161831,0.016604485,0.0137477946,0.0178182758,0.013722619,0.0138168987,0.0179457311,0.0100844577,0.0137263481,0.0137234796,0.00571411662,0.0119035486,0.00518250931,0.0021004267,0.00571814924,,0.00245346571,0.00525681628,,,,,,,,,,,,,,,,,,,,,,,,,,,,-0.0733321682,-0.0715129524,-0.0685083717,-0.0644878149,-0.0623551458,-0.059379328,-0.0564627275,-0.0547698215,-0.0515351817,-0.0496474579,-0.047621794,-0.0449799262,-0.0435154252,-0.0403070413,-0.0379856564,-0.037266802,-0.034885332,-0.0309191942,-0.0292112082,-0.0273826979,-0.0262582973,-0.0251743197,-0.023504924,-0.0225351155,-0.0212583132,-0.0192073323,-0.0177951753,-0.0163722485,-0.0148562342,-0.0131336451,-0.0118498579,-0.010483548,-0.00921997428,-0.00818481296,-0.0063456893,-0.00539345294,-0.00404145569,-0.00319743901,-0.00217913091,-0.000821478665,0.000406488776,0.00126377493,0.00256092101,0.00285039097,0.00400211662,0.00364554673,0.0041840598,0.00525999814,0.00441747159,0.00526856631,0.00430217385,0.0029636696,0.00364629924,-0.000198960304,-0.00279376656,-0.00361727178,-0.008417584,-0.00875304639,-0.011025399,-0.0125157237,-0.0100991353
1075,24.0830002,2026-08-27T10:33:03.384000+0000,-26.6957389,153.3354092,0.0686577484,0.0402162783,0.0507923737,0.055309847,0.0462228768,0.0457590744,0.0430141874,0.0489723533,0.0400466919,0.0401672125,0.0373190492,0.0412358046,0.0335672684,0.0342172571,0.0350892879,0.0323465951,0.0311409701,0.0308500286,0.030508481,0.0283771548,0.0289441906,0.028072739,0.0273892283,0.0271932334,0.0263401717,0.0263681598,0.0253707245,0.0260987747,0.025300378,0.0239583962,0.0246569756,0.0238545164,0.0241057519,0.0240424275,0.0224989969,0.0230558515,0.0231279433,0.0224735904,0.0218683016,0.0219943039,0.0216149054,0.0210764911,0.021211667,0.0216769241,0.0209793374,0.020988524,0.0206021518,0.0195067748,0.0200734343,0.0181198753,0.0190097503,0.0186938196,0.0181676243,0.0182530694,0.0184799209,0.0182475876,0.01796115,0.0183942523,0.0183904562,0.0172843318,0.0183097534,0.0172846466,0.0167597868,0.0176752154,0.0169615448,0.0183932967,0.0185420234,0.0159918834,0.0181761738,0.0178544726,0.0149877816,0.0177682675,0.0148726264,0.0171369296,0.0167657938,0.0130445743,0.0146365399,0.0110737551,0.00924449228,0.0115240617,0.00667316606,0.00387126766,0.00637918524,,0.00388475321,0.00260819076,,,,,,,,,,,,,,,,,,,,,,,,,,,,-0.0722486526,-0.0695894361,-0.0667548552,-0.0638042912,-0.0606316291,-0.0578557923,-0.0551992059,-0.0527663082,-0.0501316488,-0.0478539467,-0.0459182858,-0.0432564095,-0.0418519154,-0.0392235294,-0.037092153,-0.0355532877,-0.0329518355,-0.0303556733,-0.0283976831,-0.0269691683,-0.0263147578,-0.0249907486,-0.0232013352,-0.0217915066,-0.0208847001,-0.0191637166,-0.0176915601,-0.0159586631,-0.0145826638,-0.013060078,-0.0115563273,-0.0106800199,-0.0090964511,-0.0082013011,-0.00660218298,-0.00557994097,-0.0043079406,-0.00316390395,-0.0026255995,-0.000937946141,3.00034881e-05,0.00128728896,0.00145442784,0.00330389291,0.00310560316,0.00458905101,0.00362756848,0.00448353589,0.00441104174,0.00461217761,0.00491585582,0.00382742286,0.00262013823,0.00189503282,-0.003169626,-0.00517295301,-0.00682312995,-0.0105084479,-0.010080643,-0.0107708573,-0.0102642179
1076,24.1819992,2026-08-27T10:33:03.633000+0000,-26.6957389,153.3354092,0.0533277318,0.0451262705,0.0511723571,0.0481498428,0.0470428914,0.045429077,0.0470141992,0.0443423577,0.042066697,0.0404372253,0.0397190638,0.0378458239,0.034997277,0.0351372585,0.0338292941,0.0324066058,0.0312209781,0.0308500323,0.0296584778,0.0292871743,0.0289441943,0.0274027418,0.0275792368,0.0271932371,0.0264401771,0.0262681767,0.0257507302,0.0255387779,0.0250303801,0.0251683984,0.0243269876,0.023694519,0.0240257587,0.0237424336,0.0233190041,0.0228358544,0.0223779492,0.0217935946,0.0221683029,0.021284312,0.0210649166,0.0213964973,0.0208216719,0.0204169303,0.020269338,0.0201285295,0.0192921571,0.0188867785,0.0191034339,0.0178298801,0.0179197509,0.0174238235,0.0176676214,0.0176830683,0.0175999161,0.0173875839,0.0175611489,0.0172642507,0.017870456,0.0168043301,0.0177397504,0.0162546486,0.0169397853,0.017295219,0.0168015491,0.0172332991,0.0175220259,0.016371889,0.0177261773,0.0176644791,0.0172877926,0.0168582797,0.0165126398,0.0168869458,0.0163958129,0.0142245945,0.0145865604,0.0130137764,0.00901451521,0.0105740838,0.00701319007,0.00675129052,0.00377920596,0.00279841176,0.00114476332,0.00218818616,0.00417397777,,,,,,,,,,,,,,,,,,,,,,,,,,,-0.0736766756,-0.070077464,-0.0674128905,-0.0640323237,-0.0617396496,-0.0582838319,-0.0559472442,-0.0535543449,-0.0504296869,-0.0487919748,-0.0461363047,-0.0433044396,-0.0417299531,-0.0396415517,-0.0371001847,-0.0355713181,-0.0330298543,-0.0308137052,-0.0292757191,-0.0280872025,-0.0261627771,-0.0246687792,-0.0238293707,-0.0224395432,-0.0205827281,-0.0194517598,-0.0175295882,-0.0162166953,-0.014720697,-0.0130581185,-0.0118343532,-0.0101180598,-0.00949448347,-0.00800932944,-0.00619021058,-0.00506796688,-0.00388596952,-0.00336194783,-0.00207363069,7.40215182e-05,0.000381983817,0.00123926252,0.00219640136,0.00335586071,0.00385758281,0.00470102578,0.00416954607,0.00487552583,0.00559301674,0.00538416952,0.00460783392,0.00402941555,0.00241214037,0.000807024539,-0.00172763318,-0.00552096218,-0.00567112863,-0.00848646462,-0.010948658,-0.0107189119,-0.00840227306
1077,24.3040009,2026-08-27T10:33:03.881000+0000,-26.6957389,153.3354092,0.0498677231,0.0503562652,0.0483223498,0.0487198345,0.0475728922,0.0466990732,0.046714168,0.0451123603,0.0448966995,0.043017216,0.0404090546,0.0379758328,0.0358672738,0.0360272676,0.0336292982,0.0338166095,0.0323509872,0.0316300392,0.0305584855,0.0301071741,0.0299841948,0.0286327489,0.027869232,0.0279632416,0.0268201753,0.0274281725,0.0259407256,0.026378775,0.025920378,0.0255183876,0.0248269718,0.0246445108,0.0243257526,0.0236524288,0.0237589963,0.0234158523,0.0232679509,0.0231435858,0.0226183049,0.0219043158,0.0223149192,0.0217064992,0.021201672,0.0204069242,0.0196393188,0.0200484823,0.0196020845,0.0186566785,0.0182133,0.0182596967,0.0172595456,0.0176936295,0.0173874423,0.0171429217,0.0173998009,0.0167875066,0.0168311018,0.0169842243,0.0168604497,0.0166543368,0.0167897604,0.0164546482,0.0160497744,0.0158451907,0.01616152,0.0159132779,0.0168220215,0.0161318984,0.0163161997,0.0168344993,0.0159178078,0.0159182828,0.0152726127,0.0141868703,0.0152956676,0.0141043467,0.0122461626,0.0116832098,0.0103637502,0.00784304552,0.00821186416,0.00222960534,0.00311712874,,,0.00176546955,0.003801235,,,,,,,,,,,,,,,,,,,,,,,,,,,-0.0737756789,-0.0704764575,-0.0674418956,-0.0641413182,-0.0613286495,-0.0587228425,-0.0558062382,-0.0539233424,-0.0509586781,-0.0486109704,-0.0462853014,-0.0440234318,-0.0426089391,-0.039990548,-0.0376491658,-0.0357103087,-0.0334188417,-0.0324127078,-0.0304947197,-0.0293962322,-0.0275718309,-0.0262378715,-0.0254784934,-0.0241887011,-0.0223519281,-0.0208709501,-0.0191187672,-0.0174758434,-0.0160998069,-0.0142171942,-0.0128133968,-0.0116970763,-0.0102834925,-0.00938832015,-0.00763919204,-0.00659696013,-0.0054749772,-0.00392095,-0.00250265002,-0.00148499757,-0.00023701787,0.00069026649,0.00143741816,0.00270690024,0.00329862535,0.00349204987,0.00428054482,0.00459646434,0.00396390259,0.00500496477,0.00419850647,0.00400991738,0.00264244527,9.70736146e-05,-0.00140786916,-0.0053415522,-0.00798202306,-0.010337621,-0.0107601136,-0.0122405663,-0.00868400931
1078,24.4279995,2026-08-27T10:33:04.135000+0000,-26.6957389,153.3354092,0.0557677187,0.046536237,0.0528623499,0.0486698113,0.0485528745,0.047319077,0.0483441614,0.0449823588,0.043216683,0.0419472232,0.039719075,0.0366558358,0.0351872779,0.035157267,0.0329193063,0.0327766202,0.031220993,0.0307900328,0.0293184873,0.0288371779,0.0279142,0.0266327467,0.0271092411,0.0268032439,0.026650181,0.0252981652,0.025660716,0.0246087573,0.0234003607,0.0241483711,0.023346955,0.0235444959,0.0226557367,0.0221624225,0.0220689867,0.0216458496,0.021487942,0.0208935868,0.0209483076,0.0203643087,0.020364916,0.0200664997,0.019561667,0.0188269056,0.0186192803,0.018338412,0.0181319732,0.0172865223,0.0168530755,0.0164094213,0.0157992374,0.0154433288,0.0159271769,0.0155527089,0.0156496372,0.0158273932,0.0158110317,0.0162241887,0.0155804455,0.0152143473,0.0152997728,0.0155946473,0.0144597469,0.0149251493,0.0149514731,0.0148632415,0.0152020128,0.0158919115,0.0141462227,0.0154345259,0.0151778217,0.013968274,0.0151025495,0.0134367337,0.0143054212,0.0136139374,0.0106355296,0.0116023207,0.00722256349,0.00682144612,0.00755983638,,0.00121396221,0.00349266315,,,0.0036171386,,,,,,,,,,,,,,,,,,,,,,,,,,,-0.0739621371,-0.0707629323,-0.0681483671,-0.0648177937,-0.0625951439,-0.0590493232,-0.0566627197,-0.0543198064,-0.0520451553,-0.0490274429,-0.0472217798,-0.0444098897,-0.0422754027,-0.0403670073,-0.038245637,-0.036486771,-0.0342453122,-0.032399185,-0.0304612182,-0.0292927586,-0.0280683972,-0.0265044756,-0.0248651691,-0.0237954333,-0.0223886892,-0.0203277133,-0.0188154988,-0.0175125264,-0.0158464462,-0.014573779,-0.013299942,-0.0117835701,-0.00991996378,-0.00917477161,-0.00743565708,-0.00665342808,-0.00481145084,-0.00421746075,-0.00351915509,-0.00156149268,-0.000113494694,0.000573806465,0.00133097172,0.00259046257,0.00307217985,0.00347559154,0.00364403427,0.00456989557,0.00434724241,0.00500815362,0.00412149727,0.00360268354,0.00297491997,0.000559136271,-0.00270624459,-0.00443048775,-0.00767136365,-0.0121373758,-0.0112602785,-0.00962102413,-0.0102145672
1079,24.5510006,2026-08-27T10:33:04.384000+0000,-26.6957389,153.3354092,0.0543878265,0.0490363538,0.0440024659,0.0495699123,0.046562925,0.0456591174,0.0441142395,0.0428323895,0.0422266833,0.0392672233,0.0371690616,0.0363258012,0.0350572579,0.0324972495,0.0325892866,0.0315665826,0.0301909763,0.0292900316,0.0287684947,0.0272671841,0.0273542088,0.0265427399,0.0262392573,0.0260332618,0.0257701986,0.0252981987,0.0246207602,0.024238823,0.0243204311,0.022518456,0.0233470406,0.0233945791,0.0218057968,0.0223924685,0.0221390389,0.0212058816,0.0212579761,0.0208936222,0.0210383255,0.0198243335,0.0202849265,0.0195165128,0.0196416993,0.0188269932,0.0188494567,0.018798735,0.0183624662,0.0178972241,0.0170740243,0.0162006188,0.0168805681,0.0157746188,0.016628325,0.0165636297,0.0159103386,0.0162278805,0.0162213258,0.0163143426,0.0156604704,0.0156543031,0.016339723,0.0149046602,0.0158498567,0.0155653358,0.0146016693,0.0161434002,0.0153420568,0.0157418642,0.0160261299,0.0147744343,0.0153077887,0.0154783372,0.0137528554,0.0140073635,0.0143065248,0.0121757351,0.0132583054,0.0107162027,0.00893773325,0.00842839945,0.00442863954,0.00444818614,0.0031176568,,,0.00233896659,0.00160477404,,,,,,,,,,,,,,,,,,,,,,,,,,,-0.0733887926,-0.0701095834,-0.0669550002,-0.06384442,-0.0615317486,-0.0582059324,-0.0559993461,-0.0536264628,-0.0509818159,-0.0484341122,-0.046238441,-0.0436665639,-0.0420720801,-0.0398536958,-0.0369423218,-0.0350434594,-0.0326119959,-0.0304058008,-0.0286977589,-0.0272791572,-0.0258946605,-0.0247105397,-0.0233209543,-0.0221209861,-0.0209540762,-0.0191431008,-0.0173510276,-0.0154082365,-0.0144123919,-0.0127199441,-0.0114063025,-0.0102501065,-0.00903660804,-0.0078215152,-0.005662404,-0.00525011867,-0.0034680739,-0.00292398781,-0.00109566003,0.000121980906,0.00103988498,0.00193710625,0.00251419842,0.00380364805,0.00452540815,0.00492892414,0.00491755456,0.00570370257,0.00447148085,0.00593298674,0.0052671954,0.00382940471,0.00313288718,0.000198855996,-0.00246466696,-0.00469650328,-0.00842555612,-0.0081698373,-0.00887093693,-0.0131204426,-0.00819357485
1080,24.6739998,2026-08-27T10:33:04.633000+0000,-26.6957389,153.3354092,0.0582279749,0.0430764109,0.0502425134,0.0490499213,0.0445729718,0.0438891202,0.042544283,0.0446324125,0.0380067043,0.0385872237,0.0366190486,0.0370357744,0.0322872289,0.0331072472,0.0325092599,0.0299965478,0.0289909467,0.0283200145,0.0283584781,0.0268371813,0.0267142039,0.0267627295,0.0245092735,0.0257432815,0.0249002054,0.024628222,0.0227007959,0.0238688681,0.0235104933,0.0214785319,0.0235871114,0.0218146518,0.0215758458,0.0218725055,0.0210290719,0.0209159069,0.0202880017,0.0203736406,0.0198983382,0.0193643458,0.0199049246,0.0190465078,0.0184617229,0.0195470676,0.0183796156,0.0184890255,0.0184329078,0.0175178573,0.01744489,0.0162617099,0.0166117977,0.0164058041,0.0155793764,0.0165044814,0.0161609836,0.015768338,0.0158216022,0.0161744859,0.0162404925,0.0153042702,0.0164396726,0.0150246713,0.0144399526,0.0154855028,0.0143318512,0.0149435457,0.0165520906,0.0131418174,0.0157560334,0.0153943384,0.0121777412,0.0155483726,0.0143631045,0.0128179165,0.0162075087,0.0114373546,0.0119708255,0.0112497425,0.00652246084,0.00764476974,0.00727671478,,0.00444025965,,,0.00179518643,,,,,,,,,,,,,,,,,,,,,,,,,,,,-0.0712168962,-0.0687976703,-0.0653530583,-0.0618424751,-0.0593698099,-0.0570639893,-0.0538774133,-0.0522845536,-0.0489199013,-0.0462722033,-0.0446465462,-0.041494675,-0.0395701751,-0.0378218144,-0.0355304591,-0.0341815986,-0.0311201289,-0.0316838659,-0.0298157595,-0.0286470205,-0.027032394,-0.0257380642,-0.0242382549,-0.0234480761,-0.0218509808,-0.0202900171,-0.018378064,-0.0167954639,-0.0156398304,-0.0136475638,-0.0124241225,-0.0109180659,-0.0098246932,-0.00845965743,-0.00693057477,-0.00589826703,-0.00487613678,-0.00371194631,-0.00239360332,-0.00122599304,7.1823597e-05,0.00180896372,0.00183598697,0.00286541879,0.00406720489,0.00394080579,0.00497961044,0.00473602861,0.00451417267,0.00503624231,0.0039312318,0.00363440067,0.0031690225,-0.000283405185,-0.00295519084,-0.00356482714,-0.00893218815,-0.0090848729,-0.0102642924,-0.012162596,-0.00951536
1081,24.7989998,2026-08-27T10:33:04.882000+0000,-26.6957389,153.3354092,0.0651480407,0.0308764912,0.0500225797,0.0480099842,0.041022975,0.0402691402,0.0428843461,0.0417124331,0.0362467058,0.0369972177,0.0364990644,0.0382857583,0.0290372185,0.0337972455,0.0315592438,0.028966533,0.028670935,0.0285900235,0.0275584795,0.0250771828,0.0266342219,0.024772739,0.0238092784,0.0246732906,0.0235302243,0.023478251,0.0230008326,0.0240689106,0.0209105443,0.021208588,0.0226171687,0.019684704,0.0214258898,0.020832533,0.0199191011,0.0200259294,0.0199280214,0.0199936703,0.0188283529,0.0193743594,0.0192049369,0.0182565171,0.0182317477,0.0211271252,0.0211397242,0.0212292224,0.0197532177,0.0200282875,0.0195554756,0.0176324453,0.0185826216,0.0182665978,0.0185900778,0.0190950483,0.0175514128,0.0179186389,0.0174417794,0.0177245792,0.0170705076,0.0172842443,0.0173796434,0.0152446823,0.0173800178,0.0156756155,0.0154919745,0.0168136451,0.015772121,0.0158017948,0.0180259775,0.0142242899,0.0169277266,0.0171284191,0.0134033002,0.017478317,0.0126682036,0.0144284768,0.0150025496,0.01010215,0.0105156628,0.0101090688,0.00239215046,0.00785531849,0.00246871216,,0.00526068546,,,,,,,,,,,,,,,,,,,,,,,,,,,,,-0.0733390003,-0.0704197809,-0.0665851459,-0.0641945526,-0.0613518916,-0.0580860674,-0.0560295135,-0.0534766614,-0.0508320034,-0.0488943234,-0.0460186526,-0.0439367741,-0.0415822864,-0.0399039239,-0.0377325751,-0.0357437246,-0.0330422521,-0.0318759531,-0.0305578001,-0.0292189829,-0.0274142474,-0.0264498033,-0.0250898302,-0.0239294991,-0.0221323073,-0.0205213353,-0.0185294636,-0.0171669833,-0.0156614967,-0.0138593651,-0.0130660534,-0.011100091,-0.00994679332,-0.00858180225,-0.00736273825,-0.00618041307,-0.00504821539,-0.00376398116,-0.00234561414,-0.000678025186,0.000119738281,0.00113683194,0.00223380327,0.00266322494,0.00361505151,0.00323870778,0.00432762504,0.00462421775,0.00445262343,0.0048250705,0.00480060279,0.0037643984,0.00311977416,-0.00102157891,-0.00108221173,-0.00478038937,-0.00851660967,-0.00837822258,-0.0108465254,-0.0123640895,-0.00872658938
1082,24.927,2026-08-27T10:33:05.137000+0000,-26.6957389,153.3354092,0.0599583685,0.0458168238,0.0464129001,0.0528601855,0.0451930836,0.0450892337,0.0426945277,0.0466525145,0.0396067165,0.0398772322,0.0377490409,0.0396056399,0.0337471776,0.0350172259,0.0342891961,0.032146439,0.0315708853,0.0306599941,0.030298451,0.0288271904,0.0296942312,0.0284527056,0.0273793302,0.0272833351,0.0272202753,0.0267583281,0.025460951,0.0266590603,0.0251307264,0.0236087982,0.0257273819,0.0233749226,0.0243260339,0.0235926472,0.0233192202,0.022836009,0.0227480996,0.022163745,0.0213283971,0.0215944033,0.0215349458,0.0210865345,0.0207318254,0.0205673426,0.0210601836,0.0205200594,0.0193744898,0.0188901071,0.0188879371,0.0176855493,0.0183460899,0.0175599623,0.0176230669,0.0180874523,0.0176032428,0.0171899218,0.0175625589,0.0169349834,0.0170005709,0.0167241395,0.0172095075,0.0165947191,0.0164502934,0.0164260995,0.0158624891,0.0179840568,0.0168922283,0.0171816666,0.0173957217,0.0164140407,0.0165876187,0.0169685576,0.0149540566,0.0173299275,0.0157610439,0.0135431252,0.014779754,0.0112622464,0.0110891238,0.0105071887,0.00401509786,0.00621441705,0.00189446006,0.00207982468,0.0027442798,0.000471929321,,,,,,,,,,,,,,,,,,,,,,,,,,,,-0.0732923225,-0.0702831075,-0.0668784082,-0.0643477812,-0.0614751093,-0.0590792894,-0.0564827658,-0.0534799807,-0.050435327,-0.0485876761,-0.0462520197,-0.0437201411,-0.0416456461,-0.0400373228,-0.0376260094,-0.0358771421,-0.0335256793,-0.031289205,-0.0299108401,-0.0281916521,-0.0268565565,-0.0258615538,-0.0240709037,-0.0227199681,-0.0214222968,-0.0199313313,-0.018059805,-0.0166878402,-0.0148229674,-0.0132013857,-0.0121086091,-0.0106830448,-0.0095500946,-0.00778532028,-0.00648631901,-0.00557388365,-0.00434143096,-0.00334697962,-0.00185853243,-0.00053101778,0.000326521695,0.00124336779,0.00274014473,0.00273951143,0.00356142968,0.00423533469,0.00443473458,0.0044920966,0.00533159822,0.00547559559,0.00398337096,0.00403986871,0.00242847204,0.000301681459,-0.00122404844,-0.00554598123,-0.00740742683,-0.00962448865,-0.0108080581,-0.0102923363,-0.00963374227
1083,25.0499992,2026-08-27T10:33:05.385000+0000,-26.6957389,153.3354092,0.0550785735,0.0492669903,0.0501730479,0.0511302575,0.0483131371,0.0487892479,0.0470846221,0.0463125482,0.045026686,0.0424472056,0.0407289751,0.0401655547,0.0377170965,0.0378171727,0.0360391065,0.0346563458,0.0340707973,0.0333099291,0.0321683958,0.0317471549,0.0308941826,0.0304326508,0.0303793177,0.029813325,0.029060252,0.0285783317,0.0279309787,0.027009109,0.0269908011,0.0265288968,0.0264574811,0.025575025,0.0258460902,0.0252226796,0.025089249,0.0251960177,0.024298111,0.0242637508,0.0233783852,0.0234443881,0.0230849013,0.0226464886,0.021991834,0.0212074295,0.0205904357,0.020290561,0.019915292,0.0196512789,0.0191895477,0.0184176043,0.017428413,0.0178622324,0.0174751077,0.0172891021,0.0174145121,0.0170008224,0.0174331069,0.0170552731,0.0168706272,0.0169840753,0.0165994111,0.0160347316,0.0159904659,0.0159764029,0.0158128161,0.0163743142,0.0157122761,0.0165115409,0.0169554856,0.0153937824,0.0161774326,0.0150985084,0.015344399,0.0145408241,0.0135827456,0.0128460294,0.0125843659,0.0111888042,0.0103279557,0.00670916867,0.00503033958,0.00233382732,0.00127840601,,0.000313708209,8.31095967e-05,0.0020795255,,,,,,,,,,,,,,,,,,,,,,,,,,,-0.0728377923,-0.0699985698,-0.0671638176,-0.0638331771,-0.0614505112,-0.0588046908,-0.0560781769,-0.0536654517,-0.0511407927,-0.0489031672,-0.0467575043,-0.0437256321,-0.0417911336,-0.0396728292,-0.0374715403,-0.0355126932,-0.0329512171,-0.0314646475,-0.0302661359,-0.0288366899,-0.0270813368,-0.0259659886,-0.0244448669,-0.0233335122,-0.0214954987,-0.0198445208,-0.0183232091,-0.0168115832,-0.0148771144,-0.0135058984,-0.0123734996,-0.0107582211,-0.00952549279,-0.0084708482,-0.00690190494,-0.00560941547,-0.00481682271,-0.00359220058,-0.00175371766,-0.000886231661,-8.87364149e-06,0.000777810812,0.00205442309,0.00282373279,0.00310571492,0.00329974294,0.00443944335,0.00445728004,0.00451749563,0.00474253297,0.00389181823,0.00350010395,0.00245090574,0.000587187707,-0.00171525031,-0.00482293218,-0.00728110969,-0.00874504447,-0.0105053112,-0.0118272156,-0.00775775313
1084,25.1779995,2026-08-27T10:33:05.634000+0000,-26.6957389,153.3354092,0.0516082533,0.0474067405,0.0529128164,0.0454801135,0.0475530475,0.0454491712,0.0452444367,0.0435524508,0.0408266634,0.0397972018,0.0385889784,0.0355056226,0.0347071402,0.0350071862,0.0312391613,0.0312064141,0.0303708408,0.0291899517,0.0278684143,0.0280071404,0.0276641753,0.0259826574,0.0264292695,0.0252432711,0.0251902081,0.0239382554,0.0245208722,0.0245389659,0.023330627,0.0237186961,0.0231972802,0.0221148208,0.0228959527,0.0217925701,0.0205791406,0.0216459408,0.0215580314,0.0208936781,0.0203483347,0.0208343435,0.0204448923,0.0193564743,0.0198017526,0.0189872291,0.0186100136,0.0187997911,0.0183641221,0.0169896092,0.0173172969,0.0172947664,0.0160952397,0.0167091656,0.0168923791,0.0159669127,0.016652843,0.0158496499,0.0159023982,0.0159249064,0.016520571,0.0157041717,0.0157195367,0.0157546978,0.0150002129,0.014975965,0.0160023458,0.0140039362,0.0164721739,0.0159216505,0.0143957147,0.0162540041,0.0150475185,0.0145383701,0.0155936917,0.0127693312,0.0148501284,0.0126417596,0.0114277704,0.0112595707,0.00905565172,0.00743261725,0.0069893878,0.00224726554,0.00190578308,0.00207041437,,0.00114123756,0.00240748981,,,,,,,,,,,,,,,,,,,,,,,,,,,-0.0736659616,-0.0702667534,-0.0680420771,-0.0647214428,-0.0620787814,-0.0590529516,-0.056556426,-0.054823637,-0.0519589782,-0.0496213213,-0.0471756533,-0.0449437797,-0.0432192869,-0.0407509506,-0.0386196375,-0.0366007835,-0.0345193185,-0.0316028856,-0.0295845829,-0.0282254666,-0.0270604677,-0.025675606,-0.0246251002,-0.0231343098,-0.0213267244,-0.0198557451,-0.0185341127,-0.0169320144,-0.0152569786,-0.0138652697,-0.0124223754,-0.0110867247,-0.00994370133,-0.00853886455,-0.00715985894,-0.00569746643,-0.00459509343,-0.00401068479,-0.00261227041,-0.00105473399,-0.000457145274,0.00147975236,0.00187654793,0.00284589827,0.00281777233,0.00360158086,0.00400083512,0.00447799265,0.00450719893,0.00487081707,0.004048042,0.00409387797,0.00136172771,0.000433854759,-0.00105303526,-0.00483642519,-0.00792896003,-0.0100670457,-0.0112016276,-0.00946649909,-0.00918802619
1085,25.3069992,2026-08-27T10:33:05.883000+0000,-26.6957389,153.3354092,0.0680083185,0.0579667464,0.0471028201,0.0571601428,0.0515330508,0.0497091971,0.0474244729,0.0505725071,0.0472467095,0.0457872301,0.0423690192,0.0437356532,0.0420671813,0.0395072214,0.0404191911,0.0381164476,0.0370008796,0.0364599824,0.0357584544,0.0344071835,0.0336742103,0.0339527018,0.0332593024,0.0323233157,0.0324602462,0.0318783,0.0307909083,0.0317490138,0.0309506729,0.0296987407,0.0308773313,0.0297548659,0.0302059893,0.0300926156,0.0288491827,0.0289559774,0.0280880742,0.0277237203,0.0274783745,0.0271343868,0.0268949308,0.0267165117,0.0267017968,0.0184372794,0.0188500732,0.0185698681,0.0183642097,0.0172897168,0.0170174129,0.0165648963,0.0162553657,0.0164192691,0.0160724577,0.0169169623,0.0162428748,0.0158496629,0.0164224058,0.0157949068,0.0160605628,0.0158341657,0.0158295352,0.0152547071,0.0152302347,0.0154659934,0.0149723794,0.0155339679,0.0163821969,0.0156416818,0.0170257576,0.0151240667,0.0153976101,0.016358491,0.0142538529,0.0152095398,0.0144003965,0.0140220989,0.0133981965,0.010650089,0.00786627457,0.0105033778,0.00312029012,0.00329834549,0.00510702841,,0.000455278438,0.00157249626,,,,,,,,,,,,,,,,,,,,,,,,,,,,-0.0741186962,-0.0715394765,-0.0678747967,-0.0652841553,-0.0624314956,-0.0594056845,-0.0568791479,-0.0539263561,-0.0517516956,-0.0500540435,-0.0470083803,-0.0450764932,-0.0430420078,-0.0407736786,-0.0388123579,-0.0368634872,-0.0344320238,-0.0324755907,-0.0302072838,-0.0293381624,-0.0276531316,-0.0262582563,-0.02480774,-0.0234969221,-0.0222593509,-0.020848386,-0.0188667811,-0.0174247026,-0.0156896934,-0.0140580088,-0.01285512,-0.0117194727,-0.0106564537,-0.00913163275,-0.00761261582,-0.00660020858,-0.00551781803,-0.00412340462,-0.00273499638,-0.00154744089,2.01389194e-05,0.00080703944,0.00147384405,0.00250321627,0.00372510403,0.00443894416,0.00506824255,0.00439544022,0.00524470955,0.00477838516,0.0043656826,0.00430162251,0.00218956172,-4.8160553e-05,-0.000534921885,-0.0059081167,-0.00723053515,-0.00815851986,-0.0113730431,-0.0100979507,-0.00927956402
1086,25.4389992,2026-08-27T10:33:06.143000+0000,-26.6957389,153.3354092,0.0603086278,0.0608870797,0.0631630868,0.0615903102,0.0617931746,0.0621792786,0.0630246401,0.0612025671,0.0597767197,0.058387246,0.0562690124,0.0546455719,0.0527071245,0.0528072044,0.0515191332,0.0504663698,0.0499808267,0.0496099703,0.0490884334,0.0479571968,0.047024224,0.0469326861,0.0459893569,0.0454133637,0.0462902933,0.0447583832,0.04452103,0.044199165,0.0429808535,0.0427489616,0.0424575433,0.0422250815,0.0415061414,0.0416127294,0.0407392941,0.0407660641,0.0406581573,0.0401838049,0.0396384262,0.0396044329,0.0388749428,0.0382265337,0.0386418849,0.0356274992,0.0348105207,0.0347206816,0.0339454524,0.0331814848,0.0325498097,0.0320579186,0.0314687453,0.0318925343,0.031045353,0.0309792943,0.0314546488,0.0304909125,0.0303231552,0.0302752946,0.0300706215,0.0297740623,0.0298594013,0.0294447467,0.0294705033,0.0288664624,0.0283428822,0.0287743695,0.0295623094,0.0288715642,0.0284255147,0.0285838302,0.028027514,0.0277586356,0.0276646037,0.0249811225,0.0272431783,0.0248866379,0.0248452146,0.0226799157,0.0216493662,0.0190409943,0.017592594,0.0123766195,0.0142417541,0.0124797225,0.00921760686,0.0129070757,0.0137033779,,,,,,,,,,,,,,,,,,,,,,,,,,,-0.0739755109,-0.0701863021,-0.0674015582,-0.0643308908,-0.061878223,-0.0598424152,-0.056295909,-0.054353185,-0.0515885279,-0.0497309007,-0.0472152382,-0.0447633639,-0.0426688716,-0.04083056,-0.0384392701,-0.0365304239,-0.034548942,-0.0319323577,-0.0300338306,-0.0287143476,-0.0271789655,-0.0259035565,-0.0240323767,-0.0228909776,-0.021962937,-0.02018198,-0.0184507109,-0.0167791471,-0.0155147389,-0.0136135668,-0.0123711973,-0.0112159625,-0.00980326533,-0.00877863914,-0.007389687,-0.0063271746,-0.00520455837,-0.00369989872,-0.00305141509,-0.001213938,-0.000556588173,0.00106007606,0.00163669139,0.00255599618,0.00356800854,0.00340208411,0.00445185602,0.00459977984,0.00477011502,0.0054153204,0.00447481126,0.00399335474,0.00246442854,-0.000208877027,-0.00153086334,-0.00471802056,-0.00826577842,-0.00997935981,-0.0111692995,-0.0127510279,-0.00632157177
1087,25.5680008,2026-08-27T10:33:06.391000+0000,-26.6957389,153.3354092,0.0631486699,0.0741771236,0.0673431531,0.0690003261,0.0705631748,0.0700292736,0.069804661,0.0655025616,0.0636666864,0.0596172325,0.0549989901,0.0521555506,0.0516670831,0.0492771678,0.0478591099,0.0465763249,0.0460307971,0.0450799465,0.0438884087,0.0432871841,0.0424642079,0.0410526581,0.0409793481,0.0401733443,0.0396502838,0.039038375,0.0389010236,0.0372191705,0.0371408723,0.036648985,0.0357975662,0.0356650986,0.0353961475,0.0346427262,0.0339392945,0.0337460525,0.0340381525,0.0329737924,0.0327184089,0.0324444212,0.0317149237,0.0318865106,0.0312518738,0.0286475159,0.0277705863,0.0279708244,0.0275756828,0.02721183,0.0265002903,0.0256485324,0.0263094455,0.025663225,0.025425978,0.0250398051,0.0252550356,0.0257311873,0.0254233256,0.0254853852,0.0254106428,0.0254940428,0.025159372,0.0250047464,0.024560554,0.0249465518,0.0250829756,0.0256844424,0.0251823161,0.0259815175,0.0250854343,0.0247737393,0.0255674385,0.0248585977,0.0242846813,0.0249313638,0.0230436586,0.0236774795,0.022296574,0.0204618666,0.0192120094,0.0168945938,0.0165871866,0.0130524775,0.0116390046,0.00959769636,0.0107465526,0.00997657981,0.0129730012,,,,,,,,,,,,,,,,,,,,,,,,-0.0802102238,-0.0759320334,-0.0733801872,-0.0699669644,-0.0671177581,-0.0641029999,-0.0606723279,-0.0586496592,-0.0566838421,-0.0530873537,-0.0513046384,-0.0488199852,-0.0467223711,-0.0443367064,-0.0417248234,-0.0398603305,-0.0382620394,-0.0355407558,-0.0339119025,-0.0314704254,-0.0321238041,-0.0307352468,-0.029255677,-0.0274102129,-0.0262346938,-0.0244933888,-0.0235918425,-0.0219437182,-0.0208227411,-0.0190015435,-0.0172600597,-0.0163757801,-0.0143047124,-0.0135924742,-0.0121373162,-0.0104946941,-0.0091201067,-0.00750118494,-0.00694864988,-0.00488598645,-0.00447128713,-0.00322278589,-0.00155533105,-0.000208035111,0.000728584826,0.00131516159,0.00240444392,0.00282645971,0.0036405772,0.00323043019,0.00415848941,0.00440905243,0.00448455662,0.00432450324,0.00256359577,0.00345533341,0.000932969153,-0.00258803368,-0.00436385721,-0.00896065682,-0.00999327749,-0.0110822096,-0.0120731592,-0.0110334307
1088,25.7159996,2026-08-27T10:33:06.640000+0000,-26.6957389,153.3354092,0.0467190892,0.0508774742,0.0533434562,0.0451004878,0.0486432947,0.0477093495,0.0471948758,0.0436326526,0.0456366949,0.0433872156,0.0420489497,0.038385421,0.0402370095,0.0382271297,0.0367190279,0.0371762142,0.036040727,0.0356599018,0.034768369,0.0345871858,0.0326442085,0.0327826254,0.0320893861,0.0324133933,0.0328603238,0.0318784527,0.0318611376,0.0306393206,0.0306710582,0.0300592091,0.028667789,0.0300753266,0.0285963025,0.0288128443,0.0286294129,0.0282861274,0.0282482263,0.0272638723,0.0276284516,0.0268944558,0.0271249246,0.0262365118,0.0258319508,0.0278477445,0.027461078,0.0273417383,0.0271070916,0.026003845,0.0267230254,0.0252019931,0.0255333222,0.0255769901,0.0255993214,0.0257625021,0.0250470899,0.0252726302,0.0251342021,0.0251658428,0.0249307174,0.0254039299,0.0252192225,0.0252447873,0.0245408565,0.0246770848,0.0246535465,0.024644902,0.0253524296,0.0245713647,0.0255751293,0.0257134344,0.0249172859,0.0249687117,0.0253154784,0.0229531135,0.024596775,0.0222226121,0.0218545571,0.0214530807,0.0190669876,0.0181747787,0.0160727706,0.0124949403,0.0136389211,0.00900141336,0.0107952859,0.0128279738,0.0111846607,,,,,,,,,,,,,,,,,,,,,,,,,,,-0.0755402818,-0.0726310685,-0.0698762238,-0.0663955212,-0.0639928654,-0.0611470416,-0.0585705712,-0.05651794,-0.0536432937,-0.0513457134,-0.0491000488,-0.0460481606,-0.0444236808,-0.0424554199,-0.0402241834,-0.0382253192,-0.0356938541,-0.0299170278,-0.027938243,-0.0268182717,-0.0254323855,-0.0244862586,-0.0229441822,-0.0213719681,-0.0204032958,-0.0189523175,-0.0168715045,-0.0155705884,-0.0141369924,-0.0128765479,-0.0112649053,-0.0104002133,-0.008507967,-0.00689361244,-0.00590474904,-0.00463210046,-0.00354917347,-0.0027442053,-0.00135564059,8.17477703e-05,0.00127877295,0.00167513639,0.00305146724,0.0034006834,0.00426281244,0.00493718684,0.00427757949,0.00578647107,0.00515824556,0.00509551167,0.00509797037,0.00404006243,0.00237541646,0.00149812549,-0.00296737999,-0.00494621694,-0.00669766963,-0.0123951957,-0.0119287819,-0.0112760141,-0.0115850493
1089,25.8780003,2026-08-27T10:33:06.888000+0000,-26.6957389,153.3354092,0.0435990505,0.0590674095,0.0619333982,0.0497704782,0.0540632643,0.0513993278,0.0552848317,0.0444426164,0.0489366762,0.0461771898,0.0460789017,0.039485395,0.0402169786,0.0406471007,0.0362889878,0.0366461724,0.0359706841,0.035409864,0.0336983167,0.0333971344,0.0321041606,0.0312625729,0.031719327,0.0312633365,0.0306202751,0.0296483971,0.0296610855,0.0292592682,0.0277910028,0.029109152,0.0278577376,0.027235277,0.0279162526,0.0264227949,0.0264893658,0.0263760872,0.0258681811,0.0251638182,0.025428405,0.0245844107,0.0242448803,0.0244364645,0.0237118956,0.0226276778,0.022721,0.0214616265,0.021306958,0.0220836848,0.0206228271,0.0202817675,0.020093089,0.0188167859,0.020349158,0.0194223821,0.0193270072,0.0194825809,0.0192441754,0.0194658339,0.0194207262,0.0196339414,0.0188192278,0.0190147758,0.0191508252,0.0178770367,0.0194635,0.0185548589,0.0193323996,0.0204213336,0.0190550871,0.0180933736,0.0195671953,0.0169085767,0.0193952806,0.0186028406,0.0171264056,0.0184721164,0.0140238944,0.0149122402,0.0148159452,0.0107734576,0.00898115896,0.00917297602,0.0032465905,0.00382893579,0.00681265071,0.00111535541,0.00619217614,,,,,,,,,,,,,,,,,,,,,,,,,,,-0.0732470304,-0.069217816,-0.0668729693,-0.0635522753,-0.0602196008,-0.0580937862,-0.0555573255,-0.0531446934,-0.0506700277,-0.0479224585,-0.0456667952,-0.0432149172,-0.0408604145,-0.0391721576,-0.0371609256,-0.0349120721,-0.0326706022,-0.0308037922,-0.0286050178,-0.0280650668,-0.0265592113,-0.0252831168,-0.0236810856,-0.0225788951,-0.021440234,-0.0199492499,-0.0181583762,-0.0162174329,-0.0150738023,-0.0133333094,-0.0122516453,-0.0107169226,-0.00938466936,-0.00802031159,-0.0067814514,-0.00575881451,-0.00418591499,-0.0033909604,-0.00171239674,-0.000575006008,-1.79633498e-05,0.000928387046,0.0019447282,0.00288391858,0.00330601633,0.00363036245,0.0038606897,0.00537952781,0.00427119434,0.00496833771,0.00449065864,0.00330257416,0.00283773988,0.000940166414,-0.001255624,-0.00582484156,-0.00729653239,-0.0081942901,-0.0129280612,-0.0126653835,-0.00841433555
1090,26.0450001,2026-08-27T10:33:07.141000+0000,-26.6957389,153.3354092,0.0812588781,0.0577872433,0.0676532835,0.0657003969,0.059323214,0.0581293218,0.056804765,0.0588525869,0.0522066988,0.0524272062,0.0506289564,0.0502854846,0.0440170541,0.045627147,0.0441790596,0.0415762663,0.0403607562,0.0399199128,0.0392583795,0.0370471627,0.0373241901,0.0353526361,0.0351793468,0.0346333496,0.0346002877,0.0336183906,0.0327910669,0.0328592286,0.0314909443,0.0308090691,0.0321176574,0.0298351906,0.0305762067,0.0297827683,0.0287693348,0.0283460803,0.0289081745,0.0283138137,0.0273984168,0.0276744217,0.0273649115,0.0261564944,0.0270918943,0.0207175985,0.0208207965,0.020521218,0.0198362973,0.0203327183,0.0190414991,0.0185900703,0.0189411752,0.018004911,0.0186574813,0.0181610193,0.0176359676,0.0179218408,0.0178337228,0.0177955963,0.0176906809,0.0180039927,0.0174593013,0.0170947611,0.0179706831,0.0164767876,0.017143229,0.0171046425,0.0158623606,0.0175014399,0.0172452815,0.0168735832,0.018117344,0.0161386132,0.0149849933,0.0175820962,0.0145749971,0.0143497139,0.0147000812,0.0113668162,0.012288643,0.010013558,0.00637856266,0.00794693828,0.000656808726,0.00157721806,0.00308834738,0.000379607547,0.003216187,,,,,,,,,,,,,,,,,,,,,,,,,,,-0.0737595558,-0.0702403337,-0.0677755401,-0.0644448549,-0.0609021932,-0.0582363643,-0.0559898913,-0.0533572175,-0.050702557,-0.0488749519,-0.0462792888,-0.0439774282,-0.0420829393,-0.0397046432,-0.0378733836,-0.0352945365,-0.0331930593,-0.0295463428,-0.0282376856,-0.0267379507,-0.0256122909,-0.0243465006,-0.0225848407,-0.0213630013,-0.0200446211,-0.0183236413,-0.016792614,-0.0153513886,-0.0143074095,-0.0125366151,-0.0113646537,-0.00985968858,-0.00851724297,-0.00795277208,-0.00625386089,-0.00598128885,-0.00466851145,-0.00357368588,-0.00224515796,-0.000917732716,0.000269442797,0.000745944679,0.00216241181,0.00317165256,0.00308371335,0.00397793204,0.00425801426,0.00482644886,0.00515754521,0.00493383408,0.00318489969,0.00385533273,0.00249867886,-0.000751420856,-0.000459939241,-0.0051426664,-0.00831706077,-0.00898738205,-0.0117738843,-0.0106031448,-0.00775282085
1091,26.2070007,2026-08-27T10:33:07.390000+0000,-26.6957389,153.3354092,0.0505592413,0.0503175855,0.0476235785,0.047710605,0.0475433432,0.0459894016,0.0436549559,0.0433826745,0.042416703,0.0400872044,0.0384489298,0.0360353664,0.0362769626,0.0340171158,0.0328290015,0.0317961536,0.0313206911,0.0299798883,0.0287583396,0.0285571776,0.0286742132,0.0275926087,0.027599398,0.026103409,0.026440341,0.0257784817,0.0251811966,0.0250693895,0.024391152,0.0243993122,0.0244878978,0.0240054391,0.0234063733,0.0234328937,0.0229394659,0.022676168,0.0227482598,0.0224639028,0.022238465,0.0214444771,0.0212149229,0.0213965103,0.0210519861,0.0209678523,0.0205913167,0.0204521641,0.0200677551,0.0192048028,0.019424323,0.0187236276,0.0184551571,0.0188587718,0.0181809049,0.0185337774,0.0187680647,0.017613316,0.0185046159,0.0183160584,0.0182707552,0.0180838741,0.017779151,0.0179248024,0.0177309997,0.0179173369,0.0178938154,0.0175551157,0.0185724851,0.0175712947,0.0180249829,0.0177332908,0.0174172148,0.0175187662,0.0171558559,0.0174139403,0.0164082497,0.0156050399,0.0155883338,0.0132383863,0.0112040741,0.012694329,0.0072148731,0.0046203034,0.00392780267,0.0043120943,0.000578340609,0.00476229377,0.000879103318,,,,,,,,,,,,,,,,,,,,,,,,,,-0.0773967281,-0.0745334029,-0.0709041953,-0.0676593184,-0.0642686039,-0.0612559319,-0.0587401129,-0.0567036644,-0.0543510765,-0.0515564233,-0.0492088497,-0.0468831956,-0.0448113158,-0.0427568331,-0.0401685946,-0.0378473587,-0.0357084982,-0.0333470404,-0.0324901305,-0.0312912241,-0.0297510475,-0.0280249827,-0.0267385691,-0.0250461213,-0.0245335773,-0.02203466,-0.0210336968,-0.0190530494,-0.0181424133,-0.0164591335,-0.0142189711,-0.0135076344,-0.0122631416,-0.010781087,-0.00871682167,-0.00773800164,-0.00672531873,-0.00502225757,-0.00418715924,-0.00274855644,-0.00131119788,-0.000384300947,0.000471919775,0.00113815069,0.00269734114,0.0028995201,0.00362402946,0.00346466154,0.0043239668,0.00490629673,0.004944399,0.00359804183,0.00299155712,0.00265862048,0.000783734024,-0.00184918195,-0.00458471477,-0.00795362145,-0.0106287152,-0.0115298033,-0.0115953013,-0.00862370431
1092,26.3640003,2026-08-27T10:33:07.639000+0000,-26.6957389,153.3354092,0.0519598946,0.0515581965,0.0513141081,0.0504609086,0.0500035435,0.0485795327,0.0483652726,0.0479928106,0.0446466915,0.0443172269,0.0415088423,0.0408751778,0.03781683,0.038297046,0.0361188613,0.0359559543,0.0342905484,0.0342498198,0.0330482833,0.0324871764,0.0317242071,0.0308025293,0.0307594612,0.0300834682,0.0293404087,0.0295586176,0.0287013873,0.0282196514,0.027621476,0.0272197053,0.0273582917,0.0264358316,0.0264566336,0.0265030917,0.0252896547,0.0248062983,0.0248083919,0.0246340334,0.0245085321,0.0240545385,0.0235449243,0.0233465098,0.0228521135,0.0215882435,0.0220821686,0.0210737437,0.0208501946,0.0208082926,0.0198090747,0.0200596321,0.0184718873,0.0193853062,0.0190267172,0.0180784669,0.0181416254,0.0180958267,0.0183861367,0.01800685,0.0177608877,0.0178136807,0.017578885,0.0175848678,0.0171515271,0.0166382566,0.0175148062,0.0169059057,0.01842268,0.0176110286,0.0177244525,0.017932754,0.016506942,0.0168189518,0.0164272264,0.0157169607,0.0164036453,0.0131739322,0.0134421755,0.0151878381,0.00943005923,0.00832935888,0.00924927741,0.00233665574,0.00400709547,,0.00112296268,0.00442154892,,,,,,,,,,,,,,,,,,,,,,,,,,,,-0.0762769058,-0.073717691,-0.0700926781,-0.067141898,-0.0642792359,-0.0611434057,-0.058557041,-0.0565445684,-0.054129906,-0.0511424243,-0.0496067554,-0.0465548858,-0.0444903895,-0.0421722084,-0.0405910648,-0.0382621996,-0.0359307379,-0.0329435021,-0.0309041999,-0.029693298,-0.0280064903,-0.026469022,-0.0252052732,-0.0243415423,-0.0224516913,-0.0209707133,-0.0190507323,-0.0173410922,-0.0162289925,-0.0142198801,-0.0136895925,-0.0122959018,-0.0106244981,-0.00987065583,-0.00814196467,-0.00701906532,-0.00597554445,-0.00489999354,-0.0034712553,-0.00219403952,-0.000487595797,-0.000431835651,0.00164400041,0.00227304548,0.00199542195,0.00299039483,0.00432195514,0.00451270491,0.00420714915,0.00532826781,0.00401627272,0.00373499095,0.00177833438,0.000422306359,-0.00179110467,-0.00414450467,-0.00806408376,-0.00887034088,-0.0119021907,-0.0108211786,-0.00985741615
1093,26.5149994,2026-08-27T10:33:07.888000+0000,-26.6957389,153.3354092,0.0526605248,0.0451788008,0.0475446172,0.0498612374,0.0457837097,0.0455496423,0.043935582,0.0448329113,0.0408266596,0.0401871912,0.0375287645,0.0382049307,0.0345166847,0.0336169414,0.0333886966,0.0318057165,0.0307903849,0.0299697183,0.0298481695,0.0281771403,0.0282941591,0.0273024254,0.0267094821,0.0258134902,0.0258504301,0.025198698,0.0243115462,0.0245098732,0.0239517577,0.0236200597,0.0244186427,0.0232261829,0.0230268575,0.0226832479,0.0217598174,0.0214163885,0.0214684829,0.0214841217,0.0206385553,0.0208245665,0.0206748825,0.0197464656,0.0198721979,0.0206485838,0.0202729665,0.0204452518,0.0197625495,0.019211689,0.0185337011,0.0180755109,0.0178184956,0.0178117361,0.0177224521,0.0178531036,0.017975159,0.0174683202,0.0170776471,0.0177376475,0.0172810275,0.0170734879,0.0170986224,0.0171549264,0.0164120328,0.0171891525,0.0164857637,0.0169366691,0.0173828527,0.0165107325,0.0182438791,0.0169921648,0.0167565905,0.0166790299,0.0154884513,0.0168097876,0.0155887892,0.0138725005,0.0149256065,0.0131767858,0.0103054401,0.010583641,0.00719278492,0.00459193392,0.00471515115,0.00019259518,0.00102623925,0.00325951469,0.00123739103,,,,,,,,,,,,,,,,,,,,,,,,,,,-0.0746176988,-0.0714084953,-0.0689733475,-0.0657624975,-0.062609829,-0.0593140088,-0.0572376996,-0.0554453582,-0.0523507148,-0.0504732877,-0.0473576188,-0.0454257503,-0.043341253,-0.0414731428,-0.0392920524,-0.0377631932,-0.0352717414,-0.0331941731,-0.0315344818,-0.0304728821,-0.0291353539,-0.0275968499,-0.0261717886,-0.0243968815,-0.0232861154,-0.0212851241,-0.020255778,-0.0185370892,-0.0169461742,-0.014998097,-0.0139788575,-0.0121459439,-0.0109051988,-0.00956173986,-0.00813319534,-0.00723010302,-0.0055161342,-0.00444013625,-0.00362127274,-0.00211417675,-0.000548183918,0.000447101891,0.00126254559,0.00241141766,0.00277397782,0.00295937061,0.00423182547,0.00513397902,0.00487048924,0.0046145767,0.00413685292,0.00419070572,0.0019602105,0.000632874668,-0.00146117061,-0.00532262027,-0.00675299019,-0.00901050866,-0.0108131468,-0.0113156587,-0.00872963667
1094,26.6660004,2026-08-27T10:33:08.140000+0000,-26.6957389,153.3354092,0.0547509603,0.0531391241,0.0567349605,0.0533114187,0.0530038364,0.0513797216,0.0515757911,0.0481530167,0.0464066826,0.0448472165,0.043448735,0.0415748544,0.0388566218,0.0396369323,0.0369186364,0.0365656242,0.035530325,0.0347696915,0.0334181599,0.0325671658,0.0316241905,0.0311824195,0.0305495467,0.0302735604,0.0295404848,0.0293588042,0.0288916864,0.0286900532,0.0275219772,0.0274703167,0.0268588979,0.0263664424,0.0265370309,0.0261933859,0.0260499567,0.0255564861,0.0247385837,0.0244142246,0.0240586214,0.0243646223,0.0236249045,0.0236564893,0.0230823029,0.0219088513,0.0220035035,0.0215462223,0.0206940193,0.0207337867,0.0200365335,0.0192790814,0.0195724834,0.0194555987,0.0195358749,0.0190258622,0.0187372528,0.0183697864,0.0186685361,0.019068107,0.0186311007,0.0179833695,0.018408468,0.0180249698,0.0180423521,0.0181497075,0.0180763602,0.0184971485,0.018052984,0.0182705969,0.0183535982,0.017891895,0.0178264901,0.0166892186,0.0176893547,0.0172416791,0.0166020952,0.0152378865,0.0144739263,0.0134584233,0.0108009391,0.0112544838,0.00651916396,0.00646536704,0.00476620626,0.00320751872,0.00164625351,0.00248217746,0.00147024402,,,,,,,,,,,,,,,,,,,,,,,,,,,-0.0756076351,-0.0728684291,-0.0699232072,-0.0665223151,-0.0634996518,-0.0605238304,-0.0580075532,-0.0557053015,-0.0530506447,-0.0510032475,-0.0488075912,-0.0464757159,-0.044591222,-0.0421331525,-0.0401521027,-0.0380532444,-0.0357117839,-0.0317640156,-0.0303840972,-0.028942056,-0.0275141113,-0.0262349769,-0.0244391412,-0.0239235312,-0.0219322219,-0.0202112384,-0.0186322927,-0.0170142055,-0.0157839842,-0.013966538,-0.0129979178,-0.0117854699,-0.0102051049,-0.00889188796,-0.00785340369,-0.00653020293,-0.00540596247,-0.00417968631,-0.00286073983,-0.00204373151,-4.80115414e-05,0.00124701858,0.00173222274,0.00208104402,0.00273372978,0.00352941453,0.00379242003,0.00419545919,0.00466322154,0.00411911309,0.00453396887,0.00371091068,0.00274412334,-0.000617973506,-0.00179640949,-0.00404065847,-0.00716558844,-0.00886790454,-0.0106551275,-0.0129738897,-0.00878664851
1095,26.8150005,2026-08-27T10:33:08.388000+0000,-26.6957389,153.3354092,0.0495105907,0.051948797,0.050584659,0.0473512299,0.0479137041,0.0461696312,0.0447855778,0.0432928801,0.0428166352,0.0404371582,0.0388386995,0.0369848721,0.0359466299,0.0342868865,0.0328286327,0.0318756476,0.0309603252,0.0300596636,0.0290081166,0.0284370817,0.0282841045,0.0273823682,0.0264994279,0.0261034444,0.0254403725,0.0252786595,0.0251715034,0.0245998371,0.0233917348,0.0237000417,0.0237486288,0.0232961737,0.0226468313,0.0223832205,0.0222797822,0.0220163427,0.0217784382,0.0210440792,0.0208685044,0.0204345174,0.0208248198,0.0196664035,0.0197121501,0.0214385614,0.0213029869,0.0206853449,0.0205427371,0.0197519828,0.0194341354,0.0191160887,0.0186891742,0.0185524225,0.0190930851,0.018683631,0.0187955741,0.0185486171,0.0183278378,0.0186077505,0.0182310585,0.0183534771,0.017518593,0.0184349176,0.0180620681,0.017429227,0.0179258455,0.0170067307,0.0183228403,0.0182006527,0.0179137532,0.0184420124,0.0174164306,0.0164388902,0.0182483997,0.0164798759,0.0153290983,0.0154431593,0.0135967704,0.0139885331,0.0107178744,0.00939702801,0.00864716433,0.00358758355,0.00279221218,0.00174042326,0.0016051312,0.000769090839,0.00271720579,,,,,,,,,,,,,,,,,,,,,,,,,,,-0.0756249577,-0.0726457536,-0.0697805956,-0.0666397363,-0.0637370646,-0.061221242,-0.0582049415,-0.0563026145,-0.0536379628,-0.0507005528,-0.0488448963,-0.0464330167,-0.0439185239,-0.0421304218,-0.0400393419,-0.038120497,-0.0357790403,-0.0317014419,-0.0301617235,-0.0286700279,-0.0264624357,-0.0262738205,-0.0241486207,-0.0232035778,-0.0219126865,-0.0197416767,-0.0182323679,-0.016983781,-0.0156829767,-0.0133550167,-0.0127458796,-0.0110830665,-0.00970239192,-0.00859899074,-0.00695046037,-0.00589735806,-0.00429335982,-0.00360731035,-0.00236843526,-0.00137136132,0.000354573131,0.00147980452,0.00220517814,0.00315401703,0.00375656039,0.00379198045,0.00494450331,0.00478677452,0.00474346429,0.00491784513,0.00520056486,0.00345495343,0.00263512135,0.00081872195,-0.00193432719,-0.00497447699,-0.00684384257,-0.00963037461,-0.0105619207,-0.0103135556,-0.00989715755
1096,26.9540005,2026-08-27T10:33:08.637000+0000,-26.6957389,153.3354092,0.0554597937,0.0544580594,0.0463839509,0.0524608418,0.0492034778,0.0479994491,0.0445651636,0.0472727269,0.0432866178,0.0416271351,0.0389187708,0.0387251303,0.0365867689,0.0360769704,0.0347887911,0.0333658941,0.03163049,0.0317897387,0.0313582011,0.0296570845,0.0294941086,0.028632449,0.0281593502,0.0269733518,0.0272102952,0.0267484933,0.0262312498,0.0258995034,0.025651319,0.0236095395,0.0242281333,0.0240056776,0.0236365013,0.0234229695,0.0230195336,0.0227561779,0.0220682733,0.0216439161,0.0214084256,0.0204344355,0.0206748247,0.019896403,0.0193219837,0.0175580606,0.017511908,0.017083358,0.0169796664,0.0166175868,0.0163381565,0.0158385336,0.0151007092,0.0154542103,0.015665777,0.0152277388,0.015001094,0.0151754618,0.0146559253,0.0151267545,0.0152508924,0.0151537247,0.0144789247,0.0145648364,0.0140514057,0.0140780676,0.0153846014,0.0143057341,0.0147925913,0.0146509856,0.0145044159,0.0152726732,0.0141067635,0.0135686407,0.0136066545,0.0130960587,0.0130422954,0.0126619516,0.0109993387,0.0113940462,0.00824516919,0.00669295248,0.00730129937,,0.00270505389,0.00210496318,,,0.00279439939,,,,,,,,,,,,,,,,,,,,,,,,,,,-0.0741688013,-0.0710396022,-0.0686846077,-0.0655438304,-0.0626411736,-0.0599153489,-0.057218954,-0.0551664643,-0.0522218198,-0.0503743142,-0.047718659,-0.0455867723,-0.042722296,-0.0410441123,-0.0393529423,-0.0374940895,-0.0346726365,-0.0321654528,-0.0298062228,-0.0285054594,-0.0270787664,-0.0260514878,-0.0244379416,-0.0227444023,-0.0210646801,-0.0196436644,-0.017983526,-0.0166536868,-0.0152013786,-0.0141420998,-0.0122516453,-0.010977827,-0.00980632007,-0.00844241679,-0.0075237304,-0.00678087771,-0.00541745871,-0.0043219775,-0.00261328369,-0.00190603733,-0.000109523535,0.000726282597,0.00142215937,0.00285117328,0.00308346003,0.0031883046,0.00413965434,0.00448010117,0.00433413684,0.00388471037,0.00395194441,0.00410977006,0.00213204324,-0.000395476818,-0.00148046017,-0.00436588377,-0.00722696632,-0.00918461382,-0.00963777304,-0.0129975453,-0.00900389254
1097,27.0809994,2026-08-27T10:33:08.886000+0000,-26.6957389,153.3354092,0.0477798171,0.0531181097,0.045404017,0.0483608358,0.0461334996,0.0445894822,0.0436751954,0.0426427461,0.040866632,0.0395371802,0.0371788181,0.0347751491,0.0340768099,0.0318769962,0.0311188251,0.0303259175,0.0288805068,0.0281297732,0.0278782248,0.0269971043,0.026144132,0.0254124701,0.0247693807,0.0246633887,0.0242003202,0.0238485187,0.0223212838,0.0222895388,0.0228813551,0.0216595791,0.0217881687,0.0210157093,0.0208165329,0.020372998,0.0199895669,0.019656213,0.0198583025,0.0188639481,0.0191284493,0.0181344599,0.01873485,0.0180264339,0.0172820166,0.0205681026,0.0205919575,0.0200534165,0.0196097344,0.0189776756,0.0185282659,0.0176386535,0.0180808213,0.0179543085,0.01805586,0.0178477913,0.0179011263,0.0175354853,0.0175759364,0.017336756,0.0175408851,0.0177337192,0.017418921,0.0168148428,0.0170914233,0.0168080945,0.0162446294,0.0170057602,0.0168126114,0.0165810045,0.0178344436,0.0170327183,0.0167168267,0.0166787244,0.0148167759,0.0158662181,0.0161325056,0.0138622299,0.0132996999,0.0137744974,0.00988572184,0.00979364105,0.00605213363,0.00630770624,0.0039862385,0.000806213357,,0.0023281516,0.00224559708,,,,,,,,,,,,,,,,,,,,,,,,,,,-0.0751414672,-0.0722222552,-0.0687472597,-0.065526478,-0.0631938204,-0.0603479967,-0.0580416098,-0.0552891269,-0.0525844768,-0.0506169759,-0.0481413119,-0.0454194285,-0.0432549454,-0.0407767668,-0.0390155911,-0.0374467373,-0.0348152779,-0.0319681019,-0.0307488628,-0.0298080854,-0.028151378,-0.0269540735,-0.0251405202,-0.0240269676,-0.0221872292,-0.0209662281,-0.0187561139,-0.017396301,-0.0159240142,-0.0141347498,-0.0131043047,-0.0114705041,-0.010179013,-0.00873509794,-0.0076263994,-0.00614355505,-0.00512012094,-0.00328463316,-0.00236592442,-0.00124868006,-0.000202171504,0.000923641026,0.00197950006,0.0031485334,0.00400084257,0.00368570536,0.00474708527,0.0048475787,0.00513166189,0.0056822896,0.00450959802,0.00381751359,0.0040698871,-0.000397488475,-0.00189234316,-0.00559758395,-0.00830855221,-0.0087960884,-0.010559164,-0.0112589225,-0.00985531509
1098,27.2110004,2026-08-27T10:33:09.137000+0000,-26.6957389,153.3354092,0.055799745,0.0620580465,0.0425839648,0.0556008145,0.0518834628,0.0509494767,0.0455751643,0.0486127511,0.0466466583,0.0426871814,0.0395488366,0.0398751684,0.0390168428,0.0357970223,0.0360188484,0.0348359533,0.0332905352,0.0314397924,0.0323482417,0.0310371276,0.0292941537,0.0298725031,0.0286393911,0.0281434059,0.0274003297,0.0271285269,0.0264112931,0.0254195407,0.0260013435,0.0243895613,0.024968151,0.0241556857,0.0233965218,0.0234930031,0.0230895616,0.0230562184,0.0222183112,0.0216339547,0.022168465,0.0208244771,0.0212948751,0.0206064563,0.0210520271,0.0203280933,0.0204319023,0.0199033003,0.0192995425,0.0191273801,0.0185978562,0.0179881286,0.0176502299,0.0172537137,0.017355321,0.0174973588,0.0169607885,0.0174052436,0.0169857927,0.0173966791,0.0169408675,0.0167437345,0.0165489446,0.0163348429,0.0163013823,0.0160180144,0.0157145467,0.0166556928,0.016612608,0.0165810473,0.0163545161,0.0168327969,0.0160168968,0.015808763,0.0157267191,0.0149560263,0.0147721078,0.0142515246,0.0120985508,0.0114828432,0.0112234773,0.00853057951,0.00619822089,0.00412270892,0.000760051887,0.00242940546,0.00225238223,0.00107001117,0.000947348308,,,,,,,,,,,,,,,,,,,,,,,,,,,-0.0744445324,-0.0720853209,-0.0693103522,-0.0658995658,-0.0629768968,-0.0596610792,-0.0575846881,-0.0557221919,-0.052587539,-0.0504200272,-0.0481143706,-0.0452224948,-0.0433280058,-0.0411898158,-0.0394286513,-0.0369497985,-0.035238333,-0.0332211666,-0.0305119827,-0.0298612602,-0.0280746259,-0.0263574086,-0.0255839713,-0.0242105313,-0.0229008868,-0.0209898837,-0.0196397193,-0.0182198323,-0.0166574419,-0.0146280825,-0.0137775317,-0.0126936585,-0.0107021034,-0.00907816738,-0.0074994415,-0.006476596,-0.00493320078,-0.00393777341,-0.00201907754,-0.00144182146,-5.52609563e-05,0.000860601664,0.0013865009,0.00285556167,0.00330785662,0.00334268063,0.00407399237,0.00463435799,0.00437827408,0.00502863526,0.00411555171,0.00369301438,0.00250481814,0.000766634941,-0.00297908485,-0.00398541242,-0.00802724063,-0.00918558985,-0.00942956656,-0.0108599812,-0.00628661364
1099,27.3400002,2026-08-27T10:33:09.386000+0000,-26.6957389,153.3354092,0.056819465,0.0516777523,0.0588237345,0.0524106957,0.0525334068,0.0510794334,0.0511850491,0.04878271,0.0462366976,0.0449872054,0.0434488952,0.0400353074,0.0391869321,0.039167095,0.036028944,0.035426084,0.0344906375,0.0340898521,0.0316883065,0.0318271667,0.0316341966,0.0299325641,0.0299794041,0.0293034129,0.0288603418,0.028978508,0.0285112411,0.0282294601,0.0268112347,0.0267894194,0.0266279988,0.0259755421,0.0261564329,0.0256829411,0.0253895093,0.0245961919,0.0240682885,0.0244939271,0.023678476,0.0233644843,0.0230849106,0.0228764955,0.0224620104,0.0189879518,0.019411549,0.0188826099,0.0185284447,0.0176757947,0.0168756787,0.0170853455,0.015987087,0.0167906508,0.0161425844,0.0163951311,0.016449092,0.0155040454,0.0157750566,0.0157262888,0.0153307961,0.0144338217,0.015239073,0.0147648193,0.014161149,0.0153375957,0.0148640973,0.0143353399,0.0156825352,0.0142312087,0.0153948162,0.0154331187,0.0135771111,0.0155087886,0.0131362136,0.0126547674,0.0152297523,0.0120675461,0.0106322607,0.0128039271,0.00675149588,0.00831435621,0.00613760203,0.00116647314,0.0033077118,,,0.00116802612,0.000905011315,,,,,,,,,,,,,,,,,,,,,,,,,,,-0.0734549984,-0.070365794,-0.0670908689,-0.0644701347,-0.0615774654,-0.0584716499,-0.0565952286,-0.0542926714,-0.051778011,-0.0487404764,-0.0467148125,-0.0442529358,-0.0421884395,-0.0400602184,-0.0378390215,-0.0357401557,-0.0338186845,-0.0315016843,-0.0302126743,-0.028342288,-0.0266660042,-0.0260292925,-0.0239964761,-0.0226635784,-0.0209843926,-0.0202234201,-0.0182829648,-0.016432602,-0.0151896775,-0.0136598125,-0.012208771,-0.0108045042,-0.00949264318,-0.00820849836,-0.00672972947,-0.00555697829,-0.00460378826,-0.00334856659,-0.0018999204,-0.000812597573,0.000324167311,0.0014302507,0.00252636522,0.00283549726,0.00404773653,0.00377237052,0.00444325805,0.00455296785,0.00542590767,0.00526487827,0.00404977053,0.00449478626,0.00150365382,0.00134132057,-0.00162886083,-0.00571089983,-0.00584711879,-0.00814965367,-0.00933805853,-0.00798162818,-0.00844939798
1100,27.4589996,2026-08-27T10:33:09.635000+0000,-26.6957389,153.3354092,0.0536892302,0.0607576109,0.0466235615,0.0521305613,0.0504833236,0.0486693867,0.0446149223,0.0472026542,0.0446766838,0.0429772064,0.0407489017,0.0413153656,0.0384969488,0.0364670977,0.0361889824,0.0350861326,0.0344106629,0.0328498557,0.0326983146,0.0318471491,0.0307741761,0.0302325748,0.030189367,0.0293033738,0.0294403005,0.0282784533,0.0286111627,0.0273793526,0.0273511074,0.0260992795,0.0263678636,0.0262953974,0.0258463379,0.0255928673,0.024859434,0.0247461386,0.0241482295,0.0244138725,0.0239884332,0.0239844471,0.0239448994,0.0227964818,0.0231719539,0.021987807,0.0223212522,0.0214620791,0.0213076454,0.020504659,0.0206941385,0.019983422,0.0195449367,0.0199385695,0.0191007368,0.0193636511,0.0189279672,0.0184232574,0.0188645832,0.0187360439,0.0186307598,0.0186238848,0.0191391557,0.0183547921,0.0178309735,0.018607296,0.0178237762,0.0185250826,0.019572461,0.0184912775,0.0188349634,0.0196932591,0.0174171571,0.0182586778,0.0175657161,0.0173137337,0.0173179545,0.0155146252,0.0162877608,0.0149976369,0.0098631233,0.0133731002,0.00732335821,0.00574842934,0.00652555749,0.00143968035,0.00322573259,0.00489964336,0.00400653249,,,,,,,,,,,,,,,,,,,,,,,,,,,-0.0744182542,-0.0707190409,-0.0681841671,-0.0649734586,-0.062130779,-0.0594949573,-0.0568985231,-0.0545559153,-0.0517212674,-0.0497537032,-0.046828039,-0.0448761582,-0.042291671,-0.0406134278,-0.0382822081,-0.0367033556,-0.0346518867,-0.0318849906,-0.0302661024,-0.0294059515,-0.0275598951,-0.0264935121,-0.0245511271,-0.0233786106,-0.0222597122,-0.0200087205,-0.018828053,-0.0171273649,-0.0157040544,-0.0141338594,-0.0127424784,-0.0109879747,-0.00971590728,-0.00883164257,-0.00697281212,-0.00588013977,-0.00472709537,-0.00378202647,-0.00224342197,-0.0013660565,0.000260852277,0.00102709234,0.00166331232,0.00312248617,0.00327464938,0.00427911431,0.00414972752,0.0045389533,0.00493121892,0.00555919856,0.00400269777,0.00314605236,0.0029829219,-0.000342227519,-0.000915430486,-0.00487133861,-0.0059505105,-0.00816587359,-0.00906717777,-0.0102727488,-0.00880117714
1101,27.5720005,2026-08-27T10:33:09.883000+0000,-26.6957389,153.3354092,0.0470592827,0.0543876514,0.0528335758,0.0501605943,0.0499233529,0.0487893783,0.0480049625,0.0446726531,0.0446266681,0.0421472043,0.0419388972,0.0388653204,0.0379269309,0.0360770784,0.0352189578,0.0343061015,0.0338006504,0.0322298519,0.031078307,0.0305471476,0.030434167,0.0297725629,0.0289293677,0.0283433795,0.0282803029,0.0274184588,0.0267911647,0.0267293714,0.0261811279,0.025329303,0.0252278857,0.0255854297,0.0247063562,0.0242528748,0.0239094421,0.0232661441,0.0233382359,0.0229938775,0.022388434,0.0221344437,0.0222348869,0.0212364718,0.0214519519,0.0205678344,0.0202713236,0.0193522181,0.0196878631,0.0184449647,0.018224569,0.0179239567,0.0170755461,0.0178091619,0.0172212683,0.0172340795,0.0178782996,0.0170034915,0.0176847242,0.0168661214,0.0170007721,0.0168638695,0.017069133,0.0164547991,0.0157510191,0.0161073804,0.0162838623,0.0164051484,0.0171924736,0.0169812441,0.0160949063,0.0174631961,0.0160471164,0.0157286748,0.0158158131,0.0158939734,0.0152284093,0.0138353948,0.0132389776,0.0132393632,0.00940544344,0.00874624401,0.00656735478,0.00403351337,0.00329182949,6.56256452e-06,0.00171342306,0.00142778037,0.000514741521,,,,,,,,,,,,,,,,,,,,,,,,,,,-0.0736972392,-0.070508033,-0.0678731501,-0.0642724261,-0.0618197545,-0.0594439432,-0.0563775003,-0.0536049195,-0.0509902574,-0.0491927043,-0.0466670319,-0.0437251665,-0.042180676,-0.0400324427,-0.0377412215,-0.0356223658,-0.0336209051,-0.0327039734,-0.0314350501,-0.0304348394,-0.0288187116,-0.0267922282,-0.0257397182,-0.0245071054,-0.0228781141,-0.0208771303,-0.0192764997,-0.0175959133,-0.0163027048,-0.0147126094,-0.0131713301,-0.0121068954,-0.0104948729,-0.00927066058,-0.00809184462,-0.00674914569,-0.00591605902,-0.00409094244,-0.00304234028,-0.00241498649,-0.00105811656,0.000198073685,0.00117425621,0.00167340785,0.00252558291,0.00323009491,0.00370077789,0.00486013293,0.00502258539,0.00522084534,0.0044747293,0.00397855043,0.00234598666,-0.000198349357,-0.00179069489,-0.00433549285,-0.00740380585,-0.00842835754,-0.0108287781,-0.00967375189,-0.00708195567
1102,27.6870003,2026-08-27T10:33:10.141000+0000,-26.6957389,153.3354092,0.052639354,0.0526277088,0.0473536439,0.0500006601,0.0480133854,0.0480394028,0.0451750122,0.0460627005,0.0440667123,0.0415272266,0.0378789231,0.0381553583,0.0361569636,0.0347471014,0.0344289839,0.0334461369,0.0321606696,0.0314598829,0.0304583479,0.0300971866,0.0291142184,0.0277525969,0.0278494079,0.0278434157,0.0270103533,0.0271285027,0.0262212232,0.0265594348,0.0253811963,0.0243893713,0.0257179569,0.0236054957,0.024326412,0.0240329262,0.0236094967,0.0235661902,0.022818286,0.023063926,0.0226984844,0.022284491,0.0225449316,0.0212265141,0.0215220042,0.0211979095,0.0208214391,0.0206023864,0.0199980959,0.0197452791,0.0195049737,0.0188844521,0.0185160767,0.0185196623,0.018121697,0.0182644203,0.018438546,0.0181336533,0.0181148183,0.0176061653,0.0178807694,0.0173438489,0.017559113,0.0178448111,0.0164510719,0.0169174615,0.0172139518,0.0163952261,0.0178225115,0.017291259,0.017914921,0.0185232256,0.0165871903,0.0169088021,0.0169260595,0.0147843705,0.015499007,0.0147262756,0.0138902478,0.0133310631,0.0105076432,0.00919913314,0.00872095488,0.00460801413,0.00331727555,0.000102461781,0.00238988851,0.00254445802,0.00291131623,,,,,,,,,,,,,,,,,,,,,,,,,,,-0.0728240013,-0.0695847869,-0.0666698962,-0.0628591701,-0.0602864996,-0.0580906793,-0.0553742424,-0.0527916625,-0.0500170179,-0.0475094616,-0.0454338044,-0.0432519205,-0.0408374257,-0.0391092002,-0.0365779884,-0.035409119,-0.0325876623,-0.031360697,-0.0299317539,-0.0287214778,-0.0273153,-0.0253387429,-0.0245361179,-0.0232034139,-0.0215243697,-0.0200633965,-0.018482849,-0.0167923495,-0.0154492408,-0.0136692226,-0.0123380125,-0.010983631,-0.00985167176,-0.00830747187,-0.00701865554,-0.00570594519,-0.00468282402,-0.00296766311,-0.00196903199,-0.000691704452,0.000305145979,0.00083129853,0.00213747472,0.00314664096,0.00370885432,0.00449342281,0.00430418551,0.0050836876,0.00539632142,0.00579483062,0.0048590675,0.00405329466,0.00303120911,0.000337541103,-0.0020140782,-0.00540797412,-0.00732558221,-0.0090694949,-0.0102193356,-0.0100139529,-0.00815207511
1103,27.7980003,2026-08-27T10:33:10.390000+0000,-26.6957389,153.3354092,0.0509096161,0.0567279309,0.05503387,0.0504508168,0.0514034517,0.0510294661,0.0510051399,0.0477427691,0.0477067009,0.0444672182,0.0425788611,0.0399052575,0.0395168997,0.0385970809,0.0366489179,0.0356060378,0.0343806036,0.0340798385,0.0331482962,0.0321971662,0.0321141966,0.0309925582,0.0294794347,0.0297734328,0.0295403656,0.0282685552,0.0286012962,0.0277495366,0.027441334,0.0270495322,0.0269381218,0.0269156545,0.0256865155,0.025963001,0.0256695691,0.0250362363,0.0252683293,0.0241939705,0.0244485009,0.0233545098,0.0243349206,0.023666501,0.0226120539,0.0198580679,0.0190917999,0.0194330662,0.0189091545,0.0182168018,0.0182870515,0.0176170822,0.0170590281,0.0170925371,0.017564252,0.0170864854,0.0168301165,0.0169847626,0.017045496,0.0173865166,0.0170008317,0.0167437643,0.016668994,0.0166748408,0.0163013022,0.0159378666,0.0167443827,0.016655568,0.0174225923,0.017011134,0.01668467,0.0174629744,0.0162570439,0.0161888562,0.0156666245,0.0161456559,0.0153113296,0.0147201307,0.0131562734,0.0133295562,0.0091790054,0.00964446645,0.00599041022,0.00691272039,0.00203767838,0.00236578053,0.00394706335,0.00132370368,0.00406080671,,,,,,,,,,,,,,,,,,,,,,,,,,,-0.0738526732,-0.0708134621,-0.0679385141,-0.0646777526,-0.0620150976,-0.0596292764,-0.0566328689,-0.0541003421,-0.0510156937,-0.0494381636,-0.0471525043,-0.0445706286,-0.042606134,-0.0404779315,-0.0384867527,-0.0366778933,-0.0338564217,-0.0318293311,-0.0303502008,-0.0282796063,-0.0269531123,-0.0256460942,-0.0243728869,-0.0231196694,-0.0206502154,-0.0199992321,-0.0178589635,-0.0163188912,-0.015036311,-0.0133467466,-0.012736015,-0.0109819695,-0.00998029858,-0.00873627514,-0.0068275407,-0.00564473867,-0.00428140163,-0.00327605754,-0.00224737078,-0.000870086253,-5.34579158e-05,0.0014724955,0.00189849734,0.00320759416,0.00364989787,0.00393466651,0.00470581651,0.00476595759,0.00453950465,0.00451934338,0.00424549729,0.00308200717,0.0026826784,-0.000527098775,-0.00196453929,-0.00327309221,-0.00825662911,-0.00777664036,-0.0098823905,-0.0111741051,-0.00844124705
1104,27.9039993,2026-08-27T10:33:10.638000+0000,-26.6957389,153.3354092,0.0481302142,0.0529484898,0.0530443601,0.0493710674,0.0511436313,0.0495995805,0.0484654382,0.0455528721,0.0465567075,0.0442372225,0.0416888446,0.0388751179,0.039426811,0.0363970399,0.0354788266,0.0345659032,0.0336205177,0.0326798148,0.031338267,0.0317471921,0.0302242208,0.029752532,0.0296995174,0.0288135223,0.0281804483,0.0277086943,0.0277514923,0.0262697879,0.026721634,0.026539892,0.0252984799,0.0259760153,0.0247767624,0.0247031953,0.0245697647,0.0236263741,0.0234884638,0.022834111,0.0232285801,0.0225145891,0.0219049416,0.0224865284,0.0214421935,0.0222284328,0.0217725523,0.0209144279,0.0211612284,0.0205097571,0.0204110425,0.0204421151,0.0191246588,0.0196879767,0.0199490823,0.019840369,0.0195430685,0.0196968392,0.0195867419,0.0193471685,0.0200909376,0.0194435958,0.0192187782,0.0194148999,0.0187617503,0.0189686473,0.0194052216,0.0188462418,0.0202027764,0.0193309411,0.0184542686,0.0207125824,0.0200168919,0.0176391024,0.0208378825,0.0163883008,0.0185959712,0.0173876975,0.0154279731,0.0159159359,0.0148708317,0.0085138306,0.0136475824,0.00585984439,0.00534556061,0.00460913032,0.00325760292,0.00460799225,0.00856538489,,,,,,,,,,,,,,,,,,,,,,,,,,,-0.0734487474,-0.0708895326,-0.0675844625,-0.0644436479,-0.0615209863,-0.0592151657,-0.0562088229,-0.0539064109,-0.0510117561,-0.0485642888,-0.0469286144,-0.0439667515,-0.0417122506,-0.0394740999,-0.0379329734,-0.0355641134,-0.033202637,-0.0314252637,-0.0307058133,-0.0290246159,-0.0270375162,-0.0262796022,-0.0245853104,-0.023331102,-0.0219408795,-0.0205299184,-0.0189502165,-0.0170509778,-0.0162593722,-0.0141607076,-0.0130208358,-0.0115874708,-0.010336332,-0.00923264772,-0.00752399862,-0.00634102523,-0.00485730916,-0.00403156877,-0.00267277658,-0.000955611467,-9.93534923e-05,0.000956222415,0.00173190981,0.00255089253,0.00351337343,0.00350854546,0.00425049663,0.00424185395,0.00460719317,0.00428956747,0.00441934913,0.00321022421,0.00373611599,-0.000246286392,-0.00250580162,-0.00419425219,-0.00931002945,-0.00783269107,-0.0107807964,-0.0106872469,-0.0100026503
1105,28.0,2026-08-27T10:33:10.888000+0000,-26.6957389,153.3354092,0.0599809028,0.0577490665,0.0592448562,0.0568814054,0.0551938415,0.0535397194,0.0533557646,0.052393008,0.0493166745,0.0472372174,0.0454687476,0.0457748584,0.0407266468,0.0417869426,0.0413886607,0.0391456485,0.0381903499,0.0376397111,0.0367381647,0.0351271592,0.0352541916,0.034692429,0.0341295488,0.0332735479,0.0327404924,0.033038795,0.0319316722,0.0321100242,0.031481944,0.0302102752,0.031128861,0.0302363988,0.0296570044,0.0297833718,0.0287699383,0.0285064746,0.0280085746,0.0280142166,0.027778618,0.0270546209,0.0268849097,0.0259964969,0.026542291,0.0252388138,0.0245334189,0.0241360608,0.0239437688,0.0237134155,0.0235060379,0.0231184475,0.022261776,0.0227449052,0.0221352559,0.0217353608,0.021936873,0.0218495186,0.0215583704,0.0218280219,0.0217210837,0.0219033901,0.0216984972,0.0208649617,0.0212923009,0.0209296141,0.0207962561,0.0210970659,0.0209129658,0.0215406287,0.0219436586,0.0202019587,0.0213965289,0.020159211,0.0197292194,0.0207113735,0.0181515422,0.0182169639,0.0182024762,0.0147863794,0.0150382034,0.0120707899,0.00945447944,0.0120794112,0.00731887389,0.00324948505,0.00827728771,0.00358270388,0.00811070949,,,,,,,,,,,,,,,,,,,,,,,,,,-0.0766057521,-0.0740020946,-0.0706128851,-0.0679776818,-0.0645967945,-0.0623841397,-0.0589683168,-0.0561120361,-0.0540097579,-0.0515251085,-0.0491277054,-0.046422042,-0.0445401631,-0.0422156714,-0.0403376073,-0.0382065438,-0.0363276787,-0.0339062177,-0.0318585001,-0.0295586288,-0.0284366496,-0.0270587914,-0.0258497559,-0.0246340595,-0.0236985907,-0.0218473785,-0.0201564059,-0.0188773796,-0.0171291791,-0.0155688375,-0.0137312934,-0.012612544,-0.0113000199,-0.00986958295,-0.00867632776,-0.00717782974,-0.00637464225,-0.00528044999,-0.00417421013,-0.00258528441,-0.00140826404,-2.4959445e-06,0.000872582197,0.0020378381,0.00287667662,0.00343932956,0.00406496972,0.00361789018,0.00440076739,0.00424831361,0.00513388962,0.00493828207,0.00393466651,0.00248721987,0.000154174864,-0.00259526074,-0.00398080796,-0.00550672412,-0.010579966,-0.00997820497,-0.0103076473,-0.00863065571
1106,28.1009998,2026-08-27T10:33:11.143000+0000,-26.6957389,153.3354092,0.0550912023,0.0532993861,0.0468551479,0.0498015322,0.0488639064,0.0472997539,0.0447258987,0.0444630347,0.0439266525,0.0426271819,0.0390786678,0.0387447327,0.0372065231,0.0357068628,0.0352185443,0.0342155099,0.0331002399,0.0321496278,0.0313480794,0.031477116,0.0298641399,0.0298523456,0.0296995342,0.0287235379,0.0285604745,0.0282988101,0.0276517197,0.027010113,0.0270820651,0.0267104302,0.0260390211,0.0262165628,0.0261570979,0.0252934266,0.0246399939,0.0245864987,0.0241385922,0.0241942331,0.0240586028,0.0238246098,0.0232348591,0.023026444,0.0227723122,0.0215989593,0.0220937952,0.0217868108,0.0207749661,0.020585157,0.0200484283,0.0194214899,0.0193452127,0.019378271,0.0189182647,0.0198377986,0.0189387333,0.0186208375,0.0185391754,0.0180984437,0.0185511652,0.0181732941,0.0188583583,0.018354984,0.0183325559,0.0178800672,0.0175767466,0.0181974526,0.0182230398,0.0180604514,0.0194633231,0.0182816014,0.0179162789,0.0184791721,0.0177797657,0.0165627394,0.0169641059,0.0148813082,0.0156793557,0.01373614,0.0119013265,0.0118485671,0.00813707989,0.00761817489,0.00607433775,0.00175840687,0.00415081577,0.00335877831,0.00482718507,,,,,,,,,,,,,,,,,,,,,,,,,,,-0.0746451095,-0.0723258927,-0.068700619,-0.0653897077,-0.062547043,-0.0597812198,-0.0575749762,-0.0545527712,-0.0523781106,-0.050000757,-0.0474350899,-0.0455432162,-0.0429087207,-0.0410806835,-0.0385896564,-0.0366308093,-0.034429349,-0.0310114548,-0.0298213772,-0.0284490325,-0.0262407921,-0.0256612264,-0.0243748575,-0.0232287496,-0.0212170519,-0.0200860575,-0.0179173462,-0.016769655,-0.0155599229,-0.0139528997,-0.0120547116,-0.0110526085,-0.0098625198,-0.00830945373,-0.00709103793,-0.00563775748,-0.00457333773,-0.00320687145,-0.00205788016,-0.000810921192,0.000914596021,0.00167943537,0.00266446918,0.00309321284,0.00405595452,0.00488179922,0.00505515933,0.00497874618,0.00508736074,0.00488448143,0.00467110425,0.00409016013,0.00241591781,1.74343586e-05,-0.00223711133,-0.00428640097,-0.00776748359,-0.00990614295,-0.0092895031,-0.00945547968,-0.0089372173
1107,28.1970005,2026-08-27T10:33:11.391000+0000,-26.6957389,153.3354092,0.0554311387,0.0475592948,0.0513751023,0.0503215492,0.0486238822,0.0477697439,0.0475858748,0.0464529991,0.0445266403,0.0423271395,0.0391686521,0.0393347181,0.0364665166,0.0358868502,0.035058517,0.0337754935,0.0328502096,0.0324196145,0.0316280648,0.030567091,0.0299641136,0.0291923191,0.0289095007,0.0277435016,0.0278804414,0.0273287743,0.0264016725,0.0262600705,0.0253720172,0.0252403785,0.0256389715,0.0239965152,0.024547061,0.0242533926,0.0238299593,0.0232664682,0.0237085558,0.0225342009,0.0227685701,0.0224345773,0.0227048341,0.0219364166,0.0215222668,0.0211289041,0.0203537084,0.0201366805,0.0200047791,0.019064907,0.0191380978,0.0185911041,0.0175947901,0.01802787,0.0175779201,0.0177875329,0.0179685354,0.0176107045,0.0173190981,0.0170184076,0.0174211655,0.0167433117,0.0167483706,0.0162749775,0.0158325117,0.01688,0.0159766749,0.0167273935,0.0171230119,0.0169404391,0.0170633197,0.016291583,0.0162962303,0.0164990798,0.0160795823,0.0152224377,0.015333645,0.0138806235,0.0140183615,0.0123247998,0.00970958639,0.0105162738,0.00734421751,0.00481459126,0.0028499905,0.00175369065,0.00253564399,0.000573421828,0.00316189276,,,,,,,,,,,,,,,,,,,,,,,,,,,-0.0744609237,-0.0719617158,-0.0682564452,-0.0653155297,-0.062502861,-0.0596370399,-0.0572207868,-0.0551585779,-0.0524539314,-0.0504965633,-0.0477809012,-0.0445390306,-0.0437145345,-0.0405764878,-0.0397354662,-0.0364866108,-0.0350551568,-0.0307772942,-0.0293372311,-0.0279649459,-0.0261067487,-0.0251672454,-0.0239409506,-0.0226849131,-0.0209232718,-0.0191922523,-0.0179735012,-0.0161557272,-0.0151359215,-0.0134388506,-0.0120105967,-0.0110384226,-0.00968830287,-0.00807522982,-0.0071568042,-0.00588354468,-0.00496916473,-0.00317272544,-0.00270374119,-0.00146677345,0.000128768384,0.00125362724,0.0020686686,0.00230741501,0.002780132,0.00381593406,0.00439921021,0.00457270443,0.00552117079,0.00481808186,0.00427443534,0.00398316979,0.00214854628,0.000339522958,-0.00196559727,-0.00450561941,-0.00836726278,-0.00947643071,-0.0114402771,-0.00933654606,-0.00761836022
1108,28.2919998,2026-08-27T10:33:11.639000+0000,-26.6957389,153.3354092,0.0446516238,0.0494197346,0.0506154597,0.0444317795,0.0467940234,0.0456098393,0.0462461151,0.042663116,0.0427866541,0.04128718,0.0387186185,0.0361746103,0.0359264351,0.035846822,0.0326384641,0.03320539,0.0319201536,0.0310295913,0.0300080553,0.0296371244,0.0290341489,0.0276722983,0.0275695771,0.0277635753,0.0270105153,0.0263488926,0.0263218433,0.0250702761,0.0251022745,0.0249106791,0.0239092689,0.0243968144,0.0238772687,0.0235035587,0.0236901194,0.0231265835,0.0222186781,0.0220143162,0.0219286457,0.0215146542,0.0218348615,0.0213164501,0.0211323909,0.0211992096,0.0209043343,0.0209978018,0.0203864872,0.0197473355,0.0190713815,0.0188952275,0.018969398,0.0183923263,0.0188518725,0.0185407083,0.0182509478,0.018662395,0.0181801151,0.0177389383,0.018151246,0.0176931694,0.0176381953,0.0174050294,0.0169628821,0.0174106434,0.0176773611,0.0178179443,0.0175531637,0.0180902909,0.017613003,0.0173812807,0.0174161233,0.0167693049,0.0171406381,0.0170746408,0.0153274862,0.0146768615,0.0150779849,0.0125082554,0.0116874985,0.0104003549,0.00666468963,0.00649320288,0.002887398,0.00333555904,0.00344337267,0.000754188281,0.00488286791,,,,,,,,,,,,,,,,,,,,,,,,,,,-0.0729199424,-0.0694307312,-0.0674453825,-0.0636644214,-0.060631752,-0.0586059391,-0.0555797219,-0.0534676127,-0.0505829565,-0.0484556407,-0.0465599746,-0.0442081019,-0.0418136045,-0.0396356098,-0.0378946289,-0.0357457623,-0.0338943005,-0.0310962088,-0.0292458832,-0.0276930965,-0.0261144079,-0.0249041766,-0.0238169767,-0.0221101493,-0.0208778828,-0.0192668773,-0.0173985846,-0.0153115131,-0.0148225129,-0.0133061521,-0.0123386085,-0.0109569877,-0.00895731896,-0.00792450458,-0.00674616545,-0.00536277145,-0.0046280548,-0.00344130397,-0.0020622313,-0.000735349953,0.000359885395,0.00088442117,0.00202920288,0.00269788504,0.00330074877,0.00396688282,0.00435081869,0.0048853159,0.00420523435,0.00441424549,0.00483357161,0.0034558773,0.00298553705,0.000512547791,-0.00301611423,-0.00393784791,-0.00763314962,-0.00934631377,-0.00967396051,-0.0102059171,-0.00736632198
1109,28.3859997,2026-08-27T10:33:11.888000+0000,-26.6957389,153.3354092,0.0526417978,0.0469498746,0.052335605,0.0490818545,0.0480840914,0.0462298729,0.0462461933,0.0439831503,0.041206643,0.0405871719,0.0388386026,0.0376145318,0.0344664007,0.034756802,0.0330984108,0.0321453139,0.0312201064,0.0309495684,0.0289280154,0.0287271105,0.0283741318,0.026902277,0.0273695756,0.026003588,0.0258305091,0.0255789105,0.025561884,0.0246903375,0.0249323472,0.0242207721,0.0236693639,0.0229769014,0.0233373232,0.022983592,0.0227301586,0.0221566074,0.0222986974,0.0214143433,0.0213986523,0.0209046565,0.0206748508,0.0201364327,0.0203524176,0.0197793003,0.0198045522,0.0191282146,0.0183771309,0.0182282683,0.018312661,0.0169168506,0.017021222,0.0170341078,0.0172834601,0.0175019968,0.0164919309,0.0169930849,0.0160005391,0.0162191596,0.0160812866,0.0162631217,0.0163781196,0.015835043,0.0157530196,0.0154308919,0.0156876259,0.0160181578,0.0155032082,0.0157702006,0.0170628373,0.0150811076,0.0160960164,0.0157093145,0.0146409627,0.0148754036,0.0146088898,0.0123192091,0.0132916784,0.0104034767,0.0101245008,0.00826982129,0.00629671384,0.00362848677,0.00225622626,,0.00157642888,,0.00564742414,,,,,,,,,,,,,,,,,,,,,,,,,,,-0.0734569952,-0.0706177875,-0.0676823929,-0.0647514164,-0.0612687618,-0.0588729344,-0.0561067499,-0.053884659,-0.0512500033,-0.049132701,-0.0465070419,-0.044005163,-0.0421606787,-0.0397826992,-0.0380717367,-0.0357828736,-0.0341314189,-0.0310632288,-0.0299727991,-0.0283598192,-0.0272209272,-0.0255904198,-0.0241128653,-0.0231056921,-0.0218931735,-0.0200521648,-0.0183140412,-0.0167372301,-0.0157085508,-0.0136024766,-0.0126752369,-0.0107338354,-0.00948432833,-0.00889162719,-0.00752334297,-0.00601989031,-0.00472505391,-0.00412818044,-0.00258906186,-0.00149221718,0.000192895532,0.00108729303,0.00178197026,0.00262060761,0.00338350981,0.00325975567,0.00396393985,0.00517882407,0.00425930321,0.0043791309,0.00409965217,0.00333335996,0.00285473466,7.41481781e-05,-0.00281189382,-0.00345033407,-0.00710310787,-0.00935383141,-0.010538891,-0.012129046,-0.0075988248
1110,28.4780006,2026-08-27T10:33:12.134000+0000,-26.6957389,153.3354092,0.0596320815,0.0464401357,0.0486958213,0.0532719567,0.0466941558,0.0461099073,0.0441863313,0.0460431911,0.041516643,0.0410971455,0.0378885604,0.0403944366,0.0372363478,0.0357767679,0.0349683575,0.0333452299,0.033040043,0.0310895313,0.0307979882,0.0302870907,0.0296741296,0.0290922355,0.0286395904,0.0273436066,0.028280532,0.027718965,0.027371956,0.0270204339,0.0267224759,0.0255109277,0.0255495161,0.026147062,0.0247074291,0.0247036703,0.0244202334,0.0240766536,0.0237787496,0.0229043849,0.0229986664,0.0216546729,0.0236248393,0.0226464216,0.0216724593,0.022389451,0.022244893,0.021468848,0.0214781184,0.0208896864,0.0199745931,0.0196592957,0.0197839718,0.0191767812,0.019625837,0.0190339182,0.0184133947,0.018494118,0.0186611619,0.0184094831,0.0184913445,0.01843304,0.0176580139,0.0177450683,0.0173432361,0.0173412636,0.0173980258,0.017268477,0.018763287,0.0172500871,0.0184626114,0.017580878,0.0171258878,0.0175093729,0.0165214986,0.0161466114,0.0157910623,0.0147728147,0.0136673078,0.0129613969,0.0106950952,0.0109341154,0.00690483861,0.00483150501,0.00488454383,0.00394723052,0.00189104164,0.00346509553,0.00162417162,,,,,,,,,,,,,,,,,,,,,,,,,,,-0.0732186809,-0.0705694631,-0.0677640289,-0.0648030117,-0.0620403513,-0.0591845252,-0.0565883592,-0.0544263273,-0.0511016734,-0.0496144071,-0.0469987467,-0.0442768671,-0.0422123857,-0.0403044298,-0.0382434949,-0.0359446332,-0.0340031721,-0.0324648507,-0.0304342508,-0.0291009732,-0.0274517834,-0.0259508416,-0.0243227556,-0.0231551006,-0.0219321921,-0.0200511813,-0.0185333304,-0.0164069161,-0.0154387243,-0.0134030916,-0.0125162825,-0.0111751929,-0.00963597745,-0.00857343525,-0.00734519958,-0.00579166412,-0.00484663993,-0.00358957052,-0.0022803992,-0.00103361905,-0.000478714705,0.000645510852,0.00153002143,0.00210859627,0.00320158154,0.00312802196,0.00370258093,0.00456803292,0.00406938046,0.00423044711,0.00448274612,0.00236859173,0.00228253752,0.000915557146,-0.00162659585,-0.00394007564,-0.00667901337,-0.00942613184,-0.0102574006,-0.0107848719,-0.00953373313
1111,28.5720005,2026-08-27T10:33:12.384000+0000,-26.6957389,153.3354092,0.0505424403,0.0532404594,0.0512061231,0.0497221388,0.0482342653,0.0463399887,0.0447464921,0.0447032526,0.0419566296,0.0409971438,0.0382985286,0.0371043123,0.0352962464,0.0351267122,0.0339082591,0.0319451094,0.0309199523,0.0305594746,0.0296279266,0.0285170861,0.0281641055,0.027372187,0.027269613,0.0267736278,0.026320558,0.0258690193,0.0255520437,0.024780564,0.0246626418,0.0238811318,0.0244097225,0.0234572664,0.0238675624,0.0230537672,0.0228003263,0.0223767124,0.0218488015,0.0212544445,0.0217886847,0.0214447007,0.0205148235,0.020606406,0.0197925176,0.0193796568,0.0194053575,0.0195997152,0.0179994646,0.0175516289,0.017797241,0.0166226532,0.0169577375,0.0168404467,0.0163590983,0.0168565512,0.0166954063,0.0159655325,0.0166720226,0.0162899364,0.0159614198,0.0160029326,0.0163978636,0.0156750996,0.0156035256,0.0161517765,0.0150085781,0.016138915,0.0159433875,0.0153199267,0.0168422963,0.0159405544,0.0153557025,0.0170794353,0.0139122214,0.0147982491,0.013804025,0.0133077288,0.0123049915,0.0119222235,0.00920958165,0.00885367021,0.00672964752,0.00487301033,0.00234331377,,0.00287845824,0.000885155983,0.00297454325,,,,,,,,,,,,,,,,,,,,,,,,,,,-0.0739593804,-0.0706801713,-0.0674646571,-0.0648036152,-0.0617909543,-0.0591151193,-0.0558590069,-0.0541070551,-0.0513923913,-0.0492851585,-0.0470995009,-0.0448676273,-0.0418331288,-0.0406152233,-0.0384543203,-0.0358154662,-0.0341740064,-0.0311755054,-0.0292746797,-0.0284310021,-0.0265114009,-0.0253898799,-0.0236910395,-0.0226427205,-0.0209692866,-0.0198282599,-0.0184507854,-0.0163949281,-0.0148173906,-0.0133123435,-0.0123161227,-0.0110354945,-0.00936663896,-0.0080743283,-0.00700616091,-0.00592251867,-0.00435724109,-0.0036399141,-0.00226068497,-0.00164396316,0.000200688839,0.0012646392,0.00231892616,0.00236741453,0.00325050205,0.00358720124,0.0032222569,0.00499853492,0.00453104824,0.00486381352,0.00429853797,0.00397730619,0.00237475336,0.00101274252,-0.00211409479,-0.00525073707,-0.00604446977,-0.00797662139,-0.0119526535,-0.0107464641,-0.0112940595
1112,28.6700001,2026-08-27T10:33:12.632000+0000,-26.6957389,153.3354092,0.0676323324,0.0389503539,0.0480460636,0.0520521142,0.0446242355,0.0428099856,0.0438864529,0.0461432338,0.0384466425,0.0389571562,0.0378785431,0.0384543613,0.0323762707,0.0347067267,0.0330982879,0.0309951343,0.0299799833,0.029869495,0.0287679546,0.0281770974,0.0279941242,0.0266321991,0.0264096111,0.025513621,0.0256505609,0.025099013,0.0246920362,0.0252605472,0.0229526144,0.0230011009,0.0238296892,0.0222672299,0.0232575387,0.0225337576,0.0218303166,0.0214967057,0.0219188035,0.0215744432,0.0207186881,0.0202847011,0.0208348315,0.0201364197,0.019952517,0.0197796207,0.0193252638,0.0188895427,0.0186191835,0.0184612181,0.0179466736,0.0179519318,0.0176069308,0.0169896483,0.0173183884,0.01779598,0.0171149615,0.0167752206,0.017381832,0.0172098354,0.0170214046,0.0172129497,0.0169478953,0.016555097,0.0165334661,0.0162616689,0.0165784601,0.0172088239,0.0173533708,0.0169999674,0.0174323767,0.0164906383,0.0172557645,0.0168594476,0.0158820953,0.0163979307,0.0153434211,0.0149867088,0.0141833732,0.0123599265,0.0112464949,0.00941948593,0.00771432649,0.00598624023,0.00296496181,0.0033805524,0.00192820339,0.0025443004,0.00277359178,,,,,,,,,,,,,,,,,,,,,,,,,,,-0.0718373656,-0.0693681538,-0.0659326538,-0.0635016263,-0.0603489578,-0.057413131,-0.0549770035,-0.052215036,-0.0498403721,-0.0477431267,-0.0451774783,-0.0430955999,-0.0409211032,-0.0391831845,-0.0367822796,-0.0345534235,-0.03244197,-0.0311634988,-0.0290327296,-0.0278291255,-0.0261296257,-0.0250082165,-0.0239395499,-0.0230213664,-0.0212280527,-0.0195770413,-0.0181494765,-0.0163834952,-0.0151858293,-0.0134606659,-0.0125643015,-0.0107135773,-0.00982464105,-0.00848227739,-0.00739409029,-0.00592046976,-0.00439524651,-0.00361798704,-0.0022187531,-0.000902019441,-0.000227309763,0.00104670972,0.00231103599,0.00271954387,0.00360260159,0.00361924618,0.00422421098,0.00447031111,0.0049925819,0.00441498309,0.00438918918,0.00413730741,0.00248400867,0.000970937312,-0.00160705298,-0.0059851855,-0.00644004345,-0.00981326401,-0.0102304742,-0.0088051036,-0.00770299137
1113,28.7759991,2026-08-27T10:33:12.880000+0000,-26.6957389,153.3354092,0.0561227351,0.0461707115,0.0464363135,0.0496422984,0.0452043563,0.0448000468,0.0449366607,0.0446433276,0.0415066294,0.0395171456,0.0373685025,0.0383042619,0.033186201,0.0333666913,0.0332782269,0.0312450267,0.0303299148,0.0301394574,0.0300179217,0.0277870931,0.0278841276,0.02661217,0.0270896517,0.0263836645,0.026130598,0.0259690937,0.0248821527,0.025630692,0.0230428036,0.0237013176,0.024909908,0.0221074484,0.0234776884,0.0227538627,0.0224304311,0.0214867815,0.0214688778,0.0208745133,0.0207887329,0.020504741,0.0202748422,0.0200564209,0.019712586,0.0194598399,0.0192557368,0.0189704094,0.0193905234,0.0181531366,0.0178792737,0.0171352178,0.0165406056,0.017063221,0.016481556,0.0163885336,0.0169069022,0.0164765883,0.0165926553,0.0166802648,0.0162314735,0.0158528425,0.0160577521,0.0157151334,0.0157337524,0.0157121737,0.015909005,0.0155592561,0.0163534787,0.0158798248,0.0158420913,0.0157803576,0.0157256275,0.0164195653,0.0152628664,0.0137796029,0.0148963928,0.0134915886,0.012900956,0.0107805729,0.00921070576,0.00906863157,0.00585858757,0.00548701594,0.00364279794,0.000441987067,0.00111437659,8.29789788e-05,0.00319250952,,,,,,,,,,,,,,,,,,,,,,,,,,,-0.0729676709,-0.0702284724,-0.0668928996,-0.0639618337,-0.061189156,-0.0583433285,-0.0560572483,-0.0535653457,-0.0508806929,-0.0485934839,-0.0463978127,-0.0439959466,-0.0423314571,-0.0396735594,-0.0377326906,-0.0359838456,-0.033632379,-0.0318137258,-0.0300327502,-0.0284187458,-0.0274288468,-0.0259268619,-0.0246774703,-0.022708647,-0.0215748325,-0.0201938152,-0.0187766142,-0.0170711763,-0.0152141564,-0.0143595599,-0.0124337897,-0.0110234916,-0.00983492285,-0.00854277611,-0.00677466393,-0.00603092462,-0.00459545106,-0.00346792489,-0.00233864039,-0.00118198246,-0.000167518854,0.000846251845,0.0017503649,0.0023388043,0.00319198519,0.0041288808,0.00407434255,0.00464124978,0.00472466648,0.00503872335,0.00466530025,0.0040062815,0.00236640126,-0.000141851604,-0.00172466785,-0.0045061782,-0.00680593401,-0.0102343559,-0.0113165155,-0.0110676214,-0.00932434201
1114,28.8829994,2026-08-27T10:33:13.137000+0000,-26.6957389,153.3354092,0.0488333553,0.0445812531,0.0521668307,0.0464425944,0.0470745228,0.0460101478,0.0469369218,0.041893404,0.0427365787,0.0414270945,0.0384583697,0.035954006,0.0349960253,0.0340965763,0.0328980237,0.0321347676,0.031119721,0.0306693334,0.0296477787,0.0288070254,0.028174052,0.0269820336,0.0273796506,0.026283659,0.026330594,0.0253691562,0.0257522706,0.02432088,0.0249330513,0.0236216411,0.0234202258,0.0232977755,0.0223378856,0.022753993,0.0222805589,0.0216368474,0.021548938,0.020954581,0.0209387261,0.0198947378,0.020114772,0.0198263489,0.0194026455,0.0189001486,0.0186165012,0.0186518785,0.0173028409,0.0177764911,0.0171238631,0.0164110623,0.0162371881,0.0160596464,0.0161272995,0.0158231836,0.0155804558,0.0159590971,0.0154041816,0.0157410726,0.0156116225,0.0153826615,0.0152274882,0.0156951826,0.0152042517,0.0142530585,0.0155099491,0.0152100082,0.0153936343,0.0160895064,0.0145414826,0.0163697172,0.0138652129,0.0143695623,0.0143239871,0.0132023105,0.0133414045,0.0136100138,0.0121242311,0.012199359,0.00814591721,0.00688273972,0.00639191642,0.00384211494,0.00114068389,0.00265644398,,0.00169097423,0.0016211886,,,,,,,,,,,,,,,,,,,,,,,,,,,-0.0743663087,-0.070787102,-0.0686414093,-0.0649202764,-0.0621375963,-0.0589917675,-0.0565057434,-0.0546139702,-0.051669322,-0.049502179,-0.0471065193,-0.0446646474,-0.0428401493,-0.0407523327,-0.038171526,-0.0365226902,-0.0345812328,-0.0317022651,-0.0306308977,-0.0292961858,-0.0273555703,-0.0260025449,-0.0249618515,-0.0236118548,-0.0217670985,-0.0203460529,-0.0186694786,-0.0171549916,-0.0161291361,-0.0147855841,-0.0128808506,-0.011791341,-0.010283418,-0.00921167433,-0.00724370033,-0.00639979541,-0.00513386726,-0.00395590067,-0.00264647603,-0.0011099577,-0.000285945833,0.000207349658,0.00188104808,0.00270932913,0.003212668,0.00357997417,0.00477630645,0.00506459177,0.00427004695,0.00462706387,0.0057779178,0.00318399817,0.00309027731,0.000760726631,-0.0026627332,-0.00437226892,-0.0078028664,-0.0101324916,-0.00964540243,-0.0101999491,-0.00963430852
1115,28.9890003,2026-08-27T10:33:13.385000+0000,-26.6957389,153.3354092,0.0516234599,0.0446114168,0.0517069101,0.0479226485,0.0466245525,0.0457301848,0.0470870174,0.0436034277,0.0423766002,0.040187113,0.0384083502,0.0364239514,0.0348660052,0.0351365618,0.0327180102,0.0321347341,0.0309396926,0.0308393314,0.0294677783,0.0285270363,0.0285640638,0.026992023,0.027569674,0.0266836826,0.0266206041,0.0257691797,0.0250723138,0.0253509339,0.0240331218,0.023441717,0.0237503089,0.0232978575,0.0230279397,0.0227540359,0.0227206014,0.0221668743,0.0213989653,0.021114612,0.0207887478,0.0202047583,0.0199647732,0.0198963527,0.0194826722,0.019380236,0.0189366713,0.0186521951,0.0181533266,0.0176271815,0.0172748081,0.0160522461,0.0166785177,0.0161909312,0.0161484405,0.016554106,0.0155611513,0.0163395926,0.0161744822,0.0158712249,0.0152116483,0.0152626196,0.015487439,0.0147851966,0.0152343577,0.0146332402,0.0144101456,0.0159901679,0.0151036773,0.0148194581,0.0152813829,0.0138296206,0.0142351696,0.0146496128,0.0127942758,0.0149729261,0.0122524928,0.0117717907,0.0116269849,0.00903321803,0.0104210656,0.00695967022,0.00376069685,0.00606324617,,,0.00112426595,,0.00181884598,,,,,,,,,,,,,,,,,,,,,,,,,,,-0.0752169341,-0.0715077445,-0.0686120018,-0.0662108585,-0.0628081933,-0.060352359,-0.0577763468,-0.0553445965,-0.0531699508,-0.050162822,-0.0480971709,-0.0454652905,-0.0429407954,-0.0414929837,-0.0392021947,-0.0369133539,-0.0351519026,-0.0330128595,-0.031271413,-0.0295265578,-0.0285058059,-0.0270425715,-0.0254616141,-0.0248613954,-0.0231164545,-0.0215854123,-0.0194989666,-0.0182346851,-0.0164590478,-0.0152657144,-0.014221184,-0.012741819,-0.0109540448,-0.00949236751,-0.00789442658,-0.00710047781,-0.006054461,-0.00472640991,-0.00300695002,-0.00170045346,-0.000726543367,7.66664743e-05,0.00132028759,0.00103853643,0.00266191363,0.00286933035,0.00377583504,0.00413440913,0.00377029181,0.00400790572,0.00392960757,0.00403673947,0.00188424438,0.000626437366,-0.00249513984,-0.00405227393,-0.00763106346,-0.00982891768,-0.01079005,-0.0122533217,-0.00989726931
1116,29.1070004,2026-08-27T10:33:13.635000+0000,-26.6957389,153.3354092,0.0428833477,0.0640413091,0.0484168343,0.0503626354,0.052004531,0.0506201647,0.0483769625,0.0431334339,0.0463466085,0.0427071191,0.0425883904,0.0376640111,0.0399160422,0.0374565758,0.0350080431,0.0358447805,0.0346497297,0.0340693444,0.0321277976,0.0324670523,0.0317240804,0.0303020608,0.0308396798,0.029873684,0.029220609,0.0292491764,0.0290722996,0.0282209106,0.0276130885,0.0281716697,0.0262802616,0.0270678084,0.0266079083,0.0260340236,0.0255105812,0.0253168698,0.0257789623,0.024934601,0.0246587489,0.023964759,0.0238447916,0.0234963708,0.0236326717,0.0245301872,0.0239865519,0.0235919561,0.0229529403,0.0225066245,0.0220240355,0.0221112613,0.0209874082,0.0214398429,0.0215974692,0.0211933143,0.0214705486,0.0210591629,0.0205542203,0.0205010865,0.0203916188,0.0199426506,0.0197474826,0.0201651901,0.0198042747,0.0190430954,0.019529989,0.019270042,0.0189236514,0.0202395152,0.0187914949,0.0191897377,0.0194452461,0.0178096276,0.0197341014,0.0171524845,0.0176216643,0.0170703866,0.0144847622,0.0158400629,0.0145968217,0.0100839185,0.0102233831,0.00664394163,0.00570288906,0.0042888266,0.00282018539,0.00309364288,0.00678380206,,,,,,,,,,,,,,,,,,,,,,,,,,,-0.0739734396,-0.0706142262,-0.0682785138,-0.0646773726,-0.061404705,-0.0593388826,-0.0560828596,-0.0540810898,-0.0513864383,-0.0490493029,-0.0471336395,-0.0447817668,-0.0423872694,-0.0407194458,-0.038018655,-0.0362698026,-0.0337983556,-0.0315693654,-0.0303079933,-0.0292032622,-0.027592618,-0.0263195671,-0.0248888247,-0.0237087943,-0.0221040249,-0.0197029859,-0.0190264359,-0.0171619877,-0.0161661692,-0.0143426545,-0.0131279454,-0.0120684505,-0.0102205649,-0.00904881209,-0.00773084164,-0.0067769289,-0.00550098717,-0.00446299464,-0.00285357982,-0.00161705166,-0.000453069806,0.000120222569,0.00173392147,0.00243218988,0.00258554518,0.00278289616,0.00327926874,0.00483759493,0.0040531531,0.00442026556,0.00452124327,0.00208750367,0.00300396979,0.00137469918,-0.00282847881,-0.00363765657,-0.00585797429,-0.00991734862,-0.00857002288,-0.0116944388,-0.00943880528
1117,29.2460003,2026-08-27T10:33:13.884000+0000,-26.6957389,153.3354092,0.0505536608,0.0519615337,0.0512670465,0.0490027778,0.0481946319,0.0469102263,0.0458670929,0.0429034904,0.0427666232,0.0408571288,0.039188385,0.0384039469,0.0362559892,0.0358765721,0.0341480076,0.0328147262,0.0317997038,0.0313593447,0.0300078057,0.0298170689,0.0285441075,0.0281420611,0.0280597247,0.0273537394,0.0274006613,0.0260492582,0.0263124034,0.0256110393,0.0250132419,0.0249018501,0.0243904442,0.0239979886,0.0240880381,0.0235741213,0.0227906834,0.022216944,0.0231090393,0.022004677,0.0223987997,0.0212048069,0.0216748118,0.0206063967,0.0202527493,0.0220703688,0.0219369121,0.0213226117,0.0208639316,0.020828031,0.0202159379,0.0198236518,0.0194700733,0.0189424213,0.0191697497,0.0186751429,0.0192319397,0.0189801361,0.0189448074,0.0187013913,0.0185116678,0.0179425683,0.0184973795,0.0179652218,0.0178244915,0.0187234655,0.0179503877,0.0183303598,0.0184937436,0.0181594323,0.0181613136,0.0182395689,0.0179952011,0.0180097744,0.0179347321,0.0177437793,0.0165339056,0.0156140216,0.0160503518,0.0131878676,0.0105772028,0.010887864,0.00935102068,0.00771628227,0.00440030405,0.00352881732,0.00446354412,0.00201874017,0.00534900371,,,,,,,,,,,,,,,,,,,,,,,,,,,-0.0745947659,-0.0706655532,-0.0680798069,-0.0652286336,-0.0618859753,-0.0593501516,-0.0571641475,-0.0540624261,-0.0518077761,-0.0490706563,-0.046835009,-0.044913128,-0.0422486328,-0.0400408469,-0.0381700583,-0.0360712223,-0.0334797576,-0.0330506489,-0.0314791054,-0.0297840871,-0.0284131579,-0.0272597,-0.0255984403,-0.0246279463,-0.0229228213,-0.0217417814,-0.0196255147,-0.018041458,-0.0164261013,-0.0150929987,-0.0135587119,-0.0120795369,-0.0110218972,-0.00921031088,-0.00814238191,-0.00691837817,-0.00605224818,-0.00479408354,-0.00337460637,-0.00225813687,-0.001394324,-0.000171229243,0.00110233575,0.00149057806,0.00275401026,0.00272155553,0.00327830017,0.00404722989,0.00435361266,0.00450193882,0.00446464866,0.00374296308,0.00122190267,0.0012461096,-0.00164330751,-0.00456769764,-0.00585435331,-0.0071702674,-0.00947937369,-0.00877130032,-0.00782487541
1118,29.3880005,2026-08-27T10:33:14.137000+0000,-26.6957389,153.3354092,0.0536838509,0.0475317426,0.06622722,0.0472328663,0.0524746925,0.0503102615,0.0561072193,0.0455035344,0.0472565927,0.0461271144,0.0480983444,0.0406638533,0.0408059284,0.0432865322,0.0383379497,0.038164638,0.0371196307,0.0373692922,0.0346377566,0.0352870524,0.034894079,0.0332520083,0.0332297273,0.0330837406,0.0319506712,0.0316692777,0.031242447,0.0314811096,0.0287633352,0.0318419673,0.0289205629,0.028078109,0.029508112,0.028204171,0.0281007327,0.0278369728,0.0278590638,0.0263547003,0.0263988003,0.0265948121,0.0255547892,0.0258363746,0.0259127691,0.025080489,0.0250971969,0.0239831582,0.0240347888,0.0236592721,0.0230076406,0.0222758129,0.022362506,0.0220747925,0.0220218673,0.0216068663,0.0214132499,0.0212710612,0.0210253727,0.0210916866,0.0209917221,0.0207525007,0.0206772834,0.0200252403,0.0205346756,0.0197937936,0.0203707404,0.0203906428,0.0202738028,0.0210193172,0.0201610923,0.0201993361,0.020895049,0.0194997769,0.0183551498,0.0208947863,0.0178157631,0.0189471394,0.0168852638,0.0147848157,0.0156265274,0.012430476,0.00881704129,0.0112066492,0.00635539554,0.00657634251,0.00695429835,0.00372125418,0.00944176409,,,,,,,,,,,,,,,,,,,,,,,,,,,-0.0750868395,-0.0722876266,-0.0691218153,-0.0665506274,-0.0633879602,-0.0608221404,-0.0581661612,-0.0555944927,-0.053019844,-0.0507627577,-0.0486270972,-0.0462052226,-0.0438207351,-0.0412229523,-0.040162202,-0.0369933583,-0.0350519009,-0.0329926834,-0.031780988,-0.0298857056,-0.0285845175,-0.0274906717,-0.025478933,-0.0243980028,-0.0229325294,-0.0213814974,-0.0200854428,-0.0181317404,-0.016516827,-0.0153940953,-0.0139402002,-0.0121913105,-0.0108239055,-0.0097424686,-0.00832460076,-0.00708053261,-0.00640425086,-0.00525590777,-0.00357638299,-0.00268995762,-0.00103631616,-0.000493384898,0.000550016761,0.00199819356,0.00248169899,0.00314938277,0.00382646173,0.00315590203,0.00359304249,0.00345246494,0.00328673422,0.00370695442,0.00154817849,0.000945590436,-0.000430382788,-0.00577034056,-0.004433617,-0.00868629664,-0.0119719729,-0.00762148201,-0.00811418891
1119,29.5270004,2026-08-27T10:33:14.387000+0000,-26.6957389,153.3354092,0.0568238497,0.0472017415,0.0471771844,0.0504028574,0.0459646583,0.045990251,0.0464971997,0.0453334972,0.0408965871,0.0392571017,0.0372283272,0.0378538519,0.0318259187,0.0343665294,0.032207936,0.0303946342,0.0302696377,0.0292692985,0.0283177495,0.0276270397,0.0272540618,0.0259519946,0.025539713,0.0251237191,0.025260644,0.0250092521,0.0245124195,0.023861086,0.0223233085,0.0232719369,0.0226105303,0.0217080787,0.0224980898,0.0215641484,0.0213907119,0.0211969521,0.0207390469,0.0207446851,0.0199587848,0.0199847966,0.0193547755,0.0190363582,0.0194127522,0.0201804545,0.0197271444,0.0190530643,0.0184646677,0.0180890933,0.0179574043,0.0169355292,0.0170421898,0.0169944931,0.0164316054,0.0165066589,0.0165630952,0.0160909537,0.0160053074,0.0160816573,0.0159617178,0.0163225122,0.0154472925,0.0156352334,0.015314647,0.015853744,0.0156706888,0.0157905985,0.0165237859,0.0155593166,0.0155411027,0.0156693384,0.0158450343,0.0159797333,0.0141750453,0.0154845975,0.0144454595,0.01282667,0.0134845655,0.0119638573,0.00981526915,0.00888880435,0.00444494095,0.00496400613,0.0024821749,,0.00373041769,,0.00168773625,,,,,,,,,,,,,,,,,,,,,,,,,,,-0.0740652382,-0.0702560395,-0.0678202286,-0.0646090508,-0.0619263798,-0.0592005514,-0.05712457,-0.0541728958,-0.0516682528,-0.0494411662,-0.0465554968,-0.0448136181,-0.0424991287,-0.0404613577,-0.0382806025,-0.0367417522,-0.034790311,-0.0321310833,-0.0304994211,-0.0294041708,-0.0273430273,-0.0264492184,-0.0251775421,-0.0235566609,-0.0220312364,-0.0201601833,-0.0188641064,-0.0173803531,-0.0160053857,-0.0144626126,-0.0130886659,-0.0116297305,-0.0104823112,-0.00940084457,-0.00794297457,-0.00721892715,-0.00587265939,-0.00470433384,-0.00333481282,-0.00234838575,-0.000834733248,0.000478215516,0.000931635499,0.00178982317,0.00262328982,0.00299095362,0.0031279847,0.00379735231,0.00453439355,0.00416365266,0.00372774899,0.00356771052,0.00251864642,0.00102564692,-0.00132074952,-0.00579125434,-0.00507494807,-0.00841800869,-0.0102040991,-0.00872386247,-0.00925664604
1120,29.6639996,2026-08-27T10:33:14.635000+0000,-26.6957389,153.3354092,0.0523140766,0.0530619584,0.0478074253,0.0492829643,0.0480447337,0.0476002917,0.0459273085,0.0461235605,0.042216599,0.0412771106,0.038308315,0.0382637978,0.0353158712,0.0351165123,0.0344478898,0.0322245583,0.0318195783,0.0305892676,0.0298277251,0.0292870533,0.0286640786,0.0276619736,0.0273797438,0.0277637504,0.0266206786,0.0256693158,0.0252625141,0.0247811992,0.0242034476,0.0237921141,0.0238206983,0.0241682511,0.0236382037,0.0228342414,0.0226408001,0.0221570153,0.0224491078,0.0212547481,0.0211688187,0.0213648304,0.0213747844,0.0209963676,0.0200328138,0.0208106246,0.0202775057,0.0202237256,0.019475678,0.0193805378,0.019009361,0.0185579974,0.0182749499,0.0175971724,0.0185239799,0.0178185683,0.0177445486,0.017561974,0.0177959241,0.0174219757,0.0177617706,0.0172224287,0.0172971878,0.0176052619,0.0177348629,0.0167741273,0.0179210976,0.0175309256,0.0182938743,0.0184892174,0.0170208961,0.0179291368,0.0183549449,0.0167698376,0.0181756429,0.0154858734,0.0158977155,0.0155803598,0.0146302814,0.0136418696,0.011165957,0.00907319319,0.0109731667,0.00444711931,0.00382057251,0.00641392265,0.000355049619,0.00305370544,0.00485439692,,,,,,,,,,,,,,,,,,,,,,,,,,,-0.0738569945,-0.0704877824,-0.0680219382,-0.0643007159,-0.0618480556,-0.0594222322,-0.0559462681,-0.0539446585,-0.0511600077,-0.0490829423,-0.0470672771,-0.0440753996,-0.0422409177,-0.040793173,-0.0382124372,-0.0364635848,-0.0337521397,-0.0328927934,-0.0308409594,-0.0300254039,-0.0284139663,-0.02676972,-0.025607504,-0.0236161426,-0.0226303302,-0.0208292976,-0.0191934854,-0.0170801468,-0.0165856555,-0.0148033164,-0.0129998028,-0.011761196,-0.0105940402,-0.00910273939,-0.0075949356,-0.00681079179,-0.0055443272,-0.00462581962,-0.00319624692,-0.0016098693,-0.000916406512,0.000286363065,0.000979617238,0.00185775012,0.00245131552,0.00362917781,0.00339657068,0.00436654687,0.00361444801,0.0048949644,0.0041808337,0.0029829368,0.00261643529,-0.000272929668,-0.00112544,-0.00420100242,-0.00870086253,-0.00910034031,-0.0100826547,-0.0106697753,-0.00784169137
1121,29.7999992,2026-08-27T10:33:14.884000+0000,-26.6957389,153.3354092,0.0460443273,0.0600121878,0.0567575991,0.0522630587,0.0539848022,0.0537703186,0.0526274145,0.0483235754,0.0499765389,0.0471270792,0.0464582443,0.0421236604,0.0440557711,0.040406432,0.0384777859,0.0387844183,0.0372194722,0.0366991833,0.0351776332,0.0355769806,0.0349940136,0.0331518911,0.0335397087,0.0321037173,0.0310706459,0.0317693092,0.0308825243,0.0302612334,0.0309435148,0.0297922008,0.0284107961,0.0291183442,0.0282882452,0.0277542565,0.0280308183,0.0275370013,0.0269690957,0.0264247376,0.0259487815,0.0253447965,0.0254847202,0.0252962988,0.0247327946,0.0227107089,0.0224077683,0.0221842676,0.0215565488,0.020681832,0.0199211519,0.0194602907,0.0195875652,0.019429734,0.0200462881,0.019600451,0.018635992,0.0190930013,0.019006554,0.0194123145,0.018901838,0.018382363,0.0187370796,0.0179652758,0.0181850493,0.0180344675,0.0177614596,0.0183612127,0.017943915,0.018689055,0.0187506024,0.0187888164,0.0178746916,0.0176997297,0.0171159599,0.0167368073,0.0165395439,0.0156935398,0.0142253898,0.0146191763,0.0125858299,0.0105466209,0.00890028197,0.00736894598,0.00188754406,0.00435356097,0.00275828503,0.002108983,0.00729007227,,,,,,,,,,,,,,,,,,,,,,,,,,,-0.0739558414,-0.0705966502,-0.0677707344,-0.0650395006,-0.0625068173,-0.0592710003,-0.0566050708,-0.0543435067,-0.0514388606,-0.0493818149,-0.0471861623,-0.0442642793,-0.0426897928,-0.0406920724,-0.0387313738,-0.0365425423,-0.0342910849,-0.0328916088,-0.0309196264,-0.0296638049,-0.027612064,-0.0264074169,-0.0248146839,-0.023642838,-0.0227266438,-0.0208955705,-0.0192399956,-0.0173370317,-0.0162330009,-0.0148310736,-0.0132279843,-0.0119496956,-0.0103828013,-0.00952167809,-0.008013919,-0.00680971146,-0.00604308397,-0.00491439551,-0.00286477059,-0.00183846056,-0.00086517632,0.000647395849,0.00131046772,0.00179852545,0.00199213624,0.00273013115,0.00363787264,0.00446835905,0.00407706946,0.00396874547,0.00447630137,0.00272043049,0.00289639831,0.0011305064,-0.00275825709,-0.00398904085,-0.00643522292,-0.00914113224,-0.0090796575,-0.00961405039,-0.0068949163
1122,29.9389992,2026-08-27T10:33:15.137000+0000,-26.6957389,153.3354092,0.0575345233,0.056342341,0.0467877612,0.053703215,0.0507248528,0.0502003729,0.0447175391,0.0472936258,0.0460665412,0.0422970839,0.0399282128,0.0412635989,0.0397157446,0.0368264131,0.0368777514,0.0356743708,0.0348194391,0.0336291716,0.0336776227,0.0318169929,0.0317940116,0.0316418819,0.0314297341,0.0305437446,0.0308006667,0.0298293531,0.0299425945,0.0284813307,0.0295036249,0.0272223335,0.0274209268,0.0281084776,0.0263783354,0.0269343313,0.0265508909,0.0256970543,0.0249591488,0.0256847888,0.025428813,0.0241248216,0.0244647302,0.02364631,0.0241028443,0.0228708461,0.0225680508,0.021874778,0.0214873403,0.0205329601,0.0203826725,0.020272214,0.0199697111,0.0200018156,0.0197281409,0.0198819395,0.0191071182,0.0193137936,0.0191370323,0.0196825601,0.0188418776,0.0193022992,0.019016996,0.0184752978,0.0186452232,0.0185447633,0.0176717788,0.0194614679,0.01883398,0.018898977,0.0195704456,0.018638663,0.0188646261,0.0170998164,0.0187364314,0.0167378075,0.0171813052,0.0169764161,0.0148698427,0.0146354176,0.0129241506,0.00947781932,0.00936446246,0.00790692586,0.00385963824,0.00576774543,0.00202522194,0.00381735619,0.00805856753,,,,,,,,,,,,,,,,,,,,,,,,,,,-0.0745065585,-0.0716573521,-0.0687114,-0.0657801479,-0.0622974709,-0.0595716387,-0.057065744,-0.0551142246,-0.0518495627,-0.0500325561,-0.0477668941,-0.0450350158,-0.0431805216,-0.0409728326,-0.0389621481,-0.0371933058,-0.0349418633,-0.0320722796,-0.0309401639,-0.0296141058,-0.0279621407,-0.0266871564,-0.0250939988,-0.0237017758,-0.0223052986,-0.0213442296,-0.0189288631,-0.0175262243,-0.0159825608,-0.014480982,-0.0132982209,-0.0115601942,-0.0102435127,-0.00948249549,-0.00779478252,-0.00680050999,-0.00492373109,-0.00405491143,-0.00299523771,-0.0018189624,-0.000445820391,0.000586591661,0.00182955712,0.00205755234,0.00254125148,0.00313939899,0.00384743512,0.00433838367,0.00402776152,0.00538041443,0.00408937037,0.00270516425,0.00210312009,0.000440046191,-0.00231570005,-0.00293260813,-0.00753584504,-0.008998923,-0.00966454297,-0.0109069124,-0.00839711726
1123,30.0790005,2026-08-27T10:33:15.390000+0000,-26.6957389,153.3354092,0.0701350346,0.0720527992,0.0581181869,0.0640134811,0.0610550456,0.059520483,0.0554577932,0.0562637448,0.0562065765,0.0525471196,0.0495782271,0.0508834757,0.0485456735,0.0454164073,0.0456976965,0.044854261,0.0438793823,0.04136917,0.0415176265,0.0408070423,0.0392540582,0.0396118723,0.0382498242,0.038413845,0.0368107744,0.0367995016,0.0360227972,0.0352615789,0.0346139222,0.0338226743,0.0333312675,0.034248814,0.0323285796,0.0326945223,0.0319410786,0.0316772014,0.0305992942,0.030784931,0.0305089075,0.0296649151,0.0296847746,0.029296359,0.0283429958,0.0266711917,0.0258787423,0.0249260161,0.0251992159,0.0238256156,0.0241362602,0.0228867196,0.0227747373,0.0235666726,0.0224524327,0.0230553932,0.0225497372,0.0218256265,0.0221081357,0.0219131317,0.022051964,0.0211221427,0.0226668008,0.0209153537,0.0210756306,0.0219054688,0.0203725342,0.0214820746,0.0220641568,0.0192488246,0.0219001174,0.0223083571,0.019664539,0.0223301053,0.0189476274,0.0198402572,0.0205555465,0.0158432759,0.018860396,0.0165901445,0.0139437327,0.0147441206,0.0111477245,0.00842905231,0.0103813317,0.004344285,0.00434810854,0.00959350914,0.00222489983,,,,,,,,,,,,,,,,,,,,,,,,,,,-0.074879691,-0.0725704953,-0.0691544414,-0.0661131367,-0.0637504682,-0.0612046309,-0.0585287735,-0.0558473617,-0.0529126972,-0.0506657362,-0.0485900789,-0.0457781926,-0.0439937077,-0.042036064,-0.0396854244,-0.038116578,-0.0354051329,-0.0308752991,-0.0298528932,-0.028016299,-0.0263337791,-0.0248180106,-0.0237538777,-0.0220307782,-0.021103628,-0.0196225829,-0.0176777355,-0.0160458311,-0.0147630647,-0.0131722689,-0.0121802911,-0.0107828304,-0.00912663341,-0.00789592415,-0.0066382885,-0.00536386669,-0.00415673852,-0.00326756388,-0.00212778896,-0.000751622021,0.000541187823,0.00133327395,0.00197593868,0.00309389085,0.00384774059,0.00400625914,0.00404501706,0.00520708412,0.00437805802,0.00519298762,0.00420518219,0.00341486931,0.00141748786,0.00137097389,-0.00259771198,-0.00360559672,-0.00764193386,-0.0112585127,-0.010927394,-0.00982509553,-0.0091638118
1124,30.2110004,2026-08-27T10:33:15.634000+0000,-26.6957389,153.3354092,0.046395313,0.0606130622,0.0568783879,0.051623594,0.0536551178,0.0515505336,0.0520579293,0.0478537902,0.0486765727,0.0470071062,0.0457981899,0.0423534028,0.0433656126,0.0416363701,0.0398376361,0.0390541852,0.03746932,0.0367591381,0.0358075909,0.0351170301,0.0341340601,0.0338218473,0.0336298458,0.0322838575,0.0327408016,0.0317595564,0.0319228694,0.0311916824,0.0302940533,0.0308128353,0.0290714297,0.0287989769,0.0295086857,0.0279045999,0.0284711607,0.0276872478,0.0277093388,0.0273449812,0.0267089345,0.0265149456,0.0256347768,0.0252963547,0.0251230448,0.0251613483,0.0249290876,0.02429666,0.0239602085,0.0232070424,0.0233881995,0.0224291738,0.0219674911,0.0230593458,0.0218948107,0.0223073103,0.0217511989,0.0213466547,0.0214887597,0.021763457,0.0213820171,0.0216120593,0.0211666934,0.020425383,0.0204458423,0.0203658435,0.0204029381,0.0210123993,0.0208142344,0.0201687105,0.0207898971,0.0208981335,0.0195244215,0.020070171,0.0189381838,0.0195414834,0.0186377428,0.0176669024,0.0176460464,0.0147380903,0.0151443509,0.0123684378,0.00950587727,0.00966209359,0.00521967048,0.00585532701,0.00449272804,0.00489003211,0.00816162489,,,,,,,,,,,,,,,,,,,,,,,,,,,-0.0740573928,-0.0708581954,-0.0681320876,-0.0652807504,-0.0621580854,-0.0593122616,-0.0568064228,-0.0540350601,-0.0514203981,-0.0489234626,-0.0465978011,-0.0443659276,-0.0418414325,-0.040293809,-0.0382332169,-0.0357243605,-0.0339629091,-0.0310429521,-0.0301603787,-0.0285334736,-0.0271506794,-0.0261344723,-0.0249997936,-0.0239162147,-0.0224986859,-0.0211176388,-0.0191330537,-0.0178815648,-0.0165392756,-0.0150989108,-0.0139973611,-0.0122602358,-0.0109943077,-0.00976374,-0.00811617076,-0.00717166811,-0.00593436509,-0.00491499901,-0.00331517309,-0.00216905028,-0.000976443291,0.000225462019,0.000757969916,0.0024658516,0.00253979862,0.00306849182,0.00365761667,0.00390028208,0.00424211472,0.00380828232,0.00384227186,0.00420408696,0.00163927674,0.0012363866,-0.00205840915,-0.00502133369,-0.00496385247,-0.00816681236,-0.00825188309,-0.00821694732,-0.00721475482
1125,30.3430004,2026-08-27T10:33:15.883000+0000,-26.6957389,153.3354092,0.0543854125,0.0579831563,0.0550884791,0.0541436113,0.0529951453,0.0515905768,0.0509279966,0.0488438159,0.0495065972,0.0476771221,0.0453681611,0.0438733809,0.0432856046,0.0410163663,0.0406376161,0.038944155,0.0384393074,0.0372791328,0.0364275724,0.0354770273,0.0346940607,0.034401834,0.0340098664,0.0329738818,0.0326308087,0.0322495736,0.0313529,0.0311817229,0.0304941051,0.0300428942,0.0303114913,0.0288090371,0.0285087228,0.0282846242,0.0275811888,0.0272372682,0.0272693578,0.0270349979,0.0260289442,0.0255049542,0.0254047774,0.0253663529,0.0245730635,0.0220714081,0.0216192212,0.0221068971,0.0213305764,0.0204675682,0.0205289237,0.019390082,0.0188985094,0.0196503364,0.0188856944,0.0191980172,0.0186217353,0.0184470378,0.0181489903,0.0183635782,0.0182320401,0.017842032,0.018186653,0.0175253917,0.0172859225,0.0173559859,0.0165830851,0.0175225176,0.0178242642,0.0173886735,0.0187998153,0.0170680527,0.0170443822,0.0166102033,0.0169983916,0.0166719425,0.0149185611,0.014438251,0.0141581446,0.0136010386,0.010498289,0.0110537447,0.00798260421,0.00623062905,0.00394016365,0.00154682482,0.00326554058,0.00407354254,0.00190520845,,,,,,,,,,,,,,,,,,,,,,,,,,,-0.0736484751,-0.0706292689,-0.0674331486,-0.0641518086,-0.0613191351,-0.058313299,-0.0555174835,-0.0537861362,-0.0514914766,-0.0486245416,-0.0463788956,-0.0440270118,-0.0419025235,-0.0398149192,-0.0374643169,-0.0355354734,-0.0328840204,-0.0317840092,-0.0305213854,-0.0290743746,-0.027491454,-0.0261450969,-0.0251002088,-0.0230064616,-0.0219587758,-0.020237729,-0.0184332505,-0.0167319104,-0.0154398084,-0.0141695924,-0.0122782066,-0.0107312053,-0.00916537642,-0.00849488378,-0.00675732642,-0.00574278831,-0.00392542034,-0.00325597823,-0.00182612985,-0.000560022891,-0.000227496028,0.00158435106,0.00241680443,0.00313464552,0.00397862494,0.00448740274,0.00434666127,0.00419953465,0.00535170734,0.00514833629,0.00318296254,0.00430557877,0.00218170881,-0.000879831612,-0.000973187387,-0.00463426113,-0.00803539157,-0.00897701085,-0.00994068384,-0.0113147497,-0.010672234
1126,30.4780006,2026-08-27T10:33:16.136000+0000,-26.6957389,153.3354092,0.0533555001,0.05011319,0.0501585044,0.0504136384,0.0488051623,0.0478305742,0.0483980104,0.0461238213,0.044376567,0.0422170907,0.0404981486,0.0390133411,0.0359555855,0.0350263529,0.0344275981,0.032994125,0.0324092805,0.0318691209,0.0302475709,0.0294270292,0.0288140532,0.0287018269,0.0277498569,0.0276438668,0.0271907952,0.0270295721,0.0264129136,0.0260917414,0.0252941269,0.0249029212,0.0244015176,0.0237690601,0.0244687367,0.0235746372,0.0233111978,0.0229672696,0.0222093668,0.0226150043,0.0224689431,0.021904951,0.0215247683,0.0209163427,0.0201830734,0.0214414354,0.0208292902,0.0203870367,0.0202507898,0.0196178779,0.0195393451,0.0187906194,0.0184491184,0.0184409264,0.0182462204,0.0182484537,0.0178820658,0.0178272724,0.0179391298,0.0176936537,0.0178220533,0.0174920149,0.0173766296,0.0174653959,0.016905969,0.0172060654,0.0172431748,0.0171725843,0.0182242785,0.0176386423,0.0171997566,0.0180779919,0.0167943388,0.0165501982,0.0160584915,0.0165921841,0.0159990191,0.015209021,0.0146593638,0.0129727647,0.011930611,0.00883688871,0.00693659717,0.00566571439,0.00395643059,0.00373369828,0.00375322765,0.00213168212,0.00412341673,,,,,,,,,,,,,,,,,,,,,,,,,,,-0.0740754828,-0.0709462687,-0.0680201426,-0.0648787916,-0.0618761182,-0.0593502931,-0.0565444827,-0.0541831404,-0.0519484915,-0.0496515632,-0.0471159071,-0.0446540266,-0.0428895354,-0.0408619232,-0.0386313461,-0.0367624946,-0.0344710387,-0.0325310081,-0.0306283385,-0.0293712728,-0.0284182876,-0.0269518234,-0.02573682,-0.0239129625,-0.0227652043,-0.0205841549,-0.0186397135,-0.0174284577,-0.0160564743,-0.0138263628,-0.0130050704,-0.0112081319,-0.00994237512,-0.00859191269,-0.00732436031,-0.00640981644,-0.00511238724,-0.00389292091,-0.00254306942,-0.00141697377,-0.00039447844,0.00124732405,0.00165972114,0.00279756635,0.00298155099,0.00331036747,0.00336971134,0.00383272022,0.00384505838,0.00478196144,0.00394699723,0.00330008566,0.00251678377,-0.000743970275,-0.00112646073,-0.00394644588,-0.00699669123,-0.0090675205,-0.00911033899,-0.0119837597,-0.00909104943
1127,30.6149998,2026-08-27T10:33:16.393000+0000,-26.6957389,153.3354092,0.0512655713,0.0506032892,0.0543285869,0.0491637141,0.0506451838,0.0485305861,0.049788069,0.0465738513,0.0453965738,0.0436970964,0.0422081277,0.0378033221,0.0383255519,0.0375363268,0.0344975702,0.0341140814,0.0330092572,0.0323091,0.0309675429,0.0310870223,0.0299540386,0.0287917908,0.0291998573,0.0289038792,0.0280707963,0.0279995874,0.0270729288,0.0256117694,0.0256341696,0.0262829792,0.0236515664,0.0250291191,0.0243287738,0.0238746572,0.0230012219,0.0227472801,0.0231893752,0.022315016,0.0220889393,0.021904951,0.0214447509,0.0209163297,0.0209730808,0.0198614858,0.0190194193,0.0185872838,0.0184711851,0.0177084506,0.0172201209,0.017081609,0.0162602309,0.0169320181,0.0166271888,0.016649235,0.0163126644,0.0158876907,0.0156793892,0.0162737872,0.0160720777,0.0156519841,0.0158565845,0.0160554051,0.0154360533,0.0149262128,0.0162833352,0.0149827134,0.0159043036,0.0167585891,0.0159796551,0.0163978804,0.0162542686,0.0150601957,0.0162886791,0.01397264,0.0146398637,0.0134404423,0.0114016049,0.0137759373,0.00895486865,0.00745265,0.00594392093,0.00406502699,0.00330790319,8.62842426e-05,,,0.00468841195,,,,,,,,,,,,,,,,,,,,,,,,,,,-0.0755949989,-0.0731857792,-0.0700596347,-0.0661582649,-0.0635555983,-0.0604297742,-0.0574939623,-0.0551926494,-0.0523580089,-0.0506810844,-0.0483254343,-0.0456535481,-0.0438990705,-0.0416114628,-0.0390508957,-0.0373220406,-0.0349505991,-0.0309505016,-0.029587768,-0.0277005732,-0.0261374786,-0.0248408467,-0.0235056244,-0.0221015513,-0.0209536403,-0.0188725851,-0.0181982629,-0.01602716,-0.0148553625,-0.0134654269,-0.0114543065,-0.0106975138,-0.00937186927,-0.00821147114,-0.00668395311,-0.0052793771,-0.00471186638,-0.00298231095,-0.00133243948,-0.000566355884,0.000326037407,0.0012377575,0.00237011164,0.00308790803,0.00400192291,0.00414080173,0.00421029329,0.00436353683,0.00389622152,0.0043336302,0.00377938151,0.00316333026,0.00264107436,0.000441797078,-0.00238911808,-0.00385707617,-0.00765576959,-0.00835510343,-0.00898634642,-0.010258697,-0.00838556886
1128,30.7380009,2026-08-27T10:33:16.634000+0000,-26.6957389,153.3354092,0.0648659766,0.0510436632,0.049718976,0.0548739322,0.049415309,0.0485706665,0.0463482589,0.0477139354,0.0436365716,0.0429870896,0.0395681113,0.0412331857,0.0371154733,0.0361462981,0.0361974947,0.0342039689,0.0330791734,0.0319290571,0.0322275087,0.0301570185,0.030224042,0.0297517665,0.0279299114,0.0281239264,0.02748085,0.0274996702,0.0264030583,0.0262619443,0.0268243831,0.0244732331,0.0251318254,0.0250393711,0.0240889471,0.0237947907,0.0238313545,0.0231173728,0.0223494638,0.0223751068,0.0217689872,0.0218149964,0.0217547622,0.0213163458,0.0213631727,0.019861741,0.0189299583,0.0192082785,0.0177827068,0.0184006337,0.017663084,0.01651535,0.0173444171,0.016506074,0.0161007978,0.0170521419,0.016374873,0.0154392458,0.0157503262,0.0160142779,0.0158121586,0.0157918595,0.0153064197,0.015365446,0.0156063847,0.0153267933,0.0150739532,0.0158832092,0.0149944313,0.0158784296,0.0159793347,0.0150775649,0.015064124,0.0158403404,0.0138595682,0.0154945608,0.0136432629,0.0124860192,0.0122302594,0.0100780809,0.00957107265,0.010194473,0.00442156661,0.00622009393,0.00269100675,,,0.00108198938,,,,,,,,,,,,,,,,,,,,,,,,,,,,-0.0752258748,-0.0729466528,-0.0690804124,-0.066369012,-0.0634763539,-0.0610405169,-0.0579947606,-0.0554535165,-0.0527288727,-0.0504619926,-0.0480863452,-0.045594465,-0.0436899811,-0.0416624211,-0.0394818895,-0.0377830453,-0.0351815857,-0.0324812755,-0.0304683112,-0.0297906697,-0.0280371159,-0.0265898146,-0.0252037793,-0.0244189836,-0.0224204883,-0.0203994438,-0.0184655227,-0.0166750439,-0.0158839859,-0.0139147118,-0.0127942488,-0.0113879368,-0.010062702,-0.00877255201,-0.00761511177,-0.00614040345,-0.00489262491,-0.00399278104,-0.0022528097,-0.0010368377,5.30481339e-06,0.000516727567,0.00187882036,0.00181655586,0.00295068324,0.00344987214,0.00405992568,0.00453409553,0.00315809995,0.00496737659,0.00397583842,0.00255303085,0.00337468088,-0.000689104199,-0.00224410743,-0.002994515,-0.00815743953,-0.00772129744,-0.00984680653,-0.0122151673,-0.00710070133
1129,30.8589993,2026-08-27T10:33:16.883000+0000,-26.6957389,153.3354092,0.0387062021,0.0563837923,0.0510290973,0.0453839973,0.0482053533,0.0454907194,0.0472783446,0.0396539569,0.0433665551,0.0397870876,0.040418081,0.034053117,0.0354654193,0.0359462686,0.0311674438,0.0320238955,0.0306691341,0.0295190327,0.0282774772,0.0282370076,0.0278140344,0.0259417314,0.0266899168,0.0257039256,0.0259408504,0.0246997029,0.0250831023,0.0239519998,0.0226744525,0.0243933201,0.0224419143,0.0222694632,0.022799002,0.0220148284,0.021691395,0.0208273921,0.021109486,0.0203651246,0.0200389903,0.020445006,0.0194347519,0.0193563309,0.0189331863,0.0180418305,0.018310165,0.0171786714,0.01631332,0.0168815181,0.0160242934,0.0159868877,0.0156761482,0.0145577537,0.0153322946,0.0155533599,0.0147758015,0.0151598966,0.0150707243,0.0150744868,0.0150021948,0.0148418099,0.0144063514,0.01426546,0.0147165153,0.0137670245,0.0142642027,0.0151234083,0.0134544745,0.016198352,0.0157291833,0.0133974105,0.0152640278,0.0151303569,0.0129498802,0.0153352953,0.0125646014,0.0121982535,0.0132437637,0.0088530248,0.00966770016,0.0080634281,0.00180293387,0.00454453705,0.000158784911,0.000292975456,0.00318165333,,,,,,,,,,,,,,,,,,,,,,,,,,,,,-0.0758144334,-0.0730752274,-0.0688389465,-0.0666775256,-0.0639148653,-0.060669031,-0.0583832785,-0.0551220924,-0.0536574274,-0.0514805838,-0.0488349162,-0.0461230502,-0.0441285558,-0.0417010151,-0.0401704982,-0.0381116644,-0.0358102098,-0.0324298143,-0.0306967385,-0.0293789059,-0.0282451734,-0.0267776065,-0.0256912373,-0.0245061219,-0.0234473795,-0.0208063237,-0.0198225789,-0.0177123509,-0.0164616108,-0.0150725879,-0.0142224133,-0.0122263059,-0.0112812296,-0.00996118039,-0.00842379034,-0.00707903504,-0.00637112558,-0.00527117401,-0.00375118107,-0.00258522481,-0.00109320879,-0.000431910157,0.000840082765,0.000747777522,0.00207196176,0.00280124694,0.00376154482,0.00350605696,0.00415059924,0.00456067175,0.00248024613,0.00407878309,0.00214203447,0.000410534441,-0.00106202811,-0.00556931645,-0.00585984439,-0.00703140348,-0.0116645098,-0.0108311698,-0.0092761144
1130,30.9829998,2026-08-27T10:33:17.143000+0000,-26.6957389,153.3354092,0.0634463578,0.0387039632,0.0566892326,0.0519140661,0.0461054072,0.0444307365,0.0482184254,0.0476439893,0.0395665728,0.0407170914,0.0396980606,0.0412030816,0.0322453864,0.0373062417,0.0341073982,0.0319438428,0.0306590926,0.0307090003,0.0297474526,0.0276769996,0.0288140289,0.0274817124,0.0266799275,0.0261839293,0.0258308593,0.0255797189,0.0247831494,0.0259020589,0.0240445323,0.0234334189,0.0245820154,0.0220395662,0.0222490653,0.0223848782,0.0213014409,0.0210474208,0.0214695185,0.0214951523,0.0195590034,0.0205050148,0.0202747434,0.0192663204,0.0192432161,0.0210419279,0.0206703916,0.0208490919,0.0189339798,0.018562464,0.0190255772,0.0171885155,0.0185279753,0.0182095375,0.0172938835,0.018174639,0.0175367799,0.0171205886,0.0172811411,0.0174247045,0.0164322332,0.0170917567,0.0176162794,0.0158554781,0.0163766574,0.0169372763,0.0149944695,0.0180436186,0.0170545261,0.0154782711,0.0191990286,0.0147572514,0.0156139387,0.018730389,0.0140002323,0.0163960867,0.0140060391,0.0124906413,0.0152774993,0.0114982929,0.00886474736,0.0124229398,0.00256500114,0.00791986566,0.00530765066,,0.005184724,0.00112934946,0.000191770028,,,,,,,,,,,,,,,,,,,,,,,,,,,-0.0735555217,-0.0701363236,-0.0673700124,-0.0641585737,-0.0621658936,-0.0584800728,-0.0562643483,-0.0532931834,-0.0507785268,-0.0487016886,-0.046296034,-0.0437441617,-0.0418996662,-0.039452143,-0.0375516489,-0.0356028154,-0.0340113565,-0.0327208824,-0.0316076912,-0.0304696634,-0.028675735,-0.0280278735,-0.0259511396,-0.024555698,-0.0234067142,-0.0215056613,-0.0195920765,-0.0183121264,-0.0171816908,-0.0155529827,-0.0139030926,-0.0124571919,-0.010842301,-0.00972237438,-0.00857500732,-0.00679019094,-0.00626216084,-0.0052420795,-0.00380204618,-0.00246614218,-0.00138425082,-0.000533081591,0.000808797777,0.00151646137,0.00245069712,0.00231009722,0.00312064588,0.00416555256,0.00408066064,0.00437156111,0.00405232608,0.00270226598,0.00313722342,-0.000861860812,-0.00135182589,-0.00362579525,-0.00837379694,-0.00959289819,-0.00999348611,-0.0106283501,-0.0091226846
1131,31.1040001,2026-08-27T10:33:17.392000+0000,-26.6957389,153.3354092,0.0652065054,0.0454741046,0.0528093204,0.0537441783,0.0492554381,0.0482207574,0.0484784916,0.0501540303,0.0438265465,0.0428670906,0.0412180237,0.0408630222,0.0357953496,0.0383462235,0.0359273665,0.0348137952,0.0333290659,0.0322989821,0.031437438,0.0308170021,0.0302240215,0.0296616927,0.0291999374,0.0287139527,0.0280708764,0.0273197554,0.0271631889,0.0275821164,0.0251946077,0.0263635032,0.0253920965,0.0238396507,0.0246191211,0.0234949216,0.0232314803,0.0225174483,0.0229595434,0.0225451831,0.0216190144,0.0215850286,0.0210547373,0.020446321,0.0202632435,0.0187520161,0.0186305735,0.0180394258,0.0173144974,0.0171132032,0.0169965867,0.0159897916,0.0154894022,0.0162209254,0.0158951133,0.0158356372,0.0150375376,0.0149711203,0.0152114676,0.0150348721,0.015212263,0.0151917171,0.0153662218,0.0149054909,0.014516768,0.0148174716,0.01408468,0.0155437896,0.0149345677,0.0143682165,0.0159489196,0.0144871417,0.0153038828,0.0149604296,0.0133905252,0.0140567319,0.0128271878,0.0115925316,0.0121004395,0.0100024212,0.00819026399,0.00801037531,0.00297442591,0.00578182237,0.000162354205,,0.00312267081,3.82752623e-05,,,,,,,,,,,,,,,,,,,,,,,,,,,,-0.0736906305,-0.0703614354,-0.0672850981,-0.0642336458,-0.0619409643,-0.0585751459,-0.0567994341,-0.0533882864,-0.0505936369,-0.0486668199,-0.0462311581,-0.0436992943,-0.0420847982,-0.0398372933,-0.0378968045,-0.035677962,-0.0338565186,-0.0312459692,-0.0303626955,-0.0287245177,-0.0274504274,-0.026752349,-0.0250453316,-0.0239596404,-0.0226804614,-0.0207793936,-0.0191859677,-0.0182262175,-0.0170560367,-0.0155075416,-0.0141578801,-0.0120521486,-0.0111174062,-0.00967755169,-0.00836022198,-0.00730536133,-0.00596723706,-0.00480706245,-0.00345699489,-0.00270111114,-0.00101932138,0.000141754746,0.00148354471,0.00179117173,0.00232545286,0.00343494862,0.00370569527,0.0038209185,0.00423648208,0.00420800596,0.00402970612,0.00425074995,0.000887036324,0.00111983716,-0.00155812502,-0.00469952822,-0.00683551282,-0.00911279023,-0.00944140553,-0.00991488993,-0.00764875859
1132,31.2290001,2026-08-27T10:33:17.640000+0000,-26.6957389,153.3354092,0.0557965301,0.049674131,0.0522493757,0.0524641946,0.0481254682,0.0476607792,0.0475885309,0.04626403,0.044476565,0.042067077,0.0415280238,0.0382830203,0.0352453403,0.0368362255,0.0345873572,0.0337637849,0.0323890485,0.032038983,0.0307074413,0.0304570049,0.0290840231,0.0290816911,0.0284299385,0.0283239484,0.0277708899,0.026639767,0.0267932005,0.0261821356,0.0253746305,0.0256835334,0.024492126,0.024309678,0.024319144,0.0231949314,0.0235214941,0.0230374578,0.0224295575,0.0220751967,0.0220090188,0.0216650367,0.0212847367,0.0209963229,0.0208932534,0.021602042,0.0213806406,0.0212495476,0.0205646846,0.019713467,0.0199369453,0.0188102461,0.0188299119,0.0191014186,0.0182755589,0.0186659899,0.0184978042,0.0183113124,0.0180915818,0.018154934,0.0180322733,0.0180016998,0.0174362045,0.0178054962,0.0174068101,0.0175875425,0.017274756,0.0175638478,0.0172745828,0.0180181954,0.018378878,0.0183571018,0.0163838621,0.0179204457,0.0165306292,0.0165769607,0.0158275962,0.0141532067,0.0144114895,0.0137138953,0.0114122322,0.0105930287,0.0085977884,0.00691608991,0.00276760058,0.00306549389,0.00179907423,0.00421503186,0.00592758739,,,,,,,,,,,,,,,,,,,,,,,,,,,-0.0730571672,-0.0702079684,-0.0669916272,-0.063530162,-0.0613874905,-0.0587616637,-0.0557759553,-0.053304825,-0.0506901816,-0.0478133634,-0.0458377078,-0.0427858308,-0.0406013355,-0.0390238352,-0.0365533605,-0.0346145108,-0.0320230648,-0.032702487,-0.0315091945,-0.0297309533,-0.0287168138,-0.0272686519,-0.0252115354,-0.0239657648,-0.0228265114,-0.0212654434,-0.019882068,-0.0180023946,-0.0166923068,-0.0150638893,-0.0139642991,-0.0125086382,-0.0111039355,-0.00979411602,-0.00837679207,-0.00763191283,-0.00593375415,-0.00492354482,-0.00349347293,-0.00249760598,-0.00133583695,-0.000584803522,0.000756956637,0.0022745803,0.00321886688,0.00310841203,0.00368921459,0.00385455787,0.00400026888,0.0046120286,0.00340404361,0.00384550542,0.00200226903,0.000215724111,-0.00126150995,-0.0048019737,-0.00818728656,-0.0088038668,-0.0107518137,-0.00889480114,-0.00899848342
1133,31.368,2026-08-27T10:33:17.889000+0000,-26.6957389,153.3354092,0.0484570749,0.0527346767,0.048759792,0.0506044514,0.0492056422,0.0486808755,0.0488388091,0.0461441278,0.0449265502,0.0414970778,0.0402079634,0.0388528518,0.0367652364,0.0358761624,0.0342972539,0.0341036171,0.0323689394,0.0321989357,0.0307773761,0.0308970064,0.0295540206,0.0287816301,0.0281200055,0.0279240124,0.027070934,0.0266198814,0.0263033733,0.0258923601,0.0255449098,0.0251638722,0.0237324666,0.0242300183,0.0233993623,0.0229650997,0.0228616595,0.0225175712,0.0219896678,0.0217753034,0.0217790753,0.0205050893,0.0211347416,0.0201263186,0.0197033659,0.0201723818,0.0197313633,0.0195308942,0.0186367501,0.0184864346,0.0173909795,0.0177753381,0.0171556287,0.016896965,0.0168204866,0.0170199685,0.0170008261,0.0165734366,0.016082868,0.0162956063,0.0159023833,0.0160015356,0.0157459807,0.0159355551,0.0149072567,0.0150183253,0.0159155969,0.015564519,0.0156747513,0.0160179716,0.0156484302,0.0149566513,0.0160936378,0.014410615,0.0163818058,0.0143195372,0.0135621894,0.0140507668,0.0108332485,0.0102004157,0.0100242961,0.00549276406,0.00864547491,0.00247391453,0.000246398151,0.00387989148,,0.000680743717,0.00176369259,,,,,,,,,,,,,,,,,,,,,,,,,,,-0.0749456137,-0.0718563944,-0.0694799349,-0.0656884313,-0.0632657558,-0.0604699329,-0.0576442741,-0.0550932661,-0.0530186109,-0.050251849,-0.0483561829,-0.0455443189,-0.0438198224,-0.0415623784,-0.0392719507,-0.0369831175,-0.0352216661,-0.033440806,-0.0317671783,-0.0300883241,-0.0286035575,-0.0273745172,-0.026056271,-0.0242894851,-0.0230494477,-0.0213883929,-0.0201655701,-0.0187567323,-0.0170976594,-0.0154001266,-0.0136414319,-0.0125464499,-0.0109023154,-0.0101428181,-0.00868561119,-0.00716058165,-0.00641202182,-0.00500141084,-0.00345124304,-0.00250546634,-0.00054410845,0.000196546316,0.00122797489,0.00147546828,0.00217992812,0.00320986658,0.00338146091,0.00458803028,0.00396552682,0.0042398721,0.00425557792,0.00263145566,0.00308354199,0.000794515014,-0.00226466358,-0.00424482673,-0.00745222718,-0.00893133134,-0.0104214102,-0.0119688958,-0.0102407709
1134,31.5079994,2026-08-27T10:33:18.143000+0000,-26.6957389,153.3354092,0.0502072796,0.0557748228,0.0573100075,0.0497145392,0.0528457016,0.0503509231,0.0522989035,0.0457041711,0.0468465649,0.0445970856,0.041907955,0.0389427915,0.040215198,0.0381961465,0.0354372077,0.0353935473,0.0341888927,0.0330689028,0.0327473618,0.0318170041,0.0310440324,0.0298016071,0.0303500164,0.0289940275,0.0286409575,0.0274899118,0.027733434,0.0263424441,0.0265350193,0.0261039995,0.0251325928,0.0255701374,0.0243094526,0.0237051621,0.0237417258,0.0232476126,0.0227197092,0.023045348,0.0224490985,0.0213451125,0.0216647387,0.0206763204,0.0208034106,0.0193825066,0.0190216415,0.0189813972,0.0175575279,0.0178775452,0.0173124857,0.0164472535,0.0164377689,0.0161890406,0.0159823336,0.0165414549,0.0157219656,0.0154542401,0.0158833545,0.0158858597,0.0154824238,0.0156014692,0.0157058947,0.0147855738,0.014127424,0.0148386173,0.0143359108,0.0148247723,0.0153048132,0.0143978884,0.0153882615,0.0148064848,0.0133735528,0.0152006773,0.0145622492,0.0140605038,0.0132939098,0.0122836009,0.0121776592,0.00923661049,0.00892257039,0.00815391541,0.00456960779,0.00294184824,0.00350845233,,,0.000569135416,0.00106223067,,,,,,,,,,,,,,,,,,,,,,,,,,,-0.0755422786,-0.0725130737,-0.0696665719,-0.0666350424,-0.0640823618,-0.060946539,-0.0585609004,-0.0561999269,-0.0533352867,-0.0511985347,-0.0492528826,-0.0463210121,-0.0443365201,-0.0425390974,-0.0399386883,-0.0383398533,-0.0356784016,-0.0335174426,-0.03179368,-0.030654598,-0.028879609,-0.0273802206,-0.0259015635,-0.0250443965,-0.023434069,-0.0215130039,-0.0202603824,-0.0179918706,-0.0167831741,-0.0151959807,-0.0138876215,-0.0123728886,-0.0106689632,-0.00928960741,-0.00818242878,-0.0068673268,-0.00589862466,-0.00449787825,-0.00343764573,-0.00211193413,-0.000770717859,9.97930765e-05,0.00100108981,0.00227855891,0.00300307572,0.00285314769,0.00338504463,0.00435207039,0.00417024642,0.00424556434,0.00422265381,0.00313019007,0.00263427198,0.000928044319,-0.00298810005,-0.00370440632,-0.00727886707,-0.00926513225,-0.00832228363,-0.0104677156,-0.00724887103
1135,31.6450005,2026-08-27T10:33:18.392000+0000,-26.6957389,153.3354092,0.041137509,0.0642150268,0.0510501377,0.0462246761,0.052115757,0.0488609672,0.0476090163,0.0411742255,0.0452365503,0.0419470891,0.0400279388,0.0351926982,0.038885165,0.035086114,0.0329671614,0.0328934826,0.0323888473,0.0310888886,0.0296973363,0.0308369938,0.0287340209,0.0277215894,0.0279400367,0.0260740425,0.0267009754,0.0256599523,0.0264134966,0.0250725206,0.0247351173,0.02578412,0.0225127097,0.0232102666,0.023179533,0.0222252235,0.0226417817,0.022077648,0.0219197478,0.020715382,0.0210891161,0.0207451247,0.0197247379,0.0200563148,0.0196334478,0.0187526308,0.0186219085,0.0178018939,0.0183283016,0.0175686572,0.0167139992,0.0172491595,0.0159099102,0.0165511239,0.0172541793,0.0159929469,0.0159531012,0.0157750342,0.0154338395,0.0159561113,0.016212469,0.015521409,0.0158558134,0.0157955959,0.0146575905,0.0144389095,0.0157462247,0.0144050214,0.0155948736,0.016757803,0.0152380904,0.0170263108,0.0165334586,0.0127507281,0.0167726744,0.0126314517,0.0132856146,0.0139664169,0.0129520483,0.0111827832,0.0122508211,0.00527504273,0.00811371673,0.00306975935,0.000310482923,0.00397817604,0.00213470589,,0.00385079114,,,,,,,,,,,,,,,,,,,,,,,,,,,-0.0749429315,-0.0712337196,-0.0693671852,-0.0655256212,-0.0630229488,-0.0604471266,-0.0573715121,-0.054630585,-0.0528159253,-0.0501692183,-0.0478335544,-0.0455816835,-0.0431871898,-0.0409997925,-0.0392994061,-0.0366605595,-0.0344891027,-0.0323180519,-0.0306441598,-0.0294448435,-0.028239619,-0.0267098993,-0.0251708291,-0.0238132775,-0.0222526491,-0.0205815919,-0.0189091899,-0.0172809847,-0.0158926584,-0.0141858123,-0.0128377825,-0.0117832944,-0.0101895854,-0.00904035568,-0.00733321905,-0.00648806244,-0.00525921583,-0.0038183108,-0.00245805085,-0.0012023747,-0.000201299787,0.000609055161,0.00171022862,0.00252765417,0.00304222852,0.0031324476,0.00410462916,0.00432211161,0.00499096513,0.00516723096,0.0042257309,0.00404492021,0.00132099539,0.000877581537,-0.00107553601,-0.00516798347,-0.00648947805,-0.00704291463,-0.0107971281,-0.00736048818,-0.00583094358
1136,31.7770004,2026-08-27T10:33:18.640000+0000,-26.6957389,153.3354092,0.0477783158,0.0473057181,0.0531207807,0.0463550687,0.0472859889,0.045211114,0.0454194173,0.0432943702,0.0416665599,0.0400970802,0.038557861,0.0375924744,0.0348749869,0.0352460444,0.033087004,0.0323032513,0.0305786915,0.0306588076,0.028817255,0.0289770011,0.0283540264,0.0267015118,0.0266801175,0.0267741326,0.0258310493,0.0253701191,0.0250737313,0.0247828383,0.0240255091,0.0242245924,0.0235931836,0.0231407359,0.022789849,0.0221554618,0.0221320186,0.0220878124,0.0209499002,0.0208855402,0.021099193,0.0205152035,0.0200447328,0.0193463191,0.0190836042,0.0185931046,0.0187829304,0.0182037894,0.0177812241,0.0174228419,0.0167896841,0.0160763469,0.0152179655,0.0162389427,0.0152711328,0.0158485603,0.0156473629,0.0151680354,0.0150156533,0.0152270617,0.015212629,0.0151111698,0.0149554964,0.0147056729,0.0144482246,0.0149700167,0.0141774081,0.0151759684,0.0151351122,0.0146474857,0.0150174573,0.0150756752,0.0143231452,0.0156209674,0.0136243328,0.0134650879,0.013932094,0.0117270816,0.0122786388,0.00997608993,0.00834194757,0.00817699358,0.00424688542,0.00423722761,0.0036034286,0.000439031515,0.00183598755,,0.00211815489,,,,,,,,,,,,,,,,,,,,,,,,,,,-0.0746710375,-0.0715618208,-0.0687551349,-0.0653134957,-0.0630008131,-0.0599649958,-0.0571294576,-0.0547586828,-0.0519240424,-0.0497373939,-0.0476217344,-0.045839861,-0.0433353819,-0.041388046,-0.0394177437,-0.0376189053,-0.03509745,-0.030816,-0.0291416347,-0.0275114588,-0.0261453576,-0.0247943811,-0.0229337141,-0.0211847462,-0.0204130262,-0.0187019594,-0.016490344,-0.0152733289,-0.013916418,-0.0123808309,-0.0112140775,-0.00943054259,-0.00844761729,-0.00693885982,-0.00596188754,-0.00503648072,-0.00356708467,-0.00270563364,-0.00181521475,-0.00142968446,-0.000289171934,0.000330626965,0.000991329551,0.00221858174,0.00310341269,0.00298418105,0.0027474761,0.00396668911,0.00371807069,0.0039479807,0.00366167724,0.00378711522,0.00166068971,0.000177867711,-0.00171387941,-0.00391178578,-0.00616212934,-0.00850498676,-0.00899813324,-0.0100537539,-0.00610161573
1137,31.9009991,2026-08-27T10:33:18.889000+0000,-26.6957389,153.3354092,0.0582482964,0.0514157601,0.0510207862,0.0519450791,0.0494759716,0.0486811064,0.0466593876,0.0481743626,0.0433865413,0.0435470566,0.0400878191,0.0408924446,0.0364749432,0.0361560099,0.036666967,0.0337431915,0.0337686613,0.0318387598,0.0317572132,0.0310869683,0.0306839757,0.0295414645,0.0291900765,0.0284040887,0.0283510219,0.0282900762,0.0271636955,0.0275628082,0.0266354773,0.0250645634,0.0263731629,0.0251107104,0.0249998178,0.0243154299,0.0236619953,0.023617778,0.0236198716,0.0229755025,0.0226091575,0.0227351747,0.0219046921,0.0214562751,0.0215135626,0.0227830671,0.0223329086,0.0221937876,0.0217312463,0.0204028971,0.0204697773,0.0201564878,0.0195181463,0.0196191389,0.0194113199,0.0196387228,0.0186674986,0.0189381409,0.0186257195,0.0186270997,0.0182626434,0.0186611693,0.0185354874,0.0177856665,0.0182082262,0.0172500294,0.0179874226,0.018205978,0.0177850947,0.0181574393,0.0188273881,0.0181155894,0.0183630437,0.0169908553,0.0173842348,0.0171850156,0.0154820718,0.014877148,0.0152688399,0.0122664534,0.0122725051,0.0104578212,0.00821799692,0.00536870398,0.00295533333,0.00411117729,0.00250849803,0.000427134801,0.00248109316,,,,,,,,,,,,,,,,,,,,,,,,,,,-0.0724238306,-0.0693646297,-0.0663079172,-0.0631462857,-0.0605036169,-0.0574377924,-0.0553622544,-0.052931495,-0.050276842,-0.0481902063,-0.0456045456,-0.0432226621,-0.0412581824,-0.0391008556,-0.0367305651,-0.0353717282,-0.0334202796,-0.0307988115,-0.0294144377,-0.0281242244,-0.0269381292,-0.0255271159,-0.0246964023,-0.0233973935,-0.0219656304,-0.0201245472,-0.0188729279,-0.016785942,-0.0157190673,-0.0142235123,-0.0130467862,-0.0116432756,-0.0100303665,-0.00870162994,-0.00743467361,-0.00614927709,-0.0049598664,-0.00405839831,-0.00238797814,-0.00160245597,-0.000661969185,0.000607810915,0.00154849142,0.0022957325,0.00280053169,0.00352130085,0.0042745918,0.00411382318,0.00428525358,0.00511522591,0.00445904583,0.00376462191,0.00180838257,-0.000104181468,-0.00131563842,-0.00415316969,-0.00807321072,-0.00812578201,-0.0100585446,-0.00978385657,-0.00529152155
1138,32.0239983,2026-08-27T10:33:19.137000+0000,-26.6957389,153.3354092,0.054038424,0.0569058768,0.054240901,0.0532151312,0.0529760122,0.051001139,0.0490794517,0.0466743596,0.0464265123,0.0447170213,0.0422777794,0.0416623913,0.0392749198,0.0381759778,0.0367969237,0.0357531384,0.0345286094,0.0334187299,0.0323071852,0.0325469337,0.0315239653,0.0303814281,0.0310300626,0.0295740739,0.0291310139,0.0295500793,0.0280237086,0.0272728316,0.027975522,0.0260146223,0.0266932156,0.0262907725,0.0253098477,0.0252154488,0.0249320101,0.0245177839,0.0240698773,0.0233555119,0.0233691465,0.023205163,0.0227646772,0.0226362552,0.0216735695,0.0216831174,0.0214630552,0.0207840726,0.0203417055,0.0195735563,0.0189106911,0.0188276544,0.0183494594,0.0184804238,0.018212473,0.0185396522,0.0182382092,0.0176686458,0.0178860277,0.0177672617,0.0182326753,0.0176111367,0.0177154336,0.0165156722,0.0169383232,0.0170802046,0.0168776102,0.017276125,0.0183951221,0.0164773725,0.018127257,0.0172254518,0.0161329452,0.0174908359,0.0161544345,0.0155655295,0.0168530419,0.0139587978,0.0140814586,0.0136001706,0.00873750728,0.0106346002,0.005696618,0.00589967752,0.00489886943,0.00115603395,0.00289511681,0.0051847361,0.00213885261,,,,,,,,,,,,,,,,,,,,,,,,,,,-0.0735263228,-0.0712371245,-0.0676403865,-0.0646287352,-0.0619960651,-0.0590502359,-0.0568847135,-0.0545539781,-0.0515893251,-0.0497827083,-0.0475070514,-0.0445951819,-0.0426206924,-0.0409133695,-0.0383730866,-0.0367042534,-0.0343228132,-0.031691283,-0.0302368291,-0.0287064947,-0.0273902416,-0.0263690092,-0.0249880515,-0.0238088071,-0.0225968398,-0.0209957436,-0.019444257,-0.0176474489,-0.0169908144,-0.0147854723,-0.0139489509,-0.0130456015,-0.0116828382,-0.0100841746,-0.00896724313,-0.00761181116,-0.00646231323,-0.00563076138,-0.00402030349,-0.0025748238,-0.00135441869,-0.000624738634,0.000745862722,0.00138306618,0.00234789401,0.00278873742,0.00309220701,0.00398170203,0.0039235428,0.00395410508,0.00412876159,0.00296536088,0.00232035667,-0.000200465322,-0.00149004161,-0.00359518826,-0.00697340816,-0.00866420567,-0.00886511803,-0.0100990832,-0.00847627223
1139,32.1479988,2026-08-27T10:33:19.386000+0000,-26.6957389,153.3354092,0.050898429,0.0497958548,0.0527508259,0.0473050773,0.0485460088,0.0465111136,0.0469194278,0.0440543704,0.0435565189,0.0417070463,0.0394777916,0.0365123712,0.036874909,0.0345659778,0.0330469273,0.0323531404,0.0318686143,0.0312587321,0.0300671794,0.0296969339,0.0286239553,0.0274414252,0.0278500579,0.0269540716,0.0266109966,0.0259500761,0.0263237003,0.0247828215,0.024745509,0.0240546037,0.0226732008,0.0237707533,0.0225598421,0.0220654383,0.022272002,0.0218577776,0.0216198657,0.0208755024,0.0214791428,0.0201251544,0.0199646708,0.0198162496,0.0194835588,0.0194631033,0.0191830266,0.0189040247,0.0187116265,0.0171334483,0.0171005372,0.0167474672,0.0162992496,0.0163402259,0.0166623015,0.0157995168,0.0161981061,0.0157685708,0.0155559843,0.0156872403,0.0156226698,0.0156011404,0.0153754419,0.0152956722,0.0152383065,0.015020174,0.0154175777,0.015026099,0.0152051151,0.0157673731,0.0154672693,0.0158954598,0.0150229447,0.0155908205,0.0148043791,0.0142454244,0.0131228603,0.0133885108,0.0121510206,0.0104195634,0.00999670383,0.00600352418,0.0061452589,0.00540796155,0.00102676358,0.000413737725,0.000912568765,0.000732061453,0.00231617922,,,,,,,,,,,,,,,,,,,,,,,,,,-0.0756764561,-0.0722512975,-0.0693820864,-0.0658653527,-0.0630837232,-0.0603010431,-0.0572552085,-0.0546896905,-0.0521989465,-0.0495442934,-0.0471876711,-0.0450820252,-0.0421001539,-0.040175654,-0.0377483517,-0.0356580503,-0.0333392285,-0.0314477682,-0.0333462618,-0.0317018293,-0.0303514935,-0.0283852704,-0.0267440826,-0.0259631574,-0.0245039389,-0.0228120014,-0.0213809125,-0.0197294019,-0.0183925629,-0.0167158917,-0.0152705088,-0.0140339658,-0.0125705898,-0.0111577958,-0.00998912007,-0.0088121891,-0.00752677023,-0.00631728768,-0.00510574877,-0.00355531275,-0.00248979777,-0.00145938993,0.000130303204,0.000860899687,0.0018581152,0.00244291872,0.00299376994,0.00329719484,0.00397665799,0.0041084215,0.00382888317,0.00379342586,0.00315987319,0.0024446696,0.00142357498,-0.00214628875,-0.00488180667,-0.00617029518,-0.0097713545,-0.00941251218,-0.009876661,-0.00935392827
1140,32.269001,2026-08-27T10:33:19.635000+0000,-26.6957389,153.3354092,0.0522884727,0.0457658619,0.0566909201,0.0464651026,0.0477060191,0.0462211259,0.0488194786,0.0426143743,0.0426065139,0.0420870297,0.0398477875,0.0371023603,0.035554897,0.0364659801,0.0333369114,0.0329631418,0.0316986032,0.0315287411,0.0297171809,0.0290569514,0.0292939655,0.0279314369,0.0277400743,0.0270540882,0.026801018,0.0258500949,0.0260237288,0.0256228521,0.0242855493,0.0255046505,0.0240832455,0.0232908018,0.0241698679,0.0230554678,0.0224920288,0.0220777895,0.0221398901,0.0215655211,0.0216291621,0.0213751681,0.0206746813,0.0201362614,0.0201935824,0.0200131517,0.0201231111,0.0194541719,0.0191018581,0.0187237747,0.01771098,0.0185080208,0.0173198674,0.0180408191,0.0173728224,0.0165699329,0.0172884222,0.0170387961,0.0172061175,0.0168373063,0.0170926787,0.0166111216,0.0160354171,0.0167656802,0.0159683581,0.0159402583,0.017157672,0.0155961737,0.0178551376,0.0173273608,0.0156872328,0.018675426,0.0152629372,0.0157508589,0.016064534,0.0137257297,0.0157633908,0.015639361,0.0124323219,0.0139613748,0.010249109,0.00726675056,0.00968933851,0.00200312259,0.00495309569,0.00469065877,,0.00672014244,0.0038042753,,,,,,,,,,,,,,,,,,,,,,,,,,,-0.0752383843,-0.0713891834,-0.0692924485,-0.0657507852,-0.0628081113,-0.0602822825,-0.0574267656,-0.0554060452,-0.0530513823,-0.0500847772,-0.048759114,-0.0457872376,-0.0434627458,-0.0412254408,-0.0386251733,-0.0372563228,-0.0348148793,-0.0334733389,-0.0323588587,-0.0306384712,-0.0291221738,-0.0276308805,-0.0263998397,-0.0254105255,-0.0233985223,-0.0219574198,-0.0203259699,-0.0184292234,-0.0171526559,-0.0157273747,-0.0143709257,-0.0130676329,-0.0114048794,-0.0102862567,-0.00901933014,-0.00790388137,-0.00666436553,-0.00547278672,-0.00402233005,-0.0026768446,-0.00138646364,-0.000376813114,-0.000116236508,0.0017009452,0.00215580314,0.00248668343,0.00366019458,0.00355979055,0.00363175571,0.00418251753,0.00386744738,0.00435435027,0.00168973207,-0.000340551138,-0.0014295727,-0.00427396595,-0.00640162826,-0.0092118904,-0.0102622434,-0.00961583853,-0.00913290679
1141,32.3880005,2026-08-27T10:33:19.884000+0000,-26.6957389,153.3354092,0.064128451,0.0410658494,0.0562608652,0.0531351566,0.0480960123,0.0465111285,0.0482494719,0.048794385,0.0416565016,0.0428770259,0.0397777781,0.0419423729,0.0345549099,0.0367959775,0.0356669165,0.033753138,0.0328286029,0.0321887396,0.0311671812,0.0294169448,0.030013971,0.0291714352,0.0278200731,0.0282240771,0.027181007,0.027800085,0.0263037216,0.0269228444,0.0257455409,0.0244646445,0.0257232357,0.0234507937,0.0240798648,0.0240254588,0.0229320228,0.0231177881,0.0223598778,0.022915516,0.0211591516,0.021815164,0.0216046739,0.0209162515,0.0208135769,0.0207331423,0.0203630906,0.0199241471,0.0188718159,0.0194137227,0.0188209061,0.017577922,0.0184697658,0.0173307173,0.0173927415,0.0181798693,0.0170183759,0.0173087586,0.0168160964,0.016837297,0.0166526809,0.0166411251,0.0168854203,0.0163656771,0.0166283473,0.0161702428,0.0152476551,0.01685616,0.0161151327,0.0169973597,0.017207237,0.0155054275,0.0174229331,0.0170308463,0.0148444967,0.0177856684,0.0141232871,0.0125392061,0.0145420898,0.0106010605,0.0109386947,0.0104062017,0.0041586482,0.00759225152,0.00295203784,,0.00441898033,0.000738809817,0.00509294821,,,,,,,,,,,,,,,,,,,,,,,,,,-0.0764530376,-0.0744878724,-0.0717286617,-0.06859193,-0.0667202771,-0.063177608,-0.0612617731,-0.0593162552,-0.0564855188,-0.0547208674,-0.0513642505,-0.0499586016,-0.0475967154,-0.0451922379,-0.0437649265,-0.0417146422,-0.0390258096,-0.0370343626,-0.032872811,-0.0313783586,-0.0298779719,-0.0283016898,-0.0272304155,-0.0256393962,-0.024600096,-0.0229680948,-0.0212069899,-0.0197155401,-0.0181487799,-0.0167321935,-0.0152668916,-0.0139804184,-0.0125571117,-0.0116143674,-0.00996573269,-0.00839880854,-0.00753335655,-0.00558385253,-0.0048622638,-0.00348182023,-0.00231633335,-0.000645950437,0.000223718584,0.00103428215,0.0022014901,0.00275631249,0.00264719129,0.00409068912,0.00367026031,0.00423219055,0.00477289408,0.00266775489,0.00398459285,0.00229988247,-0.00118055195,-0.000529691577,-0.00457426906,-0.0090020597,-0.00751245022,-0.0105829388,-0.0117266327,-0.00816371292
1142,32.507,2026-08-27T10:33:20.137000+0000,-26.6957389,153.3354092,0.0627684295,0.0487458296,0.0486209057,0.0534651168,0.0478059985,0.0473011248,0.046209462,0.0486343727,0.0416165069,0.0425970331,0.040077772,0.0411123857,0.0351949185,0.0364359692,0.0363069251,0.034103144,0.0333486125,0.032198742,0.0325271823,0.0302569382,0.0301139578,0.0294514298,0.0284100678,0.028804088,0.028551003,0.0278000813,0.0270637125,0.0279328376,0.0259155314,0.0256646294,0.0263732262,0.0243107788,0.0249198508,0.0246154498,0.0240420122,0.0238577835,0.0237798803,0.023515515,0.0224491507,0.0226651616,0.0222946722,0.0222462546,0.0216735713,0.0210431255,0.0202030707,0.0196840931,0.0194917433,0.0191036128,0.0187507626,0.0180777423,0.0180395599,0.0183105245,0.0175925605,0.0177097283,0.0168882627,0.0170686822,0.0171460509,0.0167772733,0.0170326754,0.0164811332,0.0167454276,0.0159356762,0.0161283296,0.0158002153,0.0152176246,0.017016137,0.0163151249,0.0163273662,0.0173172522,0.0158154443,0.0159729403,0.0170208383,0.0136844553,0.0149855781,0.0140231252,0.0129289366,0.0148116695,0.0103304684,0.00927790627,0.00995513797,0.00464729918,0.00649054116,0.0029599336,0.000417197589,0.00319641782,0.00072610355,0.00361022586,,,,,,,,,,,,,,,,,,,,,,,,,,,-0.0766948462,-0.0732156411,-0.0703389123,-0.0681172609,-0.0647845715,-0.0621687621,-0.0595632344,-0.0563425049,-0.05423785,-0.0520712249,-0.0498555601,-0.04765369,-0.0451192111,-0.0428619049,-0.0412116088,-0.0388027839,-0.0365713239,-0.0325197987,-0.0313553438,-0.030014988,-0.0284287296,-0.026837483,-0.0257464945,-0.0238872468,-0.022785265,-0.0209741667,-0.0198926888,-0.0173358917,-0.0163392797,-0.0146239437,-0.0135274529,-0.0117741153,-0.0103413537,-0.00916268677,-0.00807575881,-0.00705032051,-0.00544083118,-0.00447927415,-0.00285881758,-0.00146333128,-0.000332936645,0.000756748021,0.00173733383,0.00209452957,0.00297936797,0.00331021845,0.00346369296,0.00399322808,0.00412508845,0.00438569486,0.00396043062,0.00368710607,0.00145220011,-0.000378489494,-0.000747933984,-0.00401288271,-0.00707096606,-0.00779161602,-0.00849238783,-0.00998624414,-0.00963341445
1143,32.625,2026-08-27T10:33:20.386000+0000,-26.6957389,153.3354092,0.0582384281,0.0567958131,0.0497408397,0.0548751019,0.0514460132,0.0509611107,0.0474294312,0.0498743542,0.0469865352,0.044187054,0.0412177816,0.0420324057,0.0385749377,0.0377759822,0.0365269445,0.0355631672,0.0349786244,0.0330487452,0.0323772021,0.0321669467,0.0307439715,0.030871449,0.0301500782,0.029074084,0.0295210108,0.0287600793,0.0279137064,0.0278428309,0.0260855146,0.0262646023,0.0267832018,0.0249407552,0.025379844,0.0250654425,0.0242620055,0.0239877794,0.0241398755,0.0229655113,0.0232891534,0.0221151691,0.0221346859,0.021536259,0.0212835688,0.0207331087,0.0202830117,0.0198439863,0.0200315639,0.0190233625,0.0186004117,0.0177972931,0.0170490593,0.0177000277,0.0175121203,0.0176493693,0.017687995,0.0173184872,0.0172159318,0.0167872123,0.0169126634,0.0163711458,0.0161554478,0.0162956696,0.0162482951,0.0160601512,0.0167175531,0.0162360799,0.0171851162,0.0168273933,0.0160473026,0.0163654964,0.0165529791,0.0153008457,0.015714379,0.0144653786,0.0154827535,0.0135883,0.0123306634,0.0120990407,0.0099159833,0.00688253017,0.00778398197,0.00193632115,0.00233472651,0.00324148056,0.00176001806,0.00168932974,0.000103392173,,,,,,,,,,,,,,,,,,,,,,,,,,,-0.07547234,-0.0729931369,-0.0696964115,-0.0665547699,-0.0638220981,-0.0611662716,-0.0578907579,-0.0556799993,-0.0534053557,-0.0512387231,-0.0487830639,-0.0463711843,-0.0439367108,-0.0418793857,-0.0394391045,-0.0380702689,-0.0359188169,-0.0335073061,-0.0312328823,-0.0301725827,-0.0291463658,-0.0272052176,-0.0254943222,-0.0244151652,-0.0230932608,-0.0212121755,-0.019780647,-0.0183937736,-0.016987063,-0.0154816508,-0.0141150802,-0.0126316771,-0.0118188635,-0.0102801844,-0.00877323747,-0.00725781918,-0.00594834983,-0.00483682007,-0.00366638601,-0.00247088075,-0.000410452485,0.000519260764,0.000679887831,0.00194710493,0.00220191479,0.00272274762,0.003226161,0.00416558236,0.00412727892,0.00447766483,0.00405206531,0.00433836132,0.00100296736,0.000891625881,-0.000888541341,-0.00534440577,-0.00669320673,-0.00742451847,-0.00972602516,-0.00817041099,-0.00737775117
1144,32.7270012,2026-08-27T10:33:20.635000+0000,-26.6957389,153.3354092,0.0578783341,0.0488657579,0.0508107953,0.051535055,0.0481759869,0.0478811115,0.0472793952,0.0471743345,0.0422165208,0.0417670421,0.0403578095,0.0392324068,0.0364549309,0.0358659849,0.034666948,0.0335831791,0.0317686424,0.0314987451,0.0309571978,0.0293269455,0.0291739665,0.0284914542,0.0278200619,0.0273440778,0.0268810056,0.0265300628,0.0252436791,0.0259727873,0.0244754665,0.0246445555,0.0247331522,0.0227307044,0.023699807,0.022975415,0.0226319768,0.0224377625,0.0225898586,0.0214754939,0.0213991459,0.0206651557,0.0208246764,0.0201362614,0.0197835527,0.019463053,0.0196529049,0.0189037938,0.0181812607,0.0179629307,0.0172498301,0.0168365613,0.0166582391,0.0169892311,0.0168714132,0.0163488034,0.0163475629,0.015988186,0.0155057507,0.016107114,0.0158426482,0.0155311702,0.0159354825,0.0160756651,0.0149682276,0.0150400344,0.0154174305,0.0152059849,0.0162450857,0.0156674236,0.0157573596,0.0161255542,0.0158330016,0.0151508115,0.0148041975,0.0138049945,0.0141220745,0.0120172016,0.0126589611,0.0120866541,0.0087328041,0.00789825432,0.00623856857,0.0025494569,0.00166629255,,0.000139746349,0.00153851043,0.00101252692,,,,,,,,,,,,,,,,,,,,,,,,,,,-0.0754602477,-0.0727510452,-0.0695243403,-0.0664927065,-0.0638700351,-0.0605442077,-0.0581886694,-0.0556479096,-0.0531432554,-0.0509766266,-0.0489109606,-0.0464090966,-0.0442545973,-0.0420772806,-0.039816983,-0.0384981558,-0.035916701,-0.0321952403,-0.0308508575,-0.0294406377,-0.0281845257,-0.0268134885,-0.0253827609,-0.0242537409,-0.022611957,-0.0210908502,-0.0195892528,-0.0178022683,-0.0171154067,-0.015309874,-0.0141031668,-0.0125296712,-0.0109467804,-0.00993804634,-0.00865109265,-0.00708568841,-0.00557628274,-0.00467481464,-0.00332438946,-0.00224886835,-0.000938370824,0.000291384757,0.000752046704,0.00180927664,0.00299406797,0.00218484551,0.00360814482,0.00315739214,0.00372883677,0.00398885459,0.00319273025,0.00313836336,0.00271223485,0.000509791076,-0.00238151848,-0.00397885591,-0.0074987784,-0.00843116641,-0.0101637617,-0.00966892391,-0.00991652161
1145,32.7890015,2026-08-27T10:33:20.884000+0000,-26.6957389,153.3354092,0.0529982746,0.0462757163,0.0538107194,0.04779502,0.0482159704,0.0468010977,0.0466793627,0.0447543487,0.0412065238,0.0404670388,0.0377878174,0.0359424278,0.0344349444,0.0346460082,0.0326169655,0.0320331976,0.0305786468,0.029658759,0.0291772038,0.0282369442,0.027513966,0.0258214585,0.0268700514,0.0256940704,0.0262210015,0.024990052,0.0245936662,0.0243127756,0.0234854501,0.023534527,0.0222731233,0.0220206752,0.0217897892,0.0212454088,0.021451965,0.0211977568,0.0207298528,0.0201254878,0.0202491395,0.0191951543,0.0191046838,0.0193462651,0.0187735464,0.0201830287,0.019252846,0.0185136776,0.0191810839,0.0177326724,0.0180694778,0.0172661133,0.016387729,0.016428737,0.0162709765,0.0167684425,0.0161472876,0.0159179941,0.0158956349,0.0158370547,0.0160926376,0.0150711862,0.0152055016,0.015655661,0.0140181882,0.0158499684,0.0153273586,0.0146559235,0.0161350779,0.0149674453,0.0150474049,0.016095601,0.0138230305,0.0152508095,0.0153841078,0.0127047813,0.0153016839,0.0111165466,0.00989793241,0.0111152027,0.006210858,0.00864562392,0.00618522894,0.00251521263,0.00233106641,0.00183652597,,0.0013917461,0.0021157139,,,,,,,,,,,,,,,,,,,,,,,,,,-0.0754648671,-0.0721497387,-0.0700705275,-0.0673438311,-0.0634422079,-0.0614895225,-0.058123704,-0.0555781685,-0.0533773825,-0.0505627394,-0.0483560972,-0.0463804454,-0.0432685763,-0.0413540751,-0.0394967571,-0.0373664498,-0.0358976126,-0.0337161645,-0.0331147164,-0.0318103768,-0.0295302197,-0.0284441523,-0.0268032029,-0.025552582,-0.0240536407,-0.022491917,-0.0212908313,-0.019589182,-0.0176121183,-0.0160051696,-0.0148395449,-0.0131627694,-0.0118592158,-0.0105962679,-0.00946749747,-0.00767053664,-0.00697515905,-0.0059357658,-0.00464433432,-0.00282392651,-0.00208839029,-0.00072786957,0.000851914287,0.000632628798,0.00250986964,0.00287463516,0.00280538946,0.00346861035,0.00398774445,0.0043290332,0.004558824,0.00320236385,0.00304763019,0.00233101845,0.000917904079,-0.000964134932,-0.00533240288,-0.0061929971,-0.00758608431,-0.0106894001,-0.00760506839,-0.00665282458
1146,32.8510017,2026-08-27T10:33:21.136000+0000,-26.6957389,153.3354092,0.0519382395,0.0537356846,0.0558807068,0.0505150035,0.052255962,0.0503910817,0.0509093702,0.0459143408,0.0466765352,0.04405706,0.0420478284,0.0389524475,0.0383249596,0.0368360095,0.0355469733,0.0351332165,0.033398658,0.0328087695,0.0320272073,0.0314469561,0.030113969,0.0296214689,0.029670056,0.0285040755,0.0281510018,0.0273800455,0.0279236604,0.0266327672,0.0263554323,0.025854513,0.0251331106,0.0247006621,0.0244697779,0.0240154024,0.0239719618,0.0232577492,0.0228098426,0.0223754849,0.0220691394,0.0215151552,0.0215146914,0.0211462695,0.0205735452,0.0201730169,0.0195728075,0.0190636069,0.0190309752,0.0178125147,0.017779259,0.0177758448,0.0160974283,0.0167684406,0.0172207132,0.0167482309,0.0162871256,0.0160478763,0.0162255652,0.0162270181,0.0156926308,0.0156611912,0.0156655125,0.0159156565,0.0148481671,0.0156399291,0.0149573153,0.0153058898,0.016415067,0.0144674601,0.0163474344,0.0167156328,0.0141930515,0.0159508102,0.0157740563,0.0121146599,0.0153014576,0.01257616,0.011407325,0.0120943421,0.00874970108,0.00752405589,0.0067332387,0.00311267748,0.00166794006,0.00252309581,0.000129512511,0.00126768672,0.00192162441,,,,,,,,,,,,,,,,,,,,,,,,,,-0.0779753849,-0.0740602538,-0.0713110343,-0.068834357,-0.0652927235,-0.0630200505,-0.060214214,-0.0578286834,-0.0555178933,-0.0523732454,-0.0504866093,-0.0483209491,-0.0461290739,-0.0436245911,-0.0415372588,-0.039856948,-0.0377681181,-0.0360266715,-0.0332152322,-0.031740915,-0.0295507833,-0.0280447453,-0.0269638412,-0.025343284,-0.0240244046,-0.0228127241,-0.0208316371,-0.0197999589,-0.0182828531,-0.0166658498,-0.0148601905,-0.0137733594,-0.0120897591,-0.0105367824,-0.00911799073,-0.00798103213,-0.00651565939,-0.00532630086,-0.00424488634,-0.00343447179,-0.00123894215,-0.000768408179,0.000271424651,0.000922143459,0.00142938644,0.00241415948,0.00310488045,0.00319806486,0.00437714905,0.00420834124,0.00480798632,0.00318135321,0.00297635794,0.00303947181,0.000335969031,-0.00249650329,-0.00385530293,-0.00709636509,-0.0083598271,-0.00968356431,-0.010089539,-0.00799742341
1147,32.9129982,2026-08-27T10:33:21.385000+0000,-26.6957389,153.3354092,0.0449782424,0.0580756664,0.0535707213,0.0496749915,0.0513959602,0.0499310866,0.0492093489,0.0451043472,0.046736531,0.0425570533,0.0417678133,0.0383524485,0.0395849831,0.0373260118,0.0356369875,0.0348732173,0.0334086679,0.0328187756,0.0316572189,0.031246962,0.0304939859,0.0296314768,0.0298600681,0.0291940793,0.0280510075,0.0283600558,0.0276336651,0.0268127676,0.0268954337,0.0267945118,0.0252131056,0.0252506603,0.0247797817,0.0240854025,0.0244819634,0.0237677544,0.0236298516,0.0226754863,0.0228291489,0.0222751591,0.0215946957,0.0216162764,0.0214435458,0.0200930107,0.0192527957,0.0195335727,0.0197909158,0.0182724167,0.018439129,0.0181356668,0.017037224,0.0177482478,0.0164105296,0.0172380786,0.0168770105,0.0161277931,0.0161655154,0.0168969892,0.0168826245,0.0157511979,0.0165055227,0.0163156576,0.014728155,0.0164199006,0.0156772863,0.0154958703,0.0180350672,0.0146874767,0.0160174631,0.0179256592,0.0134530794,0.0166308302,0.0160940457,0.0122546013,0.0153913293,0.0117059341,0.0133869499,0.0132337976,0.00692895893,0.00864304136,0.00827193726,,0.00555587839,0.00234082574,,0.00612496492,,,,,,,,,,,,,,,,,,,,,,,,,,,,-0.0763012618,-0.0740820467,-0.0711153746,-0.0673537478,-0.0647010803,-0.0620952472,-0.0589396954,-0.0574689135,-0.0543142632,-0.0523176193,-0.0507519618,-0.0476200879,-0.0457455963,-0.0438582674,-0.0416479632,-0.0399691239,-0.0378076732,-0.0321962573,-0.030881945,-0.0291018374,-0.0274258256,-0.0263749547,-0.0251044184,-0.0241955817,-0.0222039446,-0.0205428526,-0.0196711533,-0.0176140256,-0.0163769871,-0.0145912915,-0.0134744272,-0.0125608072,-0.011147812,-0.00990901142,-0.00881204009,-0.00759666413,-0.00624731928,-0.00491591543,-0.00318551809,-0.00201998651,-0.000999413431,0.000300422311,0.00109115243,0.00182840973,0.00254318118,0.00329388678,0.0025870502,0.00415609032,0.00384721905,0.00406678766,0.00406001508,0.00239486992,0.00262777507,0.000884011388,-0.00211874396,-0.00378791988,-0.0065292418,-0.00830299407,-0.0103270262,-0.00982323289,-0.00773119181
1148,33.0029984,2026-08-27T10:33:21.634000+0000,-26.6957389,153.3354092,0.0502079576,0.0667754561,0.0488504879,0.0502048656,0.0541658811,0.0517610349,0.0476292185,0.0460742861,0.046686504,0.0439270176,0.0415378287,0.0372725166,0.0395949893,0.0360760093,0.0357970037,0.0347732753,0.03374869,0.0324687734,0.0313672237,0.0310469307,0.0305739623,0.0297314748,0.0294600073,0.0285940319,0.0288409535,0.0282699857,0.0277335662,0.026442647,0.0260852929,0.0261043478,0.0253829397,0.0253304951,0.0247796625,0.0232553054,0.0235818662,0.0233176816,0.0233197752,0.0222954117,0.0216790922,0.0220451076,0.0214346666,0.0212262459,0.0207334682,0.0198528413,0.0197324585,0.0196829811,0.0191000309,0.0177311674,0.0175574422,0.0176435504,0.0171748642,0.0169959627,0.0172885172,0.0169764664,0.0166957863,0.016396936,0.0164349936,0.0162567254,0.0165725872,0.0156312697,0.0161556117,0.0166856255,0.015547961,0.015489568,0.0161669292,0.0152755817,0.0165449828,0.0161975436,0.0159076098,0.0166357979,0.0145731065,0.0150506757,0.0169134624,0.0137134278,0.0141193122,0.0141526815,0.0107119642,0.0119968522,0.00919973291,0.00605066167,0.00710628834,0.00427120691,0.00100158667,0.00249426137,,0.0012139224,0.00538774999,,,,,,,,,,,,,,,,,,,,,,,,,,-0.0766765177,-0.0736314431,-0.0703122318,-0.0674555898,-0.0643939897,-0.0614713132,-0.0587354861,-0.0557099245,-0.0541390926,-0.0519344397,-0.0497177765,-0.04786212,-0.0452402458,-0.0435457602,-0.0416484065,-0.0394980721,-0.0375392474,-0.0355677865,-0.0331364833,-0.0311723053,-0.0298124589,-0.0280766971,-0.0269462019,-0.0249161422,-0.0245377012,-0.0228263661,-0.0210052654,-0.0195233338,-0.0181158446,-0.0163183957,-0.0149723217,-0.0132450983,-0.011971198,-0.0108079836,-0.00929906219,-0.0082520321,-0.00683674961,-0.00581755489,-0.00469630957,-0.00326597691,-0.0019203797,-0.000669673085,8.033216e-05,0.00157118589,0.00172848254,0.0029431656,0.00355369598,0.00372651964,0.00406503677,0.0041854158,0.00418391079,0.00376559794,0.00407864153,0.00131936371,0.0020525232,-0.000853553414,-0.00659697503,-0.0056515187,-0.00976834446,-0.0105055422,-0.00846388191,-0.00898253173
1149,33.1800003,2026-08-27T10:33:21.883000+0000,-26.6957389,153.3354092,0.0564873517,0.0482048988,0.0520900376,0.0531045534,0.049755685,0.0486709028,0.047018908,0.0477541275,0.0432064869,0.0420669951,0.039137844,0.0400226451,0.0367650799,0.0360360444,0.0357370973,0.0338134095,0.032888785,0.0323687978,0.0314972475,0.0301568937,0.0301039144,0.029731499,0.0290899146,0.0280139372,0.0282508601,0.0271098241,0.0267733485,0.0273823645,0.0260049514,0.0249739513,0.0256325491,0.0238301065,0.0242293868,0.0236350931,0.0231516566,0.0234775264,0.0231696237,0.0228252597,0.0221490022,0.0212650113,0.0217546318,0.0207562111,0.0208133124,0.0196224395,0.0190916359,0.0197614972,0.0184877627,0.0175879356,0.0179130733,0.0172580518,0.0170287155,0.0172400232,0.0165432487,0.0170322228,0.0164725669,0.016184682,0.0159736313,0.0165660195,0.0162324756,0.0160814561,0.0158758499,0.0153155606,0.0154274656,0.0148687139,0.0149160158,0.0155348452,0.015434783,0.0153777525,0.0168680437,0.015736213,0.015483262,0.015370395,0.0131020742,0.0151405167,0.0132042244,0.0128043983,0.0124091674,0.0104789454,0.010265884,0.00638858695,0.00651569199,0.00467975019,0.000278396532,,0.00154044817,,0.000336395577,,,,,,,,,,,,,,,,,,,,,,,,,,,-0.075398773,-0.0722395703,-0.0689530522,-0.0666515157,-0.063538827,-0.0613230057,-0.0582473762,-0.0556064323,-0.0536017865,-0.0512550622,-0.0490394011,-0.0467275269,-0.0445030369,-0.0422656238,-0.0405752324,-0.038426403,-0.0361449718,-0.0335239656,-0.0317101441,-0.0305409655,-0.0287858695,-0.0276563168,-0.0267874524,-0.0251300931,-0.0233995914,-0.0216984712,-0.0205559209,-0.0189675316,-0.017558977,-0.0157719553,-0.0145337731,-0.013229169,-0.0116653442,-0.0101560578,-0.00918892771,-0.00818381459,-0.00672506541,-0.00540425628,-0.00363402069,-0.00257830322,-0.00171718001,-0.000726766884,0.000654436648,0.00103182346,0.00205630064,0.0019563958,0.00300836563,0.00286554545,0.00376398861,0.00366969407,0.0029374063,0.00332570076,0.00197071582,0.000895820558,-0.000768899918,-0.00542332977,-0.00511635095,-0.00737117231,-0.00885668397,-0.00933080167,-0.00584135205
1150,33.3610001,2026-08-27T10:33:22.141000+0000,-26.6957389,153.3354092,0.0550875738,0.0526150763,0.0487102419,0.0511246957,0.0487257689,0.0485009775,0.0473190509,0.0446242541,0.0447165705,0.0417971052,0.0392979383,0.0382426903,0.0361251384,0.0360461287,0.0348471627,0.0330434702,0.0322988555,0.0310488828,0.0311373454,0.0298870131,0.0289840288,0.0282015894,0.0278300568,0.0276440643,0.0273909941,0.0267299879,0.0259235278,0.025982568,0.0247451644,0.0233441778,0.0237327684,0.0234503169,0.0230895691,0.0230452586,0.0221818145,0.021467682,0.0217597745,0.0217754096,0.0209391322,0.0208151434,0.0205847491,0.0198963266,0.0201034732,0.0187426805,0.0184620135,0.0185920782,0.0181685761,0.0171190444,0.0171645172,0.0163698047,0.0162306279,0.0164718144,0.0155647919,0.0164734405,0.0162534695,0.0156452954,0.016013993,0.0154361874,0.0152324783,0.0150713865,0.0155057833,0.0145856049,0.0146776522,0.0151390145,0.0141163338,0.0144351106,0.0160449017,0.0141477836,0.0150580471,0.0152762765,0.014153461,0.0149807846,0.0135428626,0.0138618257,0.0144762434,0.010347425,0.0128735825,0.00933491718,0.00821364857,0.00867883023,0.00448850216,0.00458580628,0.0028778906,,0.00126369437,0.0021469763,,,,,,,,,,,,,,,,,,,,,,,,,,,,-0.0751185343,-0.0720593333,-0.0690627769,-0.0659112185,-0.0633785501,-0.0602927133,-0.0578571111,-0.0557362065,-0.0525815561,-0.0510448292,-0.0483291671,-0.0457872935,-0.0437128134,-0.0418654121,-0.039995037,-0.0378362015,-0.0351847485,-0.0337536521,-0.0318197235,-0.03050033,-0.0292250216,-0.0274951868,-0.0266959667,-0.0249583125,-0.023557581,-0.0216465183,-0.0203841999,-0.018606104,-0.0171779096,-0.015141163,-0.0141132623,-0.0127188563,-0.0113052055,-0.00994601101,-0.00865890086,-0.00762370974,-0.00633481145,-0.00519386679,-0.00381358713,-0.00272790343,-0.00144690275,-0.000356592238,0.00132454187,0.00119196624,0.00275656581,0.00318685174,0.00313913822,0.00437676907,0.00392586738,0.00405245274,0.00391141325,0.00276115537,0.00274790078,-8.45715404e-05,-0.00179667771,-0.0036278367,-0.00785835832,-0.00827085972,-0.00847411901,-0.0103968382,-0.00713709742
1151,33.5379982,2026-08-27T10:33:22.390000+0000,-26.6957389,153.3354092,0.0473978259,0.0613452569,0.0465003811,0.0528148226,0.0508258455,0.049471017,0.0473191477,0.0462642796,0.0451765582,0.042317085,0.0411578976,0.0379926339,0.0381351039,0.0351061001,0.0349071026,0.0341733955,0.0330587924,0.0319388509,0.0313973092,0.0303370003,0.0293440297,0.0287615582,0.0285900682,0.0281040706,0.0275710076,0.0267000049,0.0267735776,0.0255126338,0.0257252529,0.0253342874,0.0245628823,0.0247004312,0.02377964,0.0237953085,0.0236018728,0.0226577092,0.0228798036,0.0216954425,0.0217691436,0.0214251522,0.021284733,0.0209863186,0.0202635024,0.0212027952,0.0203622673,0.0202325657,0.0198793355,0.0187301356,0.0189060159,0.0184517056,0.0180527586,0.0186838899,0.017866645,0.0171949398,0.0181146096,0.0170061011,0.0169044826,0.0169864502,0.0166525263,0.0165613219,0.0163856987,0.0169856232,0.0157178175,0.0162393041,0.0169666447,0.0161753595,0.0175149571,0.01707769,0.0157178659,0.017616082,0.0158033464,0.016000811,0.0162132625,0.0144727435,0.0144779095,0.0132901976,0.0128779281,0.012961043,0.00997185241,0.00868991017,0.00665256241,0.00360367121,0.00485988194,,0.00205060258,0.00356539129,0.00499884179,,,,,,,,,,,,,,,,,,,,,,,,,,,-0.0755011365,-0.0718219206,-0.0693153366,-0.0662637427,-0.0639110804,-0.0607552528,-0.0585296676,-0.0558187962,-0.0529741347,-0.0510674492,-0.0486317836,-0.046299912,-0.0440054312,-0.0421280526,-0.03976769,-0.0375888571,-0.035577409,-0.0343462005,-0.0329421498,-0.0315325223,-0.029916998,-0.0287968218,-0.0272971839,-0.0259491429,-0.0240681209,-0.0226370618,-0.0210449286,-0.0192871429,-0.0173293203,-0.0163329281,-0.0140953586,-0.0130112097,-0.0114077628,-0.00981869549,-0.00887162238,-0.00700638443,-0.00623734295,-0.00521624088,-0.0033159256,-0.00210029632,-0.000429421663,0.000620737672,0.00109174103,0.0023791045,0.0025337711,0.00272418559,0.00344675779,0.00380485505,0.00373461843,0.00409215689,0.00468249619,0.00307390839,0.0026826337,-0.000137031078,-0.00145610422,-0.00416340679,-0.00639093667,-0.00810064375,-0.00786091387,-0.00947153568,-0.006551072
1152,33.6949997,2026-08-27T10:33:22.639000+0000,-26.6957389,153.3354092,0.0561379232,0.0504954308,0.0513504632,0.0516948588,0.0492558666,0.0486810394,0.0477292053,0.0478043072,0.0443165451,0.0431570858,0.03992787,0.0413425677,0.0359150581,0.036536064,0.0356570669,0.0341833383,0.0327187516,0.0318288244,0.0314972848,0.0303369891,0.0301040057,0.0288715307,0.028800074,0.0280140843,0.0279610045,0.027200032,0.0266736075,0.0263426825,0.0248253178,0.0248843655,0.0255529583,0.02392051,0.0245396923,0.0237153377,0.0232219044,0.0228777286,0.0227998178,0.0225254539,0.0221491475,0.0215051603,0.0214447211,0.020756308,0.0207335167,0.0196228717,0.0194124542,0.018512914,0.0186398756,0.0170509219,0.0174670778,0.0168230589,0.0164442882,0.0169053804,0.0161279682,0.0160160102,0.0164054316,0.0159166809,0.0164748318,0.016166633,0.0161525588,0.0153412791,0.0156656392,0.0154356342,0.0152579304,0.0156495087,0.0150368614,0.0150755327,0.016344998,0.0153476195,0.0151677281,0.0157359429,0.0146932602,0.0155608244,0.0143935364,0.0148933837,0.0146590862,0.0120121632,0.0128310146,0.0104954019,0.00973769743,0.00934781041,0.00576259289,0.00415641908,0.00291558029,,,0.00232570944,0.00206930703,,,,,,,,,,,,,,,,,,,,,,,,,,,-0.0767846927,-0.0737655014,-0.0706888735,-0.0677072704,-0.0648745969,-0.0621387661,-0.0598431937,-0.057052359,-0.054477714,-0.0523810238,-0.0499053746,-0.0473635048,-0.0456490032,-0.0432316512,-0.0413113087,-0.0392024666,-0.0368010141,-0.0332197435,-0.0318956003,-0.0303858072,-0.0288001187,-0.0277897008,-0.0261997618,-0.0246614479,-0.0234102122,-0.0215591453,-0.0198971666,-0.0182996094,-0.0169620551,-0.0149758905,-0.0139485598,-0.0124745965,-0.0112012997,-0.00995232165,-0.00843528658,-0.0072100088,-0.00637085736,-0.00529966503,-0.00371930748,-0.00255370885,-0.00104295462,-0.000232897699,0.00104802102,0.0016053468,0.00159004331,0.00273056328,0.00335333496,0.00288176537,0.00327199697,0.00421022624,0.00309154391,0.00309413671,0.00272428244,0.000106655061,-0.00131028146,-0.00461482257,-0.00672023743,-0.00854790956,-0.00916604698,-0.00987516344,-0.00753417611
1153,33.8030014,2026-08-27T10:33:22.888000+0000,-26.6957389,153.3354092,0.0557783432,0.0521457493,0.0535708033,0.0531750955,0.0503460057,0.0493611209,0.0505594015,0.0484643951,0.0459265672,0.0451270901,0.0417378619,0.0410924889,0.0386449806,0.0376760401,0.036516998,0.034833245,0.034778703,0.0342088006,0.0323672518,0.0327070057,0.0314940326,0.0299715139,0.030320121,0.0294641256,0.0296010654,0.0287501197,0.0279037375,0.0277428497,0.0267955195,0.0275546014,0.0258632004,0.0258807484,0.0256098565,0.0252054688,0.0245420281,0.0245778188,0.0241399109,0.0241755508,0.0237491988,0.0231252089,0.0229147375,0.0220763218,0.0217436086,0.0215231143,0.0213129483,0.0206338186,0.0205712691,0.0200228989,0.0194297619,0.018606443,0.0187780689,0.0184790436,0.0178712178,0.0176086277,0.0177874155,0.0171480775,0.0178256743,0.0175070688,0.0171326287,0.0169711672,0.0171254929,0.0163156744,0.0162982326,0.0166800339,0.0167174246,0.0171159822,0.0170451179,0.017247485,0.0169774573,0.0173056778,0.016473148,0.01771098,0.0159543678,0.0140351495,0.0159421936,0.0126172369,0.0132988673,0.0137764039,0.00896236207,0.00929754227,0.00762757659,0.00415809732,0.00362449489,0.00123018818,0.00211726525,0.00182568072,0.00413948065,,,,,,,,,,,,,,,,,,,,,,,,,,,,-0.0749103501,-0.0714136586,-0.0681420267,-0.0658093467,-0.0631935224,-0.0600179993,-0.057867229,-0.0549525768,-0.0529259294,-0.0508102663,-0.0480684042,-0.0464539081,-0.044166591,-0.0419062823,-0.0397674441,-0.0382559896,-0.0335845277,-0.0317301638,-0.030619964,-0.0286838599,-0.0277328566,-0.026362177,-0.0249231979,-0.0235614516,-0.0214403979,-0.0204187855,-0.0184717923,-0.0167349093,-0.0149793327,-0.0140425861,-0.0122890696,-0.0109861493,-0.00989740342,-0.0084304288,-0.00737502426,-0.00587560982,-0.00459415466,-0.00365373492,-0.00229821354,-0.00110770017,6.20931387e-05,0.000722788274,0.00147005171,0.00255487114,0.00248565525,0.00348897278,0.0041482076,0.00425961614,0.00382957608,0.00348334014,0.00264885277,0.00264252722,-0.000110156834,-0.00182177126,-0.00335947424,-0.00768969208,-0.00775242597,-0.00979542732,-0.00742097944,-0.00639880449
1154,33.9099998,2026-08-27T10:33:23.141000+0000,-26.6957389,153.3354092,0.0551081859,0.059675578,0.0504606664,0.0515349582,0.0512259156,0.0505610593,0.0475592874,0.047124289,0.0451264568,0.0429769941,0.040617764,0.0398624055,0.0390749052,0.03556595,0.03633691,0.0352331549,0.033328604,0.0325687043,0.0322971456,0.0309868827,0.0296338964,0.0292313881,0.0288899709,0.0284039918,0.0277509112,0.0275799613,0.0269635674,0.0255926717,0.0261653345,0.0256744139,0.0252130106,0.0253405701,0.0241596941,0.0240153205,0.0234418809,0.0231776722,0.0228797682,0.0225153975,0.0223790631,0.0213450789,0.0210446082,0.0209861882,0.0201734472,0.0197729059,0.018302666,0.0191334169,0.0181007329,0.0179622062,0.0179888792,0.0168954004,0.0169569701,0.0171680376,0.0155803785,0.0160879847,0.0161369536,0.0159177706,0.0153755099,0.0160469972,0.0155126415,0.0149112158,0.0153455269,0.0143456347,0.0148081062,0.0157598425,0.0143572222,0.0151958084,0.0162850134,0.0143274069,0.0151173696,0.0156555288,0.0135028921,0.0164405797,0.0135437027,0.0132641625,0.0153907724,0.0110352319,0.011876069,0.0121727306,0.00550768385,0.00857148413,0.00748008862,0.000118812546,0.0055433521,,,0.00361242797,,,,,,,,,,,,,,,,,,,,,,,,,,,,-0.0736237988,-0.0705745965,-0.0677479133,-0.0641262904,-0.0620736144,-0.0591977872,-0.0559022389,-0.054511454,-0.0509468056,-0.0487201661,-0.0467945114,-0.0437826402,-0.0424881466,-0.0405008122,-0.0377205126,-0.0365916826,-0.0340402424,-0.0346788391,-0.0325045325,-0.0306744426,-0.0291584693,-0.0282476246,-0.026337143,-0.0252983309,-0.0235466771,-0.0221855454,-0.0203438029,-0.0188466124,-0.0174195319,-0.0159938037,-0.0148969106,-0.0130332708,-0.0109802634,-0.0103314668,-0.00894451886,-0.0078291595,-0.00668984652,-0.00574845821,-0.00373806059,-0.00296252966,-0.00138195604,-0.000942125916,0.000578589737,0.00134580582,0.00194052607,0.0019511804,0.00262426585,0.00322319567,0.00296422839,0.00374366343,0.00352669507,0.00185138732,0.00284410268,0.000280052423,-0.00292299688,-0.0020525381,-0.00714410841,-0.00854805112,-0.00923217833,-0.00947832316,-0.00407612324
1155,34.0180016,2026-08-27T10:33:23.390000+0000,-26.6957389,153.3354092,0.0491383858,0.0649457648,0.0439908057,0.0535350367,0.0520859547,0.0503710806,0.0453494005,0.0466243327,0.0464664623,0.0442069992,0.0402277522,0.0399623364,0.0403548814,0.0357759334,0.0357768759,0.0350430943,0.0336685702,0.0318286791,0.0313671343,0.0309668761,0.0299938973,0.0299913771,0.0294599943,0.0283840168,0.0282409452,0.027180016,0.0279236306,0.0261527561,0.0271654427,0.0257645398,0.0250431355,0.0258906949,0.0243897773,0.0243053827,0.0242619403,0.0236177184,0.0227198116,0.0227454416,0.022679083,0.0220450982,0.0215146169,0.0220961887,0.0208134968,0.0197030231,0.0191029273,0.0189839005,0.0192614738,0.0175832715,0.0175603293,0.01769723,0.0163890142,0.0170100238,0.0168121383,0.0163094047,0.016308032,0.0155885275,0.0157759674,0.0154672377,0.0158426818,0.0150911547,0.0154854469,0.0153156584,0.0141282678,0.0151501214,0.0163175259,0.0140460497,0.0159050748,0.0158073325,0.0145372134,0.0173453763,0.0142728202,0.0140906489,0.0154841375,0.0119351,0.0137624349,0.0135879526,0.0105402935,0.0119286552,0.00898559112,0.00651213201,0.00713357795,0.00142592471,,0.00045121694,,0.00308946869,0.00139375962,,,,,,,,,,,,,,,,,,,,,,,,,,-0.07615114,-0.073575981,-0.0697767884,-0.0672600716,-0.0636984184,-0.0605657361,-0.0586699173,-0.0553443879,-0.0530836433,-0.0507489927,-0.0484123714,-0.046336703,-0.0439148359,-0.0417903475,-0.0400830358,-0.0374927483,-0.0359639265,-0.0336624831,-0.0325309746,-0.0306765512,-0.029466249,-0.0283100531,-0.0266188867,-0.0252380073,-0.024158828,-0.0223768987,-0.0210457817,-0.019314222,-0.0176073425,-0.0169606246,-0.014915213,-0.0135386288,-0.0125652477,-0.0110524371,-0.0100337565,-0.0082468316,-0.00727143139,-0.00591196865,-0.00519044697,-0.00371001661,-0.00240451097,-0.000974096358,-0.000354379416,0.000526212156,0.00181338936,0.00196816027,0.0029989481,0.00301232934,0.00360170752,0.00363337249,0.00341372192,0.00420810282,0.00362437218,0.000878982246,0.00119762123,-0.00109256059,-0.00460841507,-0.00527717918,-0.00845844299,-0.00858977437,-0.00761396438,-0.00442111492
1156,34.1310005,2026-08-27T10:33:23.639000+0000,-26.6957389,153.3354092,0.0575189665,0.0542362966,0.0506112799,0.0542953685,0.0510761552,0.049851235,0.0471797287,0.0473544709,0.0455065258,0.042997051,0.0405677408,0.040602237,0.0372748226,0.0369959287,0.0357268229,0.0339830033,0.0325985178,0.0320986994,0.0318471454,0.0306169465,0.0301939733,0.029351389,0.028690137,0.0276141446,0.0270610675,0.0272902027,0.0268638823,0.0263430569,0.0248257928,0.0250649452,0.0251335427,0.0232010912,0.0239200722,0.0234156158,0.0230821762,0.0224378984,0.0224299934,0.0223856289,0.0212392155,0.0210452285,0.0201946869,0.0200462658,0.0201836899,0.0193834491,0.0196537469,0.0189853385,0.0180236399,0.018126335,0.017484447,0.0168423932,0.0167647675,0.0170655679,0.0163570456,0.0168533362,0.0164310113,0.0157406162,0.0162472185,0.0163178816,0.0159227755,0.0158309788,0.0164152253,0.0156557299,0.0154087432,0.0154709369,0.0153283952,0.0156967547,0.0171952844,0.0161571726,0.0162768606,0.016055055,0.0145227648,0.0164710283,0.0152755715,0.0142279733,0.0139473621,0.0129858833,0.0121224467,0.0120255835,0.00820806995,0.0087622907,0.00464169588,0.00247416692,0.00432354445,0.000425896142,,0.00344503461,0.000919475686,,,,,,,,,,,,,,,,,,,,,,,,,,,,-0.0738775954,-0.0705207735,-0.0672490746,-0.0651763901,-0.0621805638,-0.0595150962,-0.0571744554,-0.0547898114,-0.0519832447,-0.0501875877,-0.0478557125,-0.0458112173,-0.0433439575,-0.0414837301,-0.0393948853,-0.037523441,-0.0336916596,-0.0323468894,-0.0307659768,-0.0292091519,-0.0282170996,-0.0270550884,-0.0257449076,-0.0238722302,-0.0218811296,-0.0205401704,-0.0193841569,-0.0176284537,-0.0163039416,-0.0149582513,-0.0135255307,-0.0123832673,-0.0109749213,-0.00940809399,-0.00876250863,-0.00730264932,-0.00581072271,-0.00472017378,-0.00328477472,-0.00212474912,-0.000945426524,-0.000115133822,0.00124195963,0.00184695423,0.00236818939,0.00313238055,0.00375302881,0.00361654162,0.00394950807,0.00271759927,0.00357830524,0.00258824974,8.43927264e-05,-0.00129769742,-0.00495328009,-0.00641416758,-0.00846799463,-0.00848164409,-0.00671056658,-0.0068660602
1157,34.2700005,2026-08-27T10:33:23.888000+0000,-26.6957389,153.3354092,0.0547391847,0.0480265468,0.0507314615,0.0518055148,0.0473462343,0.0475312993,0.0462498441,0.0459745303,0.0425565168,0.0411070511,0.039437741,0.0388621651,0.0357047655,0.0360459201,0.0339367948,0.0327729359,0.0313984826,0.0307786781,0.030227134,0.0296069551,0.0287939869,0.0287813731,0.0285101645,0.0274341702,0.0274811052,0.0269202497,0.0259139631,0.0265431646,0.0246559214,0.0248151012,0.0243936982,0.0242312495,0.0239301734,0.0237956978,0.0230822563,0.0222879536,0.022130046,0.0218456816,0.0211492442,0.021045262,0.0208946988,0.020596277,0.0204237439,0.0199335981,0.0192540698,0.0185959227,0.0183345396,0.0181176104,0.0173361897,0.017284587,0.0163972229,0.0167079475,0.0170391537,0.0162950363,0.0165023003,0.01640152,0.0160477627,0.0158581678,0.0157228224,0.0158209018,0.0154851312,0.0157357529,0.0150789367,0.0155512728,0.0155387558,0.015437047,0.0156053631,0.0156570859,0.0161266755,0.016244879,0.0155126872,0.0151211228,0.014926102,0.0142291095,0.013309367,0.0131191611,0.0129475296,0.0103527065,0.00994757097,0.00655507855,0.00598789193,0.00485470705,0.00240878249,0.00124352146,0.000252592145,0.00110745919,0.00279203942,,,,,,,,,,,,,,,,,,,,,,,,,,,-0.075649038,-0.0726998225,-0.0701629445,-0.0669112206,-0.0638485476,-0.0610527247,-0.0581172742,-0.0560466871,-0.0536020398,-0.0519154966,-0.0497198291,-0.0469379574,-0.0451634675,-0.0428062379,-0.0412960276,-0.0400871858,-0.0372157395,-0.0341138281,-0.0323189311,-0.0309377387,-0.0295806527,-0.0286782086,-0.0266357251,-0.0253951252,-0.0235120989,-0.0215610154,-0.0198603012,-0.018624641,-0.01700937,-0.0156552456,-0.01449994,-0.0134674981,-0.0117254853,-0.010817267,-0.00906048715,-0.00817483664,-0.00654480606,-0.00553271174,-0.00407211483,-0.00281677395,-0.00159690529,-0.000397749245,3.23951244e-05,0.000729456544,0.00164452195,0.00176591426,0.00258045644,0.00325165689,0.00326592475,0.00401999056,0.00282967836,0.00359229743,0.00192451477,0.000353872776,-0.00106476992,-0.00480593741,-0.0075334385,-0.0087140426,-0.00930436701,-0.0102309585,-0.00742568821
1158,34.4090004,2026-08-27T10:33:24.138000+0000,-26.6957389,153.3354092,0.0578790754,0.0525864065,0.0518513694,0.0531754456,0.0505662039,0.0488412529,0.0470197648,0.0473344885,0.0446665064,0.042177029,0.0395577215,0.0403721817,0.0366547816,0.036635913,0.0356468,0.0336429626,0.0328884907,0.0322686695,0.0316771157,0.0303369425,0.0297239646,0.0286613684,0.0284901336,0.0280041508,0.0279510692,0.0273002107,0.0265838988,0.0265330803,0.0257358309,0.0244649984,0.0254635941,0.0238411482,0.0245401002,0.0243156347,0.0228421967,0.0231779069,0.0227300003,0.022225637,0.0214592163,0.0221252274,0.0213646758,0.0205962565,0.0207336918,0.0204134937,0.0197338592,0.019535562,0.0184139926,0.0181968473,0.0182351489,0.0179432966,0.0171057787,0.0172165595,0.0174579322,0.0168440547,0.0165015552,0.0160709973,0.0163774528,0.0165680069,0.0161128007,0.0160209481,0.0158151835,0.0158957355,0.015638819,0.0150610702,0.015968537,0.015536868,0.0159753095,0.0161971245,0.0163567644,0.0162049569,0.0147326952,0.0146010239,0.0159857385,0.0133083817,0.0139481258,0.0143771712,0.0113844788,0.0113284634,0.00955193862,0.00794752687,0.00607834896,0.00371263362,0.00369398133,0.00192734739,,0.00192857278,0.00258312235,,,,,,,,,,,,,,,,,,,,,,,,,,,-0.0757498145,-0.0728706047,-0.0703337565,-0.0668320507,-0.0641593635,-0.0614535473,-0.0587780774,-0.0563374683,-0.0540228188,-0.0516062528,-0.0496406034,-0.0467787236,-0.0455142409,-0.0430469997,-0.0411767624,-0.0388979353,-0.0371364877,-0.0339146517,-0.0319098234,-0.0306588002,-0.0289218575,-0.0279396437,-0.0262474455,-0.0256370977,-0.0240242518,-0.0221031532,-0.0204922967,-0.018876411,-0.0178408995,-0.0158565454,-0.0146510266,-0.013318412,-0.011746265,-0.0105579644,-0.00928117335,-0.0076655373,-0.00645561516,-0.00546363741,-0.00389306247,-0.00315769017,-0.00145772099,-0.000598475337,0.000571750104,0.000718832016,0.00175383687,0.00278512388,0.00272945315,0.00323031843,0.00392414629,0.00417754799,0.00351630896,0.0029278025,0.00264870375,-0.00025382638,-0.00141447037,-0.00390821695,-0.00633766502,-0.00968017429,-0.00921240449,-0.00877028704,-0.00683543086
1159,34.5460014,2026-08-27T10:33:24.387000+0000,-26.6957389,153.3354092,0.0564690456,0.0512563735,0.0558213815,0.0518854111,0.0511461832,0.0493612401,0.0493497625,0.0464944802,0.0443665199,0.0439070277,0.0415077209,0.0396622084,0.0373547859,0.0372959189,0.0357267968,0.0344229713,0.0330384932,0.0326186754,0.0312971249,0.0310669392,0.0302839689,0.0289413817,0.0297601316,0.0284941476,0.0290310774,0.027870208,0.0277238954,0.0277530793,0.0260758232,0.0264349822,0.026033584,0.0254911371,0.0256100968,0.025055632,0.0249221958,0.0244279038,0.0244299974,0.0242556352,0.0239692144,0.0233452246,0.0231446754,0.0235662553,0.0228436943,0.0194634851,0.0186238438,0.0187555198,0.018493928,0.0175867453,0.0176350158,0.0167631153,0.0163255837,0.0169363599,0.0161377508,0.0164939128,0.0162214451,0.0158609226,0.0162274092,0.0157279801,0.0155127905,0.0152209541,0.0159451924,0.0152957356,0.0145588052,0.015111044,0.0151685104,0.0146968458,0.0160453022,0.0156671349,0.0151667837,0.0158949792,0.0148127126,0.0151710287,0.0158357117,0.0129483053,0.0145879816,0.0128069185,0.0111540807,0.0119478945,0.00703117345,0.00927648786,0.0067870277,0.00194094609,0.00241189636,,0.000502047595,0.000955854543,0.00148037961,,,,,,,,,,,,,,,,,,,,,,,,,,,-0.0743568093,-0.0716175959,-0.0691507533,-0.0655890405,-0.0629863665,-0.0599805415,-0.0568950847,-0.0550144538,-0.0519198179,-0.0500232577,-0.0475875922,-0.0451357216,-0.0433712304,-0.0413639806,-0.0392737612,-0.0371249244,-0.0348534733,-0.0335316509,-0.0322568417,-0.0296958275,-0.0287189186,-0.0269667357,-0.0256545693,-0.0244642459,-0.0227714442,-0.0213203579,-0.0196394734,-0.0182335638,-0.0169380046,-0.0153236128,-0.0140580684,-0.0125854388,-0.0109732524,-0.00986494869,-0.00824815035,-0.00695253164,-0.00621262193,-0.00476064533,-0.00334007293,-0.00247469544,-0.000914722681,-0.000315450132,0.000954784453,0.00194185972,0.00220686942,0.00248814374,0.00321245193,0.00373326987,0.00480703264,0.0044003576,0.00411897898,0.00338032097,0.00159101188,0.000448234379,-0.00166271627,-0.00375682116,-0.00613657385,-0.00807932764,-0.0103218332,-0.00870994478,-0.00625515729
1160,34.6819992,2026-08-27T10:33:24.635000+0000,-26.6957389,153.3354092,0.0463690273,0.0573263764,0.0507713668,0.0493554249,0.0503961705,0.0484012403,0.047259748,0.0443444699,0.0454865173,0.0424370244,0.0410477147,0.0373021886,0.0388747901,0.0357059129,0.0348267928,0.0343529619,0.0323584899,0.031828668,0.0312971175,0.0300369337,0.0296439547,0.027981367,0.0291801225,0.0281141438,0.0271610599,0.0274001993,0.026773883,0.0258830693,0.0253658146,0.0249049701,0.0244735684,0.0246311259,0.0234700851,0.0229556225,0.0227721855,0.022577893,0.0223599859,0.0215456244,0.0213092044,0.0211252179,0.0208946746,0.0205962509,0.0203436781,0.0208134707,0.0202038195,0.0199254882,0.0196438804,0.0191166811,0.0185349341,0.0176630169,0.0176354758,0.0183362626,0.017597666,0.0174038447,0.0171013996,0.0168208908,0.0171073861,0.0173079707,0.0169827901,0.0165009573,0.0168451965,0.0165657327,0.0156587958,0.0159610268,0.0161284916,0.0158168301,0.0174852945,0.016507132,0.017456783,0.0164049715,0.0160627011,0.0174010023,0.0152756618,0.0153182261,0.0156778619,0.0119367437,0.013313828,0.0120275579,0.00821073633,0.010595913,0.00583631126,0.00369005185,0.00369081693,,0.000410769135,0.00359453098,0.000739072915,,,,,,,,,,,,,,,,,,,,,,,,,,,-0.0736822784,-0.0710430741,-0.0675062239,-0.0641645193,-0.0619618483,-0.0584660172,-0.0563405603,-0.0543099344,-0.0513452813,-0.0495887175,-0.0468430668,-0.0437811874,-0.0422867052,-0.0395694561,-0.037509229,-0.0356303938,-0.0333989486,-0.0340371244,-0.0321423151,-0.0304213241,-0.0290644132,-0.0281322598,-0.0264901072,-0.0255398154,-0.0238670222,-0.0218259245,-0.0201050155,-0.0190391019,-0.017513521,-0.0157591254,-0.0144035444,-0.0127108991,-0.0116987228,-0.00994042307,-0.00834360719,-0.00736800581,-0.0059080869,-0.00491612405,-0.00340555608,-0.00251017511,-0.000840187073,-7.09295273e-05,0.00101930648,0.00174639374,0.00288138539,0.00291265547,0.0037869513,0.00474774837,0.00434145331,0.00476474315,0.00505329669,0.00349456072,0.0023951605,0.000932246447,-0.00263884664,-0.00418312103,-0.00618303567,-0.00849591196,-0.00947854668,-0.00646670908,-0.00674194843
1161,34.8100014,2026-08-27T10:33:24.884000+0000,-26.6957389,153.3354092,0.0547290631,0.0562663786,0.052061338,0.0510753803,0.0510161817,0.0492912307,0.0468097366,0.0465344973,0.0459665135,0.0434070304,0.039547734,0.0396222062,0.0392747931,0.0365259089,0.0358867981,0.0347729623,0.0338384844,0.0329886787,0.0315771103,0.0304969326,0.0300839562,0.0299013648,0.0281901211,0.028774133,0.0288310647,0.0278701987,0.0274438877,0.0265230704,0.0262558199,0.0257549752,0.0253735743,0.0252611302,0.0243800879,0.0244556293,0.0236621909,0.0239978936,0.0235499945,0.0228256285,0.0221392084,0.0224352181,0.0224546697,0.0214562491,0.0216736831,0.0200134777,0.0192538314,0.0189855099,0.0181039181,0.0181267392,0.0176350065,0.0169131104,0.0169655755,0.0171363633,0.0170277543,0.016433917,0.0166214556,0.0160509255,0.0160374083,0.0162979811,0.0162327942,0.0162709542,0.0156851932,0.0159357339,0.0150587996,0.0148910405,0.0155085074,0.0151168425,0.0158752985,0.0153771285,0.015796775,0.0165649615,0.0148926945,0.0152910054,0.0151056824,0.0143882716,0.0146779437,0.0123268785,0.0112940371,0.0114978496,0.00924112741,0.00859644171,0.00788697973,0.0020508999,0.00241185632,0.00266502751,0.000142039033,0.0016458726,0.00203042245,,,,,,,,,,,,,,,,,,,,,,,,,,,-0.0745867789,-0.0715275779,-0.0684607252,-0.0652590096,-0.0633163378,-0.0601305068,-0.0576850511,-0.055044435,-0.0523997806,-0.0500032157,-0.0477775671,-0.045095697,-0.0433612019,-0.0414439552,-0.0388437249,-0.03707489,-0.035293445,-0.0343116224,-0.0324268043,-0.0307658091,-0.0295888931,-0.0280367024,-0.0266745389,-0.0254142247,-0.0238614157,-0.0218803249,-0.0204694308,-0.0184135288,-0.0174179561,-0.015823584,-0.0146880224,-0.0132953897,-0.0121532232,-0.010574922,-0.00925812125,-0.00792250037,-0.0063225925,-0.00514060259,-0.00384005159,-0.00243466347,-0.00141468644,-0.000105433166,0.000264808536,0.000851877034,0.00201687962,0.00254816562,0.00327245146,0.00338327885,0.00330703706,0.00339034945,0.0039389804,0.00259031355,0.00240100175,-1.77323818e-06,-0.00261271745,-0.00237683952,-0.00737656653,-0.00774932653,-0.0085118264,-0.00890990347,-0.00866510719
1162,34.9360008,2026-08-27T10:33:25.130000+0000,-26.6957389,153.3354092,0.0557693467,0.0552166589,0.0541916192,0.0526055954,0.0515563041,0.0501013324,0.0485299118,0.0471945815,0.0449665524,0.0445870496,0.0421577357,0.0394121371,0.0387247689,0.0381559208,0.035786774,0.0357329026,0.0339984708,0.0332386792,0.0316571221,0.0317969732,0.0312339906,0.0295013823,0.0294501856,0.02947421,0.0283311382,0.0280702934,0.027424017,0.0264332294,0.0268860031,0.0259251874,0.0255437847,0.0252513383,0.0246902332,0.0238557477,0.0238823052,0.023317989,0.0227200873,0.0225257203,0.0223792717,0.0221252851,0.0218347069,0.0216162894,0.0208837837,0.0211236961,0.0206042528,0.0202462487,0.0198850352,0.0191883165,0.0186171364,0.0178857855,0.0177085567,0.0173692387,0.0178802945,0.0176759586,0.0173229985,0.0171520114,0.0168580618,0.0166783184,0.0173828453,0.0168408602,0.0168650802,0.0166057684,0.0171190444,0.0166614633,0.0167489573,0.0169872083,0.0177254081,0.0174870417,0.0176465884,0.0175847933,0.0167226642,0.0178511981,0.0165164191,0.0169297587,0.0158604905,0.0150809791,0.0142403264,0.0142466119,0.0110527659,0.0103120562,0.00869671907,0.00772588514,0.0037325006,0.00576852821,0.00604928285,0.00558502134,0.00409965357,,,,,,,,,,,,,,,,,,,,,,,,,,,-0.0753217116,-0.0719525069,-0.0690955967,-0.0659538656,-0.0631211847,-0.0604653507,-0.0577299297,-0.0545993596,-0.0524947122,-0.0503481813,-0.0474925116,-0.04500065,-0.0428561643,-0.0414889306,-0.0387587324,-0.0368599072,-0.0348884426,-0.0342564695,-0.0326914936,-0.0312701613,-0.0298829228,-0.0283302814,-0.0269775353,-0.0257167034,-0.0242635049,-0.0224124268,-0.0202618316,-0.0187863745,-0.0178513378,-0.0160274282,-0.014362324,-0.0131600425,-0.0116481557,-0.0102700219,-0.00837326795,-0.00805755705,-0.00647743791,-0.00516526401,-0.00354463607,-0.00229930878,-0.00175952911,-0.000720463693,0.0011896044,0.00129663944,0.00216174871,0.00228324533,0.00335796922,0.00409946591,0.00316414982,0.00430883467,0.00390937924,0.00353302062,0.00213648379,0.000747598708,-0.00179917365,-0.00461795181,-0.00569362193,-0.00826250762,-0.00988103449,-0.00950638205,-0.00599072129
1163,35.0620003,2026-08-27T10:33:25.379000+0000,-26.6957389,153.3354092,0.0502096005,0.0579469241,0.0525518171,0.0516156889,0.0520263501,0.0506613515,0.0484500453,0.0466445982,0.0458764881,0.0432770103,0.0414976478,0.0401119851,0.0390746482,0.0361058228,0.0356866494,0.0351227559,0.0335783437,0.0322785825,0.0319370367,0.0311469082,0.0297139324,0.0293312781,0.0292701572,0.0282941666,0.0287310928,0.0281702876,0.0271540396,0.0260532834,0.0270760879,0.0248053111,0.0255439058,0.0250214655,0.023760302,0.0238557812,0.0231423378,0.0228079874,0.0222000871,0.0227557234,0.0223792382,0.0220552478,0.0211246442,0.020356223,0.0206437763,0.0204138029,0.0196545776,0.0192169119,0.0193361025,0.0186598785,0.0182392858,0.0178785417,0.0172716752,0.0176423006,0.0164930411,0.0172681939,0.0170347132,0.0164732262,0.0168988071,0.0167787131,0.0166529231,0.0169507787,0.0165049508,0.0161557868,0.0160092711,0.0160818677,0.0164993964,0.0162375513,0.0178554654,0.0169968605,0.0176762566,0.0177344345,0.0171723906,0.0170511007,0.0163668394,0.0160809159,0.0168627314,0.013904836,0.0146164857,0.0148753915,0.0119246067,0.0120981392,0.00661719497,0.00766197965,0.00634472305,0.00273392373,0.00371892471,0.00450705457,0.00377211906,,,,,,,,,,,,,,,,,,,,,,,,,,,-0.0757530928,-0.0731238946,-0.0696069226,-0.0670851469,-0.063462466,-0.0609366447,-0.0583812445,-0.0559707507,-0.0534061007,-0.051079601,-0.0487939455,-0.046552062,-0.0440575816,-0.0425803959,-0.0404802226,-0.0380813964,-0.035909947,-0.0336378142,-0.0317726545,-0.0306109935,-0.0287234262,-0.0276502781,-0.0258169211,-0.0250255018,-0.0233318508,-0.0215007402,-0.0200404413,-0.0181354284,-0.0174709335,-0.0155775137,-0.0146329366,-0.0130310133,-0.0118994415,-0.0101515129,-0.00864482671,-0.00787903368,-0.00654871017,-0.0049463138,-0.00434563309,-0.00303037465,-0.00137081742,-0.000661984086,0.000227876008,0.00089481473,0.00186998397,0.00242166221,0.00289677829,0.0036489144,0.003044568,0.00411063433,0.00257320702,0.00392927229,0.00160565972,0.000350914896,-0.00252139568,-0.00336442888,-0.00702573359,-0.00836039335,-0.00891443342,-0.00843655318,-0.00862970203
1164,35.1910019,2026-08-27T10:33:25.628000+0000,-26.6957389,153.3354092,0.051589705,0.0573269874,0.0522518903,0.051405739,0.0513063781,0.0507213585,0.0468700826,0.0470846184,0.0441664942,0.0436770208,0.0396876298,0.0383619703,0.0386446156,0.0359758176,0.035086643,0.0336427391,0.0324483328,0.0311085824,0.0310270321,0.0309769195,0.0291639343,0.0281812772,0.028400166,0.0275041796,0.0274611097,0.0270003062,0.0270640645,0.0256033186,0.0259061307,0.0249053594,0.0238939598,0.0246215183,0.0237803347,0.0234158076,0.022632366,0.0220580082,0.0225801002,0.0217757374,0.0217692479,0.0212752651,0.0210546441,0.0205962267,0.0201037917,0.0208138544,0.0202046894,0.0203971099,0.0194164012,0.0187403038,0.0184698738,0.0179592706,0.0169424936,0.0179930907,0.0169237461,0.0174187552,0.017175138,0.0166135225,0.0162589829,0.0165988076,0.0168429352,0.0155107537,0.0166449193,0.0155357942,0.015799338,0.0163619835,0.0157295186,0.015977649,0.0168854911,0.0145668332,0.0170161985,0.0156243769,0.0154023664,0.0170211382,0.0156870224,0.0135113019,0.0164034069,0.0106559368,0.0132881831,0.0114277732,0.00767777907,0.00982240587,0.00424259808,0.00252882903,0.00571312942,0.000423130579,,0.0049378518,,,,,,,,,,,,,,,,,,,,,,,,,,,,-0.0729691759,-0.0700399727,-0.067482993,-0.0636912137,-0.0612585396,-0.0585827045,-0.0558873191,-0.0538968407,-0.0507721901,-0.0489256978,-0.0459600464,-0.0438781716,-0.0422636755,-0.0396564975,-0.0378963314,-0.0361975022,-0.0339160673,-0.034383893,-0.0323286764,-0.030956924,-0.0297892615,-0.0276160017,-0.0264324695,-0.0249109194,-0.0232171528,-0.0222260505,-0.020865839,-0.0189609304,-0.0171965919,-0.015843302,-0.0144188441,-0.013007015,-0.0116455331,-0.0102176368,-0.00895097852,-0.00769516826,-0.00642477721,-0.00533232838,-0.00394161791,-0.00269638002,-0.00159688294,-0.000358112156,0.000571712852,0.00144864619,0.00258383155,0.0026255548,0.00258081406,0.00352311134,0.00325901061,0.0041654557,0.00393856317,0.00301526487,0.00191240758,0.00118874758,-0.00195242465,-0.00416401029,-0.00647414476,-0.00778777897,-0.00772069395,-0.00689204782,-0.00572492927
1165,35.3209991,2026-08-27T10:33:25.877000+0000,-26.6957389,153.3354092,0.0904199705,0.0614672638,0.0580320992,0.0717859045,0.060606461,0.0592914335,0.0551502071,0.0613646694,0.053386502,0.0536470339,0.0503176153,0.0547918789,0.0465345792,0.0464157984,0.0471365936,0.0437726453,0.0422582813,0.0410685539,0.0408670045,0.0391069241,0.037993934,0.0377712511,0.0361001976,0.035944216,0.0358211435,0.035530366,0.033634156,0.0339634307,0.0336362757,0.0309755336,0.0323441327,0.0308516864,0.0297204554,0.0301458929,0.0286124535,0.0286380723,0.0277001634,0.027095804,0.0262392797,0.025335297,0.0258646533,0.0239562262,0.0244138557,0.0199340247,0.019015057,0.0196977891,0.0192674398,0.0179018006,0.0179418884,0.0167118236,0.017275352,0.0169258639,0.0162362102,0.0171907395,0.0163566507,0.0161445886,0.0159196258,0.0160491429,0.0154529903,0.0157106686,0.0168248061,0.0144858239,0.0154695632,0.0158323757,0.0143199395,0.0164379869,0.0159755759,0.0151667241,0.0164959822,0.0162041616,0.0149822636,0.0165912341,0.0130776279,0.013962606,0.0135957208,0.0118597355,0.0144840879,0.00958605483,0.00869883504,0.00983729772,0.00360146491,0.00425276393,0.00183255272,,0.00129507598,0.0016357007,0.000320989173,,,,,,,,,,,,,,,,,,,,,,,,,,,-0.0754394308,-0.0720602274,-0.0684731752,-0.06544137,-0.0618387088,-0.058982864,-0.0562675074,-0.053657081,-0.0512524247,-0.0488859676,-0.0465603024,-0.0441884398,-0.0421539545,-0.039386794,-0.0372966714,-0.0348078422,-0.0328463949,-0.033374086,-0.031928692,-0.0305266418,-0.0290386677,-0.0277949534,-0.0261908621,-0.0244688168,-0.0231146626,-0.0213335603,-0.0197336152,-0.0181691423,-0.0169653073,-0.0150324553,-0.0142184347,-0.0125469714,-0.0110357553,-0.0099780336,-0.00819142163,-0.00710552186,-0.0059549436,-0.00497229397,-0.00349154323,-0.00226635486,-0.000717043877,-0.000178471208,0.000881187618,0.0019280687,0.00276333839,0.00272527337,0.00278090686,0.00384382904,0.00314064324,0.00437836349,0.00401331484,0.00231223553,0.00211203843,0.000962123275,-0.00252499431,-0.00286142528,-0.00650765002,-0.00917749852,-0.0083765313,-0.00877512246,-0.00851710886
1166,35.4589996,2026-08-27T10:33:26.142000+0000,-26.6957389,153.3354092,0.0606602468,0.0429574735,0.0543923303,0.0535860099,0.048796542,0.0476514809,0.048210375,0.0456947275,0.0416065119,0.041377034,0.040207576,0.0389018022,0.0342045352,0.0371957757,0.0341265351,0.0332225785,0.0320282243,0.0319385342,0.0301469862,0.0290369205,0.0292739477,0.0281112287,0.0271402374,0.0276242457,0.0270711705,0.0263304301,0.0260042436,0.0262635574,0.024106428,0.0250657089,0.02530431,0.023351863,0.0250805691,0.0237959884,0.0233625453,0.0231681373,0.0227902289,0.0218358636,0.0225193147,0.0218153298,0.0211946592,0.0214562379,0.021283919,0.0261142068,0.0258054268,0.0258784667,0.0252984874,0.0249232911,0.0244939197,0.0234043803,0.0237882137,0.0233186353,0.023528669,0.0243527237,0.0232381541,0.0238656458,0.0235302672,0.0236194767,0.023513047,0.023240583,0.0235346965,0.0233558547,0.0232497901,0.0231527723,0.0232903622,0.0241383258,0.024205666,0.0239266213,0.0245257653,0.0240339488,0.0243021734,0.0244013425,0.0224582404,0.0246239267,0.0218680557,0.0219235569,0.0216800123,0.019044362,0.0205299109,0.0162522122,0.0131903579,0.0156767219,0.00963199418,0.010247577,0.01138099,0.00682353834,0.0127189998,,,,,,,,,,,,,,,,,,,,,,,,,,,-0.07670369,-0.0730244815,-0.0701473802,-0.0675455555,-0.0640828758,-0.0617870465,-0.0594917089,-0.056871336,-0.0544666797,-0.0524702445,-0.0500945896,-0.0479327217,-0.0451982282,-0.0440711081,-0.0420010053,-0.0395721681,-0.0370007269,-0.0338082761,-0.0320527293,-0.0307703651,-0.0292320736,-0.0280879177,-0.0266632661,-0.0251507238,-0.0235261694,-0.022065077,-0.0205254182,-0.0188813657,-0.0174880326,-0.0155256279,-0.0146020576,-0.0129309222,-0.0115299895,-0.0103124231,-0.00890588015,-0.00782989711,-0.00676911324,-0.00497628003,-0.00369545817,-0.00237034261,-0.00102123618,-1.28373504e-05,0.00026665628,0.00205347687,0.00285885483,0.00297097862,0.00416699797,0.00410055369,0.00522826612,0.00446728617,0.00393407047,0.00365521014,0.00182769448,0.00106151402,-0.00174157321,-0.00480285287,-0.00462511927,-0.00886124372,-0.00876635313,-0.00953225791,-0.00843331963
1167,35.5909996,2026-08-27T10:33:26.391000+0000,-26.6957389,153.3354092,0.0603004433,0.0508575998,0.0527224392,0.0548560731,0.0500965863,0.0500215031,0.0477804244,0.0499247387,0.0447465032,0.043257013,0.0421275608,0.0421417654,0.0365244858,0.0385057554,0.0372464955,0.0359925106,0.0337281823,0.0345485024,0.0322869569,0.0313269161,0.0315039344,0.0301912054,0.0295302309,0.0302442405,0.0287211724,0.0287504457,0.0279142726,0.0287735965,0.0257264823,0.0263457838,0.0266943779,0.0246219411,0.0256906152,0.0246860199,0.0241025742,0.0238381512,0.0239902399,0.0229758751,0.0229793191,0.0225853305,0.0221446436,0.0221662223,0.0206439346,0.0210442767,0.0203655995,0.0201688092,0.0197290275,0.018824067,0.0186949745,0.0183957312,0.0175797381,0.0178701151,0.018029999,0.0178737994,0.0179189742,0.0170762241,0.0171106178,0.0171796605,0.0171730798,0.0170905422,0.0173046347,0.0171058662,0.0160699021,0.0163029749,0.016380582,0.0166384988,0.0169957001,0.0166465472,0.0170256253,0.0169938039,0.0165520739,0.0165313408,0.0162185002,0.0152445538,0.0140592121,0.0138255022,0.0120630749,0.0131386966,0.0101557337,0.0086000897,0.0073803626,0.00326944841,0.00255767256,0.00208477722,0.00108020985,0.00170386629,0.0012994837,,,,,,,,,,,,,,,,,,,,,,,,,,,-0.0773332119,-0.0745640025,-0.0717568845,-0.0682750344,-0.065652363,-0.0631465316,-0.0605811998,-0.0582008585,-0.0555062145,-0.0533197857,-0.0511741415,-0.0485322699,-0.0469077751,-0.0446206741,-0.0424105786,-0.0409217514,-0.0384103023,-0.0336877853,-0.0314121433,-0.0305596069,-0.0285811648,-0.0274567604,-0.0259418264,-0.0253789835,-0.0231742337,-0.0215931199,-0.0196936131,-0.0177297741,-0.0166667067,-0.014454551,-0.0134912282,-0.0122702792,-0.0110794902,-0.00969202816,-0.00874549896,-0.00737947971,-0.00660860538,-0.00556565076,-0.00364479423,-0.00223970413,-0.0011607036,0.000307567418,0.00103696436,0.00130375475,0.00161916018,0.00254138559,0.00359761715,0.00280147046,0.00359966606,0.00374935567,0.00365713984,0.00431945175,0.00260335952,0.000719189644,-0.00131173432,-0.00633024424,-0.00758039951,-0.00941447914,-0.0108774528,-0.010101825,-0.00634236634
1168,35.7150002,2026-08-27T10:33:26.640000+0000,-26.6957389,153.3354092,0.0900604948,0.0701676458,0.081772469,0.0828061104,0.0796866119,0.0797315091,0.0816404447,0.0767247602,0.0719464868,0.0676370114,0.0624575652,0.0606517307,0.0555244833,0.0557457507,0.0538264848,0.0520024933,0.0504681803,0.0495685078,0.0485969409,0.0472669117,0.047383938,0.0455012023,0.0446102433,0.0440242551,0.0432311781,0.0430104546,0.0410542898,0.0414936207,0.0393765084,0.0389558114,0.0388444141,0.0369119644,0.0375906378,0.0373360366,0.0364425927,0.0358781591,0.0358102545,0.0342358872,0.0337693244,0.0336653367,0.0331846401,0.0324962214,0.0317939371,0.024214305,0.0233656708,0.0236089285,0.0232092068,0.0223243311,0.0219353382,0.0217461828,0.0210802443,0.0217906144,0.0215204321,0.0217341539,0.0211792458,0.0205764137,0.0205807369,0.0205197223,0.0205530897,0.0205605272,0.0202946141,0.020665871,0.0206799451,0.0202530455,0.0200906545,0.0205285586,0.0210457165,0.0216865242,0.0208255854,0.02144376,0.0207720567,0.0204013549,0.0195786059,0.018614782,0.018959621,0.0181461759,0.0174841247,0.0177201722,0.0143977031,0.013912742,0.0112637272,0.00954371504,0.00644292124,0.00724052172,0.0064766123,0.00783062354,0.00904627331,,,,,,,,,,,,,,,,,,,,,,,,,,,,-0.0737565458,-0.0712194145,-0.0683075562,-0.0652248859,-0.0624090508,-0.0604237393,-0.0583734065,-0.0552887544,-0.0527723283,-0.0511866733,-0.0484348163,-0.0464703217,-0.0438632183,-0.041963134,-0.0396543108,-0.0377328582,-0.0349103026,-0.0334946364,-0.0317320451,-0.0303435586,-0.0292790681,-0.0276040249,-0.0259611011,-0.0244962722,-0.0227651633,-0.0212157033,-0.0195319504,-0.0177089721,-0.0163668953,-0.0150036402,-0.0134527534,-0.0121020228,-0.0110045895,-0.00934807211,-0.00809203088,-0.00652112067,-0.00597813725,-0.0046472773,-0.0033422038,-0.0015932247,-0.000604972243,0.000354371965,0.00100114942,0.00200657547,0.00213883817,0.00328513235,0.00329910964,0.00406745076,0.00424738228,0.00334549695,0.00327819586,0.00221258402,6.90892339e-05,-0.0010811314,-0.00447873771,-0.00661817193,-0.00909159333,-0.00899386406,-0.00903772563,-0.00756811351
1169,35.8139992,2026-08-27T10:33:26.888000+0000,-26.6957389,153.3354092,0.0561305657,0.0558977649,0.0470525287,0.0539761297,0.0499366149,0.0496415161,0.0460704826,0.0487247705,0.045316495,0.0450069979,0.0425075479,0.0442217104,0.0410644487,0.0397457331,0.0398064665,0.0386724658,0.037788149,0.0372384824,0.0368469283,0.0355369039,0.0357839279,0.0352111757,0.0341702364,0.0353842564,0.034661185,0.0344604589,0.0338143036,0.0340436473,0.0342565365,0.0324258581,0.0342444517,0.0329820104,0.0322306603,0.032906048,0.0322326124,0.0326281637,0.0317102596,0.0321359001,0.0314093232,0.0311153345,0.0313146338,0.0309362113,0.0300639514,0.040954344,0.0402157605,0.0402591079,0.0398194939,0.0391647443,0.0387059003,0.0382469036,0.0378110558,0.0374814048,0.0375011414,0.0375747271,0.0374596864,0.0379367247,0.0371909253,0.0372698233,0.0365031064,0.0366205052,0.0362645797,0.0361458771,0.0358700044,0.0358831547,0.0356207751,0.0359486528,0.0356257372,0.0360664837,0.0355855152,0.0356836841,0.0351920016,0.035241358,0.0348587446,0.0353651159,0.0327302404,0.0322372131,0.031765759,0.0295124836,0.0284208059,0.0268969405,0.0235390589,0.0242304914,0.0200612694,0.0178796854,0.0208268445,0.0173214432,0.0175671782,,,,,,,,,,,,,,,,,,,,,,,,,,,-0.0778857768,-0.0747565702,-0.0721994191,-0.0697175637,-0.0663048849,-0.0633490533,-0.0614037439,-0.0582334287,-0.0559087768,-0.0539023727,-0.0514967218,-0.0489548482,-0.0466003455,-0.0444632508,-0.0432431884,-0.0406643562,-0.038022913,-0.0358303264,-0.0338746049,-0.0332719199,-0.0307933427,-0.0294787288,-0.0284135304,-0.0271104686,-0.0257555246,-0.0238044076,-0.021915026,-0.0202213898,-0.0193385519,-0.0170966014,-0.0158434808,-0.0143826678,-0.0132420287,-0.0113946497,-0.0101581365,-0.00872208923,-0.00761111826,-0.00649807602,-0.00477721542,-0.00374215096,-0.00163323432,-0.000695034862,0.00032427907,0.00143103302,0.0021564737,0.00337877125,0.00417519361,0.00402932614,0.00432792306,0.00529821217,0.00442685187,0.00364018977,0.00257533044,-0.000127084553,-0.000996172428,-0.00509228557,-0.00826059282,-0.00827292353,-0.00954407454,-0.00957715511,-0.00753723085
1170,35.9109993,2026-08-27T10:33:27.137000+0000,-26.6957389,153.3354092,0.051230669,0.0521278381,0.0517426282,0.0508262105,0.0508366525,0.0491715595,0.0477505699,0.0485348068,0.0446964838,0.0424169935,0.0399275161,0.0395316742,0.0372844078,0.0367957205,0.0361764207,0.0338824242,0.0324281231,0.0320584625,0.0320069082,0.0303169023,0.0302639231,0.0299011599,0.0286702421,0.0279942565,0.0277411845,0.0275904834,0.0268643443,0.0270036943,0.0259966068,0.0248859338,0.0256345347,0.0239120889,0.0243007094,0.0243060868,0.0230626464,0.0230281893,0.0228702817,0.0225959234,0.0220693294,0.0217353478,0.0216746274,0.0213062055,0.0206539743,0.0199444275,0.0191859417,0.0189194418,0.0184200052,0.01805548,0.0175769087,0.0168581698,0.0162824858,0.0169527903,0.0169823747,0.0161857195,0.0160504393,0.0161372535,0.0155412443,0.0159399901,0.0162531361,0.0158104654,0.0154245254,0.0153958891,0.0149201136,0.0151333511,0.0147409821,0.014948817,0.0165157747,0.0147464266,0.0162453949,0.015863562,0.013991938,0.0152613875,0.0152190262,0.0122857457,0.0135113671,0.0122390818,0.0113286767,0.0125265904,0.00765629811,0.00810434856,0.0053584557,0.00154242618,0.00257595116,,,,0.00152622722,,,,,,,,,,,,,,,,,,,,,,,,,,,-0.0766008645,-0.0738516524,-0.07102447,-0.0679525957,-0.0651699305,-0.0621140972,-0.0601588003,-0.0571785197,-0.0548738651,-0.0521374643,-0.0504718199,-0.047669936,-0.045685444,-0.0433883741,-0.0413483121,-0.0394994877,-0.0371680334,-0.0356453769,-0.0339995772,-0.0324467458,-0.0314080194,-0.029463172,-0.0279776938,-0.0273343772,-0.024789229,-0.0238281153,-0.021538876,-0.0200554393,-0.0188028589,-0.0169511437,-0.015248239,-0.0140576065,-0.0120771006,-0.0106397867,-0.00930333138,-0.00775721669,-0.00654615462,-0.00539301336,-0.00371212512,-0.00277707726,-0.00105827302,-0.00018016994,0.00130904466,0.00144577026,0.00316124409,0.00341364741,0.00416024774,0.00407470018,0.00471374393,0.00483468175,0.00439425558,0.00243867189,0.00256514549,0.000204600394,-0.00199245661,-0.00321598351,-0.00591233373,-0.00746279955,-0.0091419667,-0.0101136491,-0.00795326382
1171,36.0079994,2026-08-27T10:33:27.385000+0000,-26.6957389,153.3354092,0.0571508296,0.0514679849,0.0538028181,0.05569629,0.0516567118,0.0511215851,0.0499606431,0.0485748313,0.047126472,0.0476469994,0.0453474894,0.0453816019,0.0423943922,0.0424256809,0.0416763835,0.0396923572,0.0397680812,0.0377584472,0.0372768864,0.0375668891,0.0358639061,0.0363511331,0.0358202606,0.0354742743,0.0352412015,0.0350405164,0.0341043845,0.0347937532,0.0342566818,0.0326860249,0.0334146209,0.0325821862,0.032390777,0.032086134,0.0319326892,0.0312882178,0.031560313,0.0313859507,0.0306493454,0.0306553561,0.0304546207,0.0299961958,0.0297539961,0.035314519,0.0349061489,0.0346798375,0.0340706296,0.033576373,0.0325181223,0.0322697125,0.032074213,0.0321644768,0.0318338722,0.0321369357,0.0316513628,0.0309979096,0.0315416381,0.0310301967,0.030703174,0.0302804131,0.0304544568,0.0306659061,0.0296902489,0.0299135856,0.0302112326,0.0295290165,0.0306358226,0.0301363505,0.0301652458,0.0306634121,0.0289518517,0.0282814149,0.0301793553,0.0268064942,0.0284527261,0.0271513388,0.0248522069,0.0262515657,0.020782955,0.0223333351,0.0234198589,0.0151569098,0.0168837737,0.0148352999,0.0117365932,0.0143133979,0.0170493908,,,,,,,,,,,,,,,,,,,,,,,,,,,-0.0761214495,-0.0738922432,-0.0703250319,-0.0675631464,-0.0647504702,-0.0618946403,-0.0594193563,-0.0571091063,-0.0542944595,-0.0523080863,-0.0500324294,-0.0471805558,-0.0454260632,-0.0437090062,-0.0409789644,-0.0388401337,-0.0368686914,-0.0348159447,-0.0332900435,-0.03200702,-0.030408103,-0.0289529823,-0.0275871605,-0.0263235457,-0.024608165,-0.0230070427,-0.0215979628,-0.0196447931,-0.0182525031,-0.0168310665,-0.0156484395,-0.0136180073,-0.0123376623,-0.0111304596,-0.00992403179,-0.00866787881,-0.00749669969,-0.00561344624,-0.00493251532,-0.00313750654,-0.00213880837,-0.000770829618,-0.000171728432,0.000694960356,0.000950492918,0.00182300061,0.00226984918,0.00263466686,0.00306424499,0.00400596857,0.00292664766,0.00231241435,0.00330049545,2.22325325e-05,-0.000692367554,-0.00494278222,-0.00677672029,-0.00657487661,-0.00748167932,-0.0087216422,-0.00498068333
1172,36.1069984,2026-08-27T10:33:27.634000+0000,-26.6957389,153.3354092,0.0609709844,0.0455781706,0.0583328977,0.055086378,0.0502867512,0.0486216247,0.0516907163,0.0474748649,0.043106474,0.0434469953,0.0420974828,0.0426515862,0.0356843509,0.0382256806,0.0357163623,0.0344023257,0.0334580615,0.0325984396,0.0310968813,0.0298168976,0.0306339227,0.0290311426,0.0288702808,0.0279842932,0.0281312279,0.0273805484,0.0263744425,0.0268038232,0.025366772,0.0251461323,0.025794724,0.0239922814,0.0243708473,0.0238561872,0.0236627497,0.0227982569,0.023240352,0.0226759873,0.0216793641,0.0218153801,0.0213546362,0.020586215,0.0204940401,0.0202546213,0.019656362,0.0191502161,0.018191196,0.0190471839,0.0172092151,0.0170210879,0.0174957495,0.0166659597,0.0169951897,0.0163779948,0.0159921646,0.0158884712,0.0156019852,0.0161303729,0.015803203,0.0169603676,0.0150143988,0.0152359242,0.0158703718,0.0146237966,0.0151214618,0.0163492039,0.0145258717,0.0163263008,0.0166851431,0.0157433152,0.0164318215,0.0157714933,0.0133297136,0.0166072343,0.0126140108,0.0129834227,0.0138654197,0.0105060572,0.0100889318,0.00972136855,0.00248001888,0.00775978109,0.00196957309,6.25899993e-05,0.00237582438,,0.00229970133,,,,,,,,,,,,,,,,,,,,,,,,,,,-0.0784011334,-0.0751319304,-0.071604684,-0.0691027716,-0.0662300959,-0.0631442666,-0.0603690073,-0.0585187897,-0.0549641401,-0.0531477705,-0.0506921224,-0.0481602475,-0.0458157584,-0.043348711,-0.041838672,-0.0389298536,-0.0365384072,-0.0353155956,-0.0333795957,-0.0316764005,-0.030217316,-0.0290419646,-0.0272958465,-0.0260019526,-0.0250163749,-0.0225552507,-0.0211563259,-0.0193933733,-0.0178813711,-0.0161801651,-0.0153177828,-0.0133375227,-0.0119273439,-0.0102802292,-0.00826382637,-0.00780762732,-0.00641632825,-0.00523297489,-0.00364202261,-0.00268703699,-0.00158844143,-0.00060056895,0.000598460436,0.00147512555,0.00234069675,0.00291332603,0.00322037935,0.00354553759,0.00348559767,0.00361800939,0.00270969421,0.00249665976,0.00236615539,-0.000810094178,-0.000672534108,-0.00338018686,-0.00764200836,-0.00607819855,-0.00856289268,-0.00937144458,-0.00658001751
1173,36.2099991,2026-08-27T10:33:27.883000+0000,-26.6957389,153.3354092,0.0512310825,0.0531882122,0.0610129647,0.0500663891,0.0528467856,0.0507316329,0.0521007441,0.045824863,0.0477764793,0.0438969918,0.0443674661,0.0388515294,0.038044326,0.03989565,0.0354263298,0.0353622772,0.033988025,0.0330584049,0.031296853,0.0311168805,0.0308439005,0.0291110985,0.0293402616,0.0282842834,0.0283112023,0.0282605458,0.027414443,0.0269938409,0.0258867946,0.0272861682,0.0267847627,0.0251623224,0.0256708637,0.024756195,0.0253627561,0.0240482539,0.0242803469,0.0240259841,0.0235793516,0.0237353668,0.0225246064,0.0227861889,0.0226940345,0.0238146521,0.0237564649,0.0234604217,0.0228315387,0.0221776795,0.0220899079,0.0213219747,0.0213167518,0.0220069457,0.0209360775,0.021558715,0.021672722,0.020788867,0.0206022207,0.0204805005,0.021283228,0.02013034,0.0207943581,0.0201859269,0.0204204433,0.0201939289,0.0202516019,0.0207893122,0.0208858885,0.0211462416,0.0212350339,0.0205131918,0.0201617256,0.020411456,0.0200498365,0.0197175927,0.0193347186,0.0170146506,0.0190273877,0.014308868,0.0139427306,0.0149065331,0.0104166009,0.00889817532,0.00844994746,0.00597398402,0.00588860177,0.00527720619,0.00545341242,,,,,,,,,,,,,,,,,,,,,,,,,,,-0.0743080825,-0.0705388859,-0.067381613,-0.0650896877,-0.0619570203,-0.0589311831,-0.056525927,-0.0533857346,-0.0512610897,-0.0490347221,-0.0463190675,-0.0442572124,-0.0423327126,-0.0401156805,-0.0387356691,-0.0360268392,-0.0337153822,-0.034432523,-0.0328364782,-0.0316531807,-0.0300639756,-0.02827847,-0.0271221474,-0.0256380811,-0.0239223354,-0.0223412178,-0.0210223831,-0.0186595805,-0.017637752,-0.0164466947,-0.0146044679,-0.0134143457,-0.0118142515,-0.0108672157,-0.00963083655,-0.0080646053,-0.00684324652,-0.00571981817,-0.00440883636,-0.00296387076,-0.00208537281,-0.000967569649,-0.000218607485,0.000448018312,0.00169362873,0.00248631835,0.00202349573,0.00269885361,0.00418922305,0.00345207751,0.00305440277,0.00396215171,0.000942602754,0.000747680664,-0.00025331974,-0.00539912283,-0.00516953319,-0.00757435709,-0.0107176006,-0.00706509501,-0.00481328368
1174,36.3129997,2026-08-27T10:33:28.135000+0000,-26.6957389,153.3354092,0.0589211062,0.0617282651,0.0586929917,0.0601864383,0.0597567931,0.0590816289,0.058200758,0.0572048612,0.0557164848,0.0529670119,0.0503674857,0.048221536,0.0465043187,0.0459056571,0.0446163304,0.0431522839,0.0424280204,0.0413384251,0.0402368568,0.0394568928,0.0386539102,0.0383311138,0.0371502899,0.0371242911,0.0364012234,0.0359105654,0.0352344625,0.0341338553,0.0337968133,0.0332061797,0.0325947814,0.0324223414,0.0317108817,0.03118621,0.0310427658,0.030478267,0.0302203652,0.0292659998,0.0294293687,0.0288053807,0.0285846218,0.0275561977,0.0277040508,0.0222346708,0.0223364867,0.021180464,0.0209715907,0.0198177472,0.0201299954,0.0188020822,0.0184868686,0.0195070449,0.0187561605,0.019008778,0.0186927691,0.018038895,0.0177522395,0.0179405082,0.0178732257,0.0178603362,0.0180243552,0.0177659299,0.0170404576,0.0181539506,0.0164916236,0.0178193301,0.0181258991,0.0167462472,0.0189050399,0.0184732061,0.0168417469,0.0179014932,0.0168398991,0.0151476897,0.0170548558,0.0136248479,0.0144176651,0.0137692355,0.00946319848,0.01070714,0.00796735287,0.00437911088,0.00391107332,0.000765196979,0.00229992019,0.00387854711,0.00379472226,,,,,,,,,,,,,,,,,,,,,,,,,,-0.0782423615,-0.0750266686,-0.072217457,-0.0683701932,-0.065788269,-0.0629155859,-0.0597697645,-0.0573945083,-0.0551243052,-0.0526496619,-0.050573308,-0.048057653,-0.0456857905,-0.0433112904,-0.0409142599,-0.0389542468,-0.0373654179,-0.0352439657,-0.0338610895,-0.0324150398,-0.0313217305,-0.0293225236,-0.0281469934,-0.026660651,-0.0253865682,-0.0236708112,-0.0224297009,-0.0207608864,-0.0193081014,-0.018066287,-0.0165952407,-0.0147030428,-0.013492927,-0.0119028389,-0.0102958009,-0.00967942178,-0.00834318995,-0.00681182742,-0.00564839691,-0.00425740331,-0.00310245156,-0.00184394419,-0.00079613924,0.000642798841,0.00158943981,0.00153505057,0.00233775377,0.00292496383,0.00401034206,0.00349076092,0.00421366096,0.00449606776,0.00276388973,0.00239444524,0.000439658761,-0.00142119825,-0.00417682528,-0.00698707998,-0.00769177079,-0.00971493125,-0.00739237666,-0.00704052299
1175,36.4150009,2026-08-27T10:33:28.384000+0000,-26.6957389,153.3354092,0.0543711223,0.0556482263,0.0541030131,0.0527264401,0.0520667844,0.0515116341,0.0506407693,0.047734879,0.046166487,0.0443170145,0.0427774712,0.040331535,0.0383943468,0.0374656804,0.036496345,0.0348223001,0.0342380442,0.0331184343,0.0318168812,0.0315969028,0.0310239308,0.0301711317,0.0298302975,0.0289643072,0.0289112385,0.0289405789,0.0281044748,0.0275438614,0.0265168194,0.0263461899,0.0261947904,0.0256423466,0.0249908864,0.0248262156,0.024542775,0.0242782757,0.0238403752,0.0237960089,0.0230593774,0.022585392,0.0221346375,0.02231621,0.0215940643,0.0216746796,0.0224164929,0.0214204546,0.021051567,0.0203477144,0.0199899338,0.0196719971,0.0191867687,0.0193869472,0.0186960679,0.0187487043,0.0187527053,0.0184988528,0.0187922101,0.0183404945,0.0187232215,0.0185203366,0.0177743603,0.018615935,0.0172304511,0.017733939,0.0178116132,0.0176293217,0.0190359019,0.0175262634,0.018095063,0.0187932346,0.0172117781,0.0179915242,0.0174899213,0.0160976946,0.0164248291,0.0148147745,0.0158975199,0.0129790055,0.0121528693,0.00968667492,0.00776674459,0.00553831644,0.00522007141,0.00290408242,0.00238863728,0.00415715668,0.00194328232,,,,,,,,,,,,,,,,,,,,,,,,,,,-0.0759302005,-0.0727709979,-0.0693837255,-0.0664618164,-0.0639991462,-0.0611833148,-0.058658056,-0.0563078523,-0.0532632098,-0.0513868555,-0.0489311963,-0.0464993231,-0.0444048308,-0.042447798,-0.0398677774,-0.0382389538,-0.0359575078,-0.0332346372,-0.0314885825,-0.0302252918,-0.0288661011,-0.0274205804,-0.0258942619,-0.0249101929,-0.0231444612,-0.0215533413,-0.0198545232,-0.0184517168,-0.0164498985,-0.0155588537,-0.0139066279,-0.0128064901,-0.0113964006,-0.0103593543,-0.00880296528,-0.00762674958,-0.00674538314,-0.00549194962,-0.00343096256,-0.00244601816,-0.00152748823,-0.000579684973,0.000259287655,0.00121591985,0.00243154168,0.00180424005,0.00324143469,0.00311680883,0.00325719267,0.0039100498,0.00328239053,0.00327014923,0.00230059773,-0.000504299998,-0.00137531757,-0.00369112939,-0.00736153871,-0.00749637187,-0.00884968042,-0.00856726617,-0.00673549622
1176,36.5209999,2026-08-27T10:33:28.633000+0000,-26.6957389,153.3354092,0.0547113307,0.0545884185,0.0561331473,0.0503865331,0.0521968491,0.0506717004,0.0525508858,0.0455749147,0.0472264998,0.0453769974,0.04200745,0.0395114906,0.03881431,0.0377656519,0.036496304,0.0356122367,0.0341480002,0.0337384082,0.031896852,0.0312969014,0.0315839201,0.0310311038,0.031000318,0.0298443362,0.0290012527,0.0283406228,0.0293445457,0.0277339593,0.0273369364,0.0268663242,0.0266049244,0.0261124801,0.0257609747,0.0258062836,0.0252128467,0.0243483279,0.0241304208,0.0237160586,0.0236594062,0.0228054188,0.022914635,0.0225562192,0.0221441053,0.023494821,0.0232067816,0.0225209892,0.0220623855,0.0222588852,0.0207515247,0.0211040061,0.020719016,0.020329129,0.0208580084,0.0207102597,0.0202538911,0.0201796852,0.0196127146,0.0199307557,0.0198032614,0.0198202692,0.0193342697,0.0196259543,0.0188506301,0.0182142481,0.019261945,0.019919591,0.0188659709,0.020626178,0.0188348945,0.0192230679,0.0204316992,0.0182616003,0.0186703987,0.0182887204,0.0164266527,0.0183577668,0.0151621634,0.0143155204,0.0127015654,0.0102783861,0.0113215838,0.00617713761,0.00526320003,0.00678940676,0.00165686442,0.0055869082,0.00732317474,,,,,,,,,,,,,,,,,,,,,,,,,,,-0.0744934008,-0.0719541833,-0.068706885,-0.0664949417,-0.063412264,-0.0603764355,-0.0577012077,-0.0553110465,-0.0533363968,-0.0500300601,-0.0484244078,-0.0458925366,-0.0438480526,-0.0416410267,-0.0397210456,-0.0374322049,-0.0355607606,-0.0341577828,-0.0327815972,-0.0305680707,-0.0296686217,-0.0278627612,-0.0265260004,-0.0256615281,-0.0238055028,-0.0225443877,-0.0204857811,-0.0190833211,-0.0176918954,-0.0160611905,-0.0145593137,-0.0131494552,-0.0118995756,-0.0101726651,-0.00893632323,-0.00851002336,-0.00700849295,-0.00542493165,-0.00408390164,-0.00293897837,-0.00177061558,-0.000492975116,0.000565871596,0.000982478261,0.00219815224,0.00255101174,0.00241851062,0.00311437249,0.00387547165,0.00384934992,0.00365314633,0.0018626377,0.00291518122,-7.67782331e-05,-0.00201461464,-0.00268639624,-0.00632369518,-0.00750558078,-0.00717580318,-0.00719126314,-0.00707877427
1177,36.6570015,2026-08-27T10:33:28.881000+0000,-26.6957389,153.3354092,0.0547112934,0.0583084263,0.055313129,0.0560565144,0.0533468351,0.0530016534,0.0507508516,0.0496848896,0.0481764488,0.0456369929,0.0437974371,0.0421014614,0.04010427,0.0388256274,0.0373862721,0.0364022031,0.0344779678,0.034518376,0.0333368182,0.0320268683,0.0324138887,0.0305410717,0.0302002765,0.0305142943,0.0296912231,0.0296105742,0.02876449,0.0281939059,0.0283268802,0.0265162736,0.0267648753,0.0263524316,0.025900932,0.0252762418,0.0249928012,0.0247282796,0.0238303803,0.0237260144,0.0235093627,0.0225753784,0.0227546003,0.0223961771,0.02151406,0.0203347635,0.0200567059,0.0193908848,0.019352261,0.018598726,0.0186313279,0.0171737857,0.0172187872,0.0170389302,0.0172978397,0.0174001437,0.0168538056,0.0164896343,0.0162626859,0.0165907443,0.0162632708,0.016840281,0.016494276,0.0164459459,0.0159306005,0.0147142056,0.0161618982,0.0157695469,0.0154059445,0.0171461497,0.0163948555,0.0164830089,0.0157716144,0.0152614806,0.0159602147,0.0138284639,0.0136063024,0.0140172914,0.0118515231,0.0118347025,0.0111405449,0.00680708792,0.0072899973,0.00453519356,0.000710899942,0.00144695165,,0.00335427839,0.00566066802,,,,,,,,,,,,,,,,,,,,,,,,,,,-0.0771701783,-0.0739609674,-0.0711736679,-0.0682117268,-0.065069057,-0.0630132258,-0.0601479933,-0.0576678291,-0.0551231764,-0.0529468432,-0.0512911975,-0.0481393151,-0.0459948294,-0.0445078164,-0.0422978252,-0.0398589969,-0.037997555,-0.0340745933,-0.0321684107,-0.030684907,-0.0297254845,-0.0280496478,-0.0262429379,-0.0253384896,-0.0237824805,-0.022181347,-0.0201526992,-0.0185701922,-0.0175287277,-0.0156179965,-0.0142660812,-0.0131762102,-0.0116163269,-0.0101194009,-0.00892306119,-0.00771677494,-0.00642526895,-0.00554171205,-0.00457069278,-0.00261577964,-0.00148740411,-0.000199742615,-9.08970833e-07,0.00138567388,0.00179132074,0.00201415271,0.00248160958,0.00351738185,0.00260840356,0.0035821721,0.00374581665,0.00307513773,0.00208748877,7.52434134e-05,-0.00225286931,-0.00298500806,-0.00794258714,-0.0064746961,-0.00887513161,-0.0109106228,-0.00552810729
1178,36.7989998,2026-08-27T10:33:29.138000+0000,-26.6957389,153.3354092,0.0372909829,0.0571381003,0.0582528748,0.04495636,0.0514567345,0.0489716008,0.0525107011,0.0417148247,0.0455164462,0.0425369889,0.0434674732,0.0351615548,0.0387743488,0.0381056555,0.0337163471,0.0341123082,0.0331880264,0.032348413,0.0303668585,0.0313068628,0.0301838908,0.0286211073,0.0288502481,0.0276842676,0.0277211871,0.0271805227,0.0273344032,0.0261637829,0.0250667315,0.0262660794,0.0242246855,0.0239722431,0.025070807,0.0228761546,0.0236527082,0.0229482241,0.0231003202,0.0219959524,0.0216693319,0.0217353497,0.020964602,0.0212961771,0.0203339998,0.0211245753,0.0206762962,0.0208701212,0.0198210794,0.020117037,0.0190790296,0.0185208768,0.0181055255,0.0179257561,0.018495027,0.0182478689,0.0184820741,0.0178284142,0.0176619496,0.0177303609,0.0171632059,0.0178603791,0.0165344048,0.0166259147,0.0169403441,0.0155237569,0.0170514211,0.0171191655,0.0168158505,0.0179162826,0.0170551166,0.0153932748,0.0175517518,0.0147413928,0.0162295531,0.0166070089,0.0133336987,0.0139629897,0.0139548257,0.0105952835,0.0115779582,0.00952011719,0.00456848089,0.00721788406,0.00260731298,0.000150156673,0.00255320896,0.000521002337,0.00211715139,,,,,,,,,,,,,,,,,,,,,,,,,,-0.077815637,-0.0748099536,-0.0714007542,-0.0686535165,-0.0656816065,-0.0628889203,-0.0596031025,-0.0576978251,-0.0548576005,-0.0526729636,-0.0504865982,-0.0483909324,-0.0456490591,-0.044364579,-0.0421975218,-0.0414175056,-0.0387086757,-0.0362772383,-0.033474423,-0.0317984484,-0.0307252817,-0.0288462192,-0.0281109028,-0.0267448165,-0.0251609609,-0.0234453976,-0.0219442658,-0.0201853029,-0.0182223134,-0.0167702772,-0.0152190328,-0.0134266093,-0.0125863478,-0.0110461339,-0.00971900672,-0.00779262185,-0.0071664229,-0.0056251511,-0.00459180027,-0.00289085507,-0.00210586935,-0.000247277319,5.0611794e-05,0.00131963193,0.00170628726,0.00311184675,0.00297443569,0.00356144458,0.00393653661,0.00515652448,0.0039088279,0.00364035368,0.00388715416,0.00206647068,0.000859938562,-0.000992789865,-0.00582080334,-0.00619291514,-0.00638931245,-0.0090842396,-0.00656289607,-0.00599143654
1179,36.9370003,2026-08-27T10:33:29.387000+0000,-26.6957389,153.3354092,0.0641307235,0.0574878938,0.0603227019,0.0570662469,0.0554666668,0.0540315509,0.0524705686,0.0526148118,0.0485264696,0.0469369926,0.0441275164,0.0444516279,0.0400644131,0.0409857072,0.0395364091,0.0374223962,0.0367281064,0.0360884592,0.0351468995,0.0335068926,0.032673914,0.0326411612,0.031640254,0.0314842574,0.0309411939,0.0303904917,0.0296143517,0.0293037072,0.0282366332,0.0275459643,0.0277445633,0.0271421187,0.026510736,0.0263961013,0.0258026645,0.025388198,0.0251802895,0.0250059254,0.0234993361,0.0240353514,0.0231446233,0.0230262037,0.0226939786,0.0205644593,0.0202860106,0.0196995828,0.0196602214,0.0183757953,0.0190073326,0.0179687161,0.0181030929,0.0181433819,0.0168729052,0.0177661479,0.0173207708,0.0164974891,0.016921388,0.0164700616,0.0167831499,0.0161204468,0.0171445012,0.0162458979,0.0153501639,0.0169034302,0.0154510699,0.0168188885,0.0168257896,0.0154163996,0.0170953404,0.0163735114,0.0151119055,0.0171913914,0.0151991369,0.0142060053,0.0150618413,0.0122598745,0.0144699179,0.0132383406,0.00709864218,0.0110675152,0.00651247706,0.00259753317,0.00581223797,,0.0043224832,0.00425851066,,,,,,,,,,,,,,,,,,,,,,,,,,,,-0.075847894,-0.0730286837,-0.070211485,-0.0667396039,-0.0642969385,-0.0612810999,-0.058135815,-0.0561755449,-0.0533908978,-0.0510245003,-0.0488588437,-0.0455969796,-0.0443424806,-0.0420954078,-0.039575357,-0.0375265293,-0.0352250859,-0.0326724015,-0.0315265618,-0.0302436724,-0.0288248658,-0.0275299326,-0.0259743258,-0.0249609053,-0.022855673,-0.0216545574,-0.0199453607,-0.0182820223,-0.0171295479,-0.0155679211,-0.0142451301,-0.0124945715,-0.0113641098,-0.0104968548,-0.00882038474,-0.00793427974,-0.00625316799,-0.00523999333,-0.00393907726,-0.00262404233,-0.0017452836,-0.000437222421,0.000291951001,0.00154867023,0.00226416439,0.00238661468,0.0029732883,0.00345786661,0.0039371103,0.00406830758,0.00472827256,0.00273317844,0.00294021517,0.000940471888,-0.00253570825,-0.0040781498,-0.00561362505,-0.0073832795,-0.00789162517,-0.00865268707,-0.00518209487
1180,37.0750008,2026-08-27T10:33:29.636000+0000,-26.6957389,153.3354092,0.0602904297,0.0501476526,0.0567024164,0.0549761094,0.0524765924,0.0521914922,0.0503504202,0.050144732,0.0461564697,0.0453369953,0.0436575375,0.0422217362,0.0394344553,0.039765738,0.0378364734,0.0364724994,0.0356181674,0.0345184915,0.0335969292,0.0332368985,0.0326939113,0.0312111881,0.0321602114,0.0313042365,0.0304711647,0.0301904324,0.030104259,0.029503582,0.0279564727,0.0279757753,0.0277543701,0.0269819256,0.0269706063,0.0263160095,0.0257225651,0.0255981367,0.0254702326,0.0246958658,0.0249593053,0.0239553154,0.0237646233,0.023806205,0.023323914,0.0218342636,0.0218655951,0.0210288092,0.0207390357,0.0205740985,0.0198350307,0.0198158044,0.0188898295,0.019370215,0.0183300897,0.0188538805,0.0182090439,0.01809627,0.0182506517,0.0177296791,0.0178630892,0.0173405409,0.0175546315,0.017375866,0.0168799069,0.0167129859,0.0172205903,0.017078504,0.0178656951,0.0166865271,0.0170155969,0.0183237661,0.0163920317,0.0163312964,0.0173984654,0.0147245312,0.0159692168,0.0141155533,0.0138131958,0.0131388986,0.00952603202,0.0088405218,0.00888093468,0.00378020108,0.00450862851,0.00217585056,0.00391145702,0.00295524229,0.00167091936,,,,,,,,,,,,,,,,,,,,,,,,,,,-0.0758316368,-0.0731924325,-0.0705153123,-0.0670934543,-0.0644707829,-0.0608049557,-0.0583796352,-0.0563392937,-0.0536946431,-0.0508682281,-0.0489125624,-0.0465606935,-0.0442162044,-0.041509103,-0.039919015,-0.0377601869,-0.0353487432,-0.0333762169,-0.0322905742,-0.0309580304,-0.0291295722,-0.0282351561,-0.0266401954,-0.0255073346,-0.0235625617,-0.0218114443,-0.0199019387,-0.0181181207,-0.0170350634,-0.015162915,-0.0141996071,-0.0128686726,-0.011417903,-0.0104504377,-0.00923392177,-0.00736790895,-0.00611700863,-0.0049540624,-0.00344320387,-0.00247812271,-0.00101912767,-0.000450849533,0.000808522105,0.00102531165,0.00202070177,0.00220292062,0.00312916189,0.00333302468,0.00350123644,0.00424097478,0.00355882198,0.00255120546,0.00226519257,0.000281170011,-0.00149963051,-0.00359796733,-0.00613796711,-0.0092118904,-0.0076347068,-0.00852893293,-0.00669937581
1181,37.237999,2026-08-27T10:33:29.885000+0000,-26.6957389,153.3354092,0.0578401014,0.0502073094,0.05220218,0.0527959093,0.0496364906,0.0488114357,0.0473102741,0.0460346714,0.0445364937,0.0424170122,0.040837612,0.0399018712,0.0368245505,0.0368957855,0.0353465714,0.0340526253,0.0329382606,0.0324185602,0.0312770009,0.0305569246,0.030363949,0.0295112524,0.0287602078,0.0287742205,0.0279411506,0.0270903911,0.0267541856,0.0267134756,0.0259963255,0.0255755894,0.0260441899,0.0239817426,0.0248404909,0.0239359234,0.0235124864,0.0230980888,0.0226401836,0.0221358258,0.022209296,0.0217353106,0.0215846561,0.0217762347,0.0204138793,0.0215240885,0.0209151749,0.0209480077,0.0202777795,0.0195122771,0.0193025414,0.0182726495,0.0185162742,0.0185867529,0.0181769971,0.0179013796,0.0178071298,0.0173649266,0.0171998329,0.0172692519,0.017073011,0.0171106439,0.0170647725,0.0170858335,0.0160996355,0.0167825054,0.0168400761,0.0164380968,0.0169856064,0.0168566927,0.0169159118,0.0179340951,0.0161822401,0.0163612738,0.016517831,0.014993039,0.0144164767,0.014500971,0.0128859989,0.0123387333,0.00990240369,0.00896210223,0.00631754659,0.00319047552,0.00445202366,0.00065571256,0.00121662766,0.000267863972,0.00383320125,,,,,,,,,,,,,,,,,,,,,,,,,,,-0.0754140094,-0.0724548101,-0.068657741,-0.0657959357,-0.0635932535,-0.0606374368,-0.0580520704,-0.0556016713,-0.0529070124,-0.0507905558,-0.0483349115,-0.0456630252,-0.0436885469,-0.0413213894,-0.0389812775,-0.0372824483,-0.0357610025,-0.0342286527,-0.0323032103,-0.0308010541,-0.0295329839,-0.0282691158,-0.0266048647,-0.0253026448,-0.0238583647,-0.0218772627,-0.0205974095,-0.0184630752,-0.0169394016,-0.0151866935,-0.0143528283,-0.0127014667,-0.0115303323,-0.0103426725,-0.00903607905,-0.00747015327,-0.00669950247,-0.00509679317,-0.00389602035,-0.00231085718,-0.00144160539,-0.000163085759,0.0005165115,0.00147337466,0.00232867897,0.00291067362,0.00293644518,0.00397957116,0.0041866675,0.00420480222,0.00349035859,0.00350997597,0.00207064301,0.000921934843,-0.00205390155,-0.00444865972,-0.00596360862,-0.0070822686,-0.00839004666,-0.00687777251,-0.00645945966
1182,37.4000015,2026-08-27T10:33:30.138000+0000,-26.6957389,153.3354092,0.0578801483,0.0574973598,0.0539421998,0.0567959435,0.0543765053,0.0526014678,0.0507702902,0.0491647013,0.0478764996,0.0458070263,0.0421175845,0.0423518419,0.0388345532,0.0380257778,0.0373765565,0.0356226079,0.0342282541,0.0334585495,0.0332669839,0.0317769237,0.0305239391,0.0308312327,0.030510217,0.0301342215,0.0288011581,0.0293203928,0.0288641937,0.028013492,0.026706351,0.0259156153,0.0268542133,0.0255717672,0.0256005041,0.0254259389,0.0245424956,0.0239780955,0.0233101882,0.0233458281,0.0229793005,0.022495307,0.0222846493,0.0220062304,0.0211938769,0.0370541103,0.0379152372,0.0370281227,0.0367879607,0.0365525372,0.0355229005,0.0348730981,0.0342067853,0.0342272483,0.0333274417,0.0334717371,0.0326774046,0.0324751176,0.0326499529,0.0312193073,0.0308830198,0.0303106289,0.0292447489,0.0283158422,0.027569674,0.0271025728,0.0258301497,0.0267881546,0.0258256178,0.0248466674,0.0241258685,0.0233640466,0.0219422095,0.0220312774,0.0199379213,0.0212332513,0.0201468691,0.0193216261,0.0198870283,0.0171901844,0.0155543508,0.0167947318,0.0137308873,0.011644721,0.0102772489,0.00874144211,0.00814302266,0.00792462751,0.0104800165,,,,,,,,,,,,,,,,,,,,,,,,,,-0.0786800459,-0.0755845308,-0.072675325,-0.0697982609,-0.0661164373,-0.0636537522,-0.0597079396,-0.0580325797,-0.0551721826,-0.0524275452,-0.0511910841,-0.0487054251,-0.0466235504,-0.0447590724,-0.0430119298,-0.0407618098,-0.039472986,-0.0367515348,-0.0350091569,-0.033743687,-0.0325814784,-0.0311533585,-0.0295594074,-0.0272750482,-0.0262727477,-0.0246783979,-0.0229172781,-0.021267496,-0.0198632292,-0.0185896382,-0.0167870224,-0.0153332204,-0.0138719082,-0.0121808425,-0.0112631992,-0.00944662839,-0.00830069184,-0.00737000257,-0.00636725128,-0.00483648479,-0.00370132178,-0.00226211548,-0.00123362988,-0.000114060938,0.000542782247,0.00155811757,0.00160013884,0.00208596885,0.00263918936,0.00245645642,0.00350483507,0.0033307001,0.00287072361,0.00197186321,-0.000946179032,-0.000751294196,-0.00314513594,-0.00623937696,-0.0080473721,-0.00861442834,-0.0068416521,-0.00546317548
1183,37.5600014,2026-08-27T10:33:30.385000+0000,-26.6957389,153.3354092,0.0750302896,0.0772875026,0.0724223331,0.0733160451,0.0733965486,0.0716214925,0.0709403753,0.0681747496,0.0670165122,0.0648370385,0.0609175935,0.0594217964,0.0581645258,0.0556357801,0.0545865409,0.0530225635,0.0520082228,0.0505985394,0.0496269725,0.0485369228,0.0482039489,0.0466912277,0.0467302464,0.0451742485,0.0449611805,0.0444504321,0.0431542471,0.0427835584,0.0419864394,0.0399857238,0.0409743227,0.039921876,0.0392005853,0.0386659913,0.0383625515,0.0377181396,0.0371402279,0.0369358659,0.0362693183,0.0355053358,0.035354659,0.0345362388,0.0345439203,0.0223942176,0.0220254529,0.0215785168,0.0211285595,0.0202734005,0.019454062,0.0190145634,0.0188184232,0.0183888357,0.0186888427,0.018592868,0.0182782654,0.018225722,0.017810313,0.0181894992,0.0180730503,0.0182505772,0.0176746882,0.0177158564,0.0171698052,0.0167728011,0.0171103925,0.0173983499,0.0174156707,0.0174866114,0.0178657491,0.0173439346,0.0174221639,0.0163613483,0.016578285,0.01644402,0.0145082213,0.0153938271,0.0134404302,0.0129549522,0.0110107008,0.00920327567,0.00926170312,0.00384843349,0.00190409739,0.00364988064,0.000663549989,0.00321624568,0.00257172016,,,,,,,,,,,,,,,,,,,,,,,,,,,-0.0761366934,-0.0734774992,-0.0702203885,-0.066988565,-0.0639958829,-0.0614600554,-0.0586347133,-0.0563043579,-0.0538297072,-0.0521632619,-0.0492276028,-0.0465557352,-0.0451312438,-0.0429441296,-0.0407840274,-0.0387451984,-0.0363337509,-0.0335112885,-0.0323157273,-0.0302933343,-0.0286450349,-0.0276508406,-0.0264361538,-0.0249835663,-0.0229989886,-0.0214478932,-0.019608248,-0.0177342407,-0.0165209398,-0.0148385689,-0.013585031,-0.0125039145,-0.0111730099,-0.0100954548,-0.00833889842,-0.00742291659,-0.00615213066,-0.00498927385,-0.00354845077,-0.00171333551,-0.000494241714,0.000254146755,0.00120361149,0.00226043165,0.0027558133,0.00279796124,0.0028540194,0.00434760004,0.00439538807,0.00459448993,0.00391141325,0.00329270959,0.00215537846,0.000619471073,-0.00179332495,-0.00427423418,-0.00639621168,-0.0103120878,-0.00820689648,-0.00909261405,-0.00523362309
1184,37.7220001,2026-08-27T10:33:30.634000+0000,-26.6957389,153.3354092,0.0557502806,0.0521975234,0.0589023307,0.0526760295,0.0529465452,0.0510014966,0.0530603789,0.0477847308,0.0472664945,0.0460170023,0.0450875647,0.0416117907,0.0396045148,0.0402357578,0.0369965173,0.0373425409,0.0355282016,0.035848517,0.0342469588,0.0332268998,0.0326939225,0.0316712111,0.0308702178,0.0312042329,0.0305611528,0.0298004188,0.0298042353,0.028463548,0.0287664179,0.0284057036,0.0265943073,0.0269718599,0.026900569,0.0260959808,0.0258025415,0.0253081229,0.0251002144,0.0243958533,0.0244193003,0.0232653152,0.0232146401,0.0235762186,0.0223738998,0.022224199,0.0221054386,0.0217385162,0.0214385744,0.021033423,0.0203641076,0.0196746308,0.0191185102,0.0188989341,0.0189089403,0.019002948,0.018368328,0.0189657696,0.0187303461,0.0186695196,0.0186130572,0.0186005794,0.0180346817,0.0180758517,0.0179598052,0.0176528059,0.0182403997,0.0184983537,0.0183956642,0.0187565871,0.0181657169,0.0184838884,0.0172121115,0.0176312923,0.0176082328,0.0171839837,0.0165182091,0.0156138614,0.0145005332,0.0127851367,0.0114809843,0.0106036942,0.00677226624,0.00659917761,0.00383505644,0.00430096081,0.00124482228,0.00405765371,0.00423320197,,,,,,,,,,,,,,,,,,,,,,,,,,,-0.0753851011,-0.0724558979,-0.069658801,-0.0665469617,-0.0633442849,-0.0603584498,-0.0580231175,-0.0562927537,-0.0535881072,-0.0517616719,-0.0494660176,-0.0468741395,-0.0449296571,-0.0432525352,-0.0415624343,-0.0399436094,-0.0376021527,-0.0342296958,-0.0332741328,-0.0318317264,-0.0297134221,-0.0289392099,-0.0275245011,-0.025841888,-0.0238672905,-0.0230361782,-0.0210865587,-0.0194725394,-0.0182692632,-0.0161769092,-0.0154433921,-0.0143122822,-0.0123513788,-0.0110038593,-0.00959730893,-0.00848131627,-0.00732050836,-0.00660765171,-0.00465683639,-0.00386171788,-0.00236263871,-0.00119426101,0.000315189362,0.00147200376,0.00138738006,0.00180950761,0.00205557793,0.00318916142,0.00365696847,0.00355610251,0.00363310426,0.00269447267,0.00221721828,0.000621452928,-0.00237120688,-0.00316192955,-0.00715376437,-0.00749946386,-0.00697411597,-0.00765964389,-0.00720055401
1185,37.8619995,2026-08-27T10:33:30.883000+0000,-26.6957389,153.3354092,0.0630702227,0.0442474708,0.063672334,0.0529360026,0.0526865385,0.0507514775,0.0540403463,0.0499047115,0.0460865088,0.0461570211,0.0455875695,0.0423818119,0.0397245139,0.0420857593,0.0383765325,0.0377725661,0.0364882275,0.0361885279,0.0339469649,0.0334769189,0.0333439335,0.0328312181,0.0314502195,0.0320742391,0.0309511647,0.0300804172,0.0301842317,0.0304335374,0.0276864041,0.0286556873,0.0281642787,0.0272118356,0.0279705562,0.0269959737,0.0260825269,0.0257381145,0.0259902123,0.025445845,0.0241793059,0.0244153142,0.0236046501,0.0236462262,0.0236339029,0.0223841798,0.021305386,0.0217284076,0.0207383968,0.0208831672,0.0202037562,0.0189441815,0.0192580055,0.0192984361,0.0188884996,0.0189225916,0.0188680533,0.0182255749,0.0185802281,0.0181294549,0.0180730447,0.0174705926,0.0178347025,0.0175658483,0.0169597697,0.0172027405,0.0170603283,0.017108297,0.0178856552,0.0179866161,0.017645767,0.0186339468,0.0165121499,0.0174613018,0.0163381565,0.0149737857,0.0157778356,0.0148032252,0.0127895232,0.0129537024,0.00856905337,0.010391077,0.00825893786,0.00492494088,0.001899831,0.00424522255,,0.00445085485,0.00772634149,,,,,,,,,,,,,,,,,,,,,,,,,,,-0.0779565945,-0.0752373934,-0.0723203048,-0.069148466,-0.0663458034,-0.0639099628,-0.0611146279,-0.058614254,-0.0565696098,-0.0540131591,-0.0514775068,-0.0495056361,-0.0469211489,-0.0451940112,-0.043033924,-0.0409250893,-0.0385736339,-0.0343311988,-0.0327756666,-0.0316233225,-0.0301450603,-0.028940931,-0.0268663317,-0.025573805,-0.0241692774,-0.0222081691,-0.0212084949,-0.0192644149,-0.0177510493,-0.0164886117,-0.0151250139,-0.0137138441,-0.0119328946,-0.0106653348,-0.00930877775,-0.00808279961,-0.00683204085,-0.00571920723,-0.00408839434,-0.00243327022,-0.00176414847,-0.000815734267,-0.00010625273,0.00114057958,0.00261592865,0.00294803828,0.00350403041,0.00338752568,0.0036951676,0.00466408581,0.00416075438,0.0032017231,0.00357400626,-0.000312440097,-0.00221582502,-0.00424744934,-0.00726000965,-0.00722637773,-0.00830174237,-0.0103477836,-0.00694891065
1186,38.0079994,2026-08-27T10:33:31.138000+0000,-26.6957389,153.3354092,0.0529802069,0.0581074432,0.0555822961,0.0523259975,0.0530065186,0.0515114628,0.0488203391,0.0478847027,0.0467665046,0.043227002,0.0426475704,0.0397418104,0.0391245373,0.038625773,0.036936529,0.035522569,0.0345882252,0.0339385271,0.0322769769,0.0317669176,0.0315939374,0.0304712169,0.0298302174,0.0303342249,0.0293011516,0.029030405,0.0283742137,0.0279235207,0.0274263881,0.0275556669,0.0264442675,0.0257218238,0.0253705364,0.0249759611,0.0243925229,0.0236081127,0.0239802022,0.0234958418,0.0228992961,0.0224953089,0.0224446412,0.0216862187,0.0217538904,0.0215941649,0.0214653574,0.0214983486,0.0206583198,0.020653056,0.0205636136,0.0188640002,0.0192577988,0.0192182362,0.0177983269,0.0186824538,0.0184879545,0.0181655046,0.0181301851,0.0182094332,0.018263042,0.0175506026,0.0175747126,0.0167658478,0.0172297508,0.018582711,0.0169002954,0.0170682687,0.0188356414,0.016566623,0.019275777,0.0167239532,0.0153221488,0.0186412856,0.0152581017,0.0157936774,0.017237654,0.0124529358,0.0154190864,0.0138330935,0.00957824849,0.0109000001,0.00796758011,0.00193322403,0.00642772578,,0.00227585086,0.00487818429,0.000353666954,,,,,,,,,,,,,,,,,,,,,,,,,,,,-0.0744643658,-0.0713872761,-0.0683654472,-0.065572761,-0.062626943,-0.0604616031,-0.0579812229,-0.0554565676,-0.0530901328,-0.0510244779,-0.0479226038,-0.0463481173,-0.0444709882,-0.0422708876,-0.0402420573,-0.0376606025,-0.0347481817,-0.033212658,-0.0320303291,-0.0304521024,-0.0292379856,-0.0274434239,-0.0264609493,-0.0248464458,-0.0230953395,-0.0214756355,-0.0199215151,-0.0184081122,-0.0166156553,-0.0155120231,-0.0138508379,-0.0129198655,-0.0113222897,-0.00992572308,-0.00866975635,-0.00741901994,-0.00606620312,-0.00456538796,-0.00318025798,-0.00218112022,-0.00120270997,3.68058681e-05,0.000593625009,0.000988975167,0.0017510578,0.00242702663,0.00276046991,0.00320805609,0.00372687727,0.00285340846,0.00341422111,0.00222631544,-0.00116039068,-0.00139405578,-0.00308606774,-0.00693888217,-0.00546552241,-0.00950115174,-0.0106873959,-0.00760856271
1187,38.1489983,2026-08-27T10:33:31.387000+0000,-26.6957389,153.3354092,0.0704601854,0.0740273967,0.0678222552,0.0675959662,0.0679765046,0.0662814453,0.0646502972,0.0637647063,0.0606464781,0.0593470074,0.0569275841,0.0549718067,0.0547145121,0.0523057617,0.0513865203,0.0507125705,0.0491582155,0.048158519,0.0469469652,0.0461468995,0.0448239222,0.0447012074,0.0439102054,0.0437242128,0.0426211357,0.0417103916,0.0424041934,0.0406434983,0.0394563638,0.0399056375,0.0387542397,0.0389817953,0.0380505174,0.0370959453,0.0373325013,0.0366880894,0.0361001864,0.0352058224,0.0351292826,0.0346552953,0.0345046297,0.0336662121,0.0337538756,0.0268241335,0.0268353019,0.0265882667,0.0255381986,0.0253128856,0.0240533743,0.0233337134,0.0232974831,0.0237279423,0.0234380625,0.0233422462,0.0231577959,0.0225353949,0.0222801212,0.0220294017,0.02204304,0.0220706109,0.0216147229,0.0211158413,0.0208697226,0.0205726605,0.0203002468,0.0207882281,0.0202756282,0.0209366232,0.0211257879,0.0208639577,0.0196621343,0.0199312419,0.0186679959,0.0192134902,0.0165973511,0.0177724659,0.0167483874,0.0147221349,0.0146269929,0.0116883293,0.00985548086,0.00664057955,0.0044744974,0.00368941808,0.00559197087,0.00111413142,0.00513963681,,,,,,,,,,,,,,,,,,,,,,,,,,,-0.0766259804,-0.0734567791,-0.0702396929,-0.0672878772,-0.0654551983,-0.062299367,-0.0597840175,-0.0574536398,-0.0548089892,-0.0527925491,-0.0498568937,-0.0475150123,-0.0452805199,-0.0431433953,-0.0410432927,-0.0391744561,-0.0371830165,-0.0345206074,-0.0327550992,-0.0317428112,-0.0303346142,-0.0292205475,-0.0272060595,-0.0258836225,-0.0243391655,-0.0225880519,-0.0207683034,-0.0193341412,-0.0175706819,-0.0160381719,-0.0147544928,-0.0137032643,-0.0121022761,-0.0109446794,-0.00944811851,-0.00790215284,-0.00669142604,-0.00552863628,-0.00394784659,-0.00316269696,-0.00160353631,-0.000895105302,3.44067812e-05,0.000991225243,0.00200656801,0.00262863189,0.00257454067,0.00380792469,0.00364538282,0.00347406417,0.00397039205,0.00343097001,0.00198277831,0.000545665622,-0.00231844932,-0.00364100188,-0.00691425055,-0.00823128223,-0.00818732381,-0.0082737878,-0.00461503863
1188,38.2890015,2026-08-27T10:33:31.636000+0000,-26.6957389,153.3354092,0.0620301515,0.0545973852,0.0550322719,0.0576659478,0.0524065234,0.0521914512,0.0511203036,0.0502046868,0.047956489,0.0450670347,0.0442876071,0.0431518443,0.0402045324,0.0399357751,0.0384665579,0.0367226005,0.0359582454,0.0350385457,0.0340569802,0.032676924,0.0324039422,0.0316712372,0.0311602075,0.0308042243,0.0303511489,0.0303804018,0.0297042038,0.0302434992,0.0282263663,0.0281356387,0.0284842327,0.0272017866,0.0278105214,0.0271359459,0.0269025061,0.0264081024,0.0264302008,0.026805833,0.0259392988,0.0251853131,0.0257946476,0.0248962287,0.0250438899,0.0313441306,0.0307952724,0.0309081972,0.0300380737,0.0295126997,0.0294031166,0.0286033712,0.0281070918,0.0290975478,0.0281777065,0.0280019511,0.0280875657,0.0278752316,0.0278400183,0.0275893435,0.0271030255,0.0274606198,0.0271747392,0.0270558428,0.0261996966,0.0275326148,0.0264601931,0.0268081911,0.0277156271,0.0265766587,0.0279858448,0.0267040245,0.0261721984,0.0265012868,0.0248879828,0.0258833915,0.0255271159,0.0242720321,0.0234376602,0.0225110743,0.0190155376,0.0194663312,0.0173329171,0.0122172944,0.0154904183,0.00944491196,0.0124168899,0.0140687032,0.0112241115,,,,,,,,,,,,,,,,,,,,,,,,,,,,-0.0751408562,-0.0720937774,-0.0691719502,-0.0664592758,-0.0633534491,-0.0613681078,-0.0586077198,-0.0553130619,-0.0538366213,-0.0510109626,-0.0493390784,-0.0467445962,-0.0446174592,-0.0426373519,-0.0400685184,-0.0382470675,-0.0357046761,-0.0342292003,-0.0329169482,-0.031058792,-0.029384803,-0.0280503817,-0.0264780223,-0.0249336287,-0.0232025199,-0.0214927606,-0.0200185291,-0.0184049979,-0.0170524269,-0.0151686892,-0.0135974139,-0.0121863708,-0.0106687471,-0.00942216069,-0.00797622651,-0.00630552322,-0.00555275381,-0.00377196819,-0.00268682092,-0.00185762346,5.08278608e-05,0.000340379775,0.00180722773,0.00218255073,0.00329460204,0.00344047695,0.00447377563,0.00415112823,0.00513963401,0.00412570685,0.00392596424,0.00166739523,0.000719763339,-0.00118492544,-0.00512821972,-0.0050920248,-0.00801961869,-0.00714623928,-0.0110131949,-0.00586459786
1189,38.3800011,2026-08-27T10:33:31.883000+0000,-26.6957389,153.3354092,0.0700901821,0.0580073558,0.0565922372,0.0601359606,0.0570965111,0.056141451,0.0538003035,0.0547647104,0.0510464832,0.0478970334,0.0450776108,0.0445618294,0.041144561,0.040505778,0.0402565636,0.0379426107,0.0371582545,0.0365185477,0.0354069844,0.0346069261,0.0338139385,0.0330212414,0.0318402275,0.032654237,0.0312311556,0.0309604015,0.0301842093,0.0299535021,0.0287663601,0.0284856353,0.0281542297,0.0275317859,0.0274205208,0.0272959471,0.0265325028,0.0264881104,0.0260602012,0.0258958358,0.0250993017,0.0246553198,0.0245446526,0.0241162311,0.0237038918,0.0232541263,0.0232052691,0.0232181773,0.02267804,0.0219526477,0.0217130482,0.0213832818,0.0205069892,0.021237446,0.0203076154,0.0204018746,0.0207875129,0.0203851927,0.0203299951,0.0209993348,0.0202430245,0.0205806233,0.0202547442,0.0203258414,0.0200596936,0.020492604,0.0206201803,0.0206881817,0.0217956249,0.0205866639,0.0212758556,0.0212940387,0.0200822111,0.0210712943,0.0207479782,0.0195333585,0.0199670512,0.0182519164,0.0190974697,0.0165707991,0.0145351626,0.0147158178,0.0132322572,0.0100264531,0.00899937749,0.00865376554,0.00624560192,0.00583732687,0.0115927141,,,,,,,,,,,,,,,,,,,,,,,,,,,-0.0779075697,-0.075128369,-0.0725312904,-0.0686994717,-0.0661267936,-0.0634309724,-0.0606256165,-0.0589652285,-0.0558205843,-0.0538741276,-0.0514084697,-0.0487365983,-0.046522107,-0.0441149771,-0.0424948521,-0.0403460227,-0.0379445739,-0.0366121903,-0.0348167196,-0.032734476,-0.0314863399,-0.0296523571,-0.028907951,-0.027635619,-0.0261212327,-0.0243501328,-0.0225103498,-0.0207961239,-0.0195325725,-0.01758999,-0.0164462253,-0.0149449483,-0.0134638771,-0.0119362622,-0.0108096898,-0.00927373767,-0.0081730336,-0.00685028732,-0.0047794953,-0.00388434529,-0.00230514258,-0.00132668018,2.87592411e-06,0.000479727983,0.00128506124,0.00213710964,0.00268296152,0.00340623409,0.00328356028,0.004492037,0.00446803868,0.00321821123,0.00182955712,-2.82227993e-05,-0.00145305693,-0.00356652588,-0.00681048632,-0.00741820037,-0.00868500769,-0.00968205184,-0.00766350329
1190,38.4729996,2026-08-27T10:33:32.138000+0000,-26.6957389,153.3354092,0.0547101423,0.0560073741,0.0586922206,0.0542459413,0.0560564958,0.0549514703,0.0552303009,0.0515446849,0.0523165092,0.0496370122,0.0476575978,0.046441853,0.0458645374,0.0443557911,0.0429865643,0.0418326072,0.0412982479,0.0413485505,0.0395069942,0.0390869156,0.0386639386,0.0375612378,0.0375502184,0.0363242291,0.0363811627,0.0361904018,0.0355242006,0.0344134979,0.0347863585,0.0338956304,0.0335742235,0.0342417806,0.0325505175,0.0324459448,0.0322225019,0.0320981033,0.0312601961,0.0308458358,0.0307992995,0.0305053126,0.0297446512,0.0296762343,0.0288038868,0.0246841256,0.0243052524,0.0239281543,0.0235280059,0.0240026005,0.0220229737,0.022063192,0.0215968899,0.0220173486,0.0221575294,0.0216918048,0.0213474557,0.0209951531,0.0210799705,0.0208893213,0.021163024,0.0207906235,0.0205547456,0.0209758393,0.019879682,0.020112589,0.0211801659,0.0203281678,0.0211856253,0.0210766699,0.0212758668,0.0214940477,0.0204022136,0.0198012926,0.0200479552,0.0187033117,0.0186069719,0.0184617825,0.0169372614,0.0170205049,0.0127247712,0.0150252916,0.0116915926,0.00658560544,0.00836833008,0.00586262066,0.00387433032,0.00793598872,0.0062413686,,,,,,,,,,,,,,,,,,,,,,,,,,,-0.0764130577,-0.0735738575,-0.0700167865,-0.0669549555,-0.0641822889,-0.0615664572,-0.0587911084,-0.0563507043,-0.0539960563,-0.0518796109,-0.0489839464,-0.0469720811,-0.0441175997,-0.0423104465,-0.0400503464,-0.0381015055,-0.0359000601,-0.0347076803,-0.0323622115,-0.0314699858,-0.0298418514,-0.0286978818,-0.0268535092,-0.02571119,-0.023906827,-0.0228257105,-0.0208259225,-0.0190416761,-0.017678123,-0.015775498,-0.0147717372,-0.0136704296,-0.0118293762,-0.0110517442,-0.00897515565,-0.00817921758,-0.00685852021,-0.00578577816,-0.00408499688,-0.0031998381,-0.00150063634,-0.000952154398,-1.25989318e-05,0.000564262271,0.00124957412,0.00221163034,0.0020974651,0.00293071568,0.0028880164,0.00380643457,0.00398238003,0.00262247771,0.00210371614,0.0010458082,-0.00258916616,-0.00318282843,-0.0064169094,-0.0104247853,-0.00755171478,-0.00890883803,-0.00612033904
1191,38.5639992,2026-08-27T10:33:32.387000+0000,-26.6957389,153.3354092,0.0582201518,0.0634474158,0.0491522104,0.0564259924,0.0546265282,0.0525314696,0.0470502898,0.0499347113,0.049466487,0.0445770286,0.0429176018,0.0411418378,0.0408245474,0.0376557857,0.0374565646,0.036922615,0.0350982472,0.0334585533,0.0332469903,0.0325969271,0.0312739499,0.0311912503,0.0307902209,0.0301342309,0.0300811641,0.0295004062,0.0294242091,0.0273435079,0.0284963623,0.0275556352,0.0260942373,0.0270517934,0.0262905248,0.0257959478,0.0262525063,0.0250881128,0.0247202031,0.0243258383,0.0239693057,0.0228753202,0.0234546587,0.0231762417,0.0226138979,0.020884132,0.0209152699,0.020638179,0.0195780452,0.0193626508,0.0194530543,0.0184832849,0.0183669943,0.0180874448,0.0182676148,0.0183618739,0.0175975095,0.017635189,0.0177199915,0.0177293327,0.0174030215,0.0171206202,0.0174747445,0.0167458411,0.0168396924,0.0171126034,0.0162101816,0.0178581811,0.0171256289,0.0168866664,0.0183558594,0.0164040476,0.0159022193,0.0173313059,0.0156379882,0.0158133768,0.016687071,0.0124519374,0.0136674922,0.0129508227,0.00862518605,0.0105958413,0.00692228368,0.00434647733,0.00381939602,,0.00576560386,0.00110731833,,,,,,,,,,,,,,,,,,,,,,,,,,,,-0.0753095821,-0.0725003704,-0.0700533092,-0.0661014766,-0.0637288094,-0.061182972,-0.0585076287,-0.0561972372,-0.0531525761,-0.0516661331,-0.0488804728,-0.0461486094,-0.0447041057,-0.0424869843,-0.0398068614,-0.0378980301,-0.0356865861,-0.0356641933,-0.0341887251,-0.0319564864,-0.0307383426,-0.0294243544,-0.0279199556,-0.0264576226,-0.0247732438,-0.0235921443,-0.0220423676,-0.0206581317,-0.0188045837,-0.0170720033,-0.0158882402,-0.0143669471,-0.0132858902,-0.0115482658,-0.0100016892,-0.00923573971,-0.00712504238,-0.0066222921,-0.0050515011,-0.00362634659,-0.00248715281,-0.00119867921,-0.000929117203,0.000457718968,0.00148306042,0.00161511451,0.00287096202,0.00244423747,0.0027115792,0.00354004651,0.00310604274,0.00377623737,0.00136756897,1.97887421e-05,-0.000815041363,-0.00434851646,-0.00590247661,-0.00699019432,-0.00975698978,-0.00987404585,-0.00506553799
1192,38.6549988,2026-08-27T10:33:32.636000+0000,-26.6957389,153.3354092,0.0603101365,0.0628274158,0.0466422588,0.0557759404,0.0527365208,0.0512714498,0.0462402888,0.0497946925,0.0463064797,0.0448370166,0.0405776016,0.0412618369,0.0405545272,0.0359157808,0.0362065546,0.0358825885,0.0342382453,0.0329485349,0.0320769846,0.0314969122,0.0307239369,0.030261226,0.0297302138,0.0286642201,0.0287011545,0.0285403952,0.0278141964,0.0269834939,0.0268863607,0.0260956287,0.0258642305,0.0257317834,0.0243005119,0.0244559459,0.0236524995,0.0236881003,0.0227901936,0.0228158347,0.022669293,0.0214953106,0.0218146481,0.0216162261,0.0208838843,0.0204141252,0.0201252699,0.0197781902,0.019428065,0.0184426922,0.0181831084,0.0171633698,0.0175770912,0.0173575431,0.0167977102,0.0172919538,0.0165875703,0.0162252337,0.0166700166,0.015949348,0.0160730276,0.0156506188,0.0163747389,0.0157558415,0.0155996988,0.0159426127,0.0148201948,0.0162081886,0.0166856255,0.0152366543,0.0162758399,0.0159440152,0.0149021856,0.0153212734,0.0148679679,0.0147233717,0.0139670959,0.0118620116,0.0129776374,0.0095110517,0.00722551392,0.00947630778,0.00422289129,0.00319726905,0.00318039162,,0.00217688712,0.00110870949,,,,,,,,,,,,,,,,,,,,,,,,,,,,-0.0762060434,-0.0725968406,-0.0693597496,-0.0668079257,-0.0641052648,-0.0610794276,-0.0587140881,-0.056563694,-0.0542190447,-0.0520225987,-0.0497469418,-0.0472050682,-0.0447605811,-0.0432834327,-0.0412633307,-0.0393644981,-0.0373330452,-0.0347306617,-0.0322051793,-0.031272918,-0.0294447728,-0.0284307748,-0.0272663571,-0.0257539898,-0.0244396068,-0.0224484876,-0.0210287198,-0.0189645067,-0.0176009722,-0.0161883906,-0.0146246552,-0.0135733858,-0.0122923404,-0.0112147257,-0.00972814113,-0.0081121996,-0.00682149082,-0.00580874085,-0.00434793532,-0.00347279757,-0.00204360485,-0.000755146146,-1.56015158e-05,0.00100123882,0.00195656717,0.00254861265,0.0031144917,0.00346778333,0.00397513062,0.00387363881,0.0039197132,0.0031599775,0.00177140534,0.000713765621,-0.00274091214,-0.00290421396,-0.00612803549,-0.00939560682,-0.0077522397,-0.00964916497,-0.00731056184
1193,38.7340012,2026-08-27T10:33:32.885000+0000,-26.6957389,153.3354092,0.0581901819,0.0568873957,0.051292263,0.0535159707,0.0516464971,0.0507514589,0.0478702933,0.0501347035,0.0458864942,0.0433870032,0.0409475863,0.0402018204,0.0378645286,0.0370557718,0.0360365324,0.0344725847,0.0336282216,0.0322485231,0.0317269713,0.0306569058,0.0310039185,0.0300812218,0.028750198,0.0288642123,0.0284211356,0.0280603878,0.0269441903,0.0270734895,0.0258963481,0.0252256244,0.0254442208,0.0247717779,0.0238305088,0.0241559334,0.0231324937,0.0232480895,0.0227901842,0.0221458226,0.0216792803,0.021655295,0.020814633,0.0207562149,0.021053873,0.020814117,0.0204452705,0.0196982007,0.019198088,0.0188227315,0.0186331645,0.0176734459,0.0171671789,0.0181576461,0.0168777984,0.0176320281,0.0171376336,0.0169652775,0.0169200506,0.0168693643,0.0173830353,0.0164506193,0.016474735,0.0159258395,0.0157497004,0.0164626241,0.0156902019,0.016398197,0.0170256216,0.0167566407,0.0173258167,0.0164939892,0.0150321554,0.017011242,0.0148779498,0.0148233697,0.0148771256,0.0123620853,0.0136677809,0.0117212757,0.00808583573,0.00831676368,0.00627348898,0.0038180463,0.00252137799,0.00061598653,0.00378813711,,0.000535544474,,,,,,,,,,,,,,,,,,,,,,,,,,,-0.0770384669,-0.0734392777,-0.0705321953,-0.0678203702,-0.0644576922,-0.0617518723,-0.0598165207,-0.0565961227,-0.0544014834,-0.0520550236,-0.0495893806,-0.0479175001,-0.0453730188,-0.0428558812,-0.0412257724,-0.039136935,-0.0372155011,-0.0336230956,-0.031767603,-0.0313053466,-0.029577177,-0.0283331797,-0.0262787379,-0.0251663625,-0.0237019509,-0.022020828,-0.0206510723,-0.019176852,-0.0173933432,-0.0161307827,-0.0147070512,-0.0134758055,-0.0121547729,-0.0107971579,-0.00948058814,-0.00821463019,-0.00687392801,-0.00573115051,-0.00413037091,-0.00269521773,-0.0019460544,-0.000807583332,0.000241950154,0.000778786838,0.00123410672,0.00210615247,0.00255202502,0.00320533663,0.00341271609,0.00415126234,0.0035173893,0.00297772139,0.00262924284,0.000711739063,-0.00154279917,-0.00477590412,-0.00526958704,-0.00628700107,-0.00977346301,-0.00630026311,-0.00722160935
1194,38.8160019,2026-08-27T10:33:33.142000+0000,-26.6957389,153.3354092,0.0533001721,0.0570873804,0.0547422506,0.0535959713,0.0535965301,0.0519514531,0.0500203073,0.0501846857,0.0459464937,0.044987008,0.0430175699,0.0404418223,0.0396545231,0.038405776,0.036456544,0.036122594,0.034568239,0.0332785286,0.0328669772,0.0322069041,0.0317539312,0.0300512332,0.0310902111,0.0298342258,0.0292911492,0.0290203989,0.0279942043,0.0278235003,0.0270663649,0.0268656388,0.0262742378,0.0260317978,0.025830524,0.0246659424,0.0249125063,0.0243481025,0.024050191,0.0234858338,0.0234992933,0.0227253027,0.0229846444,0.0223162174,0.0220638849,0.022554135,0.0224152934,0.0218882281,0.0218981355,0.0205027964,0.0202132463,0.019603543,0.0193472859,0.0202177409,0.019087879,0.0193620976,0.0191176832,0.0187853128,0.0183000695,0.0182893742,0.0189430322,0.0185606144,0.0185247287,0.0186458435,0.0176497102,0.0180626381,0.0181702189,0.0177882109,0.019375626,0.0181966424,0.0187258199,0.0193439946,0.0175921712,0.0181812681,0.0177579969,0.0166534483,0.0173372421,0.0155922603,0.0163380317,0.012961613,0.0124962721,0.0113473367,0.00771420356,0.00655893935,0.00643245736,0.00437716069,0.00472942274,0.00418139994,0.00495684985,0.158385649,0.161770865,0.1639577,0.162181005,0.162950709,0.162012324,0.169743255,0.181771532,0.197523519,0.220724329,0.241023824,0.259663224,0.272866607,0.287615776,0.288109422,0.276000619,0.270461261,0.273394585,0.278587282,0.280956864,0.282196164,0.286399782,0.290473342,0.302895427,0.319312453,0.328245461,0.332280934,0.345200181,0.363327265,0.38173908,0.395671785,0.406987548,0.413322926,0.414903283,0.414867938,0.417624414,0.422330081,0.417912006,0.41514647,0.416693568,0.418023646,0.420912504,0.419943929,-0.0390336439,-0.0373381451,-0.0356958695,-0.0342977047,-0.0326136798,-0.0311692059,-0.0296268091,-0.0280123949,-0.0261212885,-0.0243315399,-0.0223373473,-0.020983845,-0.0193612948,-0.017577596,-0.0161563456,-0.0141853243,-0.0131977126,-0.011861138,-0.01012519,-0.00888447464,-0.00734169781,-0.0058209002,-0.00442575663,-0.00320658833,-0.00172813237,-0.000228606164,0.00124823302,0.0013435632,0.00196561217,0.00263151526,0.00324485451,0.00360226631,0.00457085669,0.00383705646,0.00330747664,0.00287909806,7.17118382e-05,-0.0023926869,-0.00386562198,-0.00831912458,-0.00901643187,-0.011532791,-0.0104195029,-0.00832083821
1195,38.8959999,2026-08-27T10:33:33.390000+0000,-26.6957389,153.3354092,0.0816801935,0.0824074745,0.0875523165,0.0830159783,0.0831365213,0.0818614662,0.0822203383,0.0735647157,0.0728464946,0.0685370192,0.0638575926,0.0591618195,0.0582145266,0.0557157733,0.0543665476,0.0532625951,0.0515482314,0.0509485416,0.0492669791,0.0490869209,0.0479039401,0.047161229,0.0461302251,0.0447542407,0.04456117,0.0438504219,0.0429542251,0.0422135256,0.041976396,0.0408356786,0.0403042771,0.0396718271,0.0387305468,0.0387359709,0.0379925296,0.0380881205,0.0369902179,0.0362558514,0.0356493071,0.0355053246,0.0344146527,0.0343762338,0.0341439061,0.0292041712,0.0286553539,0.0286383443,0.0277082995,0.0275330245,0.0269135498,0.0259339213,0.0258377045,0.0259581413,0.0250182319,0.0253023729,0.0247678906,0.0241854563,0.0245101545,0.0240394194,0.0238730386,0.0238006003,0.0241647139,0.0237258505,0.0232797489,0.0225527026,0.0227202885,0.0235882662,0.0232056472,0.0238666385,0.0228357986,0.0232139826,0.0227321833,0.0221713167,0.0224681236,0.0207336824,0.0205176268,0.021302864,0.0190089382,0.0180828627,0.0162779205,0.0131895356,0.0136469696,0.00947242975,0.00579672679,0.00950181577,0.00729457196,0.00780679286,0.00902222842,,,,,,,,,,,,,,,,,,,,,,,,,,,,,,,,,,,,,,,,,,,,,,,,,,,,,,,,,,,,,,,,,,,,,,,,,,,,,,,,,,,,,,,
1196,38.9760017,2026-08-27T10:33:33.639000+0000,-26.6957389,153.3354092,0.0536702834,0.0538674966,0.0606923513,0.0497860238,0.052956555,0.0516314879,0.052670341,0.045654729,0.0472764894,0.04472702,0.0438276008,0.0392818078,0.0399645157,0.0385457724,0.0358465277,0.035522569,0.0348582231,0.033198528,0.0319769792,0.0322269276,0.0315039456,0.0299712326,0.030410232,0.0295442417,0.0293011684,0.0289304219,0.0284742378,0.0273635462,0.0262364149,0.0268656984,0.0252042972,0.0253118537,0.025070563,0.0241459794,0.0238625389,0.0237581264,0.02376022,0.0225758553,0.0227393117,0.0216453262,0.0218946524,0.0215362292,0.0211239103,0.0231841933,0.0218654089,0.0219684392,0.0212084502,0.0207332373,0.0209538434,0.0201242827,0.0199081134,0.0194585398,0.0194685832,0.0198326577,0.0195081048,0.0193056092,0.0192102473,0.0191994663,0.0193430446,0.01914059,0.0186646972,0.0182358529,0.0181397814,0.0184627585,0.0182603486,0.0188483149,0.0195756573,0.0182966199,0.0191257708,0.0188739505,0.0187121648,0.0186513271,0.0164682083,0.0180138666,0.0169679541,0.0161834024,0.0150497798,0.0133040445,0.0117894989,0.0101616625,0.00870966632,0.0060258517,0.00513093127,0.0035964204,0.00473971013,0.00307220896,0.00385767082,,,,,,,,,,,,,,,,,,,,,,,,,,,,,,,,,,,,,,,,,,,,,,,,,,,,,,,,,,,,,,,,,,,,,,,,,,,,,,,,,,,,,,,
1197,39.0999985,2026-08-27T10:33:33.888000+0000,-26.6957389,153.3354092,0.0519202761,0.0652474463,0.0563623011,0.0548159927,0.0564865433,0.0555614829,0.0524203517,0.0509647168,0.0493364781,0.0465870053,0.0445975624,0.0422018059,0.0427345186,0.0388157591,0.0387765206,0.0379425697,0.036908213,0.0359285288,0.0343069732,0.0343369059,0.0333539285,0.0323312245,0.0319402106,0.0314742252,0.0307411589,0.0304704122,0.0306742229,0.0293035265,0.0297564007,0.0284056775,0.0282342806,0.0278418381,0.0273505524,0.0272859689,0.026602529,0.0261881109,0.0260502081,0.0255758464,0.0261692982,0.0251953118,0.0255546402,0.0246662199,0.0240238998,0.0274641756,0.0272353794,0.0269083958,0.0259283911,0.0262231641,0.0255537517,0.0248841792,0.0247980002,0.024468435,0.0247084983,0.0239925943,0.0239480603,0.0237655807,0.0238302294,0.0236994587,0.0232730433,0.0235905945,0.0233547036,0.0231758486,0.0227797665,0.0224827379,0.0232203249,0.0228182934,0.0233356506,0.0235066134,0.0236457624,0.0242739394,0.0234621428,0.02178129,0.0226981454,0.0223537683,0.0216978155,0.0206232034,0.0197495036,0.01790368,0.0173790306,0.0151010547,0.0142389145,0.0105749164,0.00772980833,0.00945521146,0.00616839435,0.00600086385,0.0114263631,,,,,,,,,,,,,,,,,,,,,,,,,,,,,,,,,,,,,,,,,,,,,,,,,,,,,,,,,,,,,,,,,,,,,,,,,,,,,,,,,,,,,,,
1198,39.223999,2026-08-27T10:33:34.140000+0000,-26.6957389,153.3354092,0.0547003448,0.0620375909,0.0572124086,0.0547260456,0.0558065772,0.0542915091,0.0524803996,0.0504747331,0.0501764901,0.0481370278,0.0467575677,0.0452317744,0.0439644977,0.041755762,0.04074651,0.0396625362,0.0389682055,0.0373685099,0.0374369547,0.0363469124,0.0349139348,0.0346112102,0.0348402299,0.0339042507,0.0333711691,0.0329904333,0.0318942592,0.0319935754,0.0317264609,0.0304557551,0.0305343457,0.0299719032,0.0291005988,0.0290860049,0.0289825629,0.0278081391,0.0276902337,0.0276158713,0.0269193128,0.026505325,0.0264046453,0.0258362275,0.0252739247,0.0253242459,0.024945531,0.0247886702,0.0242288038,0.0234837495,0.0227845516,0.0224351883,0.0213891249,0.0217595249,0.0214994662,0.0210933741,0.0210386477,0.0206759945,0.0204304792,0.0210195892,0.0205130689,0.0202505589,0.0199246593,0.0197858606,0.0188898575,0.0197928939,0.0199404918,0.0191084296,0.0206856858,0.0196765736,0.0194256771,0.019623857,0.0185821075,0.0189213362,0.0189583879,0.0176942907,0.0174287371,0.0174447112,0.014961835,0.0146469492,0.0123533895,0.00914692227,0.00987634435,0.00377434026,0.00709138019,0.00356788025,0.00457251258,0.00434573554,0.00572129805,,,,,,,,,,,,,,,,,,,,,,,,,,,,,,,,,,,,,,,,,,,,,,,,,,,,,,,,,,,,,,,,,,,,,,,,,,,,,,,,,,,,,,,
1199,39.348999,2026-08-27T10:33:34.389000+0000,-26.6957389,153.3354092,0.0652009472,0.062908113,0.06120288,0.0613063425,0.0598067679,0.0586516261,0.0568907,0.0551548712,0.0537665226,0.0512270369,0.0491975322,0.0470016114,0.0461743921,0.0439457186,0.0434264168,0.0414823815,0.0407781079,0.0393984728,0.0385969281,0.0373269357,0.0372439623,0.0361311696,0.0352903083,0.0356443189,0.034231253,0.034450572,0.0335244574,0.0329238325,0.0328167714,0.0308861174,0.030944718,0.0309222694,0.0302508473,0.0299761929,0.0293327551,0.0293682776,0.0289503671,0.027836008,0.0276793931,0.0271854028,0.0268646646,0.0265362449,0.0264540631,0.0253146179,0.025416309,0.0244000889,0.0238409769,0.0236368515,0.0226987489,0.022650484,0.0216850583,0.0217052717,0.021984566,0.02196748,0.0214917697,0.0212681871,0.0203118045,0.0209602751,0.0208531786,0.020870382,0.0205344297,0.020575922,0.0200903285,0.0201137122,0.0206813682,0.0201691315,0.0204358716,0.0216763597,0.0201652423,0.0214134268,0.0209419243,0.0197215658,0.0209896769,0.0185270421,0.0195135865,0.0176726449,0.0155241247,0.0174841713,0.0133863576,0.0122678392,0.0112454984,0.00780399144,0.00782238506,0.00590466009,0.00349689648,0.0080441162,0.00635001576,,,,,,,,,,,,,,,,,,,,,,,,,,,,,,,,,,,,,,,,,,,,,,,,,,,,,,,,,,,,,,,,,,,,,,,,,,,,,,,,,,,,,,,
1200,39.4710007,2026-08-27T10:33:34.638000+0000,-26.6957389,153.3354092,0.0686709285,0.0575680546,0.066352874,0.0595663413,0.0592967458,0.0575116128,0.0575606935,0.0546348616,0.0522464924,0.0508070104,0.0503375083,0.0480515845,0.0447643921,0.0459656976,0.0429863892,0.0417323522,0.041228082,0.039388448,0.0386969037,0.0375169143,0.0372439325,0.0360311531,0.0359902754,0.0355542898,0.0352212265,0.0348305441,0.0340944268,0.0329137929,0.0322567336,0.0325160846,0.0317646824,0.0308322422,0.0307008177,0.0300561674,0.0298527237,0.0290582441,0.0294003375,0.0287459772,0.0280593671,0.0277353767,0.0271846373,0.0271662138,0.0266940277,0.0268245805,0.0254162606,0.0257300232,0.0250009056,0.0244067647,0.0239086449,0.0234803651,0.0225749351,0.0232651681,0.0221544895,0.0227574259,0.0221717358,0.021688167,0.0220217966,0.0220202748,0.0220531821,0.0207703914,0.0210444313,0.0214059185,0.0200503096,0.0203336887,0.0208113436,0.0208791103,0.0221658498,0.020586336,0.0220952109,0.0207133852,0.0197118614,0.0208214819,0.0193195567,0.0190968812,0.0209833756,0.0166923665,0.0177837629,0.0164237209,0.0115758069,0.0136671476,0.00980466511,0.00835298188,0.00715120137,0.0036734133,0.00416558515,0.00693282951,0.00542881712,,,,,,,,,,,,,,,,,,,,,,,,,,,,,,,,,,,,,,,,,,,,,,,,,,,,,,,,,,,,,,,,,,,,,,,,,,,,,,,,,,,,,,,
1201,39.6259995,2026-08-27T10:33:34.886000+0000,-26.6957389,153.3354092,0.0554111488,0.0634582639,0.0670130551,0.0569464751,0.0587868057,0.0564916469,0.0576908067,0.0534748808,0.0510064811,0.0502770096,0.0505274795,0.0451615341,0.0431843512,0.0449256822,0.0415663421,0.0410422944,0.0399880409,0.0390384309,0.0378968716,0.0365869068,0.0362239368,0.0352811292,0.0353203006,0.0339843296,0.0336412527,0.0329805911,0.0336144902,0.0329338908,0.0310968459,0.031476222,0.0316148214,0.0298023727,0.0311009083,0.0300662369,0.0288127977,0.028618291,0.0290303901,0.0281460229,0.0274493918,0.0276554059,0.0264746379,0.0267762169,0.0258240812,0.0256347191,0.0251765549,0.0251805615,0.024461722,0.024247935,0.0239702333,0.023102371,0.0224971808,0.0232373457,0.0222164225,0.0225989837,0.0222929195,0.021228997,0.0217723008,0.0217605382,0.0212532263,0.0214103218,0.021634344,0.0205159411,0.0207704883,0.0214139968,0.0199316777,0.0214193761,0.0215859208,0.0196962543,0.0227550399,0.0218432155,0.0200017821,0.0219515599,0.0201400332,0.018317908,0.0204351954,0.017195357,0.0163184032,0.0173102319,0.0137144933,0.0144988485,0.0117594898,0.00726178382,0.00782431662,0.00383871607,0.00769378431,0.00723255659,0.00526868366,,,,,,,,,,,,,,,,,,,,,,,,,,,,,,,,,,,,,,,,,,,,,,,,,,,,,,,,,,,,,,,,,,,,,,,,,,,,,,,,,,,,,,,
1202,39.7859993,2026-08-27T10:33:35.139000+0000,-26.6957389,153.3354092,0.0627112836,0.053128399,0.0719330907,0.0571864843,0.0572668165,0.0564516522,0.0595008321,0.0536348857,0.0496064574,0.050666973,0.0499474518,0.0468314588,0.0438842885,0.0467556305,0.0416462868,0.0412022211,0.0397079736,0.0404583886,0.0379968211,0.0374068767,0.0373538956,0.0352710783,0.0362702794,0.0353542976,0.0343312211,0.0335605703,0.0337944925,0.0339538977,0.030906871,0.0331962556,0.0316148624,0.0299624167,0.0316309221,0.029606238,0.0297827963,0.0288482774,0.0292503778,0.0277660079,0.027899364,0.0279653743,0.0267146025,0.026456181,0.0259040594,0.0250847489,0.0247066692,0.0240108203,0.023532154,0.022718573,0.0225611199,0.0221435167,0.0218984839,0.0215486344,0.0212375745,0.021359928,0.0211536419,0.0208095182,0.0205026176,0.0205007084,0.0207032617,0.0206002928,0.0207142886,0.0199259426,0.0201705787,0.0201041643,0.0196618531,0.0205595139,0.020075934,0.0204061661,0.0205748845,0.0194530431,0.0200816374,0.0194714814,0.0178201664,0.0191283431,0.0180660766,0.0179769062,0.0180109181,0.0136938412,0.0152893886,0.00976552162,0.0096780071,0.0106926579,0.00198777067,0.00529352203,0.00801040046,0.000990223838,0.00750657637,,,,,,,,,,,,,,,,,,,,,,,,,,,,,,,,,,,,,,,,,,,,,,,,,,,,,,,,,,,,,,,,,,,,,,,,,,,,,,,,,,,,,,,
1203,39.9440002,2026-08-27T10:33:35.388000+0000,-26.6957389,153.3354092,0.0644910634,0.0592082031,0.0584529899,0.0618664324,0.0586567782,0.05785162,0.0551307388,0.0567648523,0.0526964702,0.050017003,0.0485474654,0.0468915328,0.0436343364,0.0437356681,0.0427163392,0.0408723019,0.0396480411,0.038598422,0.0384368636,0.0367768928,0.0366939195,0.0356611162,0.0354102813,0.0346743017,0.0334512256,0.0336605608,0.032944452,0.032823842,0.0310967937,0.031396158,0.0311947595,0.0300423205,0.0301708691,0.0293762013,0.0290427599,0.0287782624,0.0279803574,0.0278359968,0.0267593712,0.0274953824,0.0267146286,0.0257562008,0.0255840421,0.0248446576,0.0250964388,0.024160374,0.0239914451,0.0234075431,0.0230797082,0.0222917181,0.0218464565,0.0215466544,0.0211758073,0.0218484923,0.0215525515,0.0212087426,0.0214121453,0.0212904587,0.0207232162,0.0204003491,0.0203343723,0.0199859291,0.0197404251,0.0203438923,0.0199415646,0.0203992855,0.020345889,0.0196362678,0.0207950771,0.0201632455,0.019661773,0.0191914905,0.0194098279,0.0180975236,0.0192445479,0.0164943282,0.0159468465,0.0149280746,0.0139516434,0.0124150384,0.00986468419,0.00728571182,0.00457688142,0.00304060336,0.00512478966,0.00694312435,0.00396925583,,,,,,,,,,,,,,,,,,,,,,,,,,,,,,,,,,,,,,,,,,,,,,,,,,,,,,,,,,,,,,,,,,,,,,,,,,,,,,,,,,,,,,,
1204,40.0999985,2026-08-27T10:33:35.636000+0000,-26.6957389,153.3354092,0.0610108636,0.0632680655,0.064902842,0.059566319,0.0599367321,0.0590116084,0.0563706644,0.0551948287,0.0541264713,0.052177012,0.0494574942,0.0472415835,0.0465843827,0.0435656905,0.0428763814,0.0421623476,0.0410280712,0.0406384356,0.0387768783,0.0376968868,0.0379039049,0.0368911326,0.0357802548,0.0360442773,0.0350212045,0.0349305235,0.0343843959,0.0332037695,0.0332567059,0.0319160521,0.0321746506,0.031232208,0.0307807866,0.0299761388,0.0299227051,0.0292082261,0.0288703199,0.0285859555,0.0279793441,0.0279553588,0.0278846174,0.0263761971,0.0272440072,0.025164539,0.0243062004,0.0241599362,0.0234507769,0.0233265851,0.0223984085,0.0223600771,0.0217546187,0.0214848649,0.0219842289,0.0216272194,0.021411581,0.0211980585,0.0209517349,0.0212702435,0.0206431802,0.0209304001,0.0207944438,0.0199459102,0.0198802799,0.0198836401,0.0201512948,0.0202390663,0.0210158341,0.0210063346,0.0205352157,0.0211433824,0.0199118368,0.0194914266,0.020069439,0.018456677,0.0182430521,0.0172818769,0.0173230432,0.0153627414,0.0129145272,0.0119654527,0.00964253955,0.00891031232,0.00583795784,0.00510988105,0.00482170098,0.00580878742,0.00671480969,,,,,,,,,,,,,,,,,,,,,,,,,,,,,,,,,,,,,,,,,,,,,,,,,,,,,,,,,,,,,,,,,,,,,,,,,,,,,,,,,,,,,,,
1205,40.2729988,2026-08-27T10:33:35.885000+0000,-26.6957389,153.3354092,0.0610109568,0.0592981242,0.0618729144,0.0589663833,0.0578167401,0.0574516244,0.0559807159,0.0536248609,0.0519064702,0.0485369898,0.0477775037,0.0449015722,0.0440443456,0.0427156799,0.0415663607,0.0397323333,0.0393180586,0.0386284441,0.0371868759,0.0359568968,0.0351039208,0.034611132,0.0343602747,0.0336142816,0.0327812135,0.0332805403,0.0322744325,0.0314338058,0.0315467492,0.0306261107,0.0298747085,0.0294922646,0.0293408316,0.0291561745,0.0283827316,0.0276582446,0.0274603423,0.0270959809,0.0262293573,0.0261853747,0.0254646298,0.0253662001,0.0249640252,0.0241246019,0.0243863259,0.0230701528,0.0225311108,0.0230170656,0.0220190585,0.0218408983,0.0210955404,0.0209057592,0.0212150179,0.0211378541,0.0200820621,0.0206684023,0.0206019375,0.0205403529,0.019973198,0.020380374,0.0197644047,0.0197259206,0.020130353,0.0189537667,0.0193714313,0.019889174,0.0197658613,0.0204063021,0.0193451513,0.0199233163,0.0199018102,0.0193114653,0.0188496392,0.0184571072,0.0176938102,0.0173831135,0.0151149556,0.0154554201,0.0140280966,0.0101302573,0.0106986258,0.00786802359,0.00456742849,0.00452025468,0.00474324496,0.00498095341,0.00506702159,,,,,,,,,,,,,,,,,,,,,,,,,,,,,,,,,,,,,,,,,,,,,,,,,,,,,,,,,,,,,,,,,,,,,,,,,,,,,,,,,,,,,,,
1206,40.4510002,2026-08-27T10:33:36.135000+0000,-26.6957389,153.3354092,0.0658809394,0.0677580982,0.0583728589,0.0596763268,0.0600067303,0.0580116026,0.0543107055,0.0544048361,0.0537464544,0.0500270054,0.047517471,0.0462515466,0.0462743565,0.0427156687,0.0425163619,0.0418323129,0.0404280536,0.0387884267,0.0383168645,0.0378968827,0.0359339043,0.0356311202,0.0356002599,0.0356542692,0.0342411995,0.0337505266,0.0342944115,0.0319837928,0.0330667309,0.0320160873,0.0306946877,0.0317922495,0.029950818,0.0295961611,0.0294827204,0.0289182365,0.0285103247,0.0281359628,0.0280593466,0.0272653606,0.027184613,0.0259061921,0.0262940135,0.0262745805,0.0256562941,0.0251901168,0.025311064,0.0234869942,0.0236889757,0.0233307965,0.0223554298,0.0232656617,0.0225449335,0.0224077906,0.0227720197,0.0220083687,0.0216419213,0.0215703454,0.021473201,0.0206803773,0.0211044084,0.0218259133,0.0204403419,0.0208737478,0.0208714101,0.0190391596,0.0215858538,0.0212962981,0.0195351411,0.0237633064,0.0200717859,0.0196114257,0.0211395752,0.0167570114,0.0189836733,0.0199129172,0.0135546811,0.0190850608,0.012937637,0.0122796595,0.0131978849,0.0066871075,0.00718633085,0.00665906724,0.000661958707,0.00512963533,0.010045737,,,,,,,,,,,,,,,,,,,,,,,,,,,,,,,,,,,,,,,,,,,,,,,,,,,,,,,,,,,,,,,,,,,,,,,,,,,,,,,,,,,,,,,
1207,40.6279984,2026-08-27T10:33:36.384000+0000,-26.6957389,153.3354092,0.0613610521,0.0645682216,0.0592030026,0.0615464225,0.0578967892,0.0556716397,0.0540307425,0.0533448569,0.0510364808,0.0492470004,0.0467474647,0.0464215502,0.0432043485,0.0429856628,0.0411963463,0.040112298,0.0390680432,0.0372984298,0.0366468616,0.0358868912,0.0350139178,0.0344211161,0.0336602889,0.0334143043,0.03259122,0.0321105644,0.031994462,0.0317238458,0.0300167985,0.0301961694,0.02987477,0.0284723267,0.02895087,0.0281162001,0.0272627603,0.0273782648,0.0272503607,0.026486,0.0258593708,0.0258053821,0.0250846278,0.0248162057,0.0244140513,0.0238146596,0.0233664569,0.0237703975,0.022761479,0.0222675968,0.02216978,0.0208818093,0.0211865604,0.0212567467,0.0207959004,0.0206985623,0.0202826057,0.020078782,0.0201421678,0.0204104707,0.0201032199,0.0196603425,0.0203943681,0.0199059285,0.0188704319,0.0195539072,0.01926158,0.0192992967,0.0206458904,0.0191062633,0.0199350715,0.020353239,0.0187117681,0.0198014956,0.0183798522,0.0177575685,0.0187046286,0.0176744629,0.0162670556,0.0150183672,0.0125320349,0.0123455655,0.0103153512,0.00728655886,0.00521792751,0.00592174334,0.00256605679,0.00625446346,0.00748060457,,,,,,,,,,,,,,,,,,,,,,,,,,,,,,,,,,,,,,,,,,,,,,,,,,,,,,,,,,,,,,,,,,,,,,,,,,,,,,,,,,,,,,,
1208,40.8019981,2026-08-27T10:33:36.633000+0000,-26.6957389,153.3354092,0.05157125,0.0583483614,0.0674531162,0.0559764951,0.0573068373,0.056721665,0.0580008067,0.0524149053,0.0504964925,0.0490669943,0.0480274595,0.0436315015,0.0428443067,0.0449356586,0.0403163135,0.0398122482,0.0384180099,0.038628418,0.0361768492,0.0352868959,0.0350839086,0.0339211076,0.0345302932,0.0338043123,0.0334712379,0.0315205902,0.0320744999,0.0321839079,0.0300068706,0.0309662558,0.0304648504,0.0287824068,0.0300309248,0.0285662413,0.0282228012,0.0275882948,0.0275403876,0.027016025,0.0268393829,0.0265753996,0.0256346297,0.0256062057,0.0248040725,0.0242147427,0.0234466344,0.0233007278,0.0224520005,0.0221083369,0.0223907884,0.0203030817,0.0209679864,0.0203281362,0.0200471263,0.0210195594,0.0199933592,0.0204593111,0.0194924902,0.0197006408,0.0192432459,0.0193903036,0.02004431,0.0183759443,0.0189705454,0.0191741027,0.0178117901,0.0201094635,0.0195459314,0.017896207,0.0206049569,0.0186031274,0.0192117132,0.0190615393,0.016530145,0.0186782107,0.0177957788,0.0161063522,0.017559994,0.0145724975,0.0112775499,0.0128729995,0.00828477088,0.00656851428,0.00653262716,0.0029178476,0.00572400726,0.00390339154,0.00121963117,,,,,,,,,,,,,,,,,,,,,,,,,,,,,,,,,,,,,,,,,,,,,,,,,,,,,,,,,,,,,,,,,,,,,,,,,,,,,,,,,,,,,,,
1209,40.9119987,2026-08-27T10:33:36.882000+0000,-26.6957389,153.3354092,0.0690112635,0.0565783903,0.0622231476,0.0617765337,0.0582768321,0.0589816757,0.0575108565,0.0573649034,0.0518864729,0.0501470007,0.0486274697,0.047251489,0.0419043079,0.0449956506,0.0418363176,0.0403422415,0.0391280018,0.0387884118,0.0374568626,0.0359569043,0.0360439196,0.0349011123,0.0343403108,0.0343843177,0.0333712436,0.0328806005,0.0327445194,0.0322739258,0.0300069004,0.0306962878,0.0304548852,0.0284524392,0.030410951,0.0287062638,0.0283028241,0.0276583061,0.0278504044,0.0265660379,0.026609391,0.0265054014,0.0257046316,0.0256862082,0.0252740905,0.0242847819,0.024316702,0.0234608557,0.0229121912,0.0222686101,0.0226211548,0.0208935458,0.0209784992,0.0209186319,0.0208175685,0.0208299123,0.0206136256,0.0200195014,0.0202226043,0.0202406999,0.0203732569,0.0197402872,0.019864291,0.01985595,0.0191005897,0.0199641753,0.0194118638,0.0203095246,0.0205559507,0.0198061913,0.0208749231,0.0197730921,0.0207417011,0.0197515637,0.0191702656,0.0192184597,0.0175262056,0.0174970496,0.0180710703,0.0138739999,0.0158495493,0.0120556839,0.0102781719,0.00838282425,0.00457791239,0.00590363285,0.00478044245,0.00224016607,0.00750642549,,,,,,,,,,,,,,,,,,,,,,,,,,,,,,,,,,,,,,,,,,,,,,,,,,,,,,,,,,,,,,,,,,,,,,,,,,,,,,,,,,,,,,,
1210,41.0180016,2026-08-27T10:33:37.136000+0000,-26.6957389,153.3354092,0.064511396,0.0574584827,0.0621931851,0.060656555,0.0601768792,0.0588317029,0.0593509041,0.0575749427,0.0550264753,0.0522969998,0.0486674532,0.0487814508,0.0446742922,0.0445156433,0.0422462858,0.041122213,0.0409479775,0.0397383943,0.0386968479,0.0380768925,0.036973916,0.0365110971,0.035890311,0.0353543349,0.0347212553,0.0339506231,0.0335145518,0.0331039689,0.032626953,0.0316563472,0.0315149464,0.0305924993,0.0297809914,0.0302762967,0.0293328539,0.0291383322,0.0282804202,0.0283660591,0.0281394012,0.0274954159,0.0271046329,0.0263062082,0.0260541141,0.0257148389,0.0246268362,0.0246310979,0.0234525651,0.02355914,0.0224918779,0.0223844517,0.0219195206,0.0220596232,0.0218584444,0.0217906218,0.0213141665,0.0212898813,0.0212928355,0.0211008172,0.020793274,0.0208102558,0.0206742529,0.0211759582,0.0202906691,0.0202143155,0.0206520148,0.0205596443,0.0214259829,0.0210761521,0.0208648406,0.0216130111,0.0211516619,0.0197215937,0.0202604719,0.0190389194,0.0181570258,0.0174984001,0.0169131681,0.0169669483,0.0141134877,0.0112709915,0.0117248977,0.00954135694,0.005908411,0.00535512622,0.00650326069,0.00517368084,0.00456000865,,,,,,,,,,,,,,,,,,,,,,,,,,,,,,,,,,,,,,,,,,,,,,,,,,,,,,,,,,,,,,,,,,,,,,,,,,,,,,,,,,,,,,,
1211,41.1199989,2026-08-27T10:33:37.385000+0000,-26.6957389,153.3354092,0.0655114427,0.0611085445,0.0682732612,0.0623365976,0.0623568743,0.060721714,0.0613109395,0.0561649427,0.0558264889,0.0531970002,0.0507274382,0.0478314199,0.0455842614,0.0464456305,0.0439562686,0.0425921902,0.0414579697,0.0407083891,0.0391268246,0.0386968926,0.0380839147,0.0364910886,0.036850322,0.0357343331,0.0353012569,0.0348206349,0.0342745632,0.0336639881,0.0324369743,0.0327663794,0.0314349718,0.0311425328,0.0315510109,0.0302763097,0.0300028678,0.0291283336,0.0292504337,0.0282860696,0.0283594038,0.027655419,0.0273446273,0.0267762002,0.0263741147,0.0279348679,0.0271569099,0.0271512382,0.026552774,0.0256294515,0.0251323003,0.0252049919,0.0243201293,0.0237302128,0.0247989763,0.023881048,0.0237644948,0.0235801116,0.0233829748,0.023320891,0.0230832901,0.0230502412,0.0227042288,0.0228559654,0.0220607165,0.0224543959,0.0218821056,0.0228197146,0.0226659961,0.0239361227,0.0220147874,0.0235729571,0.0219816286,0.0205215979,0.0223205835,0.0197291784,0.0208074991,0.0192791875,0.0173844043,0.0190986916,0.0175858233,0.0128141502,0.0138289072,0.009606448,0.00658467319,0.00889199413,0.00480092783,0.00826178491,0.00899816956,,,,,,,,,,,,,,,,,,,,,,,,,,,,,,,,,,,,,,,,,,,,,,,,,,,,,,,,,,,,,,,,,,,,,,,,,,,,,,,,,,,,,,,
1212,41.223999,2026-08-27T10:33:37.634000+0000,-26.6957389,153.3354092,0.041061461,0.0692385808,0.0596032552,0.0536265858,0.057616882,0.0565817021,0.0556509569,0.0480049551,0.052436471,0.0488069952,0.0469974354,0.0426114127,0.0451742597,0.0431256332,0.0401762649,0.0404321812,0.0386779532,0.0376383886,0.0355168208,0.0364968814,0.0348939151,0.0342110731,0.0345303118,0.0333043374,0.0328612626,0.0328806341,0.0323745646,0.0310639981,0.0306369849,0.0308863893,0.0288849901,0.0291725472,0.0295710191,0.0281063113,0.0281528719,0.0273583382,0.0275404304,0.0264860708,0.0266894009,0.0267354138,0.0258646235,0.0251261983,0.0249641165,0.0265048835,0.0264469422,0.0251913033,0.025162885,0.0250896066,0.0236925147,0.0235752668,0.0236504339,0.0224405136,0.0232092422,0.0228212662,0.0224046595,0.0227602273,0.0223730449,0.0225009285,0.0222032927,0.0223702285,0.0216442142,0.0218059681,0.0219507385,0.0205144379,0.022542147,0.0218897481,0.0209160037,0.0232961066,0.022314759,0.0214229263,0.0231016073,0.0208615959,0.0204806346,0.0216693003,0.0179877281,0.0197795723,0.0190450158,0.0156595595,0.0176569894,0.0144857261,0.0107409097,0.0118190013,0.0065578213,0.00462544896,0.00821478944,0.00547586754,0.0114122853,,,,,,,,,,,,,,,,,,,,,,,,,,,,,,,,,,,,,,,,,,,,,,,,,,,,,,,,,,,,,,,,,,,,,,,,,,,,,,,,,,,,,,,
